DateKey,OperationID,BlockID,ArcCenter_m,Length_m,Time_s,ObservedSpeed_mps,AbsoluteTurnAngle_rad,SignedTurnAngle_rad,AngleDensity_radpm,LocalBaselineSpeed_mps,IsLowAngleCandidate,IsBaselineSupport,UseForCalibration,ObservedExtraTime_s,SpeedAdjustedAngle_s_radpm,PredictedExtraTime_s
20200817,2,0,10,20,36.5968763231149,0.546494728769183,0.51476350896402,0.51476350896402,0.025738175448201,2.93673633361512,0,0,1,29.7865952055792,0.175284210254704,8.8552248238551
20200817,2,1,30,20,12.5429736754326,1.5945182153394,0.152230727911507,0.152230727911507,0.00761153639557536,2.93673633361512,0,0,1,5.73269255789698,0.0518367025902224,2.61875074142004
20200817,2,2,50,20,9.06599599380469,2.20604553693462,0.106726516935969,0.106726516935969,0.00533632584679847,2.8913408825491,0,0,1,2.14879016701634,0.0369124642411157,1.86478958476991
20200817,2,3,70,20,8.04468124794845,2.486114661796,0.105752956885071,0.105752956885071,0.00528764784425355,2.75152562311461,0,0,1,0.775986443877941,0.0384342984112804,1.94167148817611
20200817,2,4,90,20,7.56279408572188,2.64452526054608,0.102795743360187,0.102795743360187,0.00513978716800933,2.67398065232646,0,0,1,0.0833084048515644,0.0384429645258468,1.94210929368479
20200817,2,5,110,20,7.291988775272,2.74273598278461,0.0968597681361828,0.0968597681361828,0.00484298840680914,2.64558857311378,0,0,1,-0.267765679087675,0.0366118031807877,1.84960041695432
20200817,2,6,130,20,7.1237991361465,2.80749072479024,0.0688665010939517,0.0688665010939517,0.00344332505469759,2.61779308825881,0,0,1,-0.516224091702541,0.0263070833989241,1.32901382057674
20200817,2,7,150,20,6.9860973450798,2.86282870279294,0.0456810260277272,0.0456810260277272,0.00228405130138636,2.61779308825881,1,1,0,-0.653925882769244,0.0174502049961906,0.881571068147486
20200817,2,8,170,20,6.91720582678835,2.8913408825491,0.0424834508407119,0.0424834508407119,0.0021241725420356,2.61779308825881,1,1,0,-0.722817401060696,0.0162287275611111,0.819862958277362
20200817,2,9,190,20,6.83341445161558,2.92679452440815,0.0168632004425364,0.0168632004425364,0.000843160022126819,2.61779308825881,1,1,0,-0.806608776233461,0.00644176215384261,0.325432918636473
20200817,2,10,210,20,6.78714778345577,2.94674591420444,0.00568326668520977,0.00534010931938757,0.000284163334260489,2.61779308825881,1,1,0,-0.852875444393278,0.00217101447425316,0.109677998020586
20200817,2,11,230,20,6.76893556567543,2.95467430675776,0.0029200683504693,-0.00253500830061983,0.000146003417523465,2.61779308825881,1,1,0,-0.871087662173609,0.00111546950122461,0.0563526697763834
20200817,2,12,250,20,6.75777926702051,2.95955212648103,0.0106078669784881,0.0106078669784881,0.000530393348924407,2.61779308825881,1,1,0,-0.882243960828533,0.00405221750567911,0.204714942639774
20200817,2,13,270,20,6.73144710875422,2.97112933918623,0.0201855353981736,0.0201855353981736,0.00100927676990868,2.58784620130248,1,1,0,-0.996987444247367,0.00780012946210409,0.394056600658667
20200817,2,14,290,20,6.69764951386898,2.98612221475393,0.0156792107507077,0.0156792107507077,0.000783960537535387,2.64558857311378,1,1,0,-0.862104940490696,0.00592654916567535,0.299404750806856
20200817,2,15,310,20,6.68724166114538,2.99076973936881,0.00404735980493682,0.00404735980493682,0.000202367990246841,2.64558857311378,1,1,0,-0.872512793214299,0.00152985231568837,0.0772869740122662
20200817,2,16,330,20,6.71531051155782,2.97826883292704,0.0113267049043767,0.0113267049043767,0.000566335245218834,2.64558857311378,1,1,0,-0.844443942801861,0.00428135539270396,0.216290814204702
20200817,2,17,350,20,6.73886430953857,2.96785913491252,0.00196143599093922,-0.00034661030764036,9.8071799546961e-05,2.64558857311378,1,1,0,-0.820890144821107,0.000741398723472208,0.0374548989377062
20200817,2,18,370,20,7.0579039272707,2.83370249950881,0.00166076122620288,0.000308398192276832,8.30380613101442e-05,2.64558857311378,1,1,0,-0.501850527088977,0.000627747353870755,0.0317133182904961
20200817,2,19,390,20,8.37133884708666,2.38910410453165,0.0149541341656615,0.0149541341656615,0.000747706708283074,2.64558857311378,1,1,0,0.811584392726984,0.00565247911849758,0.28555894072666
20200817,2,20,410,20,13.4514601772003,1.4868274326009,0.0969109938218742,0.0969109938218742,0.00484554969109371,2.64558857311378,0,0,1,5.89170572284067,0.0366311658610668,1.85057860481742
20200817,2,21,430,20,18.4777271921972,1.082384201908,0.0394041298872881,-0.0345109306653656,0.0019702064943644,2.67398065232646,1,0,0,10.9982415113269,0.0147361312629563,0.744458129900584
20200817,2,22,450,20,18.690096270495,1.07008544581832,0.0318594440999338,-0.0318594440999338,0.00159297220499669,2.69070498310358,1,0,0,11.2571000388044,0.0118405563969282,0.598175892637322
20200817,2,23,470,20,19.5698570304716,1.02197987286564,0.0649237966023607,-0.0649237966023607,0.00324618983011803,2.69070498310358,0,0,1,12.136860798781,0.0241289167746197,1.21897450138189
20200817,2,24,490,20,32.637072585696,0.612800058813041,2.88113028083119,2.88071406233364,0.144056514041559,2.69070498310358,0,0,1,25.2040763540054,1.07077152602139,54.0945621064428
20200817,2,25,510,20,14.9143913371201,1.34098667172709,0.44522534924892,0.44522534924892,0.022261267462446,2.69070498310358,0,0,1,7.4813951054295,0.165467917161017,8.3593131718293
20200817,2,26,530,20,13.8439867997224,1.44467054825573,0.0472341542041426,-0.00704753885790087,0.00236170771020713,2.69070498310358,0,0,1,6.41099056803176,0.0175545645103242,0.886843231332168
20200817,2,27,550,20,31.2074334809437,0.640872951382325,0.94557329561235,-0.94557329561235,0.0472786647806175,2.69070498310358,0,0,1,23.7744372492531,0.351422137153693,17.7535787624777
20200817,2,28,570,20,29.8626732548232,0.669732405713871,1.06635390064389,-1.06635390064389,0.0533176950321944,2.69070498310358,0,0,1,22.4296770231326,0.396310226256729,20.021290841866
20200817,2,29,590,20,9.98096283033135,2.0038146960353,0.0872182878582329,-0.0872182878582329,0.00436091439291164,2.69070498310358,0,0,1,2.54796659864076,0.0324146602492375,1.63756395215966
20200817,2,30,610,20,8.19644511176296,2.44008222190098,0.0244064589303869,-0.0244064589303869,0.00122032294651934,2.69070498310358,1,1,0,0.763448880072361,0.00907065586292384,0.458242626927399
20200817,2,31,630,20,7.47948568087031,2.67398065232646,0.0235598620179819,0.0186662739418431,0.00117799310089909,2.69070498310358,1,1,0,0.0464894491797176,0.00875601827994047,0.442347375830318
20200817,2,32,650,20,7.20891627249182,2.77434211246385,0.0809519590370023,0.0809519590370023,0.00404759795185012,2.69070498310358,0,0,1,-0.224079959198774,0.0300857803235005,1.51991071174401
20200817,2,33,670,20,7.00067726478119,2.85686644928133,0.0768049084867135,0.0768049084867135,0.00384024542433567,2.69070498310358,0,0,1,-0.432318966909405,0.0285445297678541,1.44204790732878
20200817,2,34,690,20,7.24965605137902,2.75875156811,0.0689408490282004,0.0689408490282004,0.00344704245141002,2.69070498310358,0,0,1,-0.183340180311574,0.0256218535518082,1.29439653050018
20200817,2,35,710,20,7.64002322784904,2.61779308825881,0.0195151564689063,0.0195151564689063,0.000975757823445317,2.69070498310358,1,1,0,0.207026996158448,0.00725280422471166,0.366406146451542
20200817,2,36,730,20,8.92164035838317,2.24174021778485,0.00900184709327441,-0.00727874335144005,0.00045009235466372,2.69070498310358,1,1,0,1.48864412669258,0.00334553477612818,0.169013869278883
20200817,2,37,750,20,34.4743226687431,0.580141927433239,1.32029507245701,1.31565903889525,0.0660147536228503,2.69070498310358,0,0,1,27.0413264370525,0.490687414914629,24.7891545450182
20200817,2,38,770,20,53.2113514083044,0.37585965157199,1.84244878607167,1.84244878607167,0.0921224393035833,2.69070498310358,0,0,1,45.7783551766138,0.68474574419768,34.5928335657702
20200817,2,39,790,20,12.3671041909032,1.61719345865229,0.374147413990016,0.374147413990016,0.0187073706995008,2.69070498310358,0,0,1,4.93410795921261,0.139051815914229,7.02479185259509
20200817,2,40,810,20,11.7638514529306,1.70012347401902,0.150386793020017,0.150386793020017,0.00751933965100087,2.69070498310358,0,0,1,4.33085522123997,0.0558912232906911,2.82358203970671
20200817,2,41,830,20,12.4152581089586,1.61092099934422,0.0498368386100293,0.0043907870579404,0.00249184193050147,2.67398065232646,0,0,1,4.93577242808828,0.0186376960381779,0.941562211319091
20200817,2,42,850,20,14.5384838015931,1.37565926907787,0.0659726950212361,-0.0659726950212361,0.00329863475106181,2.64558857311378,0,0,1,6.97872934723341,0.0249368687526451,1.25979162005959
20200817,2,43,870,20,14.1408320107897,1.41434393568495,0.102082442989757,0.102082442989757,0.00510412214948784,2.58784620130248,0,0,1,6.41239745778813,0.0394468739828425,1.99282603497926
20200817,2,44,890,20,12.4888309244194,1.60143092023882,0.0851218756682066,0.0851218756682066,0.00425609378341033,2.58784620130248,0,0,1,4.76039637141781,0.0328929422565237,1.66172639495795
20200817,2,45,910,20,14.9554655264698,1.3373037412043,0.0814248766394734,0.0814248766394734,0.00407124383197367,2.58784620130248,0,0,1,7.22703097346817,0.0314643415047199,1.58955457285049
20200817,2,46,930,20,12.3472139735438,1.61979860743109,0.0382533366394631,0.0277432810755064,0.00191266683197316,2.58784620130248,1,1,0,4.61877942054224,0.0147819204326014,0.746771363882791
20200817,2,47,950,20,10.5577787568524,1.89433785842683,0.0445276581144097,-0.0445276581144097,0.00222638290572048,2.49792500649531,1,1,0,2.55113326189382,0.0178258586621396,0.900548805292493
20200817,2,48,970,20,9.82370726659587,2.03589128393587,0.0320021886128043,-0.0320021886128043,0.00160010943064022,2.44008222190098,1,1,0,1.62726215483292,0.0131152091210568,0.662570377617436
20200817,2,49,990,20,9.43489914654867,2.11978948469376,0.0182063023907639,-0.0182063023907639,0.000910315119538197,2.41432409423918,1,1,0,1.15100716712386,0.0075409521174916,0.380963158571338
20200817,2,50,1010,20,10.2072012528832,1.95940096648438,0.0352290260105089,-0.0352290260105089,0.00176145130052545,2.38910410453165,1,1,0,1.83586240579658,0.01474570569934,0.744941823135796
20200817,2,51,1030,20,10.3713248110796,1.92839394815156,0.00575816364749766,-0.00307779870955436,0.000287908182374883,2.38910410453165,1,1,0,1.99998596399294,0.00241017695150897,0.121760304250296
20200817,2,52,1050,20,9.70291585033726,2.061236056098,0.00894072541777078,-0.00894072541777078,0.000447036270888539,2.38910410453165,1,1,0,1.3315770032506,0.00374229210054598,0.189057747179383
20200817,2,53,1070,20,9.35905919824802,2.13696692972558,0.0029543566122026,-0.00167892052525174,0.00014771783061013,2.38910410453165,1,1,0,0.987720351161357,0.00123659601379395,0.06247188895404
20200817,2,54,1090,20,9.11916271569817,2.19318380683909,0.0287114971750744,-0.0287114971750744,0.00143557485875372,2.38910410453165,1,1,0,0.747823868611505,0.012017683582986,0.607124223195327
20200817,2,55,1110,20,10.7457658630753,1.8611981923712,0.0331597899494182,-0.0331597899494182,0.00165798949747091,2.38910410453165,1,1,0,2.37442701598869,0.0138795918882399,0.701186412941162
20200817,2,56,1130,20,13.4135277187158,1.49103206996725,0.0229427807930894,-0.0229427807930894,0.00114713903965447,2.38910410453165,1,1,0,5.04218887162918,0.00960308960566915,0.485140774164765
20200817,2,57,1150,20,17.74455211383,1.12710649847353,0.337659070955712,-0.337659070955712,0.0168829535477856,2.38910410453165,0,0,1,9.37321326674331,0.141332924888137,7.14003174090176
20200817,2,58,1170,20,12.9042482009031,1.54987719459707,0.422395017711284,-0.422395017711284,0.0211197508855642,2.24174021778485,0,0,1,3.98260784251994,0.188422821859648,9.51897747713765
20200817,2,59,1190,20,10.6440148699628,1.87899023482573,0.390955919384589,-0.390955919384589,0.0195477959692295,2.21719619884698,0,0,1,1.62361333292213,0.176328968806595,8.90800523031726
20200817,2,60,1210,20,11.3660384936499,1.75962803673187,0.358123681848063,-0.358123681848063,0.0179061840924032,2.19318380683909,0,0,1,2.24687577795169,0.163289406355871,8.24925646488039
20200817,2,61,1230,20,10.313820012545,1.93914572638203,0.281372766143388,-0.281372766143388,0.0140686383071694,2.16663167940123,0,0,1,1.08290172119644,0.129866450684017,6.56075419578302
20200817,2,62,1250,20,8.6449475964971,2.31349002139746,0.144102897672715,-0.144102897672715,0.00720514488363573,2.16663167940123,0,0,1,-0.585970694851426,0.0665101036981693,3.36003979165831
20200817,2,63,1270,20,7.81684587815414,2.55857673436984,0.0407886592402723,-0.0407886592402723,0.00203943296201361,2.16663167940123,1,1,0,-1.41407241319439,0.0188258390330306,0.951067052148922
20200817,2,64,1290,20,7.36012585085996,2.71734483964879,0.0160545620916103,0.0153834486215453,0.000802728104580516,2.16663167940123,1,1,0,-1.87079244048857,0.00740991754355182,0.374343391678194
20200817,2,65,1310,20,7.11901538052371,2.80937727072711,0.0601884353249395,0.0601884353249395,0.00300942176624697,2.16663167940123,0,0,1,-2.11190291082482,0.0277797264284316,1.40341062501578
20200817,2,66,1330,20,6.99615230631468,2.85871420808665,0.089400498101635,0.089400498101635,0.00447002490508175,2.16663167940123,0,0,1,-2.23476598503385,0.0412624346591026,2.08454677780185
20200817,2,67,1350,20,6.9427510156878,2.88070247007391,0.106488254470304,0.106488254470304,0.00532441272351518,2.1407147765958,0,0,1,-2.39992285131109,0.0497442516091017,2.51304171124673
20200817,2,68,1370,20,6.93642960301418,2.88332775572452,0.118421100259023,0.118421100259023,0.00592105501295117,2.13883921134193,0,0,1,-2.41443692960928,0.0553669951584275,2.79709843366234
20200817,2,69,1390,20,6.95376816660814,2.87613845052235,0.121231699000158,0.121231699000158,0.00606158495000788,2.13696692972558,0,0,1,-2.40529103163988,0.056730732382333,2.8659933997337
20200817,2,70,1410,20,6.91671384590131,2.891546541549,0.083904556342011,0.083904556342011,0.00419522781710055,2.13696692972558,0,0,1,-2.44234535234671,0.0392633854903809,1.98355633606583
20200817,2,71,1430,20,6.90826597859132,2.8950825086903,0.0266042663897875,0.0265539321500427,0.00133021331948937,2.13883921134193,1,1,0,-2.44260055403214,0.0124386472104631,0.628390985093385
20200817,2,72,1450,20,7.38650678251088,2.70763983421152,0.0278335384722794,-0.0278335384722794,0.00139167692361397,2.1407147765958,1,1,0,-1.95616708448802,0.0130019836255537,0.656850311805371
20200817,2,73,1470,20,8.04810831982013,2.48505601629961,0.146674636651094,-0.146674636651094,0.00733373183255469,2.16663167940123,0,0,1,-1.1828099715284,0.067697079316974,3.42000489604322
20200817,2,74,1490,20,9.54695810389444,2.09490811443296,0.363516455725972,-0.363516455725972,0.0181758227862986,2.19318380683909,0,0,1,0.427795388196273,0.165748285479951,8.37347716580251
20200817,2,75,1510,20,23.3403541690503,0.856885026471462,0.764608505394682,-0.764608505394682,0.0382304252697341,2.19318380683909,0,0,1,14.2211914533522,0.348629468725044,17.6124952800681
20200817,2,76,1530,20,45.9513576833673,0.435242852622813,1.31629595794218,-1.31629595794218,0.0658147978971088,2.19318380683909,0,0,1,36.8321949676691,0.600175851124524,30.3204269673436
20200817,2,77,1550,20,13.813651414083,1.44784310827549,0.0985452576147171,-0.0735603067067536,0.00492726288073586,2.19318380683909,0,0,1,4.69448869838482,0.04493251195245,2.26995628791284
20200817,2,78,1570,20,10.1006493303372,1.98007072079319,0.0838509936364773,0.0838509936364773,0.00419254968182387,2.19318380683909,0,0,1,0.981486614639039,0.0382325427422004,1.93147894541031
20200817,2,79,1590,20,9.11725169643273,2.19364350858333,0.091603496232023,0.091603496232023,0.00458017481160115,2.19318380683909,0,0,1,-0.00191101926543524,0.0417673593733331,2.11005518986666
20200817,2,80,1610,20,7.9595385405122,2.51270848155388,0.0531805082167058,0.0531805082167058,0.00265902541083529,2.19318380683909,0,0,1,-1.15962417518597,0.0242480853865832,1.22499480891187
20200817,2,81,1630,20,7.43689614972413,2.6892939739036,0.0626132500903964,0.0626132500903964,0.00313066250451982,2.16663167940123,0,0,1,-1.7940221416244,0.028898889777011,1.45994990514768
20200817,2,82,1650,20,7.31521275638761,2.73402847819239,0.139135788514141,0.139135788514141,0.00695678942570705,2.1407147765958,0,0,1,-2.02746111061129,0.0649950147657675,3.28349865252742
20200817,2,83,1670,20,7.74894466518185,2.58099662136775,0.198397550208732,0.198397550208732,0.00991987751043658,2.1407147765958,0,0,1,-1.59372920181704,0.0926781803805859,4.68203109877013
20200817,2,84,1690,20,8.17514009244189,2.44644125652238,0.200554287958046,0.200554287958046,0.0100277143979023,2.1407147765958,0,0,1,-1.167533774557,0.0936856652510102,4.73292846722834
20200817,2,85,1710,20,7.94835105872107,2.51624517491029,0.0942206062466096,0.0932421325277082,0.00471103031233048,2.1407147765958,0,0,1,-1.39432280827782,0.0440136197856496,2.22353455537873
20200817,2,86,1730,20,8.20297078590693,2.43814107376329,0.103204275411407,-0.103204275411407,0.00516021377057034,2.13883921134193,0,0,1,-1.14789574671653,0.0482524702484089,2.43767805288996
20200817,2,87,1750,20,8.96880626322809,2.229951167749,0.191456781330586,-0.191456781330586,0.00957283906652931,2.13696692972558,0,0,1,-0.39025293501993,0.0895927675189492,4.52615839052958
20200817,2,88,1770,20,8.90173941521311,2.24675190624204,0.237584993984455,-0.237584993984455,0.0118792496992228,2.13696692972558,0,0,1,-0.457319783034905,0.111178601165796,5.61665826884383
20200817,2,89,1790,20,8.86973284876876,2.25485934480837,0.202007286060385,-0.202007286060385,0.0101003643030193,2.13696692972558,0,0,1,-0.489326349479256,0.0945299074358283,4.77557893951836
20200817,2,90,1810,20,8.66519818014558,2.30808339107877,0.132294999810946,-0.132294999810946,0.0066147499905473,2.13696692972558,0,0,1,-0.693861018102439,0.0619078367431427,3.12753676969792
20200817,2,91,1830,20,9.4592126673333,2.11434087628334,0.0341388372270068,8.37706859761378e-05,0.00170694186135034,2.13696692972558,1,1,0,0.100153469085285,0.0159753699283455,0.807063523600849
20200817,2,92,1850,20,9.78193009067695,2.04458627434496,0.0377118653334562,0.0377118653334562,0.00188559326667281,2.13696692972558,1,1,0,0.422870892428932,0.0176473790066087,0.891532149006601
20200817,2,93,1870,20,9.85292847370374,2.02985336322876,0.0423018099416672,0.0423018099416672,0.00211509049708336,2.13696692972558,1,1,0,0.493869275455722,0.019795257171855,1.00004131831436
20200817,2,94,1890,20,9.79387691520719,2.04209223509288,0.104985365368637,0.104985365368637,0.00524926826843187,2.13696692972558,0,0,1,0.434817716959174,0.0491282124717388,2.48191988313845
20200817,2,95,1910,20,9.58608988667402,2.08635640145653,0.126836311868003,0.126836311868003,0.00634181559340017,2.13696692972558,0,0,1,0.227030688425998,0.0593534275630046,2.99848996308953
20200817,2,96,1930,20,11.2250393777267,1.78173094338404,0.05061020546184,0.0500018744145925,0.002530510273092,2.13696692972558,0,0,1,1.8659801794787,0.0236831954476428,1.196456999358
20200817,2,97,1950,20,12.1187946697175,1.65032914122854,0.0456484282935047,0.0434929447498792,0.00228242141467524,2.13696692972558,1,1,0,2.75973547146953,0.0213613171352945,1.07915747511904
20200817,2,98,1970,20,11.2979431311762,1.77023372907683,0.0457049668799151,0.0452395663884558,0.00228524834399575,2.13883921134193,1,1,0,1.94707659855277,0.0213690522586031,1.07954824765833
20200817,2,99,1990,20,11.102367927379,1.80141751118507,0.00501092661344137,-0.00410398462607694,0.000250546330672069,2.1407147765958,1,1,0,1.75969406038007,0.0023407726560424,0.118254052094414
20200817,2,100,2010,20,12.6866717941946,1.57645758670544,0.0305972167736867,0.0305972167736867,0.00152986083868434,2.16663167940123,1,1,0,3.45575350284605,0.014122020399029,0.713433716697903
20200817,2,101,2030,20,13.280656716538,1.50594962484758,0.072276805365324,0.072276805365324,0.0036138402682662,2.21582720283597,0,0,1,4.25468213945794,0.032618430386999,1.64785826434924
20200817,2,102,2050,20,22.359029412369,0.89449321037773,0.843727955795174,0.843727955795174,0.0421863977897587,2.23894303729078,0,0,1,13.4262429739069,0.376842082063921,19.0377750221579
20200817,2,103,2070,20,31.0605093553918,0.643904443779774,1.16282808263937,1.16282808263937,0.0581414041319686,2.38811212353114,0,0,1,22.6856931970837,0.486923570791131,24.599008006051
20200817,2,104,2090,20,10.9666324135899,1.82371390284003,0.259821083926427,0.259821083926427,0.0129910541963214,2.70763983421152,0,0,1,3.580125631079,0.0959585099330942,4.84775084980525
20200817,2,105,2110,20,8.74532912713312,2.28693508377499,0.130666069003725,0.130666069003725,0.00653330345018627,2.71734483964879,0,0,1,1.38520327627316,0.0480859356152285,2.42926485003713
20200817,2,106,2130,20,9.51792716559885,2.10129786160658,0.0835115317017435,0.0835115317017435,0.00417557658508718,2.84108614155691,0,0,1,2.47836588392647,0.0293942272570375,1.48497397744114
20200817,2,107,2150,20,10.4540074028716,1.9131419396648,0.0649711296765688,0.0649711296765688,0.00324855648382844,2.84108614155691,0,0,1,3.41444612119926,0.0228684124448844,1.15529478251258
20200817,2,108,2170,20,9.34267386699889,2.14071477659581,0.0276020164947238,0.0234450598099267,0.00138010082473619,2.84108614155691,1,1,0,2.30311258532652,0.00971530433061701,0.490809776618075
20200817,2,109,2190,20,8.01180751571019,2.49631558930771,0.0595105111301164,-0.0595105111301164,0.00297552555650582,2.84108614155691,0,0,1,0.972246234037811,0.020946394500205,1.05819589955622
20200817,2,110,2210,20,7.47420253150813,2.67587075887873,0.120385106525526,-0.120385106525526,0.00601925532627632,2.84108614155691,0,0,1,0.434641249835749,0.042372916739355,2.14064748686862
20200817,2,111,2230,20,7.27403319179894,2.74950628800387,0.102689958163495,-0.102689958163495,0.00513449790817475,2.84108614155691,0,0,1,0.234471910126557,0.0361446126752148,1.82599830837644
20200817,2,112,2250,20,7.12709687102256,2.8061916881355,0.0240270675954331,-0.0240270675954331,0.00120135337977166,2.84108614155691,1,1,0,0.087535589350181,0.00845700073784681,0.427241237304387
20200817,2,113,2270,20,6.9520256923222,2.87685933354475,0.00301445228133441,-0.00301445228133441,0.000150722614066721,2.84108614155691,1,1,0,-0.0875355893501828,0.00106102107825653,0.0536019769102885
20200817,2,114,2290,20,6.82993226654912,2.92828672664204,0.00434548568333197,0.00331534133835933,0.000217274284166599,2.87685933354475,1,1,0,-0.122093425773073,0.00151049640580711,0.0763091281845113
20200817,2,115,2310,20,6.76396459636226,2.95684575444943,0.0173383453706321,0.0173383453706321,0.000866917268531603,2.88594215401267,1,1,0,-0.166181239094499,0.00600786309819983,0.303512668757764
20200817,2,116,2330,20,6.75606072841651,2.96030494750861,0.0204049843090936,0.0204049843090936,0.00102024921545468,2.88594215401267,1,1,0,-0.174085107040241,0.00707047585161126,0.357195055884824
20200817,2,117,2350,20,6.97238173496339,2.86846027085822,0.0947149502951816,0.0947149502951816,0.00473574751475908,2.88594215401267,0,0,1,0.0422358995066361,0.0328194209171823,1.65801215288063
20200817,2,118,2370,20,6.63522836852258,3.01421426501003,0.107041183354668,-0.0868125469507839,0.0053520591677334,2.88594215401267,0,0,1,-0.29491746693418,0.0370905505523858,1.87378636960328
20200817,2,119,2390,20,6.8314426260049,2.92763931352757,0.11021551746316,0.11021551746316,0.00551077587315799,2.90704370499396,0,0,1,-0.0483989001621694,0.0379132646935519,1.91534926152152
20200817,2,120,2410,20,6.85141707374282,2.91910414805244,0.0359301762067171,0.0359301762067171,0.00179650881033586,2.92305011242746,1,1,0,0.00924905377996765,0.0122920151296615,0.620983244031019
20200817,2,121,2430,20,6.83291896618289,2.92700675933418,0.0196398328218041,0.0196398328218041,0.000981991641090203,2.91910414805244,1,1,0,-0.0184981075599353,0.00672803429603815,0.339895169265121
20200817,2,122,2450,20,6.82792302661665,2.92914842801184,0.0143469619179408,0.0143469619179408,0.00071734809589704,2.92305011242746,1,1,0,-0.0142449933462103,0.00490821620092798,0.247959344884226
20200817,2,123,2470,20,6.80253304390999,2.94008127132953,0.0124391392476437,-0.0113686535359467,0.000621956962382185,2.92764660308767,1,1,0,-0.0288925724560158,0.00424885272509485,0.214648804187739
20200817,2,124,2490,20,6.77181927593733,2.95341608880011,0.0368856564551511,-0.0368856564551511,0.00184428282275756,2.92828672664204,1,1,0,-0.0581129906117894,0.0125963267597941,0.636356835853252
20200817,2,125,2510,20,6.76085993339871,2.95820357129421,0.0505357510691531,-0.0505357510691531,0.00252678755345765,2.92828672664204,0,0,1,-0.0690723331504159,0.0172577878420751,0.871850300046451
20200817,2,126,2530,20,7.00665469377691,2.85442923536154,0.0780413421896226,-0.0780413421896226,0.00390206710948113,2.92828672664204,0,0,1,0.176722427227787,0.0266508540572852,1.34638085245718
20200817,2,127,2550,20,7.66319862189744,2.60987623925738,0.119187999448781,-0.119187999448781,0.00595939997243906,2.92828672664204,0,0,1,0.833266355348314,0.0407022981610335,2.05624910846106
20200817,2,128,2570,20,8.30796272126304,2.40732904937246,0.168943954954555,-0.168943954954555,0.00844719774772775,2.92828672664204,0,0,1,1.47803045471392,0.0576937884591268,2.91464625937005
20200817,2,129,2590,20,8.98796108432634,2.22519877560184,0.231940258859256,-0.231940258859256,0.0115970129429628,2.92828672664204,0,0,1,2.15802881777722,0.0792068128947296,4.00146787177617
20200817,2,130,2610,20,9.02792452935728,2.21534860365341,0.255344031330536,-0.255344031330536,0.0127672015665268,2.92828672664204,0,0,1,2.19799226280816,0.0871991219327579,4.40523323826656
20200817,2,131,2630,20,8.26289601296958,2.42045887647717,0.246435855352688,-0.246435855352688,0.0123217927676344,2.92828672664204,0,0,1,1.43296374642046,0.0841570100053977,4.25154806025217
20200817,2,132,2650,20,7.88745991551127,2.53567057255892,0.215465044042659,-0.215465044042659,0.010773252202133,2.92828672664204,0,0,1,1.05752764896215,0.0735805828310194,3.71723501330882
20200817,2,133,2670,20,7.5979524479792,2.63228812458801,0.165400601800173,-0.165400601800173,0.00827003009000866,2.92828672664204,0,0,1,0.768020181430074,0.0564837453570823,2.85351580329765
20200817,2,134,2690,20,7.64530957564375,2.61598301574544,0.120387830179527,-0.120387830179527,0.00601939150897635,2.92828672664204,0,0,1,0.815377309094629,0.0411120362921494,2.07694876683112
20200817,2,135,2710,20,6.69084700978237,2.98915816947525,0.0716917779863173,-0.0716917779863173,0.00358458889931587,2.92828672664204,0,0,1,-0.139085256766748,0.0244824993857512,1.23683722564454
20200817,2,136,2730,20,9.03974531874928,2.21245171127975,0.0848350578292028,-0.0848350578292028,0.00424175289146014,2.92828672664204,0,0,1,2.20981305220016,0.0289708849401116,1.4635870459635
20200817,2,137,2750,20,11.8417145034869,1.68894461981083,0.21588842733907,-0.21588842733907,0.0107944213669535,2.92871751394346,0,0,1,5.01278685690397,0.0737143225016538,3.72399143962706
20200817,2,138,2770,20,19.8848300915452,1.00579184775151,0.481896188041026,-0.481896188041026,0.0240948094020513,2.92914842801184,0,0,1,13.0569070649285,0.164517503938205,8.31129901954863
20200817,2,139,2790,20,16.8220296617255,1.18891717599959,0.393948278137453,-0.393948278137453,0.0196974139068727,2.92914842801184,0,0,1,9.99410663510889,0.134492425979535,6.79445494505123
20200817,2,140,2810,20,13.5913340693,1.47152589275072,0.246148706255501,-0.246148706255501,0.0123074353127751,2.92914842801184,0,0,1,6.7634110426834,0.0840342209706917,4.24534485172218
20200817,2,141,2830,20,10.7637356888313,1.85809096192807,0.0559419051512755,-0.039201205450109,0.00279709525756377,2.92914842801184,0,0,1,3.93581266221463,0.0190983511167599,0.964834155102084
20200817,2,142,2850,20,10.9379923613837,1.82848911749193,0.0675349315929757,0.0675349315929757,0.00337674657964878,2.92914842801184,0,0,1,4.1100693347671,0.0230561657262329,1.16477993531295
20200817,2,143,2870,20,11.3638493432493,1.75996701433577,0.157248884321437,0.157248884321437,0.00786244421607186,2.92914842801184,0,0,1,4.53592631663264,0.0536841639084059,2.7120830803804
20200817,2,144,2890,20,12.5619589240553,1.59210837425216,0.0682919109436473,0.0679177593660757,0.00341459554718237,2.92914842801184,0,0,1,5.73403589743862,0.0233145955631891,1.17783561388271
20200817,2,145,2910,20,12.0010631824596,1.66651901551785,0.021469514583348,0.0136175336715412,0.0010734757291674,2.92914842801184,1,0,0,5.17314015584293,0.00732960964969618,0.370286298034741
20200817,2,146,2930,20,10.426697154478,1.9181529590519,0.0468935591800036,0.0468935591800036,0.00234467795900018,2.92914842801184,0,0,1,3.59877412786136,0.0160092806262579,0.808776666236523
20200817,2,147,2950,20,9.77587166949843,2.04585337002753,0.00331252904823485,0.00277968253948815,0.000165626452411742,2.92914842801184,1,1,0,2.94794864288178,0.00113088466823896,0.0571314322753613
20200817,2,148,2970,20,10.2654074576876,1.94829090637043,0.0829805188166547,-0.0810436326536937,0.00414902594083273,2.92914842801184,0,0,1,3.43748443107097,0.0283292297594416,1.43117111485386
20200817,2,149,2990,20,9.93406409180034,2.01327470964358,0.163863422716346,0.153104350258608,0.00819317113581728,2.92914842801184,0,0,1,3.10614106518369,0.0559423418592576,2.82616451086411
20200817,2,150,3010,20,9.56761966363638,2.09038409793963,0.0526436988014915,0.001242492294532,0.00263218494007457,2.92914842801184,0,0,1,2.73969663701973,0.0179723561626487,0.907949747460961
20200817,2,151,3030,20,8.93278643846202,2.23894303729078,0.0258702863772807,0.018021282477018,0.00129351431886403,2.92914842801184,1,1,0,2.10486341184537,0.00883201620303009,0.446186733032696
20200817,2,152,3050,20,8.88006831741495,2.25223492490226,0.0534114014258188,-0.0534114014258188,0.00267057007129094,2.92914842801184,0,0,1,2.05214529079831,0.0182344468839606,0.921190371120622
20200817,2,153,3070,20,9.39227272493827,2.12941005715222,0.093960024640034,-0.093960024640034,0.0046980012320017,2.92914842801184,0,0,1,2.56434969832162,0.0320775907910578,1.62053545980944
20200817,2,154,3090,20,10.1439210806334,1.97162417185832,0.083911235691381,-0.083911235691381,0.00419556178456905,2.92914842801184,0,0,1,3.31599805401675,0.0286469729184518,1.44722325728693
20200817,2,155,3110,20,9.37892636512447,2.13244024117408,0.121680534954655,0.070858129481412,0.00608402674773273,2.92914842801184,0,0,1,2.55100333850783,0.0415412663253959,2.09863314125381
20200817,2,156,3130,20,10.0217892418493,1.99565162640652,0.106332975779292,0.059436159785715,0.00531664878896458,2.92914842801184,0,0,1,3.19386621523268,0.0363016686906048,1.83393265867643
20200817,2,157,3150,20,12.2726203284737,1.6296438303072,0.065903114962252,0.0311724663846271,0.0032951557481126,2.92871751394346,0,0,1,5.44369268189087,0.0225023801880826,1.13680311163103
20200817,2,158,3170,20,14.1569709222413,1.41273158713486,0.033573868426628,0.00335366200744599,0.0016786934213314,2.92828672664204,1,0,0,7.32703865569215,0.0114653623639951,0.579221375802266
20200817,2,159,3190,20,12.5894086001049,1.58863697535668,0.0655848471064647,-0.0655848471064647,0.00327924235532324,2.92828672664204,0,0,1,5.75947633355577,0.0223970031724567,1.13147954504578
20200817,2,160,3210,20,11.1976889376285,1.78608283471711,0.139515428525391,0.0925136451097527,0.00697577142626953,2.92828672664204,0,0,1,4.36775667107941,0.0476440463483496,2.40694094077129
20200817,2,161,3230,20,10.220196900513,1.95690946022734,0.115665559230282,0.00770948669647121,0.00578327796151408,2.92828672664204,0,0,1,3.39026463396385,0.0394993967557675,1.99547944547154
20200817,2,162,3250,20,10.2172509754619,1.95747369307388,0.0386908303747161,-0.0150938969041261,0.0019345415187358,2.92828672664204,1,1,0,3.38731870891274,0.0132127875397926,0.6674999650264
20200817,2,163,3270,20,12.1576785652937,1.64505089459213,0.283441209958964,0.283441209958964,0.0141720604979482,2.92871751394346,0,0,1,5.32875091871085,0.0967799757434837,4.88925067700326
20200817,2,164,3290,20,16.0111807888684,1.24912711084399,0.856203168940803,0.856203168940803,0.0428101584470402,2.92914842801184,0,0,1,9.18325776225174,0.292304466633653,14.7669990656708
20200817,2,165,3310,20,19.9741122205321,1.00129606658769,0.838901260039443,0.838901260039443,0.0419450630019721,2.92914842801184,0,0,1,13.1461891939155,0.286397661524051,14.4685917695417
20200817,2,166,3330,20,10.1115298384677,1.97794006638967,0.15016605583605,0.15016605583605,0.00750830279180252,2.92807720205559,0,0,1,3.28110884206797,0.0512848690364549,2.59087253050271
20200817,2,167,3350,20,8.32220470157995,2.40320933180159,0.116977605680675,0.116977605680675,0.00584888028403375,2.91719083424853,0,0,1,1.46629395169168,0.0400994012141165,2.02579121380638
20200817,2,168,3370,20,7.53623837768941,2.65384386714847,0.0722263191104263,0.0722263191104263,0.00361131595552131,2.91719083424853,0,0,1,0.680327627801148,0.0247588598807016,1.25079874740204
20200817,2,169,3390,20,7.10383264812526,2.81538163842839,0.0384012250357905,0.0384012250357905,0.00192006125178952,2.91719083424853,1,1,0,0.247921898236996,0.0131637685765877,0.66502356433303
20200817,2,170,3410,20,6.86040442603371,2.91528002694775,0.0126349509744434,0.0122113496061911,0.000631747548722171,2.91719083424853,1,1,0,0.00449367614544371,0.0043312048104999,0.218809168831624
20200817,2,171,3430,20,6.99826402232497,2.85785159522398,0.0392718491442019,0.0244342007137784,0.0019635924572101,2.81538163842839,1,1,0,-0.105568625800288,0.0139490322051416,0.704694484872515
20200817,2,172,3450,20,6.66303263722057,3.0016362051534,0.0921922417045973,-0.0921922417045973,0.00460961208522987,2.68387520123495,0,0,1,-0.788878685182681,0.0343504204898113,1.7353570854399
20200817,2,173,3470,20,6.19705412231542,3.22733989493178,0.0382018613276895,-0.0207646722021098,0.00191009306638447,2.58546011317659,1,1,0,-1.53851290425428,0.0147756529420031,0.746454735030435
20200817,2,174,3490,20,6.53601148462394,3.05997014342008,0.0458596901097471,-0.0439396609601371,0.00229298450548735,2.49400729616149,1,1,0,-1.48321124611221,0.01838795346763,0.928945406832958
20200817,2,175,3510,20,6.51831578150745,3.06827724682199,0.0818679692770586,-0.0818679692770586,0.00409339846385293,2.35960231030786,0,0,1,-1.95768880309163,0.0346956641462083,1.75279853205944
20200817,2,176,3530,20,6.54561982283258,3.05547840255487,0.0994337767606734,-0.0994337767606734,0.00497168883803367,2.23894303729078,0,0,1,-2.38716661562944,0.0444110346286402,2.24361165061683
20200817,2,177,3550,20,6.58676258937066,3.03639302747526,0.104723348569198,-0.104723348569198,0.00523616742845991,2.24791992449676,0,0,1,-2.310351485757,0.0465867789274756,2.35352859577357
20200817,2,178,3570,20,6.61991279808717,3.02118783283354,0.111727034983234,-0.111727034983234,0.0055863517491617,2.25696908589749,0,0,1,-2.24152891370613,0.049503130406771,2.50086045171779
20200817,2,179,3590,20,6.6615328290402,3.00231200735246,0.134352873985345,-0.134352873985345,0.00671764369926725,2.36957497355515,0,0,1,-1.77879939222453,0.0566991445659013,2.86439760730157
20200817,2,180,3610,20,7.06930875136959,2.82913092402779,0.168822921978625,-0.168822921978625,0.00844114609893124,2.49400729616149,0,0,1,-0.949913979366556,0.0676914306700142,3.41971953070023
20200817,2,181,3630,20,6.98138122605246,2.86476262395841,0.153718353918443,-0.153718353918443,0.00768591769592217,2.52581982744164,0,0,1,-0.936839932365501,0.06085879612171,3.0745400363433
20200817,2,182,3650,20,6.67888201132837,2.99451314846962,0.103584256071691,-0.103584256071691,0.00517921280358454,2.55845441972272,0,0,1,-1.13833757477141,0.0404870437687598,2.04537462047874
20200817,2,183,3670,20,6.72324128633272,2.97475564957884,0.137350786307854,-0.137350786307854,0.00686753931539269,2.55845441972272,0,0,1,-1.09397829976706,0.053685062844598,2.71212849395229
20200817,2,184,3690,20,6.83004925054092,2.92823657141507,0.0872212660765997,-0.0872212660765997,0.00436106330382999,2.55845441972272,0,0,1,-0.987170335558857,0.0340913894749208,1.7222710358187
20200817,2,185,3710,20,6.75933334971342,2.95887167642767,0.0751603106572878,-0.0751603106572878,0.00375801553286439,2.55845441972272,0,0,1,-1.05788623638637,0.0293772326283747,1.48411542174244
20200817,2,186,3730,20,6.71388827338978,2.97889973523527,0.048552339704541,-0.048552339704541,0.00242761698522705,2.58549005973223,0,0,1,-1.02158915562472,0.0187787763955161,0.948689483539696
20200817,2,187,3750,20,6.67013440288974,2.99844032997825,0.0261607303520914,-0.0261607303520914,0.00130803651760457,2.58549005973223,1,1,0,-1.06534302612476,0.0101182869582569,0.511168152096811
20200817,2,188,3770,20,6.63363690941333,3.0149373975563,0.0216352410623023,-0.0216352410623023,0.00108176205311511,2.58549005973223,1,1,0,-1.10184051960118,0.00836794594543635,0.422742257006673
20200817,2,189,3790,20,6.88053597465614,2.90675029876572,0.0712276074359815,-0.0712276074359815,0.00356138037179907,2.58549005973223,0,0,1,-0.854941454358368,0.027548977482187,1.39175336396589
20200817,2,190,3810,20,7.21327920684439,2.77266405839702,0.060092514439488,0.060092514439488,0.0030046257219744,2.58549005973223,0,0,1,-0.522198222170118,0.0232422144549694,1.17417897541337
20200817,2,191,3830,20,8.68478086944106,2.30287905943299,0.0661562470713684,0.0661562470713684,0.00330781235356842,2.58549005973223,0,0,1,0.949303440426547,0.0255875078004439,1.2926614092954
20200817,2,192,3850,20,8.93896634493581,2.23739515602166,0.0643015645702613,0.0329007596559874,0.00321507822851306,2.58549005973223,0,0,1,1.2034889159213,0.0248701650691788,1.25642180076546
20200817,2,193,3870,20,9.42013950570254,2.12311080827337,0.030492102265327,-0.0102841108816088,0.00152460511326635,2.55845441972272,1,1,0,1.60291991960276,0.0119181729524936,0.602097021919792
20200817,2,194,3890,20,9.40801377823755,2.12584722678273,0.0134587176849749,-0.00763789396136455,0.000672935884248744,2.55845441972272,1,1,0,1.59079419213777,0.00526048757453866,0.26575582642582
20200817,2,195,3910,20,9.41241490593757,2.12485320715978,0.0794896938842178,-0.0794896938842178,0.00397448469421089,2.55845441972272,0,0,1,1.59519531983779,0.0310694195962392,1.56960341876546
20200817,2,196,3930,20,10.5294878302425,1.8994276191247,0.0426673775580048,-0.0367893525685511,0.00213336887790024,2.55845441972272,1,1,0,2.71226824414271,0.0166770129766975,0.842509996105266
20200817,2,197,3950,20,15.678253968947,1.27565225308971,0.357584458864269,0.283070395213741,0.0178792229432134,2.55845441972272,0,0,1,7.86103438284727,0.139765811775933,7.06086237982343
20200817,2,198,3970,20,47.1792667230361,0.423915024313734,2.82801854076218,-2.82801854076218,0.141400927038109,2.58549005973223,0,0,1,39.4437892940216,1.09380367954502,55.2581289635653
20200817,2,199,3990,20,27.6339075099136,0.723748532227122,1.91496946744831,-1.62398234458901,0.0957484733724157,2.55845441972272,0,0,1,19.8166879238138,0.748486841386002,37.8129852571382
20200817,2,200,4010,20,12.8456572421605,1.55694641566165,0.143584174178485,0.143584174178485,0.00717920870892426,2.58549005973223,0,0,1,5.11017981314603,0.055534606926068,2.80556605252786
20200817,2,201,4030,20,12.8324271233182,1.5585516136427,0.0970421825270467,0.0970421825270467,0.00485210912635234,2.58549005973223,0,0,1,5.0969496943037,0.0375333806300138,1.89615780791175
20200817,2,202,4050,20,11.8839241647265,1.68294577807584,0.191302549719406,0.191302549719406,0.00956512748597031,2.6131031828801,0,0,1,4.23018889279729,0.0732089536198708,3.69846058855572
20200817,2,203,4070,20,10.8638208869293,1.84097291442488,0.175569483107079,-0.175569483107079,0.00877847415535397,2.6131031828801,0,0,1,3.21008561500002,0.0671881172765519,3.39429252133362
20200817,2,204,4090,20,11.0167563283903,1.81541638970989,0.046295421740597,0.0192606707932677,0.00231477108702985,2.6131031828801,1,1,0,3.36302105646109,0.0177166451152423,0.895031420068911
20200817,2,205,4110,20,10.3618646285518,1.93015453462794,0.0229455213473339,-0.0229455213473339,0.00114727606736669,2.64801640566698,1,1,0,2.80904133138551,0.00866517340988844,0.437757962173288
20200817,2,206,4130,20,9.34184539276475,2.14090462420733,0.0180010633480663,-0.0180010633480663,0.000900053167403317,2.69970050063202,1,1,0,1.93361622241127,0.00666780012962629,0.336852185046066
20200817,2,207,4150,20,8.01922273073615,2.49400729616149,0.00538205432567338,-0.00538205432567338,0.000269102716283669,2.71571353272542,1,1,0,0.654675712432435,0.00198181960682432,0.100120017389202
20200817,2,208,4170,20,7.45191132240325,2.68387520123495,0.0109625636215016,0.0104424461339889,0.000548128181075079,2.71657577235971,1,1,0,0.0897018072137135,0.00403543451025448,0.203867078491105
20200817,2,209,4190,20,7.20492092687527,2.77588056870929,0.0480863687513051,0.0480863687513051,0.00240431843756526,2.71657577235971,0,0,1,-0.15728858831426,0.0177010960785886,0.894245894577691
20200817,2,210,4210,20,7.10196448421175,2.81612222145882,0.0728345799808189,0.0728345799808189,0.00364172899904095,2.71657577235971,0,0,1,-0.260245030977786,0.0268111718884809,1.35447998720781
20200817,2,211,4230,20,7.07634524671585,2.82631772513955,0.0770056681182828,0.0770056681182828,0.00385028340591414,2.71657577235971,0,0,1,-0.285864268473689,0.0283465931271974,1.43204829897075
20200817,2,212,4250,20,7.67612973806581,2.60547967302068,0.0553230732097351,0.0553230732097351,0.00276615366048676,2.71657577235971,0,0,1,0.313920222876276,0.020365002799712,1.02882443357472
20200817,2,213,4270,20,9.24760184581555,2.16272286950263,0.0949061071313268,0.0949061071313268,0.00474530535656634,2.76554319517232,0,0,1,2.01574951571524,0.0343173475999218,1.73368626822756
20200817,2,214,4290,20,9.9552983895187,2.00898046622658,0.118558584668181,0.00143223405845723,0.00592792923340903,2.76554319517232,0,0,1,2.72344605941839,0.0428699088392988,2.16575514930032
20200817,2,215,4310,20,9.98194912292411,2.0036167038829,0.0760657634697057,0.0576894485385623,0.00380328817348529,2.81589342967369,0,0,1,2.87940760297829,0.0270130121644981,1.36467680425165
20200817,2,216,4330,20,13.9906243585151,1.42952876780137,0.304208112122691,-0.302820152087351,0.0152104056061346,2.8164054070237,0,0,1,6.88937396674874,0.108012898769489,5.45672939445187
20200817,2,217,4350,20,30.6184534949684,0.653200854944768,3.36300501874615,2.92554470700105,0.168150250937308,2.83697713447657,0,0,1,23.5686962879228,1.18541844341182,59.8864370698464
20200817,2,218,4370,20,13.0923940360731,1.52760449654163,0.0665891076017597,0.0313534845600652,0.00332945538008798,2.83697713447657,0,0,1,6.0426368290274,0.0234718520613122,1.1857800924177
20200817,2,219,4390,20,10.9336832879594,1.82920974325503,0.106193542518185,0.106193542518185,0.00530967712590923,2.87098166958938,0,0,1,3.96742494787725,0.0369885825615086,1.86863502435238
20200817,2,220,4410,20,10.6979632776824,1.8695147366717,0.162297223752512,0.162297223752512,0.0081148611876256,2.89967338490515,0,0,1,3.80063473574592,0.055970863683263,2.82760541169361
20200817,2,221,4430,20,12.3943913625494,1.6136330873359,0.261887988890209,0.261887988890209,0.0130943994445104,2.90616220996711,0,0,1,5.51246304780943,0.0901147183016918,4.55252694661034
20200817,2,222,4450,20,13.1278143683749,1.5234828463282,0.201309774861404,0.201309774861404,0.0100654887430702,2.99844032997825,0,0,1,6.45767996548511,0.0671381627470518,3.39176885654344
20200817,2,223,4470,20,20.6839614505748,0.966932763232559,0.336247316745321,0.336247316745321,0.016812365837266,3.0149373975563,0,0,1,14.0503245411614,0.111527130552648,5.63426570806387
20200817,2,224,4490,20,29.1357233670865,0.686442541618625,1.83565142429196,1.83565142429196,0.091782571214598,3.0149373975563,0,0,1,22.5020864576732,0.608852252050014,30.7587521350554
20200817,2,225,4510,20,14.839113737919,1.34778938643035,0.155310157349259,0.149249682277529,0.00776550786746296,3.0149373975563,0,0,1,8.20547682850565,0.0515135596099419,2.60242580412833
20200817,2,226,4530,20,11.2451753949049,1.77854051161015,0.0264094000914253,0.0264094000914253,0.00132047000457126,3.05285685947334,1,1,0,4.69393473062746,0.00865071678990587,0.437027624740426
20200817,2,227,4550,20,8.8614417117933,2.25696908589749,0.00472189960374676,-0.003543028621226,0.000236094980187338,3.0917423119374,1,1,0,2.39259729265177,0.00152726169497219,0.0771560978264319
20200817,2,228,4570,20,7.81721958609978,2.55845441972272,0.0258336513315644,0.0258336513315644,0.00129168256657822,3.14480225209685,1,1,0,1.45751923080252,0.00821471407759879,0.415001099728963
20200817,2,229,4590,20,7.36454701830371,2.71571353272542,0.0413738990430768,0.0413738990430768,0.00206869495215384,3.24288518881289,1,1,0,1.19719947575277,0.0127583607294535,0.644542668612236
20200817,2,230,4610,20,7.10125039176637,2.8164054070237,0.0290444134661789,0.0290444134661789,0.00145222067330895,3.2585507182039,1,1,0,0.963552461128073,0.00891329182139847,0.450292715381615
20200817,2,231,4630,20,6.93425265783935,2.88423295009153,0.0160968083650407,0.0160968083650407,0.000804840418252035,3.2585507182039,1,1,0,0.796554727201054,0.00493986736959958,0.249558337823279
20200817,2,232,4650,20,6.82960397164061,2.92842748760374,0.0156604488183078,-0.0122179947805744,0.000783022440915391,3.2585507182039,1,1,0,0.691906041002311,0.00480595521524974,0.242793197759086
20200817,2,233,4670,20,7.74080063953807,2.58371206433673,0.0696475523404891,-0.0696475523404891,0.00348237761702446,3.2585507182039,0,0,1,1.60310270889977,0.0213737818937121,1.07978718522244
20200817,2,234,4690,20,6.91904186059037,2.89057363764721,0.10592280398463,-0.10592280398463,0.00529614019923148,3.2585507182039,0,0,1,0.781343929952071,0.0325061087411933,1.64218386033561
20200817,2,235,4710,20,7.47566678846397,2.67534663675257,0.0702830956290946,-0.0702830956290946,0.00351415478145473,3.2585507182039,0,0,1,1.33796885782567,0.0215688205300774,1.08964038861048
20200817,2,236,4730,20,7.65373527192924,2.6131031828801,0.025230835752429,0.0199700943963292,0.00126154178762145,3.2585507182039,1,1,0,1.51603734129094,0.00774296241929792,0.39116856518857
20200817,2,237,4750,20,7.66326178864529,2.60985472656489,0.075199094955528,0.075199094955528,0.0037599547477764,3.2585507182039,0,0,1,1.52556385800699,0.0230774664747209,1.16585603290612
20200817,2,238,4770,20,7.33009888718834,2.72847615125033,0.0840526970278207,0.0840526970278207,0.00420263485139103,3.26044300268886,0,0,1,1.19596313216789,0.0257795327072128,1.30236236135918
20200817,2,239,4790,20,7.08341204582121,2.82349803606283,0.0561269798595434,0.0561269798595434,0.00280634899297717,3.27420533632599,0,0,1,0.975059653224434,0.0171421685857136,0.86600930325866
20200817,2,240,4810,20,6.95155337173583,2.87705480063169,0.0536684890378703,0.0536684890378703,0.00268342445189352,3.27420533632599,0,0,1,0.843200979139056,0.0163913021710764,0.828076103772907
20200817,2,241,4830,20,6.874540022774,2.90928555710548,0.0529158146153223,0.0529158146153223,0.00264579073076611,3.27420533632599,0,0,1,0.766187630177228,0.0161614221405855,0.816462739685215
20200817,2,242,4850,20,7.29907556408716,2.74007301669869,0.0469571362818974,0.0469571362818974,0.00234785681409487,3.27420533632599,0,0,1,1.19072317149039,0.014341536787851,0.724523517500354
20200817,2,243,4870,20,8.92088416306206,2.24193024305957,0.0361337399905343,-0.00422827223281362,0.00180668699952672,3.27420533632599,1,1,0,2.81253177046528,0.0110358808562325,0.557524297078521
20200817,2,244,4890,20,14.1519287087303,1.4132349315512,0.405428956404845,-0.405428956404845,0.0202714478202423,3.29334011850309,0,0,1,8.07906672656418,0.123105704791014,6.219206461549
20200817,2,245,4910,20,23.2718227399364,0.859408402319872,1.09221854185479,-1.09221854185479,0.0546109270927396,3.3018600569529,0,0,1,17.2146308374859,0.330788865371459,16.7112015841918
20200817,2,246,4930,20,13.659597117628,1.46417202702045,0.616528817865254,-0.616528817865254,0.0308264408932627,3.3018600569529,0,0,1,7.60240521517744,0.186721668160041,9.43303648765511
20200817,2,247,4950,20,10.2333473966341,1.95439470828267,0.322057513081925,-0.322057513081925,0.0161028756540963,3.3018600569529,0,0,1,4.1761554941836,0.0975382080181598,4.92755599412911
20200817,2,248,4970,20,8.72000442514127,2.29357681772919,0.145166963779952,-0.145166963779952,0.00725834818899758,3.29334011850309,0,0,1,2.64714244297511,0.044078946770288,2.22683482489643
20200817,2,249,4990,20,7.8499588762129,2.54778404771067,0.0371071499052473,-0.0371071499052473,0.00185535749526236,3.26044300268886,1,1,0,1.71582312119244,0.0113810147500341,0.574960198575321
20200817,2,250,5010,20,7.35987201207536,2.71743855969043,0.0102556196284436,0.0087452295313213,0.000512780981422179,3.25666062891977,1,1,0,1.21861190581922,0.0031491213844549,0.159091214299547
20200817,2,251,5030,20,7.09215259261873,2.82001828624152,0.0545866808818316,0.0545866808818316,0.00272933404409158,3.24288518881289,0,0,1,0.924805050067788,0.0168327516096288,0.850377793246624
20200817,2,252,5050,20,6.96210270520169,2.87269534031107,0.0912687496467463,0.0912687496467463,0.00456343748233732,3.24288518881289,0,0,1,0.794755162650744,0.0281443049422779,1.42182885391024
20200817,2,253,5070,20,6.86132519846024,2.91488880376756,0.0984784944355811,0.0984784944355811,0.00492392472177906,3.24288518881289,0,0,1,0.693977655909293,0.0303675550325699,1.5341457554759
20200817,2,254,5090,20,6.74013190848655,2.96730097742121,0.0638603064894206,0.0638603064894206,0.00319301532447103,3.24288518881289,0,0,1,0.572784365935603,0.0196924352147039,0.994846831337592
20200817,2,255,5110,20,6.46884441914153,3.0917423119374,0.0227698799354626,0.0227698799354626,0.00113849399677313,3.22922579607469,1,1,0,0.275409440295788,0.0070511885428206,0.356220675731927
20200817,2,256,5130,20,6.25055629145299,3.19971520412479,0.0040753297575369,0.00270644105660803,0.000203766487876845,3.2144027692684,1,1,0,0.0285606563036254,0.00126783419815944,0.0640500182404346
20200817,2,257,5150,20,6.13413575502045,3.26044300268886,0.0147417602238312,-0.0147417602238312,0.00073708801119156,3.2144027692684,1,1,0,-0.0878598801289172,0.00458615838835482,0.231689229438743
20200817,2,258,5170,20,6.05719190245054,3.3018600569529,0.0446546365837217,-0.0446546365837217,0.00223273182918608,3.24288518881289,1,1,0,-0.110155640100403,0.0137700331599061,0.69565158941426
20200817,2,259,5190,20,6.02356698404947,3.3202917893933,0.0601562582055619,-0.0601562582055619,0.0030078129102781,3.25666062891977,0,0,1,-0.117693122206674,0.0184717614329731,0.933179321422666
20200817,2,260,5210,20,6.01862881952366,3.32301602237416,0.0905216335493503,-0.0905216335493503,0.00452608167746751,3.25666062891977,0,0,1,-0.122631286732485,0.0277958448434881,1.40422491507033
20200817,2,261,5230,20,6.06992539868543,3.29493341126259,0.119290825258772,-0.119290825258772,0.00596454126293862,3.24288518881289,0,0,1,-0.0974221438655158,0.0367853989004282,1.85837034051812
20200817,2,262,5250,20,6.1590536239496,3.24725213013727,0.116762448861441,-0.116762448861441,0.00583812244307207,3.24288518881289,0,0,1,-0.00829391860133999,0.0360057301023921,1.81898206655595
20200817,2,263,5270,20,6.217448070101,3.21675384731844,0.0661953556638036,-0.0661953556638036,0.00330976778319018,3.24288518881289,0,0,1,0.0501005275500566,0.0204124882040722,1.03122336004306
20200817,2,264,5290,20,6.19343497884574,3.22922579607469,0.0245015014705864,-0.0245015014705864,0.00122507507352932,3.24288518881289,1,1,0,0.0260874362948007,0.00755546374417147,0.38169627490066
20200817,2,265,5310,20,6.14126010625614,3.25666062891977,0.00668749773373272,-0.00668749773373272,0.000334374886686636,3.24288518881289,1,1,0,-0.0260874362948025,0.00206220613569757,0.104181083613864
20200817,2,266,5330,20,6.10835239259677,3.27420533632599,0.00333087390453906,0.00332089178808053,0.000166543695226953,3.24288518881289,1,1,0,-0.0589951499541721,0.0010271328494853,0.0518899693985139
20200817,2,267,5350,20,6.08257551828501,3.28808083678984,0.00960596084883315,0.00960596084883315,0.000480298042441657,3.24288518881289,1,1,0,-0.0847720242659316,0.00296216495174458,0.149646317685585
20200817,2,268,5370,20,6.06314844604731,3.29861625160084,0.0103713941724819,0.0103713941724819,0.000518569708624095,3.24288518881289,1,1,0,-0.104199096503636,0.00319819961812417,0.161570609291644
20200817,2,269,5390,20,6.04720231725423,3.30731451516594,0.0131959491507153,0.0131959491507153,0.000659797457535763,3.24288518881289,1,1,0,-0.120145225296711,0.00406920022831455,0.205572896855043
20200817,2,270,5410,20,6.0461199985175,3.30790655906664,0.0179439493246117,0.0179439493246117,0.000897197466230584,3.24288518881289,1,1,0,-0.121227544033446,0.00553332858854013,0.279539546685853
20200817,2,271,5430,20,6.04058645845498,3.31093680018537,0.0142853959224887,0.0142853959224887,0.000714269796124434,3.17306861477989,1,1,0,-0.262460348299101,0.004502075957623,0.2274414490666
20200817,2,272,5450,20,6.03284013215261,3.31518813061331,0.0145496050892532,0.0145496050892532,0.000727480254462662,3.0917423119374,1,1,0,-0.436004286988918,0.00470595658411646,0.237741343062782
20200817,2,273,5470,20,6.01985820210439,3.32233739210145,0.0112441483166409,0.0112441483166409,0.000562207415832047,3.00786970213203,1,1,0,-0.629365993286682,0.00373824315217874,0.188853197391128
20200817,2,274,5490,20,6.00473688883403,3.33070380438992,0.00544292979174072,0.0010324171555524,0.000272146489587036,2.95044850850847,1,1,0,-0.773893526956726,0.00184478047186537,0.0931969046458191
20200817,2,275,5510,20,6.0050633748333,3.33052271918033,0.016420822161273,-0.016420822161273,0.000821041108063651,2.96159475221489,1,1,0,-0.748055020261972,0.00554458780999405,0.280108353979854
20200817,2,276,5530,20,6.01792629224155,3.32340394826445,0.0236565345551604,-0.0236565345551604,0.00118282672775802,2.9840588623815,1,1,0,-0.684354367208471,0.00792763670093315,0.400498169268068
20200817,2,277,5550,20,6.03953894000642,3.31151106047488,0.0200602351432923,-0.0200602351432923,0.00100301175716462,3.00143428324511,1,1,0,-0.623941953660278,0.00668354967998948,0.337647840337196
20200817,2,278,5570,20,6.0422168565301,3.31004339547745,0.00425794562725241,-0.00400293290657125,0.000212897281362621,3.01111163911856,1,1,0,-0.599848399427856,0.00141407763562657,0.0714381253374914
20200817,2,279,5590,20,6.02893668514298,3.3173345557411,0.00299674472240516,0.00088191194200089,0.000149837236120258,3.01426744786109,1,1,0,-0.606174613355734,0.000994186738317345,0.0502255569506384
20200817,2,280,5610,20,6.02579807748589,3.31906242838202,0.0168447483176766,-0.0168447483176766,0.000842237415883829,3.01592578512795,1,1,0,-0.605664838021994,0.0055852661894868,0.282163394735407
20200817,2,281,5630,20,6.35553732205517,3.14686217490934,0.0360888212269213,-0.0360888212269213,0.00180444106134606,3.01942569040115,1,1,0,-0.268238869417473,0.0119522137410597,0.603816736636228
20200817,2,282,5650,20,6.83110026733675,2.92778603991966,0.0684483562006471,-0.0684483562006471,0.00342241781003235,3.02543223890961,0,0,1,0.220474604403989,0.022624323004278,1.14296356984626
20200817,2,283,5670,20,7.2999014181014,2.73976302616998,0.1096032884341,-0.1096032884341,0.00548016442170498,3.0291551159755,0,0,1,0.697400313248181,0.0361827916490845,1.82792708106321
20200817,2,284,5690,20,8.5653597367218,2.33498657554978,0.101544593132937,-0.101544593132937,0.00507722965664686,3.0291551159755,0,0,1,1.96285863186858,0.0335224144176044,1.69352684919526
20200817,2,285,5710,20,10.8033800337503,1.85127246635026,0.0957194717609373,-0.0957194717609373,0.00478597358804686,3.0291551159755,0,0,1,4.20087892889705,0.0315993959028777,1.59637741820204
20200817,2,286,5730,20,13.6556050386012,1.46460006301184,0.219461171868819,-0.219461171868819,0.010973058593441,3.0291551159755,0,0,1,7.05310393374793,0.072449631486813,3.66010021261436
20200817,2,287,5750,20,24.9075395270106,0.802969718398371,1.34811234547778,-1.34811234547778,0.0674056172738891,3.06012873170348,0,0,1,18.3718667650132,0.440541056822577,22.2557987204552
20200817,2,288,5770,20,55.9530946422115,0.357442249224797,1.92469456954274,-1.90932829499164,0.0962347284771369,3.06012873170348,0,0,1,49.4174218802141,0.628958693666237,31.7745142545336
20200817,2,289,5790,20,24.2775979002245,0.823804730690226,0.409281040198057,0.409281040198057,0.0204640520099029,3.06012873170348,0,0,1,17.7419251382271,0.13374634732122,6.75676361936901
20200817,2,290,5810,20,19.0810573571916,1.04815994342483,0.236987114487718,0.236987114487718,0.0118493557243859,3.0291551159755,0,0,1,12.4785562523384,0.0782353842620568,3.95239203699249
20200817,2,291,5830,20,14.432866023617,1.38572615911998,0.0746953259403324,-0.0634056933240964,0.00373476629701662,3.02543223890961,0,0,1,7.82224036068419,0.0246891419281144,1.24727664952727
20200817,2,292,5850,20,13.429824286402,1.48922276073638,0.243267405174307,-0.243267405174307,0.0121633702587153,3.02171850155438,0,0,1,6.81107406538967,0.0805063095881266,4.06711745516514
20200817,2,293,5870,20,15.0972290457175,1.32474641137363,0.133737473916344,-0.133737473916344,0.00668687369581722,3.01942569040115,0,0,1,8.4734528542449,0.0442923547817388,2.23761603512559
20200817,2,294,5890,20,12.7084844453589,1.57375177866343,0.046293337336721,0.0450683654761089,0.00231466686683605,3.01942569040115,1,0,0,6.08470825388622,0.0153318352837392,0.774552643404351
20200817,2,295,5910,20,10.9015187841983,1.83460675488538,0.0469516593253965,-0.0207619762157166,0.00234758296626982,3.01713635607552,0,0,1,4.27271662226531,0.0155616630421264,0.786163366745173
20200817,2,296,5930,20,10.1566585603687,1.96915155522113,0.0714460494609322,-0.0714460494609322,0.00357230247304661,3.01592578512795,0,0,1,3.52519564486079,0.0236895913729857,1.19678011663585
20200817,2,297,5950,20,8.61085039131558,2.32265096838413,0.00805883306562083,0.00102593023910567,0.000402941653281041,3.0147161852298,1,1,0,1.9767267222328,0.00267316475929111,0.135046248035305
20200817,2,298,5970,20,7.6768102783567,2.60524870028196,0.032769714921017,-0.032769714921017,0.00163848574605085,3.0147161852298,1,1,0,1.04268660927391,0.0108699170693307,0.54913993294499
20200817,2,299,5990,20,7.25228062433825,2.75775318633991,0.0286261777481774,-0.0286261777481774,0.00143130888740887,3.0147161852298,1,1,0,0.618156955255472,0.00949548016772773,0.479704427304113
20200817,2,300,6010,20,7.00657715754141,2.85446082306727,0.0180455379638763,-0.0180455379638763,0.000902276898193815,3.01592578512795,1,1,0,0.375114242033533,0.00598341578989176,0.302277609358566
20200817,2,301,6030,20,6.86349108641343,2.91396896247026,0.0127989358878888,0.00302496569588284,0.000639946794394438,3.01713635607552,1,1,0,0.234688924480452,0.00424208069420393,0.214306686344004
20200817,2,302,6050,20,6.86479677807665,2.91341472246809,0.0664769876750783,0.0664769876750783,0.00332384938375391,3.01713635607552,0,0,1,0.235994616143671,0.0220331399809676,1.11309745369208
20200817,2,303,6070,20,6.86303636354842,2.91416203274484,0.0803802060199567,0.0803802060199567,0.00401901030099784,3.01713635607552,0,0,1,0.234234201615436,0.0266412241720854,1.34589435799
20200817,2,304,6090,20,6.884357741249,2.90513665206066,0.0696953796582836,0.0696953796582836,0.00348476898291418,3.01713635607552,0,0,1,0.255555579316024,0.0230998441677785,1.16698653691888
20200817,2,305,6110,20,7.37588061127644,2.71154063549015,0.0318791217744989,0.0318791217744989,0.00159395608872494,3.01713635607552,1,1,0,0.747078449343462,0.0105660195669661,0.533787262542244
20200817,2,306,6130,20,7.92307310497745,2.52427306109741,0.0430940538783448,-0.0424597606873501,0.00215470269391724,3.0147161852298,1,1,0,1.28894943589466,0.0142945641415528,0.722150495178847
20200817,2,307,6150,20,8.42199776354755,2.37473347316296,0.147553178600095,-0.147553178600095,0.00737765893000477,3.01426744786109,0,0,1,1.78688646504884,0.0489515881229446,2.47299695553609
20200817,2,308,6170,20,9.44824835987311,2.11679448276787,0.0581827639698818,-0.0563969091112247,0.00290913819849409,3.01381884406067,0,0,1,2.81214943195846,0.0193053288801822,0.975290514097452
20200817,2,309,6190,20,10.0489774318912,1.99025225557064,0.0122872285680009,0.0122872285680009,0.000614361428400045,3.00751570226645,1,1,0,3.39897058905808,0.00408550770283304,0.206396738049642
20200817,2,310,6210,20,10.9238618062741,1.83085435853034,0.0686317018770446,0.0686317018770446,0.00343158509385223,3.00751570226645,0,0,1,4.27385496344095,0.0228200643558815,1.15285227387303
20200817,2,311,6230,20,10.8915755220819,1.83628162513783,0.0445004042723443,0.0445004042723443,0.00222502021361721,3.00751570226645,1,1,0,4.24156867924876,0.0147963996459965,0.74750284271765
20200817,2,312,6250,20,10.9972369546804,1.81863863463341,0.058172916288319,0.058172916288319,0.00290864581441595,3.00751570226645,0,0,1,4.34723011184724,0.019342514569244,0.977169106792108
20200817,2,313,6270,20,9.98357368544976,2.00329066826525,0.0288679816175101,0.0220145857406092,0.00144339908087551,3.00143428324511,1,1,0,3.32009279178305,0.00961806219735002,0.485897178094915
20200817,2,314,6290,20,25.909987548288,0.771903111212476,1.40375988226977,-1.40375988226977,0.0701879941134887,2.97282553213948,0,0,1,19.1823811738882,0.472197196604241,23.8550427962034
20200817,2,315,6310,20,28.7191995112239,0.696398240215006,0.525667120455891,0.149336415018603,0.0262833560227945,2.93836265112361,0,0,1,21.9126877308104,0.178897972397954,9.03778933546694
20200817,2,316,6330,20,12.0716562501575,1.65677348538972,0.403793349698689,-0.403793349698689,0.0201896674849345,2.92015900588222,0,0,1,5.22271413443264,0.138277863940049,6.98569238822079
20200817,2,317,6350,20,9.29931834045647,2.15069527332885,0.238768283586597,-0.238768283586597,0.0119384141793299,2.91396896247026,0,0,1,2.43582725404303,0.0819391993057423,4.1395059525594
20200817,2,318,6370,20,8.25783198739828,2.42194319653399,0.178015022590858,-0.178015022590858,0.00890075112954292,2.88577916246762,0,0,1,1.32729473072959,0.0616869873156331,3.11637962479607
20200817,2,319,6390,20,7.75435607373129,2.57919546250296,0.116089203045584,-0.116089203045584,0.00580446015227918,2.8646127162024,0,0,1,0.772609505729632,0.0405252697472776,2.04730576780453
20200817,2,320,6410,20,7.38967560776746,2.70647874975426,0.0591780188688563,-0.0591780188688563,0.00295890094344281,2.85952775935253,0,0,1,0.395513744995923,0.0206950321343464,1.04549726424446
20200817,2,321,6430,20,7.1041450457783,2.81525783484463,0.0295943225431774,-0.0295943225431774,0.00147971612715887,2.8426233723297,1,1,0,0.0683906103924992,0.0104109193047699,0.525951715404307
20200817,2,322,6450,20,6.93053725666869,2.88577916246762,0.0101585672042384,-0.0101585672042384,0.000507928360211922,2.83088369595235,1,1,0,-0.134394456561495,0.00358847918011021,0.181287235566881
20200817,2,323,6470,20,6.8343931450363,2.92637540386825,0.00372672780155128,-0.000567667462463639,0.000186336390077564,2.83088369595235,1,1,0,-0.230538568193879,0.00131645387158781,0.0665062471183522
20200817,2,324,6490,20,6.77863041579076,2.95044850850847,0.0216973410385111,0.0216973410385111,0.00108486705192555,2.83088369595235,1,1,0,-0.286301297439422,0.00766451163978737,0.387205291547647
20200817,2,325,6510,20,6.72760637439978,2.97282553213948,0.0232086970235661,0.0232086970235661,0.00116043485117831,2.82240755271127,1,1,0,-0.358542463597586,0.00822301407224881,0.41542040913827
20200817,2,326,6530,20,6.67695494450027,2.99537740875034,0.0117143540553194,0.0117143540553194,0.000585717702765969,2.81525783484463,1,1,0,-0.42719010127803,0.0041610235163295,0.210211739442498
20200817,2,327,6550,20,6.65000684283314,3.00751570226645,0.00635842388300634,0.00635842388300634,0.000317921194150317,2.80751659372702,1,1,0,-0.473726653412996,0.00226478585993518,0.114415257018713
20200817,2,328,6570,20,6.63412366908278,3.0147161852298,0.00432616231375942,0.00432616231375942,0.000216308115687971,2.79236025153146,1,1,0,-0.528275949315685,0.00154928516526001,0.0782687067745897
20200817,2,329,6590,20,6.63609892791465,3.01381884406067,0.0117960569078622,0.0117960569078622,0.000589802845393108,2.7735017600122,1,1,0,-0.57500159791016,0.00425312760854721,0.214864768044445
20200817,2,330,6610,20,6.62880216193298,3.01713635607552,0.0157009610947894,0.0157009610947894,0.00078504805473947,2.75995224557455,1,1,0,-0.617700031019467,0.00568885245024262,0.287396493748276
20200817,2,331,6630,20,6.61875022101231,3.02171850155438,0.0167157190357663,0.0167157190357663,0.000835785951788313,2.75775318633991,1,1,0,-0.633530403325949,0.00606135426424849,0.306215001733237
20200817,2,332,6650,20,6.60250110485322,3.0291551159755,0.0121207417740147,0.00683835045281968,0.000606037088700733,2.75775318633991,1,1,0,-0.649779519485037,0.00439515103601469,0.222039683449841
20200817,2,333,6670,20,6.57251331356247,3.04297595848604,0.0894954796660408,-0.0894954796660408,0.00447477398330204,2.75775318633991,0,0,1,-0.679767310775787,0.0324523166573943,1.63946632522454
20200817,2,334,6690,20,6.86402187291242,2.91374362877925,0.202283379715783,-0.202283379715783,0.0101141689857892,2.75775318633991,0,0,1,-0.388258751425838,0.0733507917669217,3.70562614373556
20200817,2,335,6710,20,8.11719552061913,2.46390516887223,0.247607400814773,-0.247607400814773,0.0123803700407386,2.75775318633991,0,0,1,0.864914896280879,0.0897859177685866,4.53591619405813
20200817,2,336,6730,20,9.71390841222046,2.05890349705575,0.28472967032782,-0.28472967032782,0.014236483516391,2.75775318633991,0,0,1,2.46162778788221,0.103246973564633,5.21595848233523
20200817,2,337,6750,20,11.8867157978707,1.68255053288837,0.196945913194887,-0.196945913194887,0.00984729565974436,2.75775318633991,0,0,1,4.63443517353244,0.0714153515152942,3.60784917605322
20200817,2,338,6770,20,11.6221765246319,1.7208480664196,0.0373623396187287,0.00295021679939417,0.00186811698093644,2.75775318633991,1,1,0,4.36989590029361,0.0135481085848426,0.684440128876715
20200817,2,339,6790,20,9.71595729497221,2.05846931936903,0.0520200589041216,0.0520200589041216,0.00260100294520608,2.75775318633991,0,0,1,2.46367667063396,0.0188632032633648,0.952954664612697
20200817,2,340,6810,20,8.32825334651352,2.40146392861267,0.0314089733400613,0.0314089733400613,0.00157044866700307,2.75775318633991,1,1,0,1.07597272217527,0.0113893344392242,0.575380502937796
20200817,2,341,6830,20,7.71187650871889,2.5934025236774,0.0230405488677076,0.0230405488677076,0.00115202744338538,2.75775318633991,1,1,0,0.459595884380633,0.00835482630636974,0.422079462831579
20200817,2,342,6850,20,7.37920982383821,2.71031729378271,0.0197903480379203,0.0197903480379203,0.000989517401896014,2.75775318633991,1,1,0,0.126929199499955,0.00717625788121599,0.36253908346787
20200817,2,343,6870,20,7.18147729008297,2.78494231648109,0.0200826136315116,0.0200826136315116,0.00100413068157558,2.75775318633991,1,1,0,-0.0708033342552881,0.00728223748629415,0.367893092413381
20200817,2,344,6890,20,7.06493171323018,2.83088369595235,0.0193486699084513,0.0193486699084513,0.000967433495422563,2.75775318633991,1,1,0,-0.187348911108074,0.00701609919418888,0.354447988559448
20200817,2,345,6910,20,6.98174656800165,2.8646127162024,0.0139148347560743,0.0138782508992183,0.000695741737803715,2.75775318633991,1,1,0,-0.270534056336601,0.00504571432461731,0.254905645388749
20200817,2,346,6930,20,7.14332194671397,2.79981780874377,0.00960916447502775,-0.00960916447502775,0.000480458223751388,2.75775318633991,1,1,0,-0.108958677624287,0.00348441786691616,0.176030137266584
20200817,2,347,6950,20,8.46769972008588,2.36191653709199,0.0162731254315514,-0.0162731254315514,0.000813656271577572,2.75775318633991,1,1,0,1.21541909574762,0.00590086361323333,0.298107136256929
20200817,2,348,6970,20,10.3137038454761,1.93916756769903,0.0187530057541207,-0.00308745612748385,0.000937650287706033,2.75995224557455,1,1,0,3.06720165252364,0.00679468486608427,0.343262305309713
20200817,2,349,6990,20,14.1756130869894,1.41087372216418,0.351447014725217,0.351447014725217,0.0175723507362609,2.7621548147105,0,0,1,6.93488932542277,0.127236537522627,6.42789298553778
20200817,2,350,7010,20,43.4071716542157,0.460753355674064,1.67267893566517,1.67267893566517,0.0836339467832587,2.7621548147105,0,0,1,36.1664478926491,0.605570305747141,30.592950707023
20200817,2,351,7030,20,23.8690142812825,0.837906407206917,1.00991764646487,1.00991764646487,0.0504958823232435,2.73661371544803,0,0,1,16.5607120948609,0.369039167188245,18.6435777045267
20200817,2,352,7050,20,18.483980822798,1.08201800206004,0.128300203527099,0.128300203527099,0.00641501017635494,2.71154063549015,0,0,1,11.1081002115216,0.0473163491809175,2.39038592941267
20200817,2,353,7070,20,14.8869939516708,1.34345456610838,0.0127658706014675,-0.00914124346649075,0.000638293530073374,2.71154063549015,1,0,0,7.51111334039433,0.0047079768727714,0.237843406507188
20200817,2,354,7090,20,11.3060136281556,1.76897009483463,0.0855193220239497,-0.0855193220239497,0.00427596610119749,2.71154063549015,0,0,1,3.93013301687915,0.0315390154602979,1.59332704422237
20200817,2,355,7110,20,9.65593965786138,2.07126397933908,0.0815121117402012,-0.0815121117402012,0.00407560558701006,2.71154063549015,0,0,1,2.28005904658494,0.0300611802284374,1.51866793367429
20200817,2,356,7130,20,8.34982870160684,2.3952587190383,0.0333674013471137,-0.00224661638055825,0.00166837006735568,2.73599054101943,1,1,0,1.03986190890441,0.0121957297903088,0.616118982007812
20200817,2,357,7150,20,8.10818770664491,2.46664245126064,0.101165986581006,0.101165986581006,0.00505829932905028,2.7621548147105,0,0,1,0.867463945078271,0.0366257481449709,1.85030490592582
20200817,2,358,7170,20,8.80099094509023,2.27247137564177,0.0911602889917608,0.0911602889917608,0.00455801444958804,2.7621548147105,0,0,1,1.56026718352359,0.0330033235306962,1.66730277287426
20200817,2,359,7190,20,9.33521107864226,2.14242611458003,0.0447539409222494,0.0447539409222494,0.00223769704611247,2.7621548147105,1,1,0,2.09448731707562,0.016202546172974,0.818540294485698
20200817,2,360,7210,20,9.21770014577987,2.16973862066413,0.0955724327712909,0.0955724327712909,0.00477862163856454,2.7735017600122,0,0,1,2.00659961995507,0.0344591210105706,1.74084855297366
20200817,2,361,7230,20,8.24936493245468,2.42442905166141,0.117945498867921,-0.031394131460641,0.00589727494339605,2.7735017600122,0,0,1,1.03826440662988,0.0425258424452567,2.14837317707847
20200817,2,362,7250,20,7.54985377437015,2.64905792849856,0.0869034438345609,-0.0781913415728765,0.00434517219172805,2.78494231648109,0,0,1,0.368376484287182,0.031204755416395,1.57644048134206
20200817,2,363,7270,20,7.85133693131775,2.54733686440371,0.0449665250661673,-0.0424995015460023,0.00224832625330837,2.78494231648109,1,1,0,0.66985964123478,0.0161463039288314,0.81569897913985
20200817,2,364,7290,20,8.13041327367227,2.45989955575365,0.012116141209642,-0.00245065336501351,0.000605807060482101,2.79236025153146,1,1,0,0.968013655273808,0.0043390322588201,0.21920460556019
20200817,2,365,7310,20,8.25820758708278,2.42183304174666,0.029152901403287,0.029152901403287,0.00145764507016435,2.79236025153146,1,1,0,1.09580796868431,0.0104402364943055,0.527432797494727
20200817,2,366,7330,20,7.77316857229061,2.57295333479515,0.0176569055035712,0.00312489050106477,0.000882845275178561,2.79236025153146,1,1,0,0.610768953892148,0.00632329066204382,0.319447829086356
20200817,2,367,7350,20,7.59519134637503,2.6332450478085,0.0666148339120827,-0.0666148339120827,0.00333074169560414,2.79236025153146,0,0,1,0.432791727976564,0.0238561030495789,1.20519215973937
20200817,2,368,7370,20,9.37565687849565,2.13318386745496,0.0687994845385833,-0.0687994845385833,0.00343997422692917,2.79236025153146,0,0,1,2.21325726009718,0.024638470090258,1.24471674686516
20200817,2,369,7390,20,8.63067754031272,2.31731517097965,0.0142456518564637,0.000952280796840376,0.000712282592823183,2.79236025153146,1,1,0,1.46827792191425,0.00510165257102864,0.257731603000703
20200817,2,370,7410,20,8.06817027752686,2.47887678519976,0.0336470252558396,0.0336470252558396,0.00168235126279198,2.79236025153146,1,1,0,0.905770659128393,0.0120496720426335,0.608740255817636
20200817,2,371,7430,20,7.53932871808638,2.65275606726382,0.0266074816939646,0.0266074816939646,0.00133037408469823,2.79236025153146,1,1,0,0.376929099687914,0.0095286708365698,0.481381194619455
20200817,2,372,7450,20,7.24072376156664,2.7621548147105,0.0133742812749948,0.0133742812749948,0.00066871406374974,2.78494231648109,1,1,0,0.0592464714836751,0.00480235486237785,0.242611310673652
20200817,2,373,7470,20,7.08614883799737,2.82240755271127,0.0144691413788581,0.0144691413788581,0.000723457068942907,2.7621548147105,1,1,0,-0.154574923569271,0.00523835278956826,0.264637593944664
20200817,2,374,7490,20,7.01873127644012,2.84951784194022,0.0289990270683691,0.0289990270683691,0.00144995135341845,2.73599054101943,1,1,0,-0.291235516262305,0.0105990962445228,0.535458271104653
20200817,2,375,7510,20,7.47253007050767,2.67646965770473,0.0221508658735768,0.0221508658735768,0.00110754329367884,2.71031729378271,1,1,0,0.0933202466694638,0.00817279435304103,0.412883347166005
20200817,2,376,7530,20,9.0555607860274,2.20858768137913,0.00614616812900366,-0.00509528409062474,0.000307308406450183,2.69328713568625,1,1,0,1.62969083885446,0.00228203225997202,0.115286532015511
20200817,2,377,7550,20,11.0688155549528,1.80687806212932,0.00435757665666778,-0.00435757665666778,0.000217878832833389,2.67646965770473,1,1,0,3.59628548444516,0.00162810613007462,0.0822506818951795
20200817,2,378,7570,20,14.4561767326713,1.38349166379514,0.19490012039992,-0.19490012039992,0.009745006019996,2.66456010300282,0,0,1,6.95024733837431,0.0731453271330895,3.69524622689484
20200817,2,379,7590,20,26.899351509519,0.743512347980676,0.867306517856373,-0.867306517856373,0.0433653258928186,2.65275606726382,0,0,1,19.3600227914326,0.326945446872903,16.5170350083922
20200817,2,380,7610,20,16.9598429276512,1.17925620451309,0.731623549401566,-0.731623549401566,0.0365811774700783,2.62274354092991,0,0,1,9.33424031424852,0.278953522517175,14.0925195355959
20200817,2,381,7630,20,11.5100557086362,1.73761105126482,0.457713357988912,-0.457713357988912,0.0228856678994456,2.5934025236774,0,0,1,3.79817919991728,0.176491444660076,8.91621338671045
20200817,2,382,7650,20,9.49008936922746,2.10746171314803,0.157629185184952,-0.157629185184952,0.00788145925924759,2.58313745880243,0,0,1,1.74756682872271,0.0610223759667943,3.08280396555157
20200817,2,383,7670,20,8.21341860788971,2.43503965337749,0.106543878477847,-0.106543878477847,0.00532719392389236,2.57295333479515,0,0,1,0.440250035599091,0.0414091763876976,2.09196005818724
20200817,2,384,7690,20,7.61967573883794,2.62478361094276,0.0641473842940702,-0.0641473842940702,0.00320736921470351,2.57295333479515,0,0,1,-0.153492833452675,0.0249314215794657,1.25951643301857
20200817,3,0,10,20,9.29081015318819,2.15266480212567,0.00657713818192497,0.00641234053864962,0.000328856909096249,2.28250657369103,1,1,0,0.528513373618306,0.00288154183551336,0.145573299247758
20200817,3,1,30,20,8.29707465021512,2.4104881350539,0.00862127943890452,-0.00862127943890452,0.000431063971945226,2.32477371781374,1,1,0,-0.305913178986758,0.0037084381042522,0.187347469066302
20200817,3,2,50,20,7.55552882042248,2.64706819011004,0.00590162785833449,-0.00590162785833449,0.000295081392916725,2.32477371781374,1,1,0,-1.0474590087794,0.00253858163188652,0.128247210923329
20200817,3,3,70,20,7.17394561944701,2.78786612847808,0.00365060285896263,0.00342503248470055,0.000182530142948131,2.32477371781374,1,1,0,-1.42904220975487,0.00157030459824525,0.0793305925227913
20200817,3,4,90,20,6.95826501040374,2.87427971916803,0.00463024471163409,0.0042979147338311,0.000231512235581705,2.32477371781374,1,1,0,-1.64472281879815,0.00199169694502072,0.100619012993331
20200817,3,5,110,20,6.81875988370646,2.93308465778218,0.00974253402008524,-0.00974253402008524,0.000487126701004262,2.32477371781374,1,0,0,-1.78422794549543,0.00419074508001893,0.211713250207238
20200817,3,6,130,20,6.74778330699594,2.9639363165774,0.00745664397327685,-0.00716467751587897,0.000372832198663843,2.32477371781374,1,0,0,-1.85520452220594,0.00320747086743962,0.162038985747041
20200817,3,7,150,20,6.71195118681921,2.9797594534471,0.00908523311024917,0.00908523311024917,0.000454261655512459,2.32477371781374,1,0,0,-1.89103664238267,0.00390800749364678,0.197429562647238
20200817,3,8,170,20,6.67588083169562,2.99585934863372,0.00729430863271192,0.00729430863271192,0.000364715431635596,2.32477371781374,1,0,0,-1.92710699750626,0.00313764241948314,0.158511305730359
20200817,3,9,190,20,6.64447818489268,3.01001815996226,0.00346712192824163,-0.00314310507094906,0.000173356096412082,2.32477371781374,1,0,0,-1.9585096443092,0.00149138038755109,0.0753434014989872
20200817,3,10,210,20,6.63046506288691,3.01637966723438,0.00818525565771759,-0.00818525565771759,0.00040926278288588,2.32477371781374,1,0,0,-1.97252276631497,0.00352088274011252,0.177872314892611
20200817,3,11,230,20,6.70267472838464,2.98388342124131,0.0146738985165936,-0.0146738985165936,0.000733694925829678,2.32477371781374,1,0,0,-1.90031310081724,0.0063119685172599,0.31887584295364
20200817,3,12,250,20,7.00891032662375,2.85351061263102,0.0159970297340936,-0.0159970297340936,0.00079985148670468,2.32477371781374,1,1,0,-1.59407750257813,0.00688111260528939,0.347628568879984
20200817,3,13,270,20,6.87751248295734,2.9080281641888,0.0135040587052752,-0.0135040587052752,0.000675202935263759,2.32477371781374,1,0,0,-1.72547534624454,0.0058087626343155,0.293454264936521
20200817,3,14,290,20,6.81200333373855,2.9359938655555,0.0119689088117568,-0.0119689088117568,0.000598445440587842,2.32477371781374,1,0,0,-1.79098449546334,0.00514841884181856,0.260094199388685
20200817,3,15,310,20,7.29874726121446,2.74019626714299,0.0151187083379587,-0.0151187083379587,0.000755935416897936,2.32477371781374,1,1,0,-1.30424056798742,0.0065033031912356,0.328541924982317
20200817,3,16,330,20,8.44367887883388,2.36863579098618,0.00794720403819425,-0.00794720403819425,0.000397360201909712,2.32477371781374,1,1,0,-0.159308950368002,0.00341848498083846,0.172699258069563
20200817,3,17,350,20,8.76229677956988,2.28250657369103,0.00180203804073917,-0.000698601968930657,9.01019020369587e-05,2.32477371781374,1,1,0,0.159308950367999,0.000775145566611896,0.0391597637550396
20200817,3,18,370,20,9.30415202811591,2.14957794536919,0.00103899993732925,-0.000527188743607088,5.19499968664627e-05,2.32477371781374,1,1,0,0.701164198914027,0.000446925190769255,0.0225783203059494
20200817,3,19,390,20,10.6572737054672,1.87665256169032,0.00265966941445497,-0.000577286813863753,0.000132983470722748,2.32477371781374,1,0,0,2.05428587626537,0.00114405518011283,0.0577967965059379
20200817,3,20,410,20,9.83010484328881,2.0345662959693,0.00720746718715433,0.00608305977947075,0.000360373359357716,2.32477371781374,1,1,0,1.22711701408693,0.00310028762452303,0.156624169934499
20200817,3,21,430,20,8.93263136670143,2.23898190566275,0.0309037238086688,-0.0309037238086688,0.00154518619043344,2.32477371781374,1,1,0,0.329643537499548,0.0132932179901497,0.671563250130981
20200817,3,22,450,20,9.25533958122838,2.16091476973615,0.0304381642913913,-0.0304381642913913,0.00152190821456957,2.32477371781374,1,1,0,0.652351752026503,0.0130929578471043,0.661446260201612
20200817,3,23,470,20,9.83255114783094,2.03406010294815,0.00756212717354241,-0.00756212717354241,0.000378106358677121,2.32477371781374,1,1,0,1.22956331862906,0.00325284440184311,0.164331222153344
20200817,3,24,490,20,8.99938308864813,2.22237455645466,0.0191121855757647,-0.0191121855757647,0.000955609278788236,2.32477371781374,1,1,0,0.396395259446249,0.00822109499488758,0.41532345881135
20200817,3,25,510,20,8.37345644800948,2.38849991328902,0.0382464870987255,-0.0382464870987255,0.00191232435493627,2.32477371781374,1,1,0,-0.229531381192404,0.0164517031510031,0.831127515283702
20200817,3,26,530,20,8.88362104538291,2.25133421358564,0.0410678579758141,0.0219690277802677,0.00205339289879071,2.32477371781374,1,1,0,0.280633216181029,0.017665314116866,0.892438217119286
20200817,3,27,550,20,11.0039592906336,1.81752762544511,0.179866601697003,0.179866601697003,0.00899333008485015,2.32477371781374,0,0,1,2.40097146143174,0.077369509263961,3.90864869144897
20200817,3,28,570,20,32.8395645209903,0.609021474301721,1.16492331054102,1.16492331054102,0.058246165527051,2.32477371781374,0,0,1,24.2365766917884,0.501091053126898,25.3147384251739
20200817,3,29,590,20,22.3563964391795,0.894598557258988,1.00244625528311,1.00244625528311,0.0501223127641554,2.32477371781374,0,0,1,13.7534086099777,0.431201646681479,21.7839788320498
20200817,3,30,610,20,20.3312092670613,0.983709317890998,0.423999600134991,0.423999600134991,0.0211999800067495,2.36863579098618,0,0,1,11.8875303882274,0.179005823414692,9.04323788670442
20200817,3,31,630,20,18.8094005218431,1.06329810866509,0.336163785658984,0.336163785658984,0.0168081892829492,2.37852637935026,0,0,1,10.4008328584214,0.141332796885278,7.14002527429476
20200817,3,32,650,20,14.8838861765454,1.34373508119921,0.125965038449599,-0.113785145307153,0.00629825192247996,2.38849991328902,0,0,1,6.51042972853591,0.0527381381714779,2.66429058054554
20200817,3,33,670,20,13.9019529620373,1.43864678974349,0.229969551018135,-0.229969551018135,0.0114984775509067,2.38849991328902,0,0,1,5.52849651402781,0.0962820009909323,4.86409337171011
20200817,3,34,690,20,14.7401718012572,1.35683628859021,0.209993871026448,-0.209993871026448,0.0104996935513224,2.38849991328902,0,0,1,6.36671535324777,0.0879187266694441,4.44158712158787
20200817,3,35,710,20,15.1368035883516,1.32128291704801,0.0674052465195277,-0.0133503738081591,0.00337026232597638,2.38849991328902,0,0,1,6.76334714034212,0.0282207448049304,1.4256905375628
20200817,3,36,730,20,11.8948490506096,1.68140006778607,0.12567818623757,0.12567818623757,0.00628390931187852,2.38849991328902,0,0,1,3.52139260260012,0.052618040946256,2.65822336018088
20200817,3,37,750,20,10.7167538012275,1.86623677010376,0.174304111021333,0.174304111021333,0.00871520555106666,2.39920480228178,0,0,1,2.38065844955982,0.0726507844830754,3.67026230880835
20200817,3,38,770,20,10.4336256965136,1.91687919250189,0.190521403471814,0.190521403471814,0.00952607017359068,2.4100060785974,0,0,1,2.13489144118768,0.0790543248682157,3.9937642927957
20200817,3,39,790,20,10.8466177688073,1.84389276236099,0.0752741048002458,0.0747222568478083,0.00376370524001229,2.41024708272247,0,0,1,2.5487133160368,0.0312308664700138,1.57775959188742
20200817,3,40,810,20,8.9713406929522,2.22932120008683,0.0342615672776803,-0.0342615672776803,0.00171307836388402,2.4104881350539,1,1,0,0.674266042737074,0.0142135390668141,0.71805717010331
20200817,3,41,830,20,8.29873425532594,2.4100060785974,0.00421237238183814,-0.0019980115840478,0.000210618619091907,2.46424783236584,1,1,0,0.182667463132127,0.00170939478022954,0.0863573226000303
20200817,3,42,850,20,8.84959785854653,2.25998969893134,0.103993771074112,-0.103993771074112,0.00519968855370558,2.52046017123699,0,0,1,0.914538924374028,0.041259835112996,2.08441545071209
20200817,3,43,870,20,9.82362000385058,2.03590936866049,0.213312103242437,-0.213312103242437,0.0106656051621219,2.58221318865934,0,0,1,2.07832612655309,0.082608246359855,4.17330570025657
20200817,3,44,890,20,12.3197025147923,1.62341582322998,0.111261680160849,-0.111261680160849,0.00556308400804245,2.64706819011004,0,0,1,4.76417369436983,0.0420320415531962,2.12342673203894
20200817,3,45,910,20,11.9860951052815,1.66860014244233,0.0398102390898834,0.0388051102369946,0.00199051195449417,2.69282728960777,1,0,0,4.55895706446302,0.0147838070579276,0.746866674757612
20200817,3,46,930,20,13.3508295311292,1.49803425722479,0.00614620092183857,0.00488051704717645,0.000307310046091929,2.74019626714299,1,0,0,6.05208226991479,0.00224297835725715,0.113313558589743
20200817,3,47,950,20,15.6919903528312,1.27453557836222,0.0815584409952552,0.0815584409952552,0.00407792204976276,2.76382566325637,0,0,1,8.45564391250043,0.029509256708747,1.49078517774704
20200817,3,48,970,20,15.205448941908,1.31531795453126,0.0897038926044776,0.0897038926044776,0.00448519463022388,2.78786612847808,0,0,1,8.03150332246099,0.0321765423698619,1.6255344182194
20200817,3,49,990,20,10.4176653482541,1.9198159406562,0.102576002949823,0.102576002949823,0.00512880014749116,2.86385751125774,0,0,1,3.43407767974036,0.0358174254642907,1.80946905963229
20200817,3,50,1010,20,8.59628522765695,2.32658636496306,0.0450276556845134,0.0450276556845134,0.00225138278422567,2.87427971916803,1,0,0,1.63802021725321,0.0156657180525028,0.79142014663192
20200817,3,51,1030,20,7.9350589341725,2.52046017123699,0.0267492030329165,-0.0161750688515113,0.00133746015164583,2.91713197652144,1,1,0,1.07900985549861,0.00916969244045441,0.463245879408293
20200817,3,52,1050,20,8.25335654065657,2.4232565140593,0.105954421673185,-0.105954421673185,0.00529772108365923,3.01189816842407,0,0,1,1.61302579851042,0.0351786201751382,1.77719710287193
20200817,3,53,1070,20,9.16579122543988,2.18202657120201,0.144130744579583,-0.144130744579583,0.00720653722897917,3.01977075651706,0,0,1,2.54277192609823,0.0477290351489531,2.41123451025915
20200817,3,54,1090,20,10.861777391876,1.84131926833254,0.0723164569567147,-0.0723164569567147,0.00361582284783574,3.02127932988205,0,0,1,4.24206507259805,0.0239357070501449,1.20921369322984
20200817,3,55,1110,20,11.8483545494013,1.68799810274167,0.0467922522044697,0.0207323910226807,0.00233961261022348,3.02969098667712,0,0,1,5.24702124909152,0.0154445626336929,0.780247543282595
20200817,3,56,1130,20,11.8894189984314,1.68216798504944,0.131234687073325,0.131234687073325,0.00656173435366626,3.03540615139468,0,0,1,5.300514910321,0.0432346383079664,2.1841810043174
20200817,3,57,1150,20,11.5478023703153,1.73193126784123,0.0581290393902015,0.0580406266137972,0.00290645196951008,3.04210508387036,0,0,1,4.97340751918318,0.0191081628634097,0.965329837071227
20200817,3,58,1170,20,14.5392855620865,1.3755834091431,0.122583319577426,0.122583319577426,0.00612916597887132,3.04306785788866,0,0,1,7.96697073573353,0.0402828084361145,2.03505680699787
20200817,3,59,1190,20,14.7095059499718,1.35966497229897,0.0386747301770125,0.0150812083513015,0.00193373650885062,3.04982640682984,1,0,0,8.15175566123025,0.0126809611492652,0.640632500760589
20200817,3,60,1210,20,14.4179171183825,1.38716291928883,0.0549440747101192,-0.0549440747101192,0.00274720373550596,3.05661504360408,0,0,1,7.87473136725248,0.0179754643376139,0.908106770093339
20200817,3,61,1230,20,11.4531220998274,1.74624873686638,0.0441129165726101,-0.0380851776765072,0.0022056458286305,3.05661504360408,1,0,0,4.90993634869733,0.0144319503579346,0.729091142211409
20200817,3,62,1250,20,10.1409865050713,1.97219471596757,0.138392080007999,-0.138392080007999,0.00691960400039994,3.05661504360408,0,0,1,3.59780075394122,0.0452762542988795,2.28732188949606
20200817,3,63,1270,20,10.1183437334568,1.97660808199954,0.0394212580557635,-0.0070280295389419,0.00197106290278818,3.06292526998562,1,0,0,3.58863822742137,0.012870460289078,0.650205853001108
20200817,3,64,1290,20,12.1796786909904,1.64207944293264,0.0613057404062377,-0.0613057404062377,0.00306528702031188,3.06292526998562,0,0,1,5.649973184955,0.0200154215341093,1.01116385424119
20200817,3,65,1310,20,15.0585405258564,1.32814996019427,0.0657051118464124,-0.0329929562951032,0.00328525559232062,3.06292526998562,0,0,1,8.52883501982103,0.0214517515299095,1.08372615186957
20200817,3,66,1330,20,14.7601010888445,1.35500426993117,0.0880238081779123,0.0754643591107621,0.00440119040889561,3.06926160454937,0,0,1,8.24387582790382,0.0286791481206555,1.44884872400098
20200817,3,67,1350,20,13.0340400082648,1.53444365579039,0.0748193248723458,0.0426732499841465,0.00374096624361729,3.06926160454937,0,0,1,6.51781474732411,0.0243769787369854,1.23150640282243
20200817,3,68,1370,20,13.8410000709863,1.44498229155596,0.122933966968844,0.122933966968844,0.00614669834844219,3.06292526998562,0,0,1,7.31129456495091,0.0401361300497616,2.02764672661431
20200817,3,69,1390,20,15.6226682473831,1.28019104568454,0.162345701897838,-0.157099113950631,0.00811728509489188,3.05661504360408,0,0,1,9.07948249625304,0.053112904170757,2.68322347344634
20200817,3,70,1410,20,16.2017119409645,1.23443745160237,0.567939308321262,-0.567939308321262,0.0283969654160631,3.05661504360408,0,0,1,9.65852618983445,0.185806619485717,9.38680892543413
20200817,3,71,1430,20,15.2226386721852,1.31383266926935,0.644340412689516,-0.644340412689516,0.0322170206344758,3.05661504360408,0,0,1,8.67945292105514,0.210801950359365,10.6495540073281
20200817,3,72,1450,20,13.3221061099316,1.50126412708048,0.454799893991093,-0.454799893991093,0.0227399946995546,3.05769704722447,0,0,1,6.78123574536937,0.148739357420619,7.51419907247453
20200817,3,73,1470,20,9.713022534929,2.05909127957626,0.286402212099738,-0.286402212099738,0.0143201106049869,3.05661504360408,0,0,1,3.16983678379893,0.093699143665157,4.73360938644728
20200817,3,74,1490,20,8.5337969039083,2.34362268345529,0.212873935067444,-0.212873935067444,0.0106436967533722,3.05653912048406,0,0,1,1.99044862285223,0.0696454148552601,3.51843332378786
20200817,3,75,1510,20,7.93974786894114,2.51897167644786,0.193311089728515,-0.193311089728515,0.00966555448642576,3.05661504360408,0,0,1,1.39656211781107,0.0632435183923523,3.19501438949985
20200817,3,76,1530,20,7.60755221534055,2.62896651036719,0.101172265382498,-0.101172265382498,0.00505861326912488,3.05653912048406,0,0,1,1.06420393428448,0.0331002684390557,1.67220035582143
20200817,3,77,1550,20,7.05599761119583,2.83446807978871,0.0726263893201172,-0.0726263893201172,0.00363131946600586,3.05653912048406,0,0,1,0.512649330139766,0.0237609879858549,1.20038701914977
20200817,3,78,1570,20,7.04379504498286,2.83937847030992,0.118587254740343,-0.118587254740343,0.00592936273701717,3.05653912048406,0,0,1,0.500446763926789,0.0387978854730192,1.96003962966509
20200817,3,79,1590,20,6.93451960433151,2.88412192064572,0.0767811158648681,-0.0767811158648681,0.00383905579324341,3.05653912048406,0,0,1,0.391171323275444,0.0251202791255976,1.2690573724349
20200817,3,80,1610,20,6.87618594895252,2.90858917261344,0.0366954940751545,-0.0366954940751545,0.00183477470375772,3.05653912048406,1,1,0,0.332837667896456,0.0120055699039583,0.606512249355364
20200817,3,81,1630,20,6.82771530056493,2.92923754426978,0.0148986913750928,0.0143393684473935,0.000744934568754639,3.05653912048406,1,1,0,0.284367019508863,0.00487436632995991,0.246249275179458
20200817,3,82,1650,20,6.76127484173639,2.95802203994768,0.0344726574006213,0.0344726574006213,0.00172363287003107,3.05653912048406,1,1,0,0.217926560680326,0.0112783301772895,0.56977265215415
20200817,3,83,1670,20,6.73532825053974,2.96941726609944,0.0508265384672159,0.0508265384672159,0.00254132692336079,3.05653912048406,0,0,1,0.191979969483668,0.0166287871555744,0.840073664345893
20200817,3,84,1690,20,6.90501524058584,2.89644545350825,0.0511781778658537,0.0511781778658537,0.00255890889329269,3.05653912048406,0,0,1,0.361666959529771,0.0167438321083058,0.845885647751622
20200817,3,85,1710,20,6.7384962863855,2.96802122461774,0.0735376256301352,0.0735376256301352,0.00367688128150676,3.05653912048406,0,0,1,0.195148005329429,0.0240591148129945,1.2154481594345
20200817,3,86,1730,20,6.33876606978674,3.15518821483703,0.0510738886949637,0.0484509124843675,0.00255369443474818,3.05653912048406,0,0,1,-0.204582211269326,0.016709712089952,0.844161930406643
20200817,3,87,1750,20,6.65752412004554,3.00411979579328,0.0225367260830536,-0.0110572793156214,0.00112683630415268,3.05653912048406,1,1,0,0.114175838989468,0.007373282393809,0.372492611810704
20200817,3,88,1770,20,6.62313736424676,3.01971692569215,0.00940302861683683,0.00940302861683683,0.000470151430841841,3.05653912048406,1,1,0,0.0797890831906898,0.00307636455683501,0.155415594772219
20200817,3,89,1790,20,6.62290123443654,3.01982458926123,0.00675000409778632,0.00675000409778632,0.000337500204889316,3.05653912048406,1,1,0,0.0795529533804711,0.00220838138551858,0.111565745922964
20200817,3,90,1810,20,6.61652340411933,3.02273547276329,0.0166480636728437,0.0166480636728437,0.000832403183642186,3.05653912048406,1,1,0,0.0731751230632653,0.0054467039408307,0.275163335447889
20200817,3,91,1830,20,6.61608025019666,3.02293793963662,0.0312429277964616,0.0312429277964616,0.00156214638982308,3.05653912048406,1,1,0,0.072731969140591,0.0102216678946068,0.516390878277046
20200817,3,92,1850,20,6.60133330030976,3.02969098667712,0.0230829883189123,0.0179162387830187,0.00115414941594561,3.05653912048406,1,1,0,0.0579850192536924,0.0075520015969096,0.381521369857401
20200817,3,93,1870,20,6.85604907867389,2.91713197652144,0.0311511795736607,0.00543208536480924,0.00155755897868303,3.05653912048406,1,1,0,0.312700797617822,0.0101916508658091,0.51487444084003
20200817,3,94,1890,20,6.57231482635302,3.04306785788866,0.0416859690486199,0.0416859690486199,0.002084298452431,3.05653912048406,1,1,0,0.028966545296953,0.0136382906959222,0.688996060455145
20200817,3,95,1910,20,6.23968369765305,3.20529067964177,0.0401890994076342,0.0400695048384847,0.00200945497038171,3.05653912048406,1,1,0,-0.30366458340302,0.0131485637263067,0.664255426875266
20200817,3,96,1930,20,6.54318575113007,3.05661504360408,0.0212448267383347,-0.00196447689891875,0.00106224133691674,3.05653912048406,1,1,0,-0.000162529926001298,0.00695061502598082,0.351139778247505
20200817,3,97,1950,20,6.5162252609407,3.06926160454937,0.0380972177905982,0.0380972177905982,0.00190486088952991,3.05653912048406,1,1,0,-0.0271230201153685,0.0124641682271565,0.629680287422582
20200817,3,98,1970,20,6.49679498391811,3.07844099275214,0.0383670189508996,0.0383670189508996,0.00191835094754498,3.05653912048406,1,1,0,-0.0465532971379616,0.0125524383750807,0.634139628078357
20200817,3,99,1990,20,6.46549387334755,3.093344513471,0.0297721430417816,0.0297721430417816,0.00148860715208908,3.05653912048406,1,1,0,-0.0778544077085144,0.00974047504978985,0.492081382183286
20200817,3,100,2010,20,6.44302850090207,3.10413030102224,0.0267637098829449,0.0267637098829449,0.00133818549414724,3.05653912048406,1,1,0,-0.100319780153995,0.00875621375286254,0.442357250973489
20200817,3,101,2030,20,6.42750477670734,3.11162740360429,0.0260857306721105,0.0260857306721105,0.00130428653360552,3.05653912048406,1,1,0,-0.115843504348732,0.00853440104767229,0.43115144201675
20200817,3,102,2050,20,6.57647487591112,3.04114291886946,0.0170941777939115,0.0119250108008791,0.000854708889695575,3.05653912048406,1,1,0,0.0331265948550481,0.00559265794419288,0.282536820554367
20200817,3,103,2070,20,6.39514590910289,3.1273719605884,0.0387554248500361,0.0387554248500361,0.0019377712425018,3.05653912048406,1,1,0,-0.148202371953175,0.0126795121287041,0.640559297345262
20200817,3,104,2090,20,6.33335144256785,3.15788570733271,0.0356858150285439,0.0356858150285439,0.0017842907514272,3.05653912048406,1,1,0,-0.209996838488223,0.0116752358212554,0.589824023045274
20200817,3,105,2110,20,6.30517050335084,3.17199986731067,0.0146127996549217,0.0146127996549217,0.000730639982746087,3.05653912048406,1,1,0,-0.238177777705232,0.00478083187517245,0.241523985749702
20200817,3,106,2130,20,6.41206360908859,3.11912064809394,0.0298708528172884,0.0298708528172884,0.00149354264086442,3.05653912048406,1,1,0,-0.131284671967478,0.00977276967178415,0.493712881894215
20200817,3,107,2150,20,6.42318520508661,3.11371996313631,0.028386856984634,0.028386856984634,0.0014193428492317,3.05653912048406,1,1,0,-0.120163075969458,0.00928725459274948,0.46918502981914
20200817,3,108,2170,20,6.40992562022143,3.12016101043449,0.0126677419543014,0.0126677419543014,0.000633387097715069,3.05653912048406,1,1,0,-0.13342266083464,0.00414447237707699,0.209375588491086
20200817,3,109,2190,20,6.40057600924365,3.12471877079753,0.00164211820968687,0.000166904488739328,8.21059104843436e-05,3.05653912048406,1,1,0,-0.142772271812419,0.000537247568232273,0.0271413380352583
20200817,3,110,2210,20,6.40294783222362,3.12356129146447,0.0154436785076339,-0.0154436785076339,0.000772183925381696,3.05653912048406,1,1,0,-0.140400448832452,0.00505266836080545,0.255256958001504
20200817,3,111,2230,20,6.40627237019726,3.12194031790506,0.0620972659238743,-0.0620972659238743,0.00310486329619371,3.05653912048406,0,0,1,-0.137075910858812,0.0203162019120632,1.02635904989239
20200817,3,112,2250,20,6.73311300375076,2.97039422758221,0.0711357661892575,-0.0711357661892575,0.00355678830946288,3.05653912048406,0,0,1,0.18976472269469,0.0232733046708042,1.17574962944227
20200817,3,113,2270,20,6.50654606748549,3.0738274643046,0.0920836974985038,-0.0920836974985038,0.00460418487492519,3.05653912048406,0,0,1,-0.0368022135705814,0.0301267851870061,1.52198224622327
20200817,3,114,2290,20,6.456654912781,3.09757920628681,0.106287855334379,-0.106287855334379,0.00531439276671897,3.05653912048406,0,0,1,-0.0866933682750641,0.0347739227749674,1.75675209839072
20200817,3,115,2310,20,6.69779713286221,2.98605640082343,0.0904029361811387,-0.0904029361811387,0.00452014680905693,3.05653912048406,0,0,1,0.154448851806137,0.0295768948531638,1.49420220529681
20200817,3,116,2330,20,6.6967476767968,2.98652434961779,0.0691533347788654,-0.0691533347788654,0.00345766673894327,3.05653912048406,0,0,1,0.153399395740735,0.0226247177127292,1.14298351021665
20200817,3,117,2350,20,6.68483036736211,2.99184854377871,0.0471634832512027,-0.0471634832512027,0.00235817416256013,3.05653912048406,0,0,1,0.141482086306041,0.0154303548530187,0.7795297770221
20200817,3,118,2370,20,6.65219608543566,3.0065259266467,0.0315365553335093,-0.0315365553335093,0.00157682776667547,3.05653912048406,1,1,0,0.108847804379593,0.0103177332565974,0.521244027211429
20200817,3,119,2390,20,6.61868485832792,3.02174834247246,0.0217403088671334,-0.0217403088671334,0.00108701544335667,3.05653912048406,1,1,0,0.0753365772718553,0.00711272063276926,0.359329230059697
20200817,3,120,2410,20,6.59639799831393,3.03195774498629,0.0512022141282497,-0.0512022141282497,0.00256011070641249,3.05653912048406,0,0,1,0.0530497172578634,0.0167516959901174,0.84628292507243
20200817,3,121,2430,20,6.58344555154667,3.03792289970429,0.0894825875625042,0.0842006803170263,0.00447412937812521,3.05653912048406,0,0,1,0.0400972704906053,0.029275786775578,1.47899045450975
20200817,3,122,2450,20,6.53855497799441,3.05877981714771,0.044659172994183,-0.0343155090845037,0.00223295864970915,3.05653912048406,1,1,0,-0.00479330306166048,0.0146110261422436,0.738137914469223
20200817,3,123,2470,20,6.56069144813728,3.04845916899177,0.0120610217722245,0.0120610217722245,0.000603051088611227,3.05653912048406,1,1,0,0.0173431670812079,0.00394597330405326,0.199347566478164
20200817,3,124,2490,20,6.54351081098207,3.05646320113565,0.0136780874186331,0.0136780874186331,0.000683904370931653,3.05653912048406,1,1,0,0.000162529926001298,0.00447502448994237,0.226074829518957
20200817,3,125,2510,20,6.51441422465859,3.07011487299891,0.0148816932180053,0.0148816932180053,0.000744084660900266,3.05653912048406,1,1,0,-0.0289340563974747,0.00486880508686194,0.245968325413013
20200817,3,126,2530,20,6.71914485639149,2.97656925508538,0.0216581220974698,0.0216581220974698,0.00108290610487349,3.05653912048406,1,1,0,0.175796575335426,0.00708583179986907,0.357970826697316
20200817,3,127,2550,20,7.70568648384074,2.59548581971783,0.0219567089981582,0.0218671319546977,0.00109783544990791,3.05653912048406,1,1,0,1.16233820278467,0.00718351970403733,0.362905945226955
20200817,3,128,2570,20,8.88884315096379,2.25001157747186,0.0563440234213509,0.0561365000815768,0.00281720117106755,3.05653912048406,0,0,1,2.34549486990772,0.018433928440094,0.931268027432085
20200817,3,129,2590,20,8.74894200605195,2.28599069306498,0.046939945429782,0.046939945429782,0.0023469972714891,3.05653912048406,0,0,1,2.20559372499588,0.0153572205620415,0.775835088333397
20200817,3,130,2610,20,8.42590288530414,2.37363286430497,0.050063965698055,0.050063965698055,0.00250319828490275,3.05653912048406,0,0,1,1.88255460424807,0.0163792981946609,0.827469672025374
20200817,3,131,2630,20,8.25890272536526,2.42162920003583,0.0878857263408159,0.0878857263408159,0.0043942863170408,3.05661504360408,0,0,1,1.71571697423519,0.0287526316160472,1.45256105423078
20200817,3,132,2650,20,8.47277509862488,2.36050169716484,0.2261174449451,0.2261174449451,0.011305872247255,3.05661504360408,0,0,1,1.92958934749481,0.0739764221923359,3.73723251641247
20200817,3,133,2670,20,9.5531808483363,2.09354353461057,0.377504109683329,0.377504109683329,0.0188752054841665,3.05769704722447,0,0,1,3.01231048377406,0.123460272176407,6.23711893585743
20200817,3,134,2690,20,13.1262152387355,1.52366844793005,0.559709723828768,0.559709723828768,0.0279854861914384,3.05769704722447,0,0,1,6.5853448741733,0.183049437267445,9.24751817935004
20200817,3,135,2710,20,29.0321319283478,0.688891881910727,1.27446414811527,1.27446414811527,0.0637232074057634,3.05769704722447,0,0,1,22.4912615637855,0.416805238855211,21.0566832714727
20200817,3,136,2730,20,26.3330401586859,0.759502126586134,0.457237411932017,0.455879418297901,0.0228618705966008,3.05769704722447,0,0,1,19.7921697941237,0.149536531863763,7.55447171829707
20200817,3,137,2750,20,15.3494178314747,1.30298101332475,0.253977597950456,-0.253977597950456,0.0126988798975228,3.05769704722447,0,0,1,8.8085474669125,0.0830617271848422,4.19621520621112
20200817,3,138,2770,20,13.0738211446403,1.52977463732546,0.420845994589364,-0.420845994589364,0.0210422997294682,3.05877981714771,0,0,1,6.5352661666459,0.137586233644565,6.9507517523666
20200817,3,139,2790,20,10.9770265361194,1.82198703211575,0.331758634495678,-0.331758634495678,0.0165879317247839,3.06401174649439,0,0,1,4.44963641665186,0.108275901642757,5.47001609933377
20200817,3,140,2810,20,10.7929726146297,1.85305760647353,0.0953789846062689,0.0565196430546143,0.00476894923031344,3.06926160454937,0,0,1,4.27674735368896,0.0310755474427122,1.56991299290295
20200817,3,141,2830,20,12.8700502241782,1.55399548965452,0.13967946731281,0.13967946731281,0.00698397336564052,3.06968817947927,0,0,1,6.35473048137851,0.0455028195523446,2.2987677935726
20200817,3,142,2850,20,15.5702263059595,1.28450284581573,0.562494223975216,0.562494223975216,0.0281247111987608,3.07011487299891,0,0,1,9.05581208130093,0.183216018697622,9.2559337463515
20200817,3,143,2870,20,18.4848883424195,1.08196488015043,0.289840688798067,0.289840688798067,0.0144920344399033,3.07427229543223,0,0,1,11.9792837381311,0.0942794459777406,4.76292581738115
20200817,3,144,2890,20,17.4130197147108,1.14856586207754,0.120345250253254,-0.100460051388766,0.00601726251266272,3.08587475872975,0,0,1,10.931875286078,0.0389987474095652,1.97018702174384
20200817,3,145,2910,20,18.1326336253098,1.10298373712706,0.146912066515276,-0.146912066515276,0.00734560332576381,3.093344513471,0,0,1,11.6671397519623,0.0474929532987673,2.39930783496313
20200817,3,146,2930,20,13.700506291008,1.45980006688706,0.0922759177553003,-0.0922759177553003,0.00461379588776501,3.08587475872975,0,0,1,7.21936186237514,0.0299026775128373,1.51066049718135
20200817,3,147,2950,20,13.2572915571359,1.50860376825874,0.0995213188836601,-0.0995213188836601,0.00497606594418301,3.093344513471,0,0,1,6.79179768378833,0.0321727238754886,1.62534151079143
20200817,3,148,2970,20,11.9183916737336,1.67807876662395,0.0485340415506465,0.0459975303678899,0.00242670207753232,3.09872802171327,0,0,1,5.46413048660878,0.015662569031732,0.791261060500547
20200817,3,149,2990,20,10.7027099681306,1.86868560014742,0.154115763769023,0.154115763769023,0.00770578818845116,3.09872802171327,0,0,1,4.24844878100583,0.0497351696209251,2.51258289611994
20200817,3,150,3010,20,10.0475881456359,1.99052744898653,0.144835178458131,0.144835178458131,0.00724175892290657,3.08702888735086,0,0,1,3.56886678285559,0.0469173382379399,2.37022820041866
20200817,3,151,3030,20,8.93433787285994,2.2385542481838,0.198647321197398,0.198647321197398,0.00993236605986989,3.06443686329008,0,0,1,2.40785327153344,0.0648234341444788,3.27483053019787
20200817,3,152,3050,20,8.47311307776727,2.36040754046801,0.19364268860788,0.19364268860788,0.00968213443039398,3.05877981714771,0,0,1,1.93455809977286,0.0633071682774636,3.19822993322654
20200817,3,153,3070,20,8.19470736023891,2.44059966034186,0.137379746144014,0.137379746144014,0.0068689873072007,3.06443686329008,0,0,1,1.66822275891241,0.0448303398871525,2.26479463297763
20200817,3,154,3090,20,7.94308336466247,2.51791389839579,0.0510018589204849,-0.0343639030953418,0.00255009294602424,3.05877981714771,0,0,1,1.40452838666806,0.0166739229265753,0.842353889126152
20200817,3,155,3110,20,8.61988017397607,2.32021786803733,0.183069195379408,-0.183069195379408,0.00915345976897038,3.05762107034393,0,0,1,2.07884727948783,0.05987308144721,3.02474248160527
20200817,3,156,3130,20,9.798480991112,2.04113270395091,0.101889291717822,-0.101889291717822,0.0050944645858911,3.05646320113565,0,0,1,3.25497018012993,0.0333356840939437,1.68409337543831
20200817,3,157,3150,20,8.53575376520394,2.34308539704251,0.162309938372813,-0.162309938372813,0.00811549691864065,3.05245593810669,0,0,1,1.98365263564426,0.0531735565275635,2.68628758432568
20200817,3,158,3170,20,8.0149481715689,2.49533740853686,0.254994314335972,-0.254994314335972,0.0127497157167986,3.04845916899177,0,0,1,1.45425672343163,0.083646950869382,4.22578026110862
20200817,3,159,3190,20,7.85506695409981,2.54612724714732,0.182013032287512,-0.182013032287512,0.00910065161437559,3.03504498770384,0,0,1,1.26537880086721,0.0599704561299479,3.02966177642677
20200817,3,160,3210,20,7.57528404495793,2.64016502632821,0.0322242974716988,-0.0271863801635289,0.00161121487358494,3.02174834247246,1,1,0,0.956599186630001,0.0106641234873094,0.538743397892248
20200817,3,161,3230,20,7.26932378432048,2.75128754659943,0.0781229646439934,0.0732152438872179,0.00390614823219967,3.0141179149676,0,0,1,0.633883312438685,0.0259190140691072,1.3094088535476
20200817,3,162,3250,20,7.22622001692753,2.76769873504401,0.0644485591975701,-0.0444778889814682,0.0032224279598785,3.0141179149676,0,0,1,0.590779545045735,0.0213822289027013,1.08021392168421
20200817,3,163,3270,20,7.99779020236338,2.50069075256437,0.0618412946234818,0.0618412946234818,0.00309206473117409,3.0141179149676,0,0,1,1.36234973048158,0.0205172114589108,1.03651389913118
20200817,3,164,3290,20,9.54418222420213,2.09551740842542,0.0981708325086979,0.0981708325086979,0.00490854162543489,3.0141179149676,0,0,1,2.90874175232034,0.0325703357593271,1.64542856038312
20200817,3,165,3310,20,9.74491348111155,2.05235275190136,0.195045379234029,0.195045379234029,0.00975226896170144,3.0141179149676,0,0,1,3.10947300922976,0.0647106001611504,3.26913024328273
20200817,3,166,3330,20,9.88976063815448,2.02229363598957,0.23166281765377,0.23166281765377,0.0115831408826885,3.0141179149676,0,0,1,3.25432016627269,0.0768592418045,3.8828703679636
20200817,3,167,3350,20,9.9024567817869,2.01970081170008,0.114512730503844,0.114512730503844,0.00572563652519218,3.0141179149676,0,0,1,3.2670163099051,0.0379921203265448,1.91933298805208
20200817,3,168,3370,20,9.92386103541025,2.01534462530623,0.0220589917771381,-0.0055411879480161,0.00110294958885691,3.0141179149676,1,0,0,3.28842056352846,0.00731855634034649,0.369727893263445
20200817,3,169,3390,20,8.80430247794675,2.27161663858057,0.071592627094996,-0.071592627094996,0.0035796313547498,2.99898865524251,0,0,1,2.13538762058704,0.0238722567255616,1.20600823114906
20200817,3,170,3410,20,9.47298175416995,2.11126765774632,0.240419573415294,-0.240419573415294,0.0120209786707647,2.91000865084722,0,0,1,2.60014995204551,0.0826181645010912,4.1738067571992
20200817,3,171,3430,20,11.6034716101401,1.72362209104061,0.235891536164828,-0.235891536164828,0.0117945768082414,2.91000865084722,0,0,1,4.73063980801567,0.0810621425802807,4.09519771466421
20200817,3,172,3450,20,11.6080265929295,1.72294574274857,0.132012313362077,-0.132012313362077,0.00660061566810386,2.91000865084722,0,0,1,4.73519479080505,0.045364921277345,2.2918012777286
20200817,3,173,3470,20,10.4127031028866,1.92073084216294,0.0716245658836926,0.0341137164312075,0.00358122829418463,2.84635972914733,0,0,1,3.38618435502917,0.0251635677494456,1.27124428074759
20200817,3,174,3490,20,9.81827170885299,2.03701838705139,0.076322205022427,0.076322205022427,0.00381611025112135,2.8386041240396,0,0,1,2.7725551784556,0.0268872310781446,1.35832243955086
20200817,3,175,3510,20,8.59735834927142,2.32629596063015,0.0549932219030504,0.0549932219030504,0.00274966109515252,2.83089066818201,0,0,1,1.53244403633403,0.0194261200268702,0.981392790846163
20200817,3,176,3530,20,7.88232066670435,2.53732382196551,0.0456067845176873,0.0456067845176873,0.00228033922588436,2.81793080490212,0,0,1,0.784914312649221,0.0161844941111928,0.817628318071083
20200817,3,177,3550,20,7.47091236614324,2.67704920360681,0.0726342591775887,0.0703810247773753,0.00363171295887944,2.81793080490212,0,0,1,0.373506012088114,0.0257757426304552,1.30217088956752
20200817,3,178,3570,20,7.32926412508095,2.72878690939237,0.0496962957686572,-0.0300244462558708,0.00248481478843286,2.81793080490212,0,0,1,0.23185777102583,0.0176357402680735,0.890944168798655
20200817,3,179,3590,20,7.16864366929076,2.78992804254961,0.0633564255604302,0.0633564255604302,0.00316782127802151,2.81793080490212,0,0,1,0.0712373152356349,0.0224833148671409,1.13583994613521
20200817,3,180,3610,20,7.12139945281342,2.80843675916799,0.0494165823903384,0.0494165823903384,0.00247082911951692,2.81793080490212,0,0,1,0.0239930987582966,0.0175364782926438,0.885929529387536
20200817,3,181,3630,20,7.06491431293739,2.83089066818201,0.0435919481527389,0.0435919481527389,0.00217959740763694,2.81793080490212,1,1,0,-0.0324920411177345,0.0154694884902445,0.781506778574644
20200817,3,182,3650,20,7.02651874785738,2.84635972914733,0.0359798513184005,0.0359798513184005,0.00179899256592002,2.81793080490212,1,1,0,-0.0708876061977435,0.0127681812682587,0.645038794754373
20200817,3,183,3670,20,7.12989839517286,2.80508906179372,0.0239381646564325,0.0239381646564325,0.00119690823282163,2.81793080490212,1,1,0,0.0324920411177345,0.00849494409684911,0.42915810690747
20200817,3,184,3690,20,8.15713138500701,2.45184232740942,0.0573884025343835,0.031007023231499,0.00286942012671918,2.81793080490212,0,0,1,1.05972503095188,0.0203654406398303,1.02884655292409
20200817,3,185,3710,20,10.050400126328,1.98997052342305,0.0566805942159546,-0.0566805942159546,0.00283402971079773,2.81793080490212,0,0,1,2.95299377227286,0.0201142604769968,1.01615712237041
20200817,3,186,3730,20,10.1570760518691,1.96907061617596,0.200844371317168,-0.200844371317168,0.0100422185658584,2.81793080490212,0,0,1,3.059669697814,0.0712737058581338,3.60069334531606
20200817,3,187,3750,20,10.5982729507168,1.88709991646774,0.283227678015214,-0.283227678015214,0.0141613839007607,2.81793080490212,0,0,1,3.50086659666169,0.100509096079473,5.07764299666749
20200817,3,188,3770,20,12.3584173266877,1.61833020129612,0.260055767110584,-0.260055767110584,0.0130027883555292,2.81793080490212,0,0,1,5.26101097263256,0.0922860726949668,4.66222211708106
20200817,3,189,3790,20,16.5787694625164,1.2063621516192,0.331370212815148,-0.331370212815148,0.0165685106407574,2.81793080490212,0,0,1,9.48136310846132,0.117593452698941,5.94073168341501
20200817,4,0,10,20,25.8153693542255,0.77473228159435,0.119634881449254,-0.119634881449254,0.00598174407246268,2.94945720119696,0,0,1,19.0344606528267,0.0405616604305032,2.04914419740973
20200817,4,1,30,20,11.8040686000592,1.69433105462465,0.188912826251078,-0.188912826251078,0.00944564131255392,2.95020332146016,0,0,1,5.02487482228887,0.0640338328131157,3.2349404722156
20200817,4,2,50,20,8.95220202361829,2.23408720527471,0.208758802466681,-0.208758802466681,0.0104379401233341,2.95020332146016,0,0,1,2.17300824584799,0.0707608187368452,3.57478267851002
20200817,4,3,70,20,8.11667599431207,2.46406287672631,0.180914548589832,-0.180914548589832,0.0090457274294916,2.95020332146016,0,0,1,1.33748221654177,0.0613227391054156,3.09797808258941
20200817,4,4,90,20,7.66742376636656,2.60843806334675,0.133136483621946,-0.133136483621946,0.0066568241810973,2.95020332146016,0,0,1,0.888229988596258,0.0451279010682057,2.2798271972528
20200817,4,5,110,20,7.33020810494276,2.72843549782904,0.0933322402348904,-0.0933322402348904,0.00466661201174452,2.95020332146016,0,0,1,0.55101432717246,0.0316358671132866,1.59821991597922
20200817,4,6,130,20,7.15263885129602,2.79617081412913,0.083660647094887,-0.083660647094887,0.00418303235474435,2.95020332146016,0,0,1,0.373445073525716,0.0283575869114948,1.43260369658173
20200817,4,7,150,20,7.03867408368953,2.84144424961305,0.080494119493624,-0.080494119493624,0.0040247059746812,2.95020332146016,0,0,1,0.259480305919226,0.0272842617009138,1.37838012427595
20200817,4,8,170,20,6.98654375216671,2.86264578158513,0.047641392961974,-0.047641392961974,0.0023820696480987,2.95020332146016,0,0,1,0.207349974396408,0.0161485117366062,0.815810515907398
20200817,4,9,190,20,7.05019482030747,2.83680104021973,0.0280587982907335,-0.0277249619541716,0.00140293991453668,2.95020332146016,0,0,1,0.271001042537165,0.00951080153921264,0.480478451324369
20200817,4,10,210,20,6.73713354490413,2.96862157573345,0.0109519460148419,0.00444344810440507,0.000547597300742093,2.95020332146016,1,1,0,-0.0420602328661772,0.00371226821391461,0.187540963289834
20200817,4,11,230,20,6.83126683475801,2.92771465143748,0.014235873392686,0.00384341501071912,0.000711793669634298,2.95020332146016,1,1,0,0.0520730569877088,0.00482538721624112,0.24377488765178
20200817,4,12,250,20,6.80054878373124,2.94093912653717,0.0249547006342218,0.0249547006342218,0.00124773503171109,2.95020332146016,1,1,0,0.0213550059609418,0.00845863756328184,0.427323928478929
20200817,4,13,270,20,6.77260101103907,2.95307518742073,0.0288392245453293,0.0288392245453293,0.00144196122726647,2.95020332146016,0,0,1,-0.00659276673123088,0.00977533457967085,0.493842459087484
20200817,4,14,290,20,6.75514619290858,2.96070572402942,0.0297415737770405,0.0297415737770405,0.00148707868885202,2.95020332146016,0,0,1,-0.0240475848617194,0.0100811945945205,0.50929427412653
20200817,4,15,310,20,6.74858576607946,2.96358388160767,0.0331124534669439,0.0331124534669439,0.0016556226733472,2.95020332146016,0,0,1,-0.0306080116908447,0.0112237869254908,0.567017168607741
20200817,4,16,330,20,6.74988395060763,2.96301390458714,0.0228635877736869,0.0227862491085443,0.00114317938868434,2.95020332146016,1,1,0,-0.0293098271626775,0.00774983459864416,0.391515742456006
20200817,4,17,350,20,6.88199142219244,2.90613556063231,0.0523157968077545,0.0523157968077545,0.00261578984038773,2.95020332146016,0,0,1,0.102797644422139,0.0177329462099112,0.895854938958368
20200817,4,18,370,20,6.64449351287735,3.01001121624079,0.0143590923519797,0.0105811156159748,0.000717954617598985,2.95020332146016,1,1,0,-0.134700264892956,0.00486715347634849,0.245884887307568
20200817,4,19,390,20,6.7680155023593,2.9550759736038,0.0140739836225168,0.0140739836225168,0.000703699181125838,2.95020332146016,1,1,0,-0.0111782754109981,0.00477051311011034,0.241002689596462
20200817,4,20,410,20,6.7547291258708,2.96088853117728,0.00392340907181887,-0.00249743580916804,0.000196170453590944,2.95020332146016,1,1,0,-0.0244646518995069,0.0013298775183661,0.0671843995315392
20200817,4,21,430,20,6.75405583897899,2.96118369122388,0.0110283012397361,-0.0110283012397361,0.000551415061986805,2.95020332146016,1,1,0,-0.0251379387913175,0.00373814955718978,0.188848469043558
20200817,4,22,450,20,6.78090870139886,2.94945720119696,0.0170041595631766,-0.0170041595631766,0.000850207978158832,2.95020332146016,1,1,0,0.00171492362855474,0.00576372463534503,0.291178979524785
20200817,4,23,470,20,6.80487345455271,2.93907008463461,0.0219564067556983,-0.0219564067556983,0.00109782033778492,2.95020332146016,1,1,0,0.0256796767824028,0.00744233680302119,0.375981187979453
20200817,4,24,490,20,7.09455754565201,2.81906234057644,0.0268961025637568,-0.0268961025637568,0.00134480512818784,2.95020332146016,1,1,0,0.315363767881706,0.0091166945573246,0.460568466710248
20200817,4,25,510,20,6.56983716798362,3.04421547880437,0.017405943833625,-0.017405943833625,0.000870297191681251,2.95020332146016,1,1,0,-0.209356609786681,0.0058999133066565,0.298059127492322
20200817,4,26,530,20,6.86523769636997,2.91322760908557,0.00497140527405104,-0.00218121626052206,0.000248570263702552,2.95020332146016,1,1,0,0.0860439185996711,0.00168510598503107,0.0851302711624219
20200817,4,27,550,20,6.88231045498893,2.9060008453269,0.0094764183069568,0.0094764183069568,0.00047382091534784,2.95020332146016,1,1,0,0.103116677218622,0.00321212380110351,0.162274048412551
20200817,4,28,570,20,6.8976280548157,2.89954747357487,0.0102437868873942,0.0102437868873942,0.000512189344369709,2.95020332146016,1,1,0,0.118434277045395,0.00347223081639138,0.175414456754461
20200817,4,29,590,20,6.9017456490931,2.8978175981649,0.0117668363193704,0.0117668363193704,0.000588341815968521,2.95020332146016,1,1,0,0.122551871322798,0.00398848317801588,0.201495132939659
20200817,4,30,610,20,6.8989592759153,2.89898797776952,0.0137173542566816,0.0137173542566816,0.000685867712834081,2.95020332146016,1,1,0,0.119765498145,0.00464963013121835,0.234895773554735
20200817,4,31,630,20,7.01430093686821,2.851317640918,0.0111840063386849,0.0111840063386849,0.000559200316934245,2.95020332146016,1,1,0,0.235107159097907,0.00379092730908782,0.191514760879403
20200817,4,32,650,20,6.75118759606809,2.96244175049262,0.025386976816463,0.025386976816463,0.00126934884082315,2.95020332146016,1,1,0,-0.0280061817022101,0.00860516176352826,0.434726219497796
20200817,4,33,670,20,6.86059182758251,2.91520039416883,0.0133100889295394,0.0133100889295394,0.000665504446476971,2.95020332146016,1,1,0,0.0813980498122078,0.00451158360263515,0.227921768052581
20200817,4,34,690,20,6.83434712777472,2.92639510783996,0.0179513522709422,0.0179513522709422,0.000897567613547112,2.95020332146016,1,1,0,0.0551533500044172,0.00608478478088672,0.307398693591558
20200817,4,35,710,20,6.81762117056587,2.9335745562319,0.0173400817591276,0.0173400817591276,0.000867004087956383,2.95020332146016,1,1,0,0.0384273927955689,0.00587758871837532,0.29693130629244
20200817,4,36,730,20,6.7982713632988,2.9419243409394,0.0125400768313694,0.0125400768313694,0.000627003841568472,2.95020332146016,1,1,0,0.0190775855284926,0.00425058054139906,0.214736092151702
20200817,4,37,750,20,6.78439159391019,2.94794304296238,0.0132350409902656,0.0132350409902656,0.00066175204951328,2.95020332146016,1,1,0,0.00519781613988357,0.00448614537648717,0.226636648238691
20200817,4,38,770,20,6.77747885414175,2.95094981930898,0.0104118701698678,0.00903567153726721,0.000520593508493392,2.95020332146016,1,1,0,-0.00171492362855474,0.00352920427352602,0.178292712423847
20200817,4,39,790,20,6.86616697629535,2.91283332739325,0.0235528280381112,0.0235528280381112,0.00117764140190556,2.95020332146016,1,1,0,0.0869731985250439,0.00798345926424286,0.40331828265782
20200817,4,40,810,20,6.68542914792897,2.99158057881679,0.0081446807360424,0.00510000029973949,0.00040723403680212,2.95020332146016,1,1,0,-0.0937646298413313,0.00276071844838521,0.139469393736561
20200817,4,41,830,20,6.74574871597167,2.96483027193804,0.00733351021367121,0.00733351021367121,0.000366675510683561,2.95020332146016,1,1,0,-0.0334450617986306,0.00248576434048674,0.125578921581965
20200817,4,42,850,20,6.73777548982673,2.96833873883119,0.00972669749292361,0.00972669749292361,0.00048633487464618,2.95020332146016,1,1,0,-0.0414182879435714,0.00329695835611409,0.166559825530517
20200817,4,43,870,20,6.7438323937622,2.96567275582045,0.0210922925583784,0.0210922925583784,0.00105461462791892,2.95020332146016,1,1,0,-0.0353613840080982,0.0071494369235335,0.3611841091098
20200817,4,44,890,20,6.74716629655757,2.96420736068179,0.0321318331756925,0.0321318331756925,0.00160659165878463,2.95020332146016,0,0,1,-0.0320274812127366,0.0108913961766504,0.550225041090529
20200817,4,45,910,20,6.73549480019136,2.96934384084623,0.0379820590739226,0.0379820590739226,0.00189910295369613,2.95020332146016,0,0,1,-0.0436989775789414,0.012874386927042,0.650404223760928
20200817,4,46,930,20,6.97495579017442,2.86740168707218,0.0346066720792619,0.0346066720792619,0.00173033360396309,2.95020332146016,0,0,1,0.195762012404117,0.0117302668014535,0.592604146259013
20200817,4,47,950,20,6.43134232942242,3.10977070968576,0.0328855840728875,0.0328855840728875,0.00164427920364438,2.95020332146016,0,0,1,-0.347851448347882,0.0111468873462631,0.563132260423874
20200817,4,48,970,20,6.66025969384856,3.0028859112614,0.0349832960313761,0.0349832960313761,0.0017491648015688,2.95020332146016,0,0,1,-0.118934083921744,0.0118579271390901,0.599053449303587
20200817,4,49,990,20,6.61620508231493,3.02288090395805,0.0216025548984657,0.0216025548984657,0.00108012774492328,2.95020332146016,1,1,0,-0.162988695455368,0.00732239528758099,0.36992183395439
20200817,4,50,1010,20,6.57404634968765,3.04226635106554,0.0123651482098642,0.0123651482098642,0.00061825741049321,2.95020332146016,1,1,0,-0.205147428082654,0.00419128679027595,0.211740616996913
20200817,4,51,1030,20,6.55393858880177,3.05160015294811,0.0180797578868044,0.0180797578868044,0.000903987894340222,2.95020332146016,1,1,0,-0.225255188968532,0.00612830910849091,0.309597509478523
20200817,4,52,1050,20,7.04015517394623,2.84084647367074,0.0215405107476306,0.0215405107476306,0.00107702553738153,2.95020332146016,1,1,0,0.260961396175929,0.0073013648215166,0.368859390823431
20200817,4,53,1070,20,8.43527930557781,2.37099440047884,0.0219809212530966,0.018159839367676,0.00109904606265483,2.95020332146016,1,0,0,1.65608552780751,0.00745064622943258,0.376400973874162
20200817,4,54,1090,20,9.34770918505632,2.1395616406181,0.017517525363569,0.0152094616043275,0.00087587626817845,2.95020332146016,1,0,0,2.56851540728601,0.00593773494733202,0.299969847978224
20200817,4,55,1110,20,9.23750135535391,2.16508763903004,0.0392757261491266,0.0392757261491266,0.00196378630745633,2.95020332146016,0,0,1,2.45830757758361,0.0133128879163785,0.672556959825489
20200817,4,56,1130,20,8.37525945971856,2.38798572106231,0.0171692006732783,0.0171692006732783,0.000858460033663916,2.95020332146016,1,0,0,1.59606568194826,0.0058196669186789,0.294005141078991
20200817,4,57,1150,20,7.54804126663845,2.64969404557947,0.0206340466869123,0.0206340466869123,0.00103170233434561,2.95020332146016,1,1,0,0.768847488868147,0.00699411004550688,0.353337113512681
20200817,4,58,1170,20,7.37737071049816,2.71099295193877,0.032965099913382,0.032965099913382,0.0016482549956691,2.95020332146016,0,0,1,0.598176932727853,0.0111738400108188,0.564493888512884
20200817,4,59,1190,20,8.70866289772897,2.29656380490001,0.0315260048684611,0.0315260048684611,0.00157630024342306,2.95020332146016,0,0,1,1.92946911995867,0.0106860448021114,0.539850846023054
20200817,4,60,1210,20,9.48783996076656,2.10796135713741,0.00914393449067061,-0.00045686445031623,0.000457196724533531,2.95020332146016,1,0,0,2.70864618299626,0.00309942519017467,0.15658060040796
20200817,4,61,1230,20,10.439027697074,1.91588724356062,0.0280574096469177,-0.0280574096469177,0.00140287048234589,2.94869992769952,0,0,1,3.65637754941946,0.0095151796842235,0.480699631876378
20200817,4,62,1250,20,12.3871919588819,1.61457092667878,0.0444375179957633,-0.0444375179957633,0.00222187589978817,2.94869992769952,0,0,1,5.60454181122742,0.0150702068997682,0.761335376675087
20200817,4,63,1270,20,12.4017078509542,1.612681111373,0.0223831379101147,-0.0223831379101147,0.00111915689550574,2.94945720119696,1,0,0,5.6207991495553,0.00758890073096537,0.383385486011358
20200817,4,64,1290,20,10.2385103139281,1.95340917641042,0.0316861316625871,-0.0316861316625871,0.00158430658312935,2.94945720119696,0,0,1,3.45760161252929,0.0107430382952253,0.542730113894857
20200817,4,65,1310,20,8.57243103619737,2.33306047205855,0.0504635417141377,-0.0504635417141377,0.00252317708570688,2.94945720119696,0,0,1,1.79152233479851,0.01710943345564,0.86435554941501
20200817,4,66,1330,20,7.95358495831806,2.5145893461644,0.042703205093266,-0.042703205093266,0.0021351602546633,2.94945720119696,0,0,1,1.1726762569192,0.0144783267497274,0.731434042209348
20200817,4,67,1350,20,7.99911849477041,2.50027550074116,0.031829774264571,-0.031829774264571,0.00159148871322855,2.94869992769952,0,0,1,1.21646834711589,0.0107945111557701,0.545330483613207
20200817,4,68,1370,20,8.49336210048648,2.35478009336897,0.0172524043905543,-0.0129951266517344,0.000862620219527715,2.94869992769952,1,0,0,1.71071195283196,0.00585085115934943,0.295580545170994
20200817,4,69,1390,20,10.4607525368185,1.91190833829654,0.0944495284932677,0.0944495284932677,0.00472247642466338,2.94794304296238,0,0,1,3.67636094290833,0.0320391293579253,1.61859241749581
20200817,4,70,1410,20,17.9306558291145,1.11540816970707,0.654968680117438,0.654968680117438,0.0327484340058719,2.9449306167735,0,0,1,11.13932435051,0.22240547073908,11.2357550208778
20200817,4,71,1430,20,23.1103015006863,0.86541493192575,1.05430605702375,1.05430605702375,0.0527153028511876,2.9449306167735,0,0,1,16.3189700220818,0.35800709565744,18.086245851668
20200817,4,72,1450,20,22.9557630509938,0.871240914779095,0.33250110752531,0.33250110752531,0.0166250553762655,2.94049652015082,0,0,1,16.1541906420681,0.11307651794407,5.71253957922634
20200817,4,73,1470,20,17.9620106609566,1.11346109171805,0.0664051659289443,0.0376883062748438,0.00332025829644721,2.93907008463461,0,0,1,11.1571372064039,0.022593937543752,1.14142851951889
20200817,4,74,1490,20,18.3626664584515,1.0891664369798,0.0310872335039142,-0.0159914976474761,0.00155436167519571,2.93774351556567,0,0,1,11.5547201915192,0.0105820107641113,0.534595125644786
20200817,4,75,1510,20,20.9067208639181,0.956630173147673,0.119137318850951,-0.104903323068704,0.00595686594254753,2.9419243409394,0,0,1,14.1084495006193,0.0404963911522307,2.04584684317369
20200817,4,76,1530,20,26.9491948392397,0.742137199990805,0.0889521690721669,-0.0735739398511159,0.00444760845360834,2.93774351556567,0,0,1,20.1412485723073,0.0302790793685196,1.52967603230194
20200817,4,77,1550,20,21.9927252201627,0.909391619264365,0.0670190297065545,0.00359425676424357,0.00335095148532773,2.9419243409394,0,0,1,15.1944538568639,0.022780677522507,1.15086248104386
20200817,4,78,1570,20,22.0681779051669,0.90628234401343,0.135049947886642,0.0603869451475547,0.00675249739433209,2.9449306167735,0,0,1,15.2768464265624,0.0458584481133223,2.31673387766349
20200817,4,79,1590,20,14.2739643963572,1.40115243702752,0.325588450943696,0.325588450943696,0.0162794225471848,2.94794304296238,0,0,1,7.48957280244701,0.110445977482832,5.57964667827046
20200817,4,80,1610,20,11.5582616986626,1.73036400467678,0.268617709501254,0.268617709501254,0.0134308854750627,2.94944566483053,0,0,1,4.77732647463662,0.0910739644077116,4.60098732942445
20200817,4,81,1630,20,9.66554069681308,2.06920653767403,0.183996714571626,0.183996714571626,0.00919983572858128,2.95094981930898,0,0,1,2.88806184267133,0.0623516921120374,3.14996000494042
20200817,4,82,1650,20,9.46184855979823,2.11375186081254,0.164045758483211,0.164045758483211,0.00820228792416053,2.96244175049262,0,0,1,2.71066096373013,0.0553751844929717,2.79751215260737
20200817,4,83,1670,20,11.576221664134,1.7276794260052,0.0993254060621005,0.0993254060621005,0.00496627030310503,2.95094981930898,0,0,1,4.79874280999223,0.0336587919632464,1.70041653895016
20200817,4,84,1690,20,11.3178963782846,1.76711283895244,0.0443578147873293,0.0166909430169772,0.00221789073936646,2.96483027193804,0,0,1,4.57214766231289,0.0149613336072468,0.755835180843474
20200817,4,85,1710,20,12.421593404694,1.61009939292025,0.258296775196997,-0.258296775196997,0.0129148387598499,2.96483027193804,0,0,1,5.67584468872235,0.0871202569812384,4.40124904097114
20200817,4,86,1730,20,15.0048981585982,1.33289808358609,0.306769531925757,-0.306769531925757,0.0153384765962879,2.96567275582045,0,0,1,8.26106576483596,0.10344011534101,5.22571585780107
20200817,4,87,1750,20,16.4032417924961,1.21927118145324,0.214531475698993,-0.214531475698993,0.0107265737849496,2.96567275582045,0,0,1,9.65940939873394,0.0723382157650239,3.65447157519219
20200817,4,88,1770,20,13.4991781339413,1.48157167803524,0.0890499007341848,0.0851741420755539,0.00445249503670924,2.96700514845056,0,0,1,6.75837419214684,0.03001339609427,1.51625391560358
20200817,4,89,1790,20,11.3220035135563,1.76647180651845,0.115070978139421,0.115070978139421,0.00575354890697106,2.96833873883119,0,0,1,4.58422802372957,0.038766120804909,1.95843490282083
20200817,4,90,1810,20,10.6007915329531,1.88665157104817,0.142997006558622,0.142997006558622,0.00714985032793109,2.97991434083417,0,0,1,3.8891892140752,0.0479869520405719,2.42426427522107
20200817,4,91,1830,20,10.9296954421716,1.82987715493253,0.117129405910458,0.117129405910458,0.00585647029552292,2.96833873883119,0,0,1,4.19191995234485,0.0394595820140726,1.99346803503988
20200817,4,92,1850,20,13.729994231619,1.45666485088112,0.16601359445092,0.16601359445092,0.00830067972254599,2.99536155410064,0,0,1,7.05300394554817,0.0554235578752247,2.79995593904266
20200817,4,93,1870,20,14.0004930329521,1.42852112085819,0.144562339711623,0.144562339711623,0.00722811698558116,3.02288090395805,0,0,1,7.3842879506372,0.047822704335569,2.41596660623828
20200817,4,94,1890,20,12.8711646511713,1.55386093970758,0.113009254844226,-0.109134043976405,0.0056504627422113,3.0325426475913,0,0,1,6.27603893516999,0.0372655121384649,1.88262529569946
20200817,4,95,1910,20,13.0035881370657,1.53803702402659,0.22999077680869,-0.22999077680869,0.0114995388404345,3.04226635106554,0,0,1,6.42954178737801,0.0755985013370499,3.81917871959675
20200817,4,96,1930,20,12.0725174967213,1.65665529210719,0.0773299575682296,-0.0773299575682296,0.00386649787841148,3.04692610384748,0,0,1,5.50852502747656,0.0253796629562436,1.28216124603941
20200817,4,97,1950,20,11.9608354098627,1.67212400427384,0.0588549210125441,-0.0588549210125441,0.0029427460506272,3.05160015294811,0,0,1,5.40689682106097,0.0192865768982496,0.974343178249779
20200817,4,98,1970,20,10.1021353096777,1.97977946116405,0.0385597808714783,0.0372522236818456,0.00192798904357392,3.18579379013331,0,0,1,3.82426507779331,0.0121036650240519,0.611467940123461
20200817,4,99,1990,20,9.24272661119619,2.16386363476044,0.0766527677714395,0.0766527677714395,0.00383263838857198,3.35270722402129,0,0,1,3.27739809795616,0.0228629470602867,1.15501867544457
20200817,4,100,2010,20,8.82741650944149,2.2656685541697,0.0388188160389176,0.0388188160389176,0.00194094080194588,3.35553640005487,0,0,1,2.867117583859,0.0115685873764572,0.584436224826429
20200817,4,101,2030,20,9.29036699156291,2.15276748681329,0.015293544541875,0.015293544541875,0.000764677227093749,3.35664863848007,1,0,0,3.33204303393347,0.00455619464204633,0.230175483792509
20200817,4,102,2050,20,9.1839367846311,2.17771533809652,0.0190461531292444,-0.0051005233229404,0.000952307656462219,3.35776161448301,1,0,0,3.22758779495473,0.00567227674742981,0.286559101864503
20200817,4,103,2070,20,9.54514793673945,2.09530539836052,0.063181585886774,-0.063181585886774,0.0031590792943387,3.35917645977922,0,0,1,3.59130769063506,0.0188086534432688,0.950198849240914
20200817,4,104,2090,20,10.0053827584043,1.99892402748915,0.0334766935407749,-0.0322981383568215,0.00167383467703875,3.36059249791237,0,0,1,4.05405125587185,0.00996154504349186,0.503249669921212
20200817,4,105,2110,20,9.78230798515892,2.04450729115692,0.0594296137019645,-0.0594296137019645,0.00297148068509822,3.36253181101144,0,0,1,3.83440886506582,0.0176740673522694,0.89288042390631
20200817,4,106,2130,20,10.3006359265312,1.94162769586743,0.0232563259914022,-0.0156770138926555,0.00116281629957011,3.36447336366017,1,0,0,4.3561691888774,0.00691232281479618,0.349205284897819
20200817,4,107,2150,20,9.86741648892189,2.02687299380278,0.0524382523686924,-0.0524382523686924,0.00262191261843462,3.36789452575109,0,0,1,3.92898823736027,0.015570039966438,0.786586562582401
20200817,4,108,2170,20,9.43277538904454,2.12026674813316,0.0492422919733653,-0.0492422919733653,0.00246211459866826,3.37132265253602,0,0,1,3.50038562357508,0.0146062234465525,0.737895285940141
20200817,4,109,2190,20,10.6075868413886,1.88544296634594,0.0255746029313259,0.0182790691637391,0.0012787301465663,3.3744786426644,1,0,0,4.68074535923051,0.00757883087715527,0.382876764665025
20200817,4,110,2210,20,9.39315522785228,2.12920999545463,0.0651647750629028,0.0651647750629028,0.00325823875314514,3.37764054715195,0,0,1,3.47186202900548,0.0192929869692174,0.974667010153827
20200817,4,111,2230,20,9.15278478733853,2.18512730985076,0.0128604850549072,-0.0103829596471532,0.000643024252745358,3.37900877114238,1,0,0,3.23388923110167,0.00380599339212703,0.192275887921784
20200817,4,112,2250,20,8.33222148368259,2.40032025542852,0.0367164274398006,0.0367164274398006,0.00183582137199003,3.38037810406995,0,0,1,2.41572357005566,0.0108616333171707,0.548721444093911
20200817,4,113,2270,20,7.926588472307,2.52315356977011,0.0329833480753165,-0.0329043919807286,0.00164916740376582,3.38162169192332,0,0,1,2.0122663446225,0.00975370726834821,0.492749863788574
20200817,4,114,2290,20,8.12127316768806,2.46266805549327,0.0304267438375913,-0.0304267438375913,0.00152133719187956,3.38162169192332,0,0,1,2.20695104000356,0.0089976782176027,0.454555851857955
20200817,4,115,2310,20,7.58651840894322,2.63625538381656,0.0266942877409971,-0.0266942877409971,0.00133471438704986,3.38162169192332,1,0,0,1.67219628125872,0.00789393083346782,0.398795374510601
20200817,4,116,2330,20,7.25792442212037,2.75560874387792,0.0262287736215582,-0.0262287736215582,0.00131143868107791,3.38162169192332,1,0,0,1.34360229443587,0.00775627081060045,0.391840894982888
20200817,4,117,2350,20,7.077317679815,2.82592938523042,0.0124102243443511,-0.0106196712891581,0.000620511217217555,3.38286619510619,1,0,0,1.16517133807292,0.00366855312288269,0.185332510179765
20200817,4,118,2370,20,7.00609474968587,2.85465736827164,0.0264013002250597,0.0264013002250597,0.00132006501125298,3.38306753809436,1,0,0,1.09430026885036,0.00780395304786945,0.394249765299888
20200817,4,119,2390,20,6.97564330634145,2.8671190772926,0.035762971731544,0.035762971731544,0.0017881485865772,3.3832689050512,0,0,1,1.06420068641251,0.0105705377654582,0.53401551848947
20200817,4,120,2410,20,7.58596364549567,2.63644817384215,0.0244821888433255,0.0244821888433255,0.00122410944216628,3.38389780908209,1,0,0,1.67561967874769,0.00723490785614668,0.365502035539651
20200817,4,121,2430,20,9.21552312306289,2.17025118736317,0.0119078568789161,0.0117781546005532,0.000595392843945803,3.38696637664582,1,0,0,3.3105338861144,0.00351578833525612,0.177614949438635
20200817,4,122,2450,20,11.2900957078882,1.77146416801642,0.0264617312353895,-0.0264617312353895,0.00132308656176948,3.39030098975306,1,0,0,5.39091446691623,0.00780512742537261,0.394309093957064
20200817,4,123,2470,20,14.038704293012,1.42463289934495,0.037844867000228,-0.0374065208979053,0.0018922433500114,3.39175028764343,0,0,1,8.14204377738895,0.0111579166479624,0.563689452346958
20200817,4,124,2490,20,14.5326454348788,1.37621192849028,0.031729609722899,-0.0257462037316823,0.00158648048614495,3.39250846846107,0,0,1,8.63730274496868,0.00935284613667961,0.472498664670796
20200817,4,125,2510,20,18.1813062275021,1.10003097410828,0.516421947777004,-0.516421947777004,0.0258210973888502,3.39270932573568,0,0,1,12.286312557314,0.152215205664583,7.68979627891527
20200817,4,126,2530,20,27.0049713476012,0.740604377711238,0.980842721101678,-0.980842721101678,0.0490421360550839,3.39270932573568,0,0,1,21.1099776774131,0.289103081617224,14.6052675324824
20200817,4,127,2550,20,14.4504677938405,1.38403823913057,0.511839122618942,-0.511839122618942,0.0255919561309471,3.3927342289765,0,0,1,8.55551739389909,0.15086331202941,7.62149964192785
20200817,4,128,2570,20,9.58498174914598,2.086597608992,0.249102728707578,-0.249102728707578,0.0124551364353789,3.39275913258293,0,0,1,3.69007461945125,0.0734218725742358,3.70921709199333
20200817,4,129,2590,20,8.39559943650352,2.38220035999351,0.19509298159761,-0.19509298159761,0.00975464907988049,3.39332841418295,0,0,1,2.50168126565779,0.0574931034621311,2.90450780614263
20200817,4,130,2610,20,7.90941336164838,2.52863254018018,0.179355810230161,-0.179355810230161,0.00896779051150805,3.3938978868581,0,0,1,2.01648414965166,0.0528465546723327,2.66976769961
20200817,4,131,2630,20,7.91335000057006,2.52737462624037,0.141964430320686,-0.141964430320686,0.00709822151603428,3.3938978868581,0,0,1,2.02042078857335,0.041829316925062,2.11318523819958
20200817,4,132,2650,20,7.37271752433435,2.71270395671448,0.0703618759693654,-0.0703618759693654,0.00351809379846827,3.3938978868581,0,0,1,1.47978831233763,0.0207318777155382,1.04735867494851
20200817,4,133,2670,20,7.1759582752818,2.78708420990848,0.0159189778943237,-0.0158162469964931,0.000795948894716187,3.3938978868581,1,0,0,1.28302906328508,0.00469047049292952,0.236958997528614
20200817,4,134,2690,20,7.00505921953709,2.85507936095959,0.0124702403596376,0.0124702403596376,0.000623512017981882,3.3938978868581,1,0,0,1.11213000754037,0.00367431218479645,0.185623453602146
20200817,4,135,2710,20,6.83761673106528,2.9249957677701,0.0291777413005046,0.0291777413005046,0.00145888706502523,3.3938978868581,0,0,1,0.944687519068566,0.00859711820249134,0.43431986491935
20200817,4,136,2730,20,6.56716750111673,3.04545300490646,0.0414645343809061,0.0414645343809061,0.0020732267190453,3.3938978868581,0,0,1,0.674238289120012,0.0122173782957542,0.617212648017666
20200817,4,137,2750,20,6.4055771132214,3.12227917118024,0.0552783506008077,0.0552783506008077,0.00276391753004038,3.3938978868581,0,0,1,0.512647901224682,0.0162875703523248,0.822835651280932
20200817,4,138,2770,20,6.3077493551848,3.1707030311153,0.0643628338781653,0.0643628338781653,0.00321814169390827,3.3938978868581,0,0,1,0.414820143188081,0.0189642811963766,0.958061044818019
20200817,4,139,2790,20,6.2017756455416,3.22488286308419,0.0572093341638637,0.0572093341638637,0.00286046670819319,3.3938978868581,0,0,1,0.308846433544886,0.0168565278246557,0.851578949524291
20200817,4,140,2810,20,6.11741196175831,3.26935640840043,0.0485669139598394,0.0485669139598394,0.00242834569799197,3.3938978868581,0,0,1,0.224482749761592,0.0143100693005234,0.722933804002927
20200817,4,141,2830,20,6.08834683050168,3.28496397409607,0.0443339481972667,0.0443339481972667,0.00221669740986333,3.3938978868581,0,0,1,0.195417618504962,0.0130628409207411,0.659924776015658
20200817,4,142,2850,20,5.80263568789951,3.44670957746096,0.0399325809898834,0.0399325809898834,0.00199662904949417,3.3938978868581,0,0,1,-0.0902935240972056,0.0117659936512854,0.594409039506673
20200817,4,143,2870,20,6.27840501915671,3.18552242790579,0.0326997755169968,0.0326997755169968,0.00163498877584984,3.3938978868581,0,0,1,0.385475807159992,0.00963487311849228,0.486746453029574
20200817,4,144,2890,20,6.00180187496699,3.33233259222007,0.0250155489155297,0.0250155489155297,0.00125077744577649,3.3938978868581,1,1,0,0.108872662970271,0.00737074294792289,0.372364320938316
20200817,4,145,2910,20,5.98555083806332,3.34138002350861,0.0209472125026795,0.0209472125026795,0.00104736062513397,3.3938978868581,1,1,0,0.0926216260666024,0.00617202202334714,0.311805852649853
20200817,4,146,2930,20,5.97035810089756,3.34988281473322,0.0186759079317157,0.0186759079317157,0.000933795396585787,3.3938978868581,1,1,0,0.0774288889008403,0.00550279017056844,0.277996769064805
20200817,4,147,2950,20,5.96029892558249,3.35553640005487,0.0196006946115939,0.0196006946115939,0.000980034730579695,3.3938978868581,1,1,0,0.0673697135857765,0.00577527529260442,0.291762509933751
20200817,4,148,2970,20,5.95133150253241,3.36059249791237,0.0187009930105276,0.0187009930105276,0.000935049650526382,3.3938978868581,1,1,0,0.058402290535696,0.00551018140025424,0.27837016836014
20200817,4,149,2990,20,5.94446673765378,3.36447336366017,0.0184667759443405,0.0184667759443405,0.000923338797217026,3.3938978868581,1,1,0,0.0515375256570678,0.00544117017069012,0.274883773594331
20200817,4,150,3010,20,5.95634898967637,3.35776161448301,0.017876454494366,0.017876454494366,0.000893822724718298,3.3938978868581,1,1,0,0.0634197776796555,0.00526723404483896,0.266096652967982
20200817,4,151,3030,20,5.93238976546945,3.37132265253602,0.0170082827625932,0.0170082827625932,0.000850414138129658,3.3938978868581,1,1,0,0.0394605534727361,0.00501143031687927,0.253173643424956
20200817,4,152,3050,20,5.91649791362693,3.38037810406995,0.0159538486452607,0.0159538486452607,0.000797692432263033,3.3938978868581,1,1,0,0.0235687016302109,0.00470074503627154,0.23747805963423
20200817,4,153,3070,20,5.9212931988468,3.37764054715195,0.0109877705073046,0.0109877705073046,0.000549388525365229,3.3938978868581,1,1,0,0.0283639868500813,0.00323750768986055,0.163556423142829
20200817,4,154,3090,20,5.91214634174207,3.38286619510619,0.010729721300241,0.010729721300241,0.000536486065012052,3.3938978868581,1,1,0,0.0192171297453569,0.00316147440433869,0.159715279457302
20200817,4,155,3110,20,5.90073316032999,3.38940932534586,0.00347163654813529,0.00298518956302021,0.000173581827406765,3.3938978868581,1,1,0,0.00780394833327591,0.0010229054213971,0.0516764029506671
20200817,4,156,3130,20,5.88754419804582,3.39700209921793,0.00796721593284817,-0.00796721593284817,0.000398360796642409,3.3938978868581,1,1,0,-0.00538501395089952,0.00234751197544833,0.118594517378837
20200817,4,157,3150,20,5.88078348745421,3.40090738634862,0.0152548828764858,-0.0152548828764858,0.000762744143824288,3.3938978868581,1,1,0,-0.0121457245425063,0.00449479724642157,0.227073734119413
20200817,4,158,3170,20,5.88983037494063,3.39568353022418,0.014030064231554,-0.014030064231554,0.000701503211577699,3.3938978868581,1,1,0,-0.00309883705608627,0.00413390876781573,0.208841922995353
20200817,4,159,3190,20,5.89762932161398,3.3911931234306,0.0131524405945347,-0.0131524405945347,0.000657622029726735,3.3938978868581,1,1,0,0.00470010961726075,0.00387532006942925,0.195778218867109
20200817,4,160,3210,20,5.89499367018811,3.39270932573568,0.0143784423151712,-0.0143784423151712,0.000718922115758558,3.3938978868581,1,1,0,0.00206445819139844,0.00423655713710409,0.214027640445486
20200817,4,161,3230,20,5.89277692621272,3.3939855946412,0.0144058436628462,-0.0144058436628462,0.000720292183142312,3.3938978868581,1,1,0,-0.000152285783997286,0.00424463084721222,0.214435518132051
20200817,4,162,3250,20,5.89158890076123,3.39466998408797,0.0167244281322083,-0.0167244281322083,0.000836221406610414,3.3938978868581,1,1,0,-0.00134031123548084,0.0049277935547115,0.248948377889294
20200817,4,163,3270,20,5.88466778202951,3.39866254830487,0.0233549299608441,-0.0233549299608441,0.00116774649804221,3.3938978868581,1,1,0,-0.00826142996720591,0.00688144745051979,0.34764548500604
20200817,4,164,3290,20,5.8809900166525,3.40078795294132,0.0278535370853365,-0.0278535370853365,0.00139267685426683,3.3938978868581,0,0,1,-0.0119391953442118,0.00820694611738067,0.414608668294013
20200817,4,165,3310,20,5.87981777927735,3.40146595537151,0.0305438119820757,-0.0305438119820757,0.00152719059910378,3.3938978868581,0,0,1,-0.01311143271937,0.00899962609374545,0.454654257077387
20200817,4,166,3330,20,5.88799452542025,3.39674228867808,0.0272296807891987,-0.0272296807891987,0.00136148403945993,3.3938978868581,0,0,1,-0.0049346865764619,0.00802312906780073,0.40532237092517
20200817,4,167,3350,20,5.909245313567,3.38452694696599,0.0167629813041615,-0.0167629813041615,0.000838149065208075,3.3938978868581,1,1,0,0.0163161015702826,0.0049391531103724,0.249522253991028
20200817,4,168,3370,20,5.91144261992895,3.3832689050512,0.00946394974495475,-0.00946394974495475,0.000473197487247737,3.3938978868581,1,1,0,0.0185134079322324,0.00278851929564564,0.140873871369926
20200817,4,169,3390,20,5.88402598258222,3.39903325702565,0.00950016643560003,-0.00950016643560003,0.000475008321780002,3.3938978868581,1,1,0,-0.00890322941449995,0.00279919041535891,0.141412968211826
20200817,4,170,3410,20,5.89292921199672,3.3938978868581,0.00897203948895236,-0.00897203948895236,0.000448601974447618,3.3938978868581,1,1,0,0,0.00264357967978177,0.133551632347411
20200817,4,171,3430,20,5.89569170963205,3.3923076349676,0.0064904206354758,-0.0064904206354758,0.00032452103177379,3.3938978868581,1,1,0,0.00276249763533087,0.00191237946804708,0.096611954456559
20200817,4,172,3450,20,5.89490712969473,3.39275913258293,0.00311165837037792,-0.00311165837037792,0.000155582918518896,3.3938978868581,1,1,0,0.0019779176980137,0.000916839125427708,0.0463180144473462
20200817,4,173,3470,20,5.88671949640502,3.39747800319242,0.00258107314066758,-0.00258107314066758,0.000129053657033379,3.3938978868581,1,1,0,-0.00620971559169448,0.000760504065447004,0.0384200862656328
20200817,4,174,3490,20,5.87838840756376,3.40229304587391,0.00276708603141822,-0.00276708603141822,0.000138354301570911,3.3938978868581,1,1,0,-0.0145408044329542,0.000815312105332624,0.0411889467045551
20200817,4,175,3510,20,5.86914080052793,3.40765380823731,0.00167433395188124,-0.00106127168084285,8.37166975940618e-05,3.3938978868581,1,1,0,-0.0237884114687859,0.000493336572783942,0.0249229879832529
20200817,4,176,3530,20,5.87193677661071,3.40603122289474,0.00697529267668986,0.00697529267668986,0.000348764633834493,3.3938978868581,1,1,0,-0.020992435386006,0.00205524529883462,0.103829427436197
20200817,4,177,3550,20,5.87319676144716,3.40530052241464,0.0096045171207418,0.0096045171207418,0.00048022585603709,3.3938978868581,1,1,0,-0.0197324505495544,0.0028299369753971,0.142966261011575
20200817,4,178,3570,20,5.86258319968465,3.41146544429012,0.00938237605059502,0.00938237605059502,0.000469118802529751,3.3938978868581,1,1,0,-0.0303460123120658,0.00276448389532449,0.139659621248561
20200817,4,179,3590,20,5.8462596185293,3.42099073681426,0.0130673543610799,0.0130673543610799,0.000653367718053995,3.3938978868581,1,1,0,-0.0466695934674135,0.00385024971189602,0.194511683495506
20200817,4,180,3610,20,5.83415782509883,3.42808689781395,0.014804714189633,0.014804714189633,0.000740235709481648,3.39332841418295,1,1,0,-0.0597603457468949,0.00436288869882276,0.220409814742543
20200817,4,181,3630,20,5.84313344329189,3.42282102472958,0.0166175931265636,0.0166175931265636,0.000830879656328181,3.39332841418295,1,1,0,-0.0507847275538325,0.00489713670421871,0.247399617147465
20200817,4,182,3650,20,6.11551943118457,3.27036815515866,0.012227795721479,0.012227795721479,0.000611389786073949,3.39332841418295,1,1,0,0.221601260338844,0.00360348136961073,0.182045134756341
20200817,4,183,3670,20,7.12387177342907,2.80746209871391,0.0162003612102414,0.0162003612102414,0.000810018060512071,3.39275913258293,1,0,0,1.22896464373434,0.00477498124009411,0.241228416120779
20200817,4,184,3690,20,8.36378198829971,2.39126271200977,0.0198602795116363,0.0198602795116363,0.000993013975581817,3.39275913258293,1,0,0,2.46887485860498,0.00585372516454376,0.295725737724868
20200817,4,185,3710,20,9.81412510319456,2.03787905592215,0.0269639124230824,0.0269639124230824,0.00134819562115412,3.39275913258293,1,0,0,3.91921797349983,0.00794748797936465,0.40150104073776
20200817,4,186,3730,20,11.5458774799959,1.73222000966593,0.0352943778506143,0.0352943778506143,0.00176471889253071,3.39275913258293,0,0,1,5.65097035030112,0.0104028539814863,0.525544261413731
20200817,4,187,3750,20,13.228727176247,1.51186124965304,0.0446908922025792,0.0446908922025792,0.00223454461012896,3.39275913258293,0,0,1,7.33382004655232,0.0131724329538701,0.66546128207545
20200817,4,188,3770,20,15.5645366332794,1.28497240047846,0.26088956285377,0.26088956285377,0.0130444781426885,3.39275913258293,0,0,1,9.6696295035847,0.0768959872064814,3.88472671769022
20200817,4,189,3790,20,20.7117217408495,0.965636765993926,0.524566073004909,0.524566073004909,0.0262283036502455,3.39275913258293,0,0,1,14.8168146111548,0.15461341418763,7.81095194727361
20200817,4,190,3810,20,62.3635032124052,0.320700393175181,0.851148095536581,0.851148095536581,0.0425574047768291,3.39275913258293,0,0,1,56.4685960827105,0.250871948840234,12.6738598174409
20200817,4,191,3830,20,51.0391776148958,0.391855843581676,0.780054811064299,0.780054811064299,0.039002740553215,3.39275913258293,0,0,1,45.1442704852011,0.229917533364781,11.6152587043231
20200817,4,192,3850,20,32.2886554857155,0.619412598609069,0.133821429155924,-0.0308761038542375,0.00669107145779619,3.39275913258293,0,0,1,26.3937483560208,0.0394432448418597,1.99264269354038
20200817,4,193,3870,20,24.4035596929341,0.819552567398226,0.106564646117433,0.0896224878048493,0.00532823230587166,3.39275913258293,0,0,1,18.5086525632394,0.0314094346085526,1.58678071826749
20200817,4,194,3890,20,11.9750565579868,1.67013824971548,0.0852343914783808,0.0852343914783808,0.00426171957391904,3.39275913258293,0,0,1,6.08014942829209,0.0251224411010549,1.26916659378867
20200817,4,195,3910,20,10.0899750915983,1.98216544822332,0.0886362849724096,0.0886362849724096,0.00443181424862048,3.39332841418295,0,0,1,4.19605692075254,0.0261207505297572,1.31960042591814
20200817,4,196,3930,20,10.1160528959786,1.97705569609572,0.0747678300331766,0.0747678300331766,0.00373839150165883,3.3938978868581,0,0,1,4.22312368398184,0.0220300764860056,1.11294268825944
20200817,4,197,3950,20,9.80340078240874,2.04010837095307,0.0834818181310903,0.0834818181310903,0.00417409090655452,3.393941740183,0,0,1,3.91054771330403,0.0245973044094119,1.24263708801632
20200817,4,198,3970,20,9.61172919585556,2.08079104107757,0.0652513497722797,0.0652513497722797,0.00326256748861398,3.3939855946412,0,0,1,3.71895226964284,0.0192255824171163,0.97126178350997
20200817,4,199,3990,20,10.6833544648966,1.8720711800508,0.0597975256428602,0.0597975256428602,0.00298987628214301,3.3939855946412,0,0,1,4.79057753868392,0.017618673967643,0.890081992296824
20200817,4,200,4010,20,10.3715277289116,1.92835621932998,0.0448797009038337,-0.0298077397142699,0.00224398504519168,3.39432775486667,0,0,1,4.47934481542461,0.0132219703413987,0.667963873170876
20200817,4,201,4030,20,10.850202588736,1.84328355497829,0.176452605934031,-0.176452605934031,0.00882263029670154,3.39432775486667,0,0,1,4.95801967524903,0.0519845514862374,2.62621995506038
20200817,4,202,4050,20,14.8305242156061,1.34856999720576,0.228411686110139,-0.228411686110139,0.011420584305507,3.3938978868581,0,0,1,8.93759500360943,0.0673006948719932,3.39997985572793
20200817,4,203,4070,20,14.2895036244774,1.39962874327843,0.0680003888400647,-0.0680003888400647,0.00340001944200323,3.3927342289765,0,0,1,8.39455322453603,0.0200429459694456,1.01255436775463
20200817,4,204,4090,20,14.4846562023142,1.38077146745151,0.0608381129649831,-0.0556131345473976,0.00304190564824915,3.39250846846107,0,0,1,8.58931351240415,0.0179330762268018,0.905965355013487
20200817,4,205,4110,20,12.8874741850937,1.55189447619869,0.0408675423969028,-0.0244959872334287,0.00204337711984514,3.39270932573568,0,0,1,6.99248051490554,0.0120456951872943,0.608539348114262
20200817,4,206,4130,20,13.6975932331347,1.46011052157832,0.168792178405015,-0.168792178405015,0.00843960892025073,3.39270932573568,0,0,1,7.80259956294663,0.0497514411637412,2.5134049220723
20200817,4,207,4150,20,14.2379584205955,1.40469577232853,0.0608742075111866,0.00824567030471718,0.00304371037555933,3.39175028764343,0,0,1,8.34129790497252,0.0179477267925528,0.906705490438879
20200817,4,208,4170,20,13.8714502730645,1.44181030867665,0.148927751775559,0.148927751775559,0.00744638758877797,3.3911931234306,0,0,1,7.97382095145053,0.0439160337836794,2.21860458487054
20200817,4,209,4190,20,11.4644819305754,1.74451842840457,0.16112866108462,0.16112866108462,0.00805643305423102,3.38452694696599,0,0,1,5.5552366170084,0.0476074392697809,2.40509157903814
20200817,4,210,4210,20,11.2895729698862,1.77154619163612,0.0545772498648665,0.0545772498648665,0.00272886249324333,3.27036815515866,0,0,1,5.17405353870163,0.0166884116024603,0.843085845998799
20200817,4,211,4230,20,12.9453292228036,1.5449587766968,0.0464062808397092,0.0464062808397092,0.00232031404198546,3.26892465759527,0,0,1,6.82710928967344,0.0141961916227972,0.717180790441587
20200817,4,212,4250,20,13.9431562871096,1.43439545452775,0.0214342975121691,0.0195716225249988,0.00107171487560845,3.26748243375141,1,0,0,7.82223585203383,0.00655988148268643,0.331400217182275
20200817,4,213,4270,20,15.0371720583635,1.33003731834513,0.0178826434789592,-0.0160840318891182,0.000894132173947962,3.26647906113527,1,0,0,8.91437144471161,0.00547459302333445,0.276572270658556
20200817,4,214,4290,20,14.5795728455405,1.37178230198407,0.0462075258619567,0.0462075258619567,0.00231037629309783,3.26547630455767,0,0,1,8.45489205331251,0.0141503173051552,0.714863254847419
20200817,4,215,4310,20,10.381039101132,1.92658941028543,0.00764456211069661,-0.00262463433221461,0.00038222810553483,3.26547630455767,1,0,0,4.25635830890405,0.00234102513621887,0.118266807200666
20200817,4,216,4330,20,9.3299410808736,2.14363625950437,0.0178960007642292,-0.0178960007642292,0.000894800038211462,3.26547630455767,1,0,0,3.2052602886456,0.00548036460691861,0.276863846666191
20200817,4,217,4350,20,8.30533939832094,2.40808942787375,0.0130828626327219,-0.0130828626327219,0.000654143131636093,3.26547630455767,1,0,0,2.18065860609295,0.00400641787369944,0.202401180108395
20200817,4,218,4370,20,7.87375495915785,2.5400841280612,0.0167848110450396,-0.0167848110450396,0.00083924055225198,3.26522562196364,1,0,0,1.74860395413407,0.00514047511208293,0.259692888211559
20200817,4,219,4390,20,8.9150177688407,2.24340551175377,0.0501025921398252,-0.0501025921398252,0.00250512960699126,3.26497497785523,0,0,1,2.78939655102113,0.0153454750739737,0.775241715220352
20200817,4,220,4410,20,10.941018019033,1.827983462344,0.0730488209064841,-0.0730488209064841,0.00365244104532421,3.26421774166806,0,0,1,4.8139757740571,0.0223786605819853,1.13055289134297
20200817,4,221,4430,20,13.3765796598018,1.49515051744523,0.0382162774864312,-0.0281525972411952,0.00191081387432156,3.26346085664664,0,0,1,7.2481163876696,0.0117103526486603,0.591598098424448
20200817,4,222,4450,20,14.9372205316736,1.33893718430354,0.0656623762515469,-0.0579684376263123,0.00328311881257734,3.26346085664664,0,0,1,8.80875725954138,0.0201204730609265,1.01647097737968
20200817,4,223,4470,20,22.2865162225207,0.897403604955978,1.25345292125947,-1.25345292125947,0.0626726460629735,3.26346085664664,0,0,1,16.1580529503885,0.384087009564274,19.4037832424929
20200817,4,224,4490,20,37.314507942956,0.535984556745991,2.40585462394211,-2.38911004419877,0.120292731197105,3.26294604465082,0,0,1,31.185077751247,0.737325898442665,37.2491429186534
20200817,4,225,4510,20,32.1391348167626,0.622294287448233,1.30829125590531,1.30829125590531,0.0654145627952657,3.26294604465082,0,0,1,26.0097046250537,0.400953996174742,20.2558905619121
20200817,4,226,4530,20,11.9939808264508,1.66750308253731,0.230357235119181,-0.0507287606099036,0.011517861755959,3.2624313950529,0,0,1,5.86358371516508,0.070609066436919,3.5671162678765
20200817,4,227,4550,20,9.22141832818625,2.16886375698496,0.150512759613329,-0.150512759613329,0.00752563798066644,3.26126631732901,0,0,1,3.08883115070603,0.0461516309825931,2.33154525296149
20200817,4,228,4570,20,7.91212664835894,2.52776540225733,0.0724470664594772,-0.0724470664594772,0.00362235332297386,3.25233962901985,0,0,1,1.7627073744477,0.0222753693412119,1.12533469651495
20200817,4,229,4590,20,7.4003356831804,2.70258010666412,0.0119261538630971,-0.00232023044279865,0.000596307693154855,3.25233962901985,1,0,0,1.25091640926917,0.00366694602146801,0.185251320640097
20200817,4,230,4610,20,7.05200352806696,2.83607345350864,0.02438955824239,0.02438955824239,0.0012194779121195,3.24899498397812,1,1,0,0.896253796649489,0.00750680082999914,0.379237861533285
20200817,4,231,4630,20,6.79597124743987,2.94292004362648,0.013650234192937,0.013650234192937,0.000682511709646849,3.24899498397812,1,1,0,0.640221516022393,0.00420137127334787,0.212250077402414
20200817,4,232,4650,20,6.63245549969497,3.01547443490873,0.00773188840556827,0.00773188840556827,0.000386594420278413,3.24899498397812,1,1,0,0.476705768277498,0.00237977849879634,0.120224597567552
20200817,4,233,4670,20,6.4618936716538,3.09506795008612,0.002206098023616,0.002206098023616,0.0001103049011808,3.24706383484531,1,1,0,0.302482887864017,0.000679413197837885,0.0343234373843857
20200817,4,234,4690,20,6.33923123039358,3.15495669318853,0.000280603804764401,0.000220028748554912,1.40301902382201e-05,3.24706383484531,1,1,0,0.1798204466038,8.64177050519147e-05,0.00436575665249214
20200817,4,235,4710,20,6.27068702853376,3.18944318365646,0.000692032631184114,-0.000497514227582707,3.46016315592057e-05,3.24706383484531,1,1,0,0.111276244743977,0.000213125662562492,0.0107669461783327
20200817,4,236,4730,20,6.22320593850873,3.21377762484791,0.00173365648722146,-0.00173365648722146,8.66828243610729e-05,3.24706383484531,1,1,0,0.0637951547189468,0.000533915123138948,0.0269729854467869
20200817,4,237,4750,20,6.19506445162551,3.22837642064438,0.00443628706088832,-0.00443628706088832,0.000221814353044416,3.24706383484531,1,1,0,0.0356536678357324,0.00136624571814113,0.0690216932899375
20200817,4,238,4770,20,6.17800966662253,3.23728855719545,0.00882122052979965,-0.00882122052979965,0.000441061026489983,3.24706383484531,1,1,0,0.018598882832749,0.00271667604287179,0.137244404948136
20200817,4,239,4790,20,6.16307183616209,3.2451349800353,0.0119322664759228,-0.0119322664759228,0.000596613323796141,3.24706383484531,1,1,0,0.00366105237230929,0.00367478654034262,0.185647417683119
20200817,4,240,4810,20,6.143088816405,3.2556911673799,0.0106549026538031,-0.0106549026538031,0.000532745132690154,3.24706383484531,1,1,0,-0.0163219673847825,0.00328139611530326,0.165773632975337
20200817,4,241,4830,20,6.12846327213219,3.26346085664664,0.00955913238080635,-0.00955913238080635,0.000477956619040317,3.24706383484531,1,1,0,-0.0309475116575859,0.00294393115350063,0.148725160083263
20200817,4,242,4850,20,6.12562121781957,3.26497497785523,0.0139689250510538,-0.0139689250510538,0.000698446252552688,3.24706383484531,1,1,0,-0.033789565970209,0.00430201737987059,0.217334642062341
20200817,4,243,4870,20,6.12092043507573,3.26748243375141,0.0140367002021614,-0.0140367002021614,0.000701835010108068,3.24706383484531,1,1,0,-0.0384903487140482,0.00432289012970085,0.218389117489251
20200817,4,244,4890,20,6.12468079222799,3.26547630455767,0.0108892382971802,-0.0108892382971802,0.000544461914859011,3.24706383484531,1,1,0,-0.0347299915617887,0.00335356458974543,0.169419529348156
20200817,4,245,4910,20,6.13039711128567,3.2624313950529,0.0165875634312777,-0.0165875634312777,0.000829378171563887,3.24706383484531,1,1,0,-0.0290136725041057,0.00510848085377046,0.25807656264511
20200817,4,246,4930,20,6.13477724367476,3.26010207145189,0.02072075773043,-0.02072075773043,0.0010360378865215,3.24706383484531,1,1,0,-0.0246335401150182,0.00638138293065531,0.322382606259583
20200817,4,247,4950,20,6.15574973141747,3.24899498397812,0.0205939382843018,-0.0205939382843018,0.00102969691421509,3.24706383484531,1,1,0,-0.00366105237230752,0.0063423262774515,0.320409493881209
20200817,4,248,4970,20,6.17240458174365,3.24022829921984,0.0206305303265476,-0.0206305303265476,0.00103152651632738,3.24706383484531,1,1,0,0.012993797953869,0.00635359554843198,0.320978808869639
20200817,4,249,4990,20,5.90676791538135,3.38594647470736,0.0250035518843771,-0.0250035518843771,0.00125017759421885,3.24706383484531,1,1,0,-0.252642868408429,0.00770035735548397,0.389016189808272
20200817,4,250,5010,20,6.49893616362397,3.07742675054182,0.0274283461341618,-0.0274283461341618,0.00137141730670809,3.24706383484531,0,0,1,0.339525379834186,0.00844712254801375,0.426742198676222
20200817,4,251,5030,20,6.2255951354432,3.21254427325946,0.0234305623685236,-0.0234305623685236,0.00117152811842618,3.24706383484531,1,1,0,0.06618435165342,0.00721592292614716,0.364542931333022
20200817,4,252,5050,20,6.37667906190518,3.13642882225039,0.0297242321543012,-0.0297242321543012,0.00148621160771506,3.24706383484531,0,0,1,0.217268278115399,0.0091541878035537,0.462462596958787
20200817,4,253,5070,20,7.28901762273654,2.74385397801952,0.0284145879663299,-0.0284145879663299,0.0014207293983165,3.24706383484531,0,0,1,1.12960683894676,0.00875085597683779,0.442086580208643
20200817,4,254,5090,20,7.84825070348643,2.54833857322058,0.00814089187830929,-0.00739046343947392,0.000407044593915464,3.24706383484531,1,0,0,1.68883991969665,0.00250715486124624,0.12665955440194
20200817,4,255,5110,20,7.81324030910446,2.55975743849767,0.00519120806153757,0.00519120806153757,0.000259560403076878,3.24706383484531,1,0,0,1.65382952531468,0.00159873914575655,0.0807670842102697
20200817,4,256,5130,20,7.77383745678071,2.57273195010722,0.00333433489519357,0.00333433489519357,0.000166716744759678,3.24706383484531,1,0,0,1.61442667299093,0.00102687691551109,0.0518770398090296
20200817,4,257,5150,20,7.73658203228797,2.58512091212007,0.00589240983159802,-0.00565935306149681,0.000294620491579901,3.24706383484531,1,0,0,1.57717124849819,0.00181468863296269,0.0916766878592686
20200817,4,258,5170,20,7.72287166860542,2.58971026040778,0.0161066459093593,-0.0161066459093593,0.000805332295467966,3.24706383484531,1,0,0,1.56346088481564,0.00496037242523957,0.250594237619695
20200817,4,259,5190,20,7.74396133922482,2.58265752163505,0.00734959012241045,-0.00405538206988045,0.000367479506120523,3.24706383484531,1,0,0,1.58455055543504,0.00226345723282049,0.114348135788623
20200817,4,260,5210,20,8.2582604496879,2.42181753915933,0.0079360729087379,0.0079360729087379,0.000396803645436895,3.24706383484531,1,0,0,2.09884966589812,0.00244407665275111,0.123472891342565
20200817,4,261,5230,20,9.61759918248299,2.07952105515345,0.00703752591788362,0.00703752591788362,0.000351876295894181,3.24706383484531,1,0,0,3.45818839869321,0.00216735065149062,0.109492904484608
20200817,4,262,5250,20,11.2412206311701,1.77916621835027,0.0104997456608479,0.0104997456608479,0.000524987283042396,3.24706383484531,1,0,0,5.08180984738033,0.00323361233252383,0.163359632656477
20200817,4,263,5270,20,12.5935507088852,1.5881144613083,0.165306252234514,0.165306252234514,0.0082653126117257,3.24706383484531,0,0,1,6.43413992509545,0.0509094556320569,2.5719069311883
20200817,4,264,5290,20,13.7569205192522,1.45381373484065,0.273663812724986,0.273663812724986,0.0136831906362493,3.24706383484531,0,0,1,7.59750973546238,0.0842803919615651,4.2577812227229
20200817,4,265,5310,20,16.55497081262,1.2080963612907,0.318363166693775,0.215215227637519,0.0159181583346888,3.24706383484531,0,0,1,10.3955600288302,0.0980464761047551,4.95323331081982
20200817,4,266,5330,20,66.1897349003184,0.30216165739476,1.78140372575882,-1.78140372575882,0.089070186287941,3.24706383484531,0,0,1,60.0303241165286,0.548619865936108,27.7158578552977
20200817,4,267,5350,20,31.8897220028966,0.627161315428944,1.28784914207149,-1.22834197332667,0.0643924571035745,3.24706383484531,0,0,1,25.7303112191069,0.396619594678477,20.03691989895
20200817,4,268,5370,20,12.8095374566924,1.56133662652674,0.109328069578629,-0.0852721536101964,0.00546640347893143,3.24706383484531,0,0,1,6.65012667290262,0.0336698245366762,1.70097389615857
20200817,4,269,5390,20,12.583416281384,1.58939349639002,0.33871828649919,-0.33871828649919,0.0169359143249595,3.24706383484531,0,0,1,6.42400549759418,0.104315253326495,5.2699271624138
20200817,4,270,5410,20,16.5036462462931,1.21185341115102,0.476170252393129,-0.476170252393129,0.0238085126196564,3.24706383484531,0,0,1,10.3442354625033,0.146646409375507,7.40846493100687
20200817,4,271,5430,20,26.6100817968413,0.751594833593261,0.415165382279116,-0.415165382279116,0.0207582691139558,3.24706383484531,0,0,1,20.4506710130515,0.12785870663331,6.45932449523022
20200817,4,272,5450,20,26.2566344410925,0.76171224628467,0.249552620988783,-0.249552620988783,0.0124776310494391,3.24706383484531,0,0,1,20.0972236573027,0.0768548552420655,3.88264876216976
20200817,4,273,5470,20,19.332294043028,1.03453837167415,0.329569775665762,-0.329569775665762,0.0164784887832881,3.24706383484531,0,0,1,13.1728832592382,0.101497781512344,5.12759063185618
20200817,4,274,5490,20,17.2173553506832,1.16161858732888,0.296371725905015,-0.296371725905015,0.0148185862952507,3.24706383484531,0,0,1,11.0579445668934,0.0912737602274869,4.6110808620958
20200817,4,275,5510,20,16.4046727717873,1.21916482445148,0.130463721919485,-0.130463721919485,0.00652318609597427,3.24706383484531,0,0,1,10.2452619879975,0.0401789827842115,2.02981161412654
20200817,4,276,5530,20,15.267192423747,1.30999855408198,0.0465085809147181,0.00198552049035836,0.00232542904573591,3.24706383484531,0,0,1,9.10778163995724,0.0143232727412437,0.72360083177375
20200817,4,277,5550,20,14.3092752262337,1.39769482966777,0.159465989151788,0.159465989151788,0.00797329945758939,3.24706383484531,0,0,1,8.14986444244391,0.0491108266614613,2.48104156524245
20200817,4,278,5570,20,17.3281264409115,1.15419287066028,0.161952576676951,0.161952576676951,0.00809762883384754,3.24706383484531,0,0,1,11.1687156571218,0.0498766223623276,2.51972898089991
20200817,4,279,5590,20,18.9455604949403,1.05565628450746,0.110571209002705,0.110571209002705,0.00552856045013525,3.24706383484531,0,0,1,12.7861497111505,0.0340526748553968,1.72031520272137
20200817,4,280,5610,20,23.5773333239249,0.848272352314974,0.0120872492965725,-0.01109184719955,0.000604362464828627,3.24706383484531,1,0,0,17.4179225401351,0.00372251668318322,0.188058708153116
20200817,4,281,5630,20,24.5692326179942,0.814026238058092,0.0318983605936034,-0.0260587733856805,0.00159491802968017,3.24706383484531,0,0,1,18.4098218342044,0.00982375531127279,0.496288637575824
20200817,4,282,5650,20,21.6931832133992,0.921948604926117,0.167452414625676,0.167452414625676,0.00837262073128378,3.24706383484531,0,0,1,15.5337724296094,0.0515704104208512,2.60529786380381
20200817,4,283,5670,20,16.3941756436129,1.21994545104144,0.247094282955006,0.247094282955006,0.0123547141477503,3.24899498397812,0,0,1,10.2384259121955,0.0760525282967535,3.8421158158613
20200817,4,284,5690,20,17.5643304828873,1.1386713555342,0.260290521996389,0.260290521996389,0.0130145260998195,3.24899498397812,0,0,1,11.4085807514698,0.0801141655434894,4.04730663664616
20200817,4,285,5710,20,25.3444967085611,0.789125948326455,0.488604473593847,-0.488604473593847,0.0244302236796923,3.24899498397812,0,0,1,19.1887469771436,0.150386342854735,7.59740352243334
20200817,4,286,5730,20,35.8782917935232,0.557440139990456,3.13439418991777,-3.13019183299861,0.156719709495889,3.25233962901985,0,0,1,29.728872519612,0.963735202175788,48.6871685334877
20200817,4,287,5750,20,16.1502020816133,1.23837459735378,0.367923636817876,0.367923636817876,0.0183961818408938,3.2556911673799,0,0,1,10.0071132652083,0.113009378931347,5.70914776742967
20200817,4,288,5770,20,13.4460442677469,1.48742630931048,0.392881322963591,0.392881322963591,0.0196440661481796,3.26010207145189,0,0,1,7.3112670240721,0.120511969979094,6.08817295396928
20200817,4,289,5790,20,13.2085538516003,1.51417030393353,0.373348443251431,0.373348443251431,0.0186674221625716,3.26126631732901,0,0,1,7.07596667412008,0.114479593790796,5.78342190256641
20200817,4,290,5810,20,13.0600770451256,1.53138453401886,0.207929604700424,0.207929604700424,0.0103964802350212,3.2624313950529,0,0,1,6.92967993383991,0.0637345524003126,3.2198210536616
20200817,4,291,5830,20,14.5852260411971,1.37125060273379,0.123808861124196,0.123808861124196,0.0061904430562098,3.26294604465082,0,0,1,8.45579584948814,0.0379438885687873,1.91689635637846
20200817,4,292,5850,20,18.2516358975145,1.09579218609788,0.0892324869101986,0.00284728593290716,0.00446162434550993,3.2624313950529,0,0,1,12.1212387862288,0.0273515289993559,1.38177841696948
20200817,4,293,5870,20,16.0874598993701,1.24320434208406,0.272306453727922,-0.272306453727922,0.0136153226863961,3.26010207145189,0,0,1,9.9526826556953,0.0835269717817916,4.21971900896714
20200817,4,294,5890,20,13.4048098494604,1.49200176836563,0.297351040270177,-0.297351040270177,0.0148675520135088,3.25453905117846,0,0,1,7.25954636191432,0.0913650245378087,4.61569146555586
20200817,4,295,5910,20,13.700124755851,1.45984072089989,0.399336441878445,-0.399336441878445,0.0199668220939222,3.24899498397812,0,0,1,7.54437502443352,0.122910759741922,6.20935798611873
20200817,4,296,5930,20,12.5884187955003,1.58876188700911,0.421055259039529,-0.421055259039529,0.0210527629519764,3.24460571987628,0,0,1,6.42434163891971,0.129770855195184,6.55592478448274
20200817,4,297,5950,20,12.6110889142474,1.58590587505929,0.240426022057696,-0.240426022057696,0.0120213011028848,3.24022829921984,0,0,1,6.43868433250373,0.074200334005966,3.74854437072913
20200817,4,298,5970,20,13.4811861651451,1.48354898115041,0.159864647715769,-0.159864647715769,0.00799323238578846,3.24022829921984,0,0,1,7.30878158340147,0.0493374642009824,2.4924911211555
20200817,4,299,5990,20,13.5857249624123,1.47213343824743,0.101558356004055,-0.101558356004055,0.00507791780020274,3.24022829921984,0,0,1,7.41332038066867,0.031342963095689,1.58342262805541
20200817,4,300,6010,20,14.3138926593551,1.39724395564253,0.0296535707456989,-0.0258611833331781,0.00148267853728494,3.24022829921984,0,0,1,8.14148807761148,0.00915169179679055,0.462336500597812
20200817,4,301,6030,20,13.7701481223871,1.45241720148853,0.0963048986578648,0.0963048986578648,0.00481524493289324,3.24022829921984,0,0,1,7.59774354064348,0.0297216398860081,1.50151461413335
20200817,4,302,6050,20,13.56994358877,1.47384547836671,0.283639666368805,0.283639666368805,0.0141819833184403,3.24022829921984,0,0,1,7.39753900702635,0.0875369388129526,4.42229948980782
20200817,4,303,6070,20,13.3463369798801,1.49853851511096,0.265604670431173,0.265604670431173,0.0132802335215586,3.24022829921984,0,0,1,7.17393239813646,0.0819709742350942,4.14111119779378
20200817,4,304,6090,20,13.3070270118533,1.50296531164962,0.116755198703658,0.116755198703658,0.0058377599351829,3.24022829921984,0,0,1,7.13462243010963,0.0360330161710424,1.82036053796594
20200817,4,305,6110,20,14.315533437225,1.39708381023327,0.141683559622021,-0.0744036047079956,0.00708417798110107,3.24022829921984,0,0,1,8.14312885548134,0.0437264126284357,2.20902506850337
20200817,4,306,6130,20,36.0771774671362,0.554367093108064,1.55164344930075,-1.55164344930075,0.0775821724650377,3.24022829921984,0,0,1,29.9047728853925,0.478868556784825,24.1920748323128
20200817,4,307,6150,20,17.356709464827,1.15229214618875,0.15809706217111,0.0894568672241418,0.00790485310855552,3.24022829921984,0,0,1,11.1843048830833,0.0487919515452586,2.464932237194
20200817,4,308,6170,20,16.1652137771061,1.23722459076445,0.262864418438418,-0.261715576694211,0.0131432209219209,3.24022829921984,0,0,1,9.9928091953625,0.0811252770373335,4.09838721935789
20200817,4,309,6190,20,15.8264755328892,1.26370523610502,0.556716123777174,-0.556716123777174,0.0278358061888587,3.24022829921984,0,0,1,9.65407095114551,0.17181385765664,8.67990525326028
20200817,4,310,6210,20,22.0838767989003,0.905638089821074,0.206745623719089,-0.184890332249391,0.0103372811859545,2.78668756470257,0,0,1,14.9068971283664,0.0741904569201878,3.74804538787697
20200817,4,311,6230,20,16.6189334290634,1.20344666433429,0.106690880184149,0.106690880184149,0.00533454400920744,2.82546597063324,0,0,1,9.54045497351945,0.037760454839326,1.90762942405011
20200817,4,312,6250,20,20.0150644858327,0.999247342628182,0.193456699918018,-0.187836726780642,0.00967283499590088,2.82546597063324,0,0,1,12.9365860302887,0.0684689541225161,3.45899942343969
20200817,4,313,6270,20,37.4029747191253,0.534716828011367,0.773714298220525,-0.773714298220525,0.0386857149110262,2.82546597063324,0,0,1,30.3244962635813,0.273835999535015,13.8339861715101
20200817,4,314,6290,20,25.1270554376429,0.795954784659645,0.0905984846248995,-0.0273158797856549,0.00452992423124497,2.82546597063324,0,0,1,18.0485769820989,0.0320649710761141,1.61989792142035
20200817,4,315,6310,20,16.8959813376764,1.18371342867206,0.0635335854826667,-0.020621086378261,0.00317667927413333,2.82546597063324,0,0,1,9.81750288213243,0.0224860558021259,1.13597841608345
20200817,4,316,6330,20,14.1595809426208,1.41247117983551,0.0647878950970103,0.0647878950970103,0.00323939475485052,2.82546597063324,0,0,1,7.08110248707681,0.0229299859812115,1.15840543067983
20200817,4,317,6350,20,16.6622466981698,1.2003183221502,0.0791318269281673,-0.0758554665268527,0.00395659134640836,2.66275583334288,0,0,1,9.15123132471308,0.0297180184293592,1.50133166090117
20200817,4,318,6370,20,14.8166351887771,1.34983413880292,0.217294738227696,-0.217294738227696,0.0108647369113848,2.66275583334288,0,0,1,7.30561981532037,0.0816052059699743,4.12263286357097
20200817,4,319,6390,20,13.9077337767967,1.43804880945934,0.0371562995352997,0.0182552459652177,0.00185781497676499,2.66275583334288,0,0,1,6.39671840333995,0.01395407685152,0.704949336566076
20200817,4,320,6410,20,12.3570013901167,1.61851563891514,0.125797692649781,0.125797692649781,0.00628988463248904,2.66275583334288,0,0,1,4.84598601665994,0.0472434201718946,2.38670161141198
20200817,4,321,6430,20,11.3867578737154,1.75642621207982,0.0407627251709979,0.0397599742671765,0.00203813625854989,2.66275583334288,0,0,1,3.87574250025864,0.0153084727711679,0.773372387059708
20200817,4,322,6450,20,13.5455658094584,1.47649793898124,0.0932098387109642,-0.0932098387109642,0.00466049193554821,2.66275583334288,0,0,1,6.03455043600161,0.0350050265757738,1.76842728642286
20200817,4,323,6470,20,12.347574032271,1.6197513736487,0.160856074728346,-0.160856074728346,0.00804280373641731,2.66275583334288,0,0,1,4.83655865881428,0.0604096225099258,3.05184812751984
20200817,4,324,6490,20,11.500244467717,1.73909346502529,0.0183409755640454,-0.0147428536510008,0.000917048778202272,2.66275583334288,1,1,0,3.98922909426028,0.006887967471287,0.347974871490231
20200817,4,325,6510,20,10.9843182625623,1.82077754139424,0.032648121323609,-0.032648121323609,0.00163240606618045,2.66275583334288,0,0,1,3.47330288910553,0.0122610270588054,0.61941775028866
20200817,4,326,6530,20,11.0319671886641,1.81291329623886,0.0636085325082794,-0.0636085325082794,0.00318042662541397,2.66275583334288,0,0,1,3.52095181520735,0.0238882332776355,1.20681535439375
20200817,4,327,6550,20,10.9012738485699,1.83464797580732,0.0276455906307784,-0.0055887845267633,0.00138227953153892,2.66275583334288,0,0,1,3.39025847511311,0.0103823228118034,0.524507042355754
20200817,4,328,6570,20,10.4842788468331,1.90761809106605,0.0816028673048807,0.0816028673048807,0.00408014336524404,2.66275583334288,0,0,1,2.97326347337639,0.0306460195422555,1.54821357045563
20200817,4,329,6590,20,11.4329803293326,1.74932514741477,0.0536266256872914,0.0536266256872914,0.00268133128436457,2.66275583334288,0,0,1,3.92196495587586,0.0201395204981929,1.01743323940583
20200817,4,330,6610,20,11.4632596222891,1.74470444349983,0.061487012187528,0.061487012187528,0.0030743506093764,2.66275583334288,0,0,1,3.95224424883236,0.0230914946904223,1.16656472768093
20200817,4,331,6630,20,11.272991621689,1.77415194397203,0.129850055691316,0.129850055691316,0.0064925027845658,2.66275583334288,0,0,1,3.76197624823226,0.0487652882270845,2.46358522666385
20200817,4,332,6650,20,11.2450349957462,1.77856271746292,0.0732482574368402,0.0732482574368402,0.00366241287184201,2.66275583334288,0,0,1,3.73401962228945,0.0275084393843512,1.38970541013282
20200817,4,333,6670,20,12.5957794002297,1.58783346107469,0.0665080165340999,-0.0511494948683122,0.003325400826705,2.54937792058707,0,0,1,4.75072832385013,0.0260879393349357,1.31794282934135
20200817,4,334,6690,20,12.4342507175938,1.60846040941582,0.192075675428167,-0.192075675428167,0.00960378377140833,2.58509488908026,0,0,1,4.69759080445783,0.074301208918681,3.75364049450365
20200817,4,335,6710,20,12.9112276862829,1.54903936991587,0.0474624884832515,-0.045282963649368,0.00237312442416258,2.54937792058707,0,0,1,5.06617660990332,0.0186172823181593,0.940530925728715
20200817,4,336,6730,20,11.1317324519314,1.79666553129652,0.0144553869064332,0.0144553869064332,0.000722769345321659,2.53025183767394,1,0,0,3.2273809157673,0.00571302298498556,0.288617570757725
20200817,4,337,6750,20,11.6613459087366,1.71506789666672,0.029847450222412,0.029847450222412,0.0014923725111206,2.53025183767394,0,0,1,3.75699437257254,0.0117962369508052,0.595936907968261
20200817,4,338,6770,20,12.3409003489437,1.62062729902133,0.0146686424242371,-0.0107507566575285,0.000733432121211855,2.53025183767394,1,0,0,4.43654881277962,0.00579730531397301,0.29287544983752
20200817,4,339,6790,20,10.7283416056875,1.86422102642566,0.0605028287699683,-0.0605028287699683,0.00302514143849842,2.53025183767394,0,0,1,2.82399006952346,0.0239117813765086,1.20800498641704
20200817,4,340,6810,20,9.79653319637873,2.04153853195669,0.0292089757846988,-0.010478685043504,0.00146044878923494,2.53025183767394,0,0,1,1.89218166021465,0.0115439006306782,0.583189069228526
20200817,4,341,6830,20,9.49938545413625,2.10539935415417,0.112532040678564,0.112532040678564,0.00562660203392821,2.53025183767394,0,0,1,1.59503391797216,0.0444746404302644,2.24682496727933
20200817,4,342,6850,20,10.2024729429431,1.96030904584105,0.15009332505378,0.15009332505378,0.007504666252689,2.53025183767394,0,0,1,2.29812140677905,0.059319520222841,2.99677699008477
20200817,4,343,6870,20,10.6149982513061,1.88412654684508,0.104307023542088,0.104307023542088,0.00521535117710442,2.53025183767394,0,0,1,2.71064671514205,0.0412239690883804,2.08260352646034
20200817,4,344,6890,20,8.63498831253582,2.31615831731527,0.0322177123757856,0.0175152805911745,0.00161088561878928,2.53025183767394,0,0,1,0.73063677637174,0.0127330062154617,0.643261777872726
20200817,4,345,6910,20,8.0496356958015,2.48458449000761,0.0984924185031635,-0.0984924185031635,0.00492462092515817,2.53025183767394,0,0,1,0.145284159637414,0.0389259349747998,1.96650859298587
20200817,4,346,6930,20,9.60797983831117,2.08160303586935,0.0692091367110985,-0.0692091367110985,0.00346045683555492,2.53025183767394,0,0,1,1.70362830214708,0.0273526673039481,1.38183592325066
20200817,4,347,6950,20,11.023396745622,1.81432279555239,0.023557696231707,0.0223404641417954,0.00117788481158535,2.53025183767394,1,0,0,3.11904520945791,0.00931041561987902,0.470355107272696
20200817,4,348,6970,20,13.2720540608061,1.50692574852165,0.0267317218846216,0.0252460324264542,0.00133658609423108,2.53025183767394,1,0,0,5.36770252464203,0.010564846347151,0.533727992370584
20200817,4,349,6990,20,13.2526277138409,1.50913467365512,0.0811397845339115,-0.0811397845339115,0.00405698922669558,2.53025183767394,0,0,1,5.34827617767678,0.0320678690262323,1.62004432365354
20200817,4,350,7010,20,12.810809123871,1.56118164017705,0.123135585203991,-0.123135585203991,0.00615677926019955,2.53025183767394,0,0,1,4.90645758770688,0.0486653476031815,2.45853630244865
20200817,4,351,7030,20,16.0514019304073,1.24599708403741,0.129040113209597,-0.129040113209597,0.00645200566047987,2.53025183767394,0,0,1,8.14705039424325,0.0509989208537534,2.57642664606101
20200817,4,352,7050,20,20.289979447618,0.985708243403273,0.112748753202693,-0.112748753202693,0.00563743766013463,2.53025183767394,0,0,1,12.3856279114539,0.0445602890289145,2.25115186926207
20200817,4,353,7070,20,21.2685881660636,0.940353908018784,0.0738773622227115,0.0738773622227115,0.00369386811113558,2.53025183767394,0,0,1,13.3642366298996,0.029197632078642,1.47504213873503
20200817,4,354,7090,20,19.8170561386692,1.00923163662911,0.12485617780489,-0.101519290303455,0.00624280889024448,2.53025183767394,0,0,1,11.9127046025051,0.0493453560415828,2.49288981093302
20200817,4,355,7110,20,24.6852652694001,0.810199922169441,0.875042588097573,-0.875042588097573,0.0437521294048786,2.54937792058707,0,0,1,16.8402141930205,0.343237689881643,17.3401067187171
20200817,4,356,7130,20,21.523402983762,0.929221090879015,1.00223943916001,-1.00223943916001,0.0501119719580005,2.58509488908026,0,0,1,13.786743070626,0.387699284615658,19.5862726273561
20200817,4,357,7150,20,12.9001433201374,1.55037037214769,0.401332102126908,-0.401332102126908,0.0200666051063454,2.58509488908026,0,0,1,5.16348340700142,0.155248499318993,7.8430359644953
20200817,4,358,7170,20,9.27182505361452,2.15707262425138,0.199827026936233,-0.199827026936233,0.00999135134681168,2.58509488908026,0,0,1,1.53516514047851,0.0772996874429353,3.90512134621979
20200817,4,359,7190,20,8.5771044490848,2.33178925577082,0.164962230033791,-0.164962230033791,0.00824811150168954,2.58509488908026,0,0,1,0.840444535948792,0.0638128336141975,3.22377576097624
20200817,4,360,7210,20,7.86633523273758,2.54247999967829,0.13726097472355,-0.13726097472355,0.0068630487361775,2.58509488908026,0,0,1,0.129675319601575,0.0530970740390832,2.68242374724876
20200817,4,361,7230,20,8.05176895118257,2.4839262181092,0.0487926782843305,-0.0487926782843305,0.00243963391421652,2.58509488908026,0,0,1,0.315109038046558,0.0188746179068461,0.953531323709166
20200817,4,362,7250,20,8.16996053003368,2.44799224261584,0.0210755842049657,0.0202856969841374,0.00105377921024829,2.58509488908026,1,1,0,0.433300616897669,0.00815273137322404,0.411869780703528
20200817,4,363,7270,20,8.23729290592837,2.42798213301436,0.0670562791239736,0.0670562791239736,0.00335281395619868,2.58509488908026,0,0,1,0.500632992792363,0.0259395813311253,1.31044789596286
20200817,4,364,7290,20,8.3535829633056,2.39418224345806,0.115835791062751,0.115835791062751,0.00579178955313754,2.58509488908026,0,0,1,0.61692305016959,0.0448091060610791,2.26372191625387
20200817,4,365,7310,20,8.36643754834859,2.39050371014216,0.153665290058779,0.153665290058779,0.00768326450293897,2.58509488908026,0,0,1,0.629777635212577,0.0594428044819087,3.00300521697241
20200817,4,366,7330,20,8.80331758681405,2.27187078084707,0.182256629957519,0.182256629957519,0.00911283149787597,2.58509488908026,0,0,1,1.06665767367804,0.0705028781447802,3.56175171621961
20200817,4,367,7350,20,8.66121506551372,2.3091448311489,0.18159750474957,0.18159750474957,0.0090798752374785,2.58509488908026,0,0,1,0.924555152377708,0.0702479067660762,3.54887075632715
20200817,4,368,7370,20,7.97248529907756,2.50862801870755,0.106870403600421,0.106870403600421,0.00534352018002107,2.58509488908026,0,0,1,0.235825385941554,0.0413409983718023,2.08851575674149
20200817,4,369,7390,20,7.48058453147314,2.67358786146374,0.0645931204169715,0.0645931204169715,0.00322965602084857,2.58509488908026,0,0,1,-0.256075381662867,0.0249867502697175,1.26231159631752
20200817,4,370,7410,20,7.17697967053391,2.78668756470257,0.0225651606406611,0.0225651606406611,0.00112825803203306,2.58509488908026,1,1,0,-0.559680242602098,0.00872894868810387,0.440979840664117
20200817,4,371,7430,20,6.97997724055404,2.86533885580585,0.013608645751609,-0.0124246970766205,0.000680432287580448,2.58509488908026,1,1,0,-0.756682672581973,0.00526427320292708,0.265947073489263
20200817,4,372,7450,20,6.85399941325977,2.918004335003,0.0450606159490881,-0.0450606159490881,0.00225303079745441,2.58509488908026,0,0,1,-0.882660499876237,0.0174309330537264,0.880597464289697
20200817,4,373,7470,20,6.82080092409433,2.9322069684442,0.033652407657147,-0.033652407657147,0.00168262038285735,2.58509488908026,0,0,1,-0.91585898904168,0.013017861665078,0.657652458271079
20200817,4,374,7490,20,6.78432851328853,2.94797045290861,0.0382177904243878,-0.0382177904243878,0.00191088952121939,2.58509488908026,0,0,1,-0.95233139984748,0.0147839023572497,0.746871489206796
20200817,4,375,7510,20,6.76626642468273,2.95583985978468,0.0557583710689276,-0.0557583710689276,0.00278791855344638,2.58509488908026,0,0,1,-0.970393488453282,0.0215691777135367,1.08965843324685
20200817,4,376,7530,20,6.78422173120089,2.94801685328462,0.0617004334846094,-0.0617004334846094,0.00308502167423047,2.58509488908026,0,0,1,-0.952438181935121,0.0238677635181746,1.20578123773343
20200817,4,377,7550,20,6.82173602436433,2.93180503152988,0.047354327254091,-0.047354327254091,0.00236771636270455,2.58509488908026,0,0,1,-0.914923888771681,0.0183182162690125,0.925422336663395
20200817,4,378,7570,20,6.85785996587856,2.91636167835308,0.0253985601573358,-0.0253985601573358,0.00126992800786679,2.58509488908026,1,0,0,-0.878799947257447,0.00982500111103168,0.496351574430972
20200817,4,379,7590,20,6.84929582449968,2.92000820412235,0.0170373052703926,-0.0170373052703926,0.000851865263519631,2.58509488908026,1,0,0,-0.887364088636331,0.00659059183566537,0.332951680828962
20200817,4,380,7610,20,6.85400963718439,2.91799998230174,0.0160631793659007,-0.0160631793659007,0.000803158968295037,2.54937792058707,1,0,0,-0.991041439195214,0.00630082312872691,0.318312786412122
20200817,4,381,7630,20,7.15306209435221,2.79600536612023,0.0163766513141617,-0.0163766513141617,0.000818832565708085,2.53025183767394,1,0,0,-0.751289441811877,0.00647234044861588,0.326977710803172
20200817,4,382,7650,20,7.8450510763796,2.54937792058707,0.0193986488541855,-0.0193986488541855,0.000969932442709274,2.51141059531165,1,1,0,-0.118600919568961,0.00772420443331698,0.390220926020943
20200817,4,383,7670,20,7.96365199594857,2.51141059531165,0.00529152448327341,0.00198245060895648,0.000264576224163671,2.51141059531165,1,1,0,8.88178419700125e-16,0.00210699297564155,0.106443680662838
20200817,4,384,7690,20,7.62826874989241,2.62182687261537,0.00948263636101068,-0.00883497489856566,0.000474131818050534,2.51141059531165,1,1,0,-0.335383246056153,0.00377582079916086,0.190751591501439
20200817,4,385,7710,20,8.45767690013236,2.3647155402315,0.0170748065431946,-0.0170748065431946,0.000853740327159729,2.51141059531165,1,1,0,0.49402490418379,0.00679889086040736,0.343474788940068
20200817,4,386,7730,20,9.30247681073433,2.14996504768725,0.00942430330779498,0.00185160464423451,0.000471215165389749,2.51141059531165,1,1,0,1.33882481478577,0.00375259359237731,0.189578170702158
20200817,4,387,7750,20,9.01560947402049,2.21837470418747,0.0471497453860987,0.0471497453860987,0.00235748726930494,2.51141059531165,0,0,1,1.05195747807193,0.0187742081976236,0.948458701660831
20200817,4,388,7770,20,8.83676272041339,2.26327226754646,0.0874073807003846,0.0874073807003846,0.00437036903501923,2.53025183767394,0,0,1,0.932411184249305,0.0345449331955582,1.7451837192136
20200817,4,389,7790,20,8.66701269661735,2.30760017321837,0.0945483995616177,0.0945483995616177,0.00472741997808089,2.54937792058707,0,0,1,0.821961620237745,0.0370868511875419,1.87359948050842
20200817,4,390,7810,20,8.49612747990068,2.3540136429584,0.0746192678614076,0.0746192678614076,0.00373096339307038,2.58509488908026,0,0,1,0.759467566764671,0.0288651949205455,1.45824766665754
20200817,4,391,7830,20,8.32162194923694,2.40337762542,0.0355066421370104,0.0355066421370104,0.00177533210685052,2.58509488908026,0,0,1,0.584962036100934,0.0137351407435737,0.693888851111583
20200817,4,392,7850,20,8.00436311324938,2.49863727032755,0.0471634567191472,-0.0471634567191472,0.00235817283595736,2.58509488908026,0,0,1,0.267703200113375,0.0182443812481976,0.921692247636894
20200817,4,393,7870,20,7.5061676240739,2.66447553553903,0.101332197884603,-0.101332197884603,0.00506660989423016,2.58509488908026,0,0,1,-0.230492289062112,0.0391986376641887,1.98028532519181
20200817,4,394,7890,20,7.01837092934966,2.84966414590077,0.121497187677125,-0.121497187677125,0.00607485938385624,2.54937792058707,0,0,1,-0.826680147029946,0.0476575821481761,2.40762475907107
20200817,4,395,7910,20,7.56368393156936,2.64421413968977,0.136678468641741,-0.136678468641741,0.00683392343208706,2.56096879674952,0,0,1,-0.245860653817545,0.0533698297360042,2.69620315735486
20200817,4,396,7930,20,7.20311814521574,2.77657531041385,0.145585646602192,-0.145585646602192,0.0072792823301096,2.54937792058707,0,0,1,-0.641932931163864,0.0571063416790974,2.88496889538129
20200817,4,397,7950,20,7.12749140241613,2.80603635568333,0.148766812035526,-0.148766812035526,0.00743834060177629,2.55421669774966,0,0,1,-0.702697797122255,0.0582436142425165,2.9424230392568
20200817,4,398,7970,20,7.74860607989649,2.58110940132695,0.134624707533395,-0.134624707533395,0.00673123537666973,2.55907387805963,0,0,1,-0.0667212428006669,0.0526068077547927,2.65765586790218
20200817,4,399,7990,20,7.94351077980809,2.51777841742706,0.117034958104931,-0.117034958104931,0.00585174790524653,2.56585171556413,0,0,1,0.148828071262415,0.0456125182117935,2.30430968631288
20200817,4,400,8010,20,7.75280649612796,2.57971097434055,0.138648585550889,-0.138648585550889,0.00693242927754444,2.57266555130748,0,0,1,-0.0212315982662394,0.0538929692903241,2.72263176927046
20200817,4,401,8030,20,8.08197214295888,2.47464352094114,0.151786071131998,-0.151786071131998,0.00758930355659988,2.59701357753678,0,0,1,0.380818720815569,0.0584463910565935,2.95266716949025
20200817,4,402,8050,20,7.97040833907067,2.50928172675428,0.136266345697807,-0.136266345697807,0.00681331728489034,2.62182687261537,0,0,1,0.34213958917826,0.0519738153274308,2.62567757249302
20200817,4,403,8070,20,7.65972096412042,2.61106117229123,0.0852203035339119,-0.0852203035339119,0.0042610151766956,2.62182687261537,0,0,1,0.031452214228012,0.0325041689152043,1.64208586180382
20200817,4,404,8090,20,7.57697678212935,2.63957519932896,0.0458654209428802,-0.0458654209428802,0.00229327104714401,2.65712473866631,0,0,1,0.0500437371874796,0.0172612976257567,0.872027611645358
20200817,4,405,8110,20,7.42559733999133,2.69338601115467,0.0181939135933893,-0.0181939135933893,0.000909695679669467,2.70248449496311,1,1,0,0.0249998389599559,0.00673229157366089,0.340110243688722
20200817,4,406,8130,20,7.34755000984114,2.7219957636508,0.0121057180928878,0.0114506401920346,0.000605285904644388,2.70248449496311,1,1,0,-0.0530474911902283,0.00447947735332077,0.226299784785997
20200817,4,407,8150,20,7.49813869015725,2.66732863000438,0.0553597748331457,0.0553597748331457,0.00276798874165729,2.70248449496311,0,0,1,0.0975411891258764,0.0204847705643919,1.03487500984369
20200817,4,408,8170,20,7.93956940318003,2.5190282979313,0.10853946693514,0.10853946693514,0.00542697334675699,2.70248449496311,0,0,1,0.538971902148659,0.0401628453881736,2.02899636516727
20200817,4,409,8190,20,8.35891380033718,2.39265537098771,0.202663892003657,0.202663892003657,0.0101331946001829,2.70248449496311,0,0,1,0.958316299305806,0.0749916946355779,3.78852330711922
20200817,4,410,8210,20,8.91493349960365,2.24342671775277,0.305641733952111,0.305641733952111,0.0152820866976055,2.70248449496311,0,0,1,1.51433599857228,0.113096572624844,5.7135527264275
20200817,4,411,8230,20,11.565090786823,1.72934223938713,0.394600075308415,0.394600075308415,0.0197300037654208,2.70248449496311,0,0,1,4.16449328579165,0.146013816561713,7.37650682377082
20200817,4,412,8250,20,30.5787644958364,0.654048661865433,1.08749899849868,1.08749899849868,0.0543749499249342,2.70248449496311,0,0,1,23.178166994805,0.402407118533174,20.3293011969134
20200817,4,413,8270,20,60.3746932771273,0.33126462288094,1.51353629104596,1.51353629104596,0.0756768145522982,2.71164465801176,0,0,1,52.9990956150559,0.558161736484943,28.1979058893292
20200817,4,414,8290,20,31.2680334415663,0.639630888120162,0.276486053309277,0.266476819345852,0.0138243026654638,2.71164465801176,0,0,1,23.8924357794949,0.101962494419163,5.15106757403169
20200817,4,415,8310,20,22.7165597129406,0.880415003536249,0.184426763884,-0.184426763884,0.00922133819419998,2.71164465801176,0,0,1,15.3409620508692,0.0680128804263112,3.43595892760568
20200817,4,416,8330,20,20.2023496107749,0.989983857587188,0.335641513274628,-0.335641513274628,0.0167820756637314,2.71164465801176,0,0,1,12.8267519487035,0.123777838030123,6.25316212096205
20200817,4,417,8350,20,20.7343799686696,0.964581532229115,0.15110229709654,-0.15110229709654,0.00755511485482698,2.71164465801176,0,0,1,13.3587823065982,0.0557234874599429,2.81510815326746
20200817,4,418,8370,20,18.4115986925999,1.08627177541288,0.128769772077583,-0.128769772077583,0.00643848860387914,2.71164465801176,0,0,1,11.0360010305285,0.0474877014940445,2.39904251778776
20200817,4,419,8390,20,12.4809928303985,1.60243662277318,0.0586962350132881,-0.0586962350132881,0.0029348117506644,2.71164465801176,0,0,1,5.10539516832705,0.0216459906868201,1.09353896616436
20200817,4,420,8410,20,11.7376431283647,1.7039195843047,0.0260243456288724,-0.0260243456288724,0.00130121728144362,2.71164465801176,1,0,0,4.36204546629324,0.00959725513886249,0.484846021344615
20200817,4,421,8430,20,12.9124446605765,1.5488933757883,0.0152296538832115,-0.00738593892923269,0.000761482694160573,2.70248449496311,1,0,0,5.51184715954514,0.00563542692348338,0.28469747681972
20200817,4,422,8450,20,12.9269606794942,1.5471540833048,0.0260724612593455,0.0260724612593455,0.00130362306296727,2.65712473866631,1,0,0,5.40002763455232,0.00981228351079671,0.495709090951502
20200817,4,423,8470,20,13.0512309627347,1.53242250153308,0.0534017771926679,0.0534017771926679,0.00267008885963339,2.65712473866631,0,0,1,5.52429791779286,0.0200975800705057,1.01531444093654
20200817,4,424,8490,20,11.6171824764288,1.72158783255578,0.0356036053999564,0.0298399240810388,0.00178018026999782,2.65712473866631,0,0,1,4.09024943148688,0.0133992977002002,0.676922316303461
20200817,4,425,8510,20,10.8527293438774,1.84285439784629,0.0259511316419374,-0.0259511316419374,0.00129755658209687,2.65712473866631,1,0,0,3.32579629893553,0.00976662151546676,0.493402281718857
20200817,4,426,8530,20,11.1409255032022,1.79518299393093,0.0181814740292822,0.0117523683447722,0.000909073701464109,2.65712473866631,1,0,0,3.61399245826033,0.00684253688383782,0.345679752807506
20200817,4,427,8550,20,9.94377398171309,2.01130878847213,0.0128174016133684,0.0079413377003073,0.000640870080668421,2.65712473866631,1,0,0,2.41684093677122,0.0048237861876977,0.243694004908943
20200817,4,428,8570,20,9.17437069056996,2.17998603659621,0.0288626370150556,-0.0288626370150556,0.00144313185075278,2.65712473866631,0,0,1,1.64743764562809,0.0108623568156392,0.548757994685599
20200817,4,429,8590,20,8.76431566171868,2.28198079256287,0.0386455133808934,-0.0386455133808934,0.00193227566904467,2.65712473866631,0,0,1,1.23738261677681,0.0145441095852695,0.734757340967575
20200817,4,430,8610,20,8.5311590877036,2.34434732659329,0.0161559424866293,-0.0161559424866293,0.000807797124331464,2.62182687261537,1,1,0,0.902890337811187,0.00616209355979067,0.311304274231464
20200817,4,431,8630,20,8.36149002369166,2.39191818005302,0.00310236139960924,-0.00310236139960924,0.000155118069980462,2.59900457918828,1,1,0,0.666236171447053,0.0011936729255699,0.060303447222718
20200817,4,432,8650,20,8.2395716484516,2.4273106483343,0.00703404203487583,0.00703404203487583,0.000351702101743792,2.59900457918828,1,1,0,0.544317796206997,0.00270643695328644,0.136727133939309
20200817,4,433,8670,20,8.19903376559523,2.43931182280575,0.0400272642967968,0.0400272642967968,0.00200136321483984,2.62182687261537,0,0,1,0.570765015702819,0.015266936468947,0.771274004701231
20200817,4,434,8690,20,8.22448639744198,2.43176279143954,0.0661246465217445,0.0661246465217445,0.00330623232608723,2.65712473866631,0,0,1,0.697553352500108,0.024885789349481,1.2572111275085
20200817,4,435,8710,20,8.14489083577337,2.45552707866354,0.060606096909593,0.060606096909593,0.00303030484547965,2.65680530449782,0,0,1,0.617052809350752,0.0228116440474544,1.15242688630332
20200817,4,436,8730,20,7.58465094350595,2.63690447312202,0.0442916386817202,0.0442916386817202,0.00221458193408601,2.70248449496311,0,0,1,0.184053442474577,0.0163892295272261,0.8279713953839
20200817,4,437,8750,20,7.22468315227889,2.76828749143018,0.0364035396839207,0.0364035396839207,0.00182017698419604,2.70248449496311,0,0,1,-0.175914348752486,0.013470397240676,0.68051421094629
20200817,4,438,8770,20,7.02397259924419,2.84739151775052,0.0205346451097889,0.0205346451097889,0.00102673225548945,2.70248449496311,1,1,0,-0.376624901787182,0.0075984321642035,0.383867006760401
20200817,4,439,8790,20,6.90176495957712,2.89780949034599,0.00791611042177722,0.00772461687411683,0.000395805521088861,2.70248449496311,1,1,0,-0.49883254145425,0.00292919735026465,0.147980819563512
20200817,4,440,8810,20,6.97908849927353,2.8657037379712,0.0197304034234624,-0.0197304034234624,0.00098652017117312,2.70248449496311,1,1,0,-0.421509001757841,0.00730083871350083,0.368832812247103
20200817,4,441,8830,20,7.56341057696864,2.64430970611354,0.0437089167968574,-0.0437089167968574,0.00218544583984287,2.70248449496311,0,0,1,0.162813075937264,0.0161736050209806,0.817078209525557
20200817,4,442,8850,20,8.13329905505907,2.45902675711397,0.0595630118593947,-0.0595630118593947,0.00297815059296974,2.70248449496311,0,0,1,0.732701554027698,0.0220400938360269,1.11344875715435
20200817,4,443,8870,20,8.45795411207382,2.36463803598199,0.0521103788812581,-0.0521103788812581,0.0026055189440629,2.70248449496311,0,0,1,1.05735661104245,0.0192823969863218,0.974132012282172
20200817,4,444,8890,20,7.8464920735687,2.54890973093199,0.0149031593966923,-0.0149031593966923,0.000745157969834613,2.70248449496311,1,1,0,0.445894572537326,0.00551461420943165,0.278594110504216
20200817,4,445,8910,20,7.7740380943942,2.57266555130748,0.0166519995529716,-0.0166519995529716,0.000832599977648578,2.70248449496311,1,1,0,0.373440593362829,0.00616173731394484,0.311286276962613
20200817,4,446,8930,20,8.22515846646911,2.43156409466547,0.0180932190409201,-0.0180932190409201,0.000904660952046003,2.70248449496311,1,1,0,0.824560965437739,0.00669503158099231,0.338227897232438
20200817,4,447,8950,20,7.81532732269716,2.55907387805963,0.00277814751288945,0.000957988386513709,0.000138907375644473,2.70248449496311,1,1,0,0.414729821665786,0.00102799757706931,0.0519336547775715
20200817,4,448,8970,20,7.37559766207141,2.71164465801176,0.0100123715604306,0.0100123715604306,0.000500618578021532,2.70248449496311,1,1,0,-0.0249998389599577,0.00370487659747603,0.187167544456043
20200817,4,449,8990,20,7.14334962418889,2.79980696062752,0.0168140622793108,0.0168140622793108,0.00084070311396554,2.70248449496311,1,1,0,-0.257247876842485,0.00622170536432266,0.314315817202275
20200817,4,450,9010,20,7.0168696357623,2.85027384548626,0.0179425139255653,0.0179425139255653,0.000897125696278263,2.70248449496311,1,1,0,-0.383727865269067,0.00663926618598794,0.335410671941939
20200817,4,451,9030,20,6.94241589596368,2.88084152544477,0.0169479514671464,0.0169479514671464,0.000847397573357318,2.70248449496311,1,1,0,-0.458181605067694,0.00627124836376822,0.316818691807471
20200817,4,452,9050,20,6.99792379093924,2.85799054083664,0.024839977159614,0.024839977159614,0.0012419988579807,2.70248449496311,1,1,0,-0.402673710092132,0.00919153364465578,0.464349280412558
20200817,4,453,9070,20,7.31733907622947,2.73323400646697,0.0325724746519492,0.0325724746519492,0.00162862373259746,2.70248449496311,0,0,1,-0.0832584248018984,0.0120527887255811,0.608897708266811
20200817,4,454,9090,20,7.24114497339724,2.76199414229057,0.0212112781447413,0.0212112781447413,0.00106056390723706,2.71164465801176,1,1,0,-0.134452688674173,0.00782229267469501,0.395176269281565
20200817,4,455,9110,20,7.0718093402038,2.82813054451262,0.0181092354981285,0.0181092354981285,0.000905461774906424,2.71164465801176,1,1,0,-0.303788321867614,0.00667832175009485,0.337383729299967
20200817,4,456,9130,20,7.33955742475882,2.72495994547753,0.0406894988532962,0.0406894988532962,0.00203447494266481,2.71681035138351,0,0,1,-0.0220164111974563,0.0149769375078299,0.756623478018625
20200817,4,457,9150,20,8.29901356355731,2.4099249684112,0.0945013701677535,-0.0885404707464513,0.00472506850838768,2.71164465801176,0,0,1,0.923415901485896,0.0348502042435914,1.76060578009758
20200817,4,458,9170,20,8.26730135135131,2.41916910367988,0.048534742801797,-0.0363650322239172,0.00242673714008985,2.71164465801176,0,0,1,0.891703689279893,0.0178986367769086,0.904225500230381
20200817,4,459,9190,20,8.85371338323421,2.25893917436642,0.0911323350262498,-0.0911323350262498,0.00455661675131249,2.71164465801176,0,0,1,1.47811572116279,0.0336077718579359,1.69783904208147
20200817,4,460,9210,20,8.73645103206763,2.28925909692493,0.0398719183943915,-0.0398259855472319,0.00199359591971957,2.71164465801176,0,0,1,1.36085336999622,0.0147039614045988,0.742832933153582
20200817,4,461,9230,20,8.70764913203584,2.29683117644452,0.0394797592780597,0.0394797592780597,0.00197398796390298,2.71164465801176,0,0,1,1.33205146996443,0.01455934101152,0.735526821023079
20200817,4,462,9250,20,9.57462390120236,2.08885489460202,0.0565495387359706,0.0565495387359706,0.00282747693679853,2.71164465801176,0,0,1,2.19902623913094,0.0208543322846121,1.05354498652947
20200817,4,463,9270,20,11.3711391138304,1.75883874076209,0.0866199554498563,0.0866199554498563,0.00433099777249281,2.71164465801176,0,0,1,3.99554145175898,0.0319436970452345,1.61377124972999
20200817,4,464,9290,20,11.756545945902,1.70117992920969,0.0837273926869297,0.0837273926869297,0.00418636963434649,2.66565791508342,0,0,1,4.2537077584393,0.0314096539594089,1.58679179970572
20200817,4,465,9310,20,12.8683457518719,1.5542013235921,0.0138700469229852,0.0138700469229852,0.000693502346149262,2.66565791508342,1,0,0,5.3655075644092,0.00520323588578363,0.262863514706844
20200817,4,466,9330,20,14.8470368961025,1.34707013527057,0.00608834640864719,0.00608834640864719,0.00030441732043236,2.66565791508342,1,0,0,7.34419870863985,0.00228399389666496,0.11538563240746
20200817,4,467,9350,20,26.8033908280704,0.746174248187083,3.21512981308935,-3.12343887827827,0.160756490654468,2.66565791508342,0,0,1,19.3005526406077,1.20612993696482,60.9327659524261
20200817,4,468,9370,20,15.9217816954879,1.2561408253492,0.0714442073317622,0.0618859071333157,0.00357221036658811,2.66565791508342,0,0,1,8.41894350802522,0.0268017163520873,1.35400230070956
20200817,4,469,9390,20,16.3977901976014,1.21967653927696,0.10288762693132,0.10288762693132,0.00514438134656602,2.6212049380706,0,0,1,8.76771148474745,0.039252034603236,1.98298289789093
20200817,4,470,9410,20,23.5252363894015,0.85015086220389,0.585474291141313,0.581716341718084,0.0292737145570656,2.6212049380706,0,0,1,15.8951576765476,0.223360746288028,11.2840148141722
20200817,4,471,9430,20,24.682712343666,0.810283720910936,1.07069093809908,0.999013374418495,0.0535345469049539,2.6212049380706,0,0,1,17.0526336308121,0.408472806741767,20.6357351462146
20200817,4,472,9450,20,10.2372347950613,1.95365256344891,0.238699267845202,-0.238699267845202,0.0119349633922601,2.6212049380706,0,0,1,2.60715608220744,0.0910647101179743,4.60051980975403
20200817,4,473,9470,20,9.19610035673213,2.17483490003007,0.212884921035914,-0.212884921035914,0.0106442460517957,2.6212049380706,0,0,1,1.56602164387823,0.0812164352141854,4.10299246103586
20200817,4,474,9490,20,8.12968111685859,2.46012109362147,0.143518670595781,-0.143518670595781,0.00717593352978907,2.6212049380706,0,0,1,0.49960240400469,0.0547529376704982,2.76607671697443
20200817,4,475,9510,20,8.23287001777771,2.42928650116094,0.0797578086535889,-0.0797578086535889,0.00398789043267945,2.6212049380706,0,0,1,0.602791304923812,0.0304279178995812,1.53719524155123
20200817,4,476,9530,20,7.57174387073792,2.64139943735985,0.0492307772860904,-0.0492307772860904,0.00246153886430452,2.6212049380706,0,0,1,-0.0583348421159826,0.0187817352893925,0.948838964605146
20200817,4,477,9550,20,7.67701934448905,2.60517775226879,0.0653738233145898,-0.0653738233145898,0.00326869116572949,2.6212049380706,0,0,1,0.0469406316351524,0.0249403708825262,1.25996854499433
20200817,4,478,9570,20,8.98876162111173,2.22500059997435,0.0844506476183765,-0.0844506476183765,0.00422253238091883,2.6212049380706,0,0,1,1.35868290825783,0.032218254433985,1.62764167993533
20200817,4,479,9590,20,9.01554529076566,2.21839049718772,0.0595566612924733,-0.0595566612924733,0.00297783306462367,2.6212049380706,0,0,1,1.38546657791176,0.0227211006768175,1.14785270416715
20200817,4,480,9610,20,8.23370393592995,2.42904046048154,0.00817921053966248,-0.0028975270623425,0.000408960526983124,2.6212049380706,1,1,0,0.603625223076051,0.00312040101133145,0.157640282919798
20200817,4,481,9630,20,7.7622389545968,2.57657618078815,0.0185895226398417,0.0185895226398417,0.000929476131992084,2.66565791508342,1,1,0,0.259400767134139,0.00697370901744529,0.352306469110309
20200817,4,482,9650,20,7.10475432755902,2.81501640703056,0.0305618402630806,0.0305618402630806,0.00152809201315403,2.71164465801176,0,0,1,-0.270843334512392,0.0112705918796489,0.569381719250027
20200817,4,483,9670,20,7.72528997521022,2.58889958359858,0.03815304719873,0.03815304719873,0.0019076523599365,2.736587829284,0,0,1,0.41691865747589,0.0139418317915681,0.70433072546187
20200817,4,484,9690,20,7.23879036932158,2.76289255242992,0.0361919186024586,0.0361919186024586,0.00180959593012293,2.736587829284,0,0,1,-0.0695809484127494,0.0132251989923992,0.668126982160815
20200817,4,485,9710,20,7.6300787128539,2.6212049380706,0.0108390133343164,0.003084329510407,0.00054195066671582,2.736587829284,1,1,0,0.321707395119574,0.0039607767082529,0.200095423185597
20200817,4,486,9730,20,8.90690507985619,2.24544887597735,0.0229977624153845,-0.0229977624153845,0.00114988812076922,2.736587829284,1,0,0,1.59853376212186,0.00840380936043323,0.42455404942247
20200817,4,487,9750,20,10.7788629445149,1.85548328269426,0.0468763938920109,-0.0468763938920109,0.00234381969460054,2.736587829284,0,0,1,3.47049162678059,0.0171295046299594,0.86536952985751
20200817,4,488,9770,20,13.3418568373027,1.49904171839723,0.0616376560695414,-0.0616376560695414,0.00308188280347707,2.736587829284,0,0,1,6.03348551956833,0.0225235438855505,1.13787228551103
20200817,4,489,9790,20,17.0123456154324,1.17561684038781,0.0599765360938344,-0.0599765360938344,0.00299882680469172,2.71164465801176,0,0,1,9.63674795336101,0.0221181399696413,1.11739158839274
20200817,4,490,9810,20,22.1702409748314,0.902110176551752,0.0541223412570201,-0.0541223412570201,0.002706117062851,2.66565791508342,0,0,1,14.6674027873687,0.0203035584389028,1.02572031125627
20200817,4,491,9830,20,29.4874327789266,0.678255043426267,0.0422675954649634,-0.0422675954649634,0.00211337977324817,2.6212049380706,0,0,1,21.8573540660727,0.0161252540200369,0.814635553776972
20200817,4,492,9850,20,39.9986944872153,0.50001631944244,0.0510492222236314,0.0418096426181277,0.00255246111118157,2.6212049380706,0,0,1,32.3686157743614,0.0194754791898139,0.98388637817128
20200817,4,493,9870,20,52.0669729834453,0.384120659489058,0.175772161706793,0.175772161706793,0.00878860808533965,2.6212049380706,0,0,1,44.4368942705914,0.0670577714675657,3.38770755032144
20200817,4,494,9890,20,65.4125932087727,0.305751523046448,0.159170560370683,0.159170560370683,0.00795852801853417,2.6212049380706,0,0,1,57.7825144959188,0.0607241952198689,3.06774010128033
20200817,4,495,9910,20,77.969575584737,0.256510309951144,0.0999283754406743,0.0999283754406743,0.00499641877203372,2.66565791508342,0,0,1,70.4667373972743,0.0374873215633698,1.89383093893868
20200817,4,496,9930,20,89.651212558103,0.223086776289144,0.133193732331705,0.133193732331705,0.00665968661658523,2.71164465801176,0,0,1,82.2756148960316,0.0491191690394143,2.48146301582395
20200817,4,497,9950,20,96.0549684575926,0.208214112410331,0.0533240881340822,0.0236564997119407,0.00266620440670411,2.71164465801176,0,0,1,88.6793707955212,0.0196648509886913,0.993453297244713
20200817,4,498,9970,20,108.910599054278,0.183636856042199,0.0520025676053855,-0.0520025676053855,0.00260012838026928,2.72992257653019,0,0,1,101.584383955013,0.0190490997995563,0.962346016061635
20200817,4,499,9990,20,91.4269711766265,0.218753828794812,0.519287987884318,-0.519287987884318,0.0259643993942159,2.76350268482827,0,0,1,84.1897790038811,0.187909348065854,9.49303717208338
20200817,4,500,10010,20,15.1693092419564,1.31845159730033,0.163655305603253,-0.123616686660382,0.00818276528016264,2.76199414229057,0,0,1,7.92816426855916,0.0592525896769392,2.99339570987315
20200817,4,501,10030,20,9.67468811545405,2.06725010267283,0.0690570738423402,0.0690570738423402,0.00345285369211701,2.76199414229057,0,0,1,2.43354314205681,0.0250026141565492,1.26311302779997
20200817,4,502,10050,20,8.38945393471295,2.38394538615275,0.0796787971638137,0.0796787971638137,0.00398393985819069,2.74586471402363,0,0,1,1.10577389838181,0.0290177432110474,1.46595429012879
20200817,4,503,10070,20,7.7939909924753,2.56607943469642,0.0761029530627736,0.0761029530627736,0.00380514765313868,2.72992257653019,0,0,1,0.467775893210272,0.0278773301913575,1.40834149279393
20200817,4,504,10090,20,7.23323937209352,2.76501287613428,0.0244391448956673,0.02220867687933,0.00122195724478336,2.72992257653019,1,1,0,-0.092975727171507,0.00895232161738818,0.452264470953984
20200817,4,505,10110,20,8.29763370856745,2.41032572688159,0.0282541554210393,-0.0282541554210393,0.00141270777105197,2.72992257653019,0,0,1,0.971418609302417,0.01034980100313,0.522864065346796
20200817,4,506,10130,20,7.62061718963741,2.62445934526093,0.0596043999784573,-0.0596043999784573,0.00298021999892287,2.72992257653019,0,0,1,0.294402090372386,0.0218337327552403,1.10302355249613
20200817,4,507,10150,20,7.45160050496452,2.68398714969694,0.07558979744271,-0.07558979744271,0.0037794898721355,2.74735568414931,0,0,1,0.171873269285243,0.0275136553591588,1.38996891720815
20200817,4,508,10170,20,7.38806285975625,2.70706954984677,0.0895938379765493,-0.0895938379765493,0.00447969189882746,2.76501287613428,0,0,1,0.154823487662725,0.0324026838174472,1.63695891194562
20200817,4,509,10190,20,7.32302975177117,2.7311100293103,0.14151976462834,-0.14151976462834,0.00707598823141702,2.75657532088072,0,0,1,0.0676502783708193,0.0513389797682455,2.59360616346767
20200817,4,510,10210,20,8.43006144060382,2.37246194952613,0.178053771970572,-0.178053771970572,0.00890268859852859,2.75657532088072,0,0,1,1.17468196720347,0.0645923841158397,3.26315805869467
20200817,4,511,10230,20,8.41099748397937,2.37783925605667,0.198478963584717,-0.198478963584717,0.00992394817923587,2.75657532088072,0,0,1,1.15561801057902,0.0720020099147167,3.63748671165406
20200817,4,512,10250,20,8.20591279865766,2.43726694284049,0.180523323511659,-0.180523323511659,0.00902616617558294,2.75657532088072,0,0,1,0.95053332525731,0.0654882607938251,3.30841706626005
20200817,4,513,10270,20,8.05265496185712,2.48365291878687,0.0780168164205504,-0.0780168164205504,0.00390084082102752,2.75657532088072,0,0,1,0.797275488456761,0.0283020804218852,1.42979955099462
20200817,4,514,10290,20,7.81207081683533,2.56014064246566,0.0127816653791619,0.00267559257608632,0.000639083268958096,2.75657532088072,1,1,0,0.556691343434976,0.00463679163139217,0.234247182319981
20200817,4,515,10310,20,7.61859256270418,2.62515679049532,0.0374780882351319,0.0374780882351319,0.00187390441175659,2.75657532088072,0,0,1,0.363213089303826,0.0135958876041731,0.686853888549766
20200817,4,516,10330,20,7.49090385882209,2.66990477743829,0.0548919787902799,0.0548919787902799,0.00274459893951399,2.75657532088072,0,0,1,0.23552438542174,0.0199131068084662,1.00599499221394
20200817,4,517,10350,20,7.39221361171622,2.70554952149938,0.056820580647983,0.056820580647983,0.00284102903239915,2.75657532088072,0,0,1,0.136834138315861,0.0206127437250032,1.04134011646673
20200817,4,518,10370,20,7.34566689100939,2.72269356843266,0.0308514179956854,0.0308514179956854,0.00154257089978427,2.75657532088072,0,0,1,0.0902874176090327,0.0111919372425595,0.565408146879458
20200817,4,519,10390,20,8.39773086198784,2.38159573445365,0.0259219161014888,0.0259219161014888,0.00129609580507444,2.75657532088072,1,1,0,1.14235138858748,0.00940366689969741,0.475066090918651
20200817,4,520,10410,20,30.408727649663,0.657705913592266,1.22796408477913,1.22796408477913,0.0613982042389563,2.75657532088072,0,0,1,23.1533481762626,0.445467270738966,22.5046672962194
20200817,4,521,10430,20,31.057417187395,0.643968552804102,1.1450530325259,1.1450530325259,0.0572526516262951,2.75657532088072,0,0,1,23.8020377139947,0.415389713407163,20.9851720037542
20200817,4,522,10450,20,36.1627661084613,0.553055038434144,1.33808397746661,0.00961402769274211,0.0669041988733306,2.75657532088072,0,0,1,28.9073866350609,0.485415351189858,24.5228139002978
20200817,4,523,10470,20,26.5499769097687,0.753296323683102,1.35410901761513,-1.35410901761513,0.0677054508807564,2.75657532088072,0,0,1,19.2945974363683,0.491228738557556,24.8165018032431
20200817,4,524,10490,20,16.9295056620094,1.18136940317643,0.273702089102024,-0.264938849668433,0.0136851044551012,2.74818910408835,0,0,1,9.65198608730225,0.0995936155539114,5.0313936176508
20200817,4,525,10510,20,39.93860759975,0.500768584634513,3.21009220682451,3.21009220682451,0.160504610341226,2.75657532088072,0,0,1,32.6832281263496,1.16452185525585,58.8307573488736
20200817,4,526,10530,20,22.2500390999494,0.898874824900667,0.19010312295795,0.0534165463362009,0.00950515614789751,2.76501287613428,0,0,1,15.0167997278559,0.0687530696868691,3.47335272539795
20200817,4,527,10550,20,19.9677578398168,1.00161471109785,0.0961616655464642,-0.0961616655464642,0.00480808327732321,2.78071437416449,0,0,1,12.7753614592971,0.0345816407610571,1.74703815746995
20200817,4,528,10570,20,16.5418378966224,1.20905549461851,0.14299710508498,-0.14299710508498,0.007149855254249,2.78071437416449,0,0,1,9.34944151610262,0.0514245930519007,2.59793128136377
20200817,4,529,10590,20,15.588822791,1.28297051471691,0.0868841535042381,-0.0603510295618954,0.0043442076752119,2.78071437416449,0,0,1,8.39642641048022,0.0312452635594203,1.57848692188091
20200817,4,530,10610,20,16.4644800209362,1.21473620634044,0.074711899559291,0.0445037354204926,0.00373559497796455,2.78071437416449,0,0,1,9.27208364041644,0.0268678797986,1.35734482764419
20200817,4,531,10630,20,16.3214886141741,1.22537842428364,0.329142169610698,-0.329142169610698,0.0164571084805349,2.81462122676618,0,0,1,9.21573676031676,0.116940129094692,5.90772627243161
20200817,4,532,10650,20,18.4790591781502,1.08230618275459,0.236419486165268,-0.236419486165268,0.0118209743082634,2.83323131945244,0,0,1,11.4199814873582,0.083445176022888,4.21558674951447
20200817,4,533,10670,20,14.5972867949267,1.37011763082924,0.234810094301761,-0.234810094301761,0.0117405047150881,2.84706785804677,0,0,1,7.57251569806886,0.0824743581850742,4.16654177162194
20200817,4,534,10690,20,12.3920513322428,1.61393779478319,0.220546943941011,-0.220546943941011,0.0110273471970506,2.8610402057882,0,0,1,5.40158682931906,0.0770862791423972,3.89434012138616
20200817,4,535,10710,20,12.233563028979,1.63484668797012,0.115833130765154,-0.115833130765154,0.0057916565382577,2.86403219200305,0,0,1,5.2504012978211,0.0404440742979716,2.0432038355356
20200817,4,536,10730,20,11.8712085958869,1.6847484262832,0.0322185000294065,-0.0322185000294065,0.00161092500147032,2.90382054425926,0,0,1,4.98373063532927,0.011095210443738,0.560521582660062
20200817,4,537,10750,20,12.5176423159064,1.59774496628535,0.00544395162875428,0.00483402884398245,0.000272197581437714,2.90670683899568,1,0,0,5.63700346657879,0.00187289325353336,0.0946171409679171
20200817,4,538,10770,20,13.5368769464912,1.47744565301556,0.0618737477039864,0.0618737477039864,0.00309368738519932,2.91084079763365,0,0,1,6.66600993917882,0.0212563145859047,1.07385282628288
20200817,4,539,10790,20,12.2120827157923,1.63772228418798,0.0781002820163286,0.0781002820163286,0.00390501410081643,2.91498653176509,0,0,1,5.35098755049512,0.0267926733675291,1.35354545601587
20200817,4,540,10810,20,14.1789568744862,1.4105409993868,0.102500860550148,0.102500860550148,0.00512504302750738,2.91881962205758,0,0,1,7.326871925879,0.0351172301897474,1.77409572755821
20200817,4,541,10830,20,11.6149803388143,1.72191423632161,0.169250461500602,0.169250461500602,0.0084625230750301,2.92266280634304,0,0,1,4.77190560689723,0.057909677823004,2.92555282563425
20200817,4,542,10850,20,8.98864163518647,2.22503030065289,0.0836454302877217,0.0836454302877217,0.00418227151438609,2.93284307903882,0,0,1,2.16932008916137,0.02852025424938,1.44082152662117
20200817,4,543,10870,20,8.96973162530139,2.22972111490883,0.0133154847016067,0.00994166484044516,0.000665774235080337,2.93954969438137,1,0,0,2.16596843727712,0.00452977023217461,0.22884054272787
20200817,4,544,10890,20,10.0129163938391,1.99742005359257,0.0092388413932988,-0.00342363871004947,0.00046194206966494,2.93969935458432,1,0,0,3.20949958565052,0.00314278444116786,0.158771076750243
20200817,4,545,10910,20,10.0463314470417,1.99077644465825,0.0199617286042859,0.0199617286042859,0.000998086430214293,2.94125349442796,1,0,0,3.24650952149568,0.00678680999176108,0.34286447265559
20200817,4,546,10930,20,8.45821203942342,2.36456592797399,0.00587207587023997,0.00587207587023997,0.000293603793511998,2.9415827862051,1,0,0,1.65915131137171,0.00199623002207443,0.100848020594165
20200817,4,547,10950,20,7.7097008018045,2.59413439174175,0.00385950849718872,0.00385950849718872,0.000192975424859436,2.94264820559333,1,1,0,0.913101751335489,0.0013115765893635,0.0662598505344105
20200817,4,548,10970,20,7.32621509926503,2.72992257653019,0.00126366093280312,0.00126366093280312,6.31830466401562e-05,2.9415827862051,1,1,0,0.527154371213327,0.000429585371089745,0.0217023258199427
20200817,4,549,10990,20,7.10575185385733,2.81462122676618,0.00278174783701095,0.00278174783701095,0.000139087391850548,2.9415827862051,1,1,0,0.306691125805627,0.000945663623698196,0.0477742061502332
20200817,4,550,11010,20,6.9758589593921,2.86703044261991,0.00428788377153762,0.00134765617747927,0.000214394188576881,2.9415827862051,1,1,0,0.176798231340398,0.00145767910787558,0.0736408385131679
20200817,4,551,11030,20,6.88747796055759,2.90382054425926,0.0146656390832987,-0.00363107242569125,0.000733281954164937,2.9415827862051,1,1,0,0.088417232505889,0.00498562853715183,0.251870157161076
20200817,4,552,11050,20,6.99385291438011,2.85965407692201,0.0691622988011537,-0.0691622988011537,0.00345811494005769,2.94141813110048,0,0,1,0.19441158758127,0.0235132496362487,1.18787146637941
20200817,4,553,11070,20,6.55249520095458,3.05227236138782,0.0649939351910464,-0.00735697086740724,0.00324969675955232,2.94125349442796,0,0,1,-0.247326724591404,0.0220973592769796,1.11634176362388
20200817,4,554,11090,20,6.84577873747821,2.92150838742524,0.0562284942310702,0.00100940051432037,0.00281142471155351,2.93954969438137,0,0,1,0.0420155494539367,0.0191282679583696,0.96634553115865
20200817,4,555,11110,20,6.75773911466786,2.95956971120555,0.0137915187466382,-0.0137915187466382,0.000689575937331912,2.93954969438137,1,1,0,-0.0460240733564197,0.0046917113777662,0.237021686085634
20200817,4,556,11130,20,6.75907143222958,2.95898633422235,0.00553722684430742,-0.00306298294346892,0.000276861342215371,2.93619255703699,1,1,0,-0.0524709347951102,0.00188585276229132,0.0952718454817562
20200817,4,557,11150,20,6.76648732926515,2.95574336088678,0.0113678518175209,0.0113678518175209,0.000568392590876043,2.93284307903882,1,1,0,-0.0528342167599476,0.00387605184156203,0.195815187438016
20200817,4,558,11170,20,6.75462027296089,2.96093624686218,0.0122243451859243,0.0122243451859243,0.000611217259296213,2.93267149474379,1,1,0,-0.0651002568856711,0.00416833089141893,0.21058090246748
20200817,4,559,11190,20,7.27751957470718,2.74818910408835,0.00431048310580593,0.00393184294576461,0.000215524155290296,2.93954969438137,1,1,0,0.473756386682909,0.00146637531389415,0.0740801642191004
20200817,4,560,11210,20,8.40185979374564,2.38042534521798,0.0086448654704645,-0.0086448654704645,0.000432243273523225,2.93969935458432,1,0,0,1.59844298555709,0.00294073115231435,0.14856349846012
20200817,4,561,11230,20,9.01781964196925,2.21783100506017,0.0106533115010406,-0.0106533115010406,0.000532665575052032,2.94047621915246,1,0,0,2.21620027510198,0.00362298849133739,0.183030619691378
20200817,4,562,11250,20,10.6371924302111,1.88019537403471,0.00901731719132819,-0.00901731719132819,0.000450865859566409,2.94125349442796,1,0,0,3.83737050466516,0.00306580755735981,0.154882263197843
20200817,4,563,11270,20,12.6657879304985,1.57905691377014,0.0125176982839083,0.00302828738818537,0.000625884914195414,2.9415827862051,1,0,0,5.86672720244678,0.00425542954038605,0.214981059888032
20200817,4,564,11290,20,13.5541490442183,1.47556293904937,0.0384522149063726,0.0384522149063726,0.00192261074531863,2.94264820559333,0,0,1,6.75754999374931,0.0130672143660541,0.660145719142511
20200817,4,565,11310,20,15.8572523026442,1.26125255613578,0.0239598517330828,0.0239598517330828,0.00119799258665414,2.94637985024524,1,0,0,9.06926127075621,0.00813196293447654,0.410820574993085
20200817,4,566,11330,20,19.0317328270794,1.05087645889726,0.35084258593112,-0.35084258593112,0.017542129296556,2.94853051907797,0,0,1,12.248692980419,0.118988962013808,6.01123175132738
20200817,4,567,11350,20,27.7694935289956,0.720214791786425,0.888428502336339,-0.888428502336339,0.0444214251168169,2.94853051907797,0,0,1,20.9864536823352,0.301312296612809,15.2220677767919
20200817,4,568,11370,20,12.7509064641999,1.56851593697695,0.41925386671485,-0.41925386671485,0.0209626933357425,2.95068432990552,0,0,1,5.97281780276717,0.142086994012089,7.17812673882322
20200817,4,569,11390,20,9.66468979880665,2.06938871462481,0.273639186871324,-0.273639186871324,0.0136819593435662,2.95321167879091,0,0,1,2.89240180345769,0.092658169015286,4.68102013983375
20200817,4,570,11410,20,8.64556733670543,2.31332418349094,0.202433813639385,-0.202433813639385,0.0101216906819693,2.95321167879091,0,0,1,1.87327934135647,0.0685470042981359,3.46294245887711
20200817,4,571,11430,20,7.93348352603971,2.52096067690251,0.142302354780807,-0.142302354780807,0.00711511773904033,2.95068432990552,0,0,1,1.15539486460693,0.0482268988717485,2.43638620641357
20200817,4,572,11450,20,7.84011364642083,2.55098342982954,0.106348830508889,-0.106348830508889,0.00531744152544447,2.95068432990552,0,0,1,1.06202498498806,0.036042090111447,1.82081894652541
20200817,4,573,11470,20,7.48830525473932,2.67083129221289,0.0314882638659085,-0.0314882638659085,0.00157441319329543,2.95068432990552,0,0,1,0.710216593306541,0.0106715122138859,0.539116670732409
20200817,4,574,11490,20,7.29811032464931,2.74043541551436,0.00500439827324754,0.00231227798949583,0.000250219913662377,2.95068432990552,1,1,0,0.520021663216539,0.00169601275965965,0.0856812731111933
20200817,4,575,11510,20,7.15155338894601,2.79659521676976,0.0145920304093691,0.0145920304093691,0.000729601520468455,2.95068432990552,1,1,0,0.373464727513237,0.00494530379325135,0.249832981806352
20200817,4,576,11530,20,7.05907769079204,2.83323131945244,0.0219965667112579,0.0219965667112579,0.00109982833556289,2.95068432990552,1,1,0,0.280989029359262,0.00745473397080133,0.376607483455313
20200817,4,577,11550,20,6.99046450292371,2.8610402057882,0.0252015614510967,0.0252015614510967,0.00126007807255483,2.95068432990552,1,1,0,0.212375841490939,0.00854092089610398,0.431480819794681
20200817,4,578,11570,20,6.94991493695852,2.87773306312617,0.0314472937582499,0.0314472937582499,0.0015723646879125,2.95068432990552,0,0,1,0.171826275525746,0.010657627262777,0.538415213575719
20200817,4,579,11590,20,6.86104608676214,2.91500738328933,0.0295966472817087,0.0295966472817087,0.00147983236408543,2.95068432990552,0,0,1,0.0829574253293686,0.0100304349678287,0.506729936439314
20200817,4,580,11610,20,6.93977010590879,2.881939847398,0.0277147814685566,0.0277147814685566,0.00138573907342783,2.95068432990552,0,0,1,0.161681444476017,0.00939266230130555,0.474510146987851
20200817,4,581,11630,20,6.88063884932762,2.90670683899568,0.026072387825009,0.026072387825009,0.00130361939125045,2.95068432990552,1,1,0,0.102550187894849,0.00883604781465857,0.446390406982112
20200817,4,582,11650,20,6.86109516529723,2.91498653176509,0.0267717368145895,0.0267717368145895,0.00133858684072948,2.94853051907797,1,1,0,0.0780553186368707,0.00907968787888324,0.458698917495825
20200817,4,583,11670,20,6.84307473191711,2.92266280634304,0.0241048077226814,0.0241048077226814,0.00120524038613407,2.94853051907797,1,1,0,0.0600348852567549,0.00817519356395173,0.413004553474223
20200817,4,584,11690,20,6.81932154602509,2.93284307903882,0.00941925539097692,0.00941925539097692,0.000470962769548846,2.94853051907797,1,1,0,0.0362816993647357,0.00319455923214334,0.161386699764031
20200817,4,585,11710,20,6.80376318802428,2.93954969438137,0.00173695007522774,-2.40934622162568e-05,8.6847503761387e-05,2.94853051907797,1,1,0,0.0207233413639187,0.000589090078596473,0.0297603821809971
20200817,4,586,11730,20,6.79982192554598,2.94125349442796,0.00214564509840667,0.000105921834982858,0.000107282254920333,2.94853051907797,1,1,0,0.0167820788856261,0.000727699809964196,0.0367628402589483
20200817,4,587,11750,20,6.80341680818856,2.93969935458432,0.00857337552262027,0.00857337552262027,0.000428668776131014,2.94853051907797,1,1,0,0.0203769615281999,0.00290767738951579,0.146893647533843
20200817,4,588,11770,20,6.7990607280517,2.9415827862051,0.0131951020447724,0.0131951020447724,0.000659755102238622,2.94853051907797,1,1,0,0.0160208813913414,0.00447514514752205,0.226080925048002
20200817,4,589,11790,20,6.79413737288633,2.94371439703514,0.0158792448953516,0.0158792448953516,0.000793962244767581,2.94853051907797,1,1,0,0.0110975262259672,0.00538547754300241,0.272070224453257
20200817,4,590,11810,20,6.77808866143278,2.95068432990552,0.0125406699204273,0.0125406699204273,0.000627033496021365,2.94853051907797,1,1,0,-0.00495118522758276,0.00425319318870367,0.214868081104011
20200817,4,591,11830,20,6.75999592889639,2.95858166341605,0.00241563181936044,-0.000348117991336494,0.000120781590968022,2.94853051907797,1,1,0,-0.023043917763971,0.000819266344279127,0.0413887118449956
20200817,4,592,11850,20,6.7491910921226,2.96331808167993,0.00603308987741951,-0.00603308987741951,0.000301654493870975,2.94853051907797,1,1,0,-0.0338487545377575,0.00204613445185099,0.103369154384457
20200817,4,593,11870,20,6.74573537549622,2.96483613523437,0.00958965225720832,-0.00958965225720832,0.000479482612860416,2.94853051907797,1,1,0,-0.0373044711641342,0.00325234966881302,0.164306228617401
20200817,4,594,11890,20,6.74166264798714,2.96662723192941,0.0153527595497071,-0.0153527595497071,0.000767637977485354,2.94853051907797,1,1,0,-0.0413771986732172,0.00520691898909292,0.263049582281361
20200817,4,595,11910,20,6.73634314681385,2.96896989421621,0.0188310682422481,-0.0188310682422481,0.000941553412112404,2.94853051907797,1,1,0,-0.0466966998465068,0.00638659431211745,0.322645881282605
20200817,4,596,11930,20,6.73544158021286,2.9693673030667,0.0251172586900793,-0.0251172586900793,0.00125586293450397,2.94853051907797,1,1,0,-0.0475982664474941,0.00851856832668421,0.430351585008985
20200817,4,597,11950,20,6.74491705273522,2.96519584208816,0.0267417595219115,-0.0267417595219115,0.00133708797609557,2.94853051907797,1,1,0,-0.0381227939251403,0.00906952102034673,0.458185295544582
20200817,4,598,11970,20,6.89510750912177,2.90060741961475,0.024499659958289,-0.024499659958289,0.00122498299791445,2.94853051907797,1,1,0,0.112067662461413,0.00830910848633519,0.419769833377368
20200817,4,599,11990,20,8.02930585077502,2.49087534734644,0.0237469497937251,-0.0237469497937251,0.00118734748968626,2.94853051907797,1,0,0,1.24626600411466,0.00805382533437403,0.406873122937371
20200817,4,600,12010,20,9.28322402529648,2.15442393133039,0.0257562858617014,-0.0257562858617014,0.00128781429308507,2.95068432990552,1,0,0,2.5051353638637,0.00872891945799098,0.440978363981072
20200817,4,601,12030,20,8.59816879300251,2.32607668929187,0.0313195031422975,-0.0313195031422975,0.00156597515711487,2.95321167879091,0,0,1,1.82588079765355,0.0106052347575438,0.535768384108017
20200817,4,602,12050,20,7.77805780125163,2.57133599557227,0.0261323833471147,-0.0261323833471147,0.00130661916735574,2.95574336088678,1,1,0,1.01157047198649,0.00884122204008756,0.446651804910633
20200817,4,603,12070,20,7.37173441806772,2.71306572724339,0.0226621150343446,-0.0226621150343446,0.00113310575171723,2.95574336088678,1,1,0,0.605247088802571,0.00766714571171209,0.387338362855448
20200817,4,604,12090,20,7.14362702046947,2.79969824050047,0.0204042623744906,-0.0204042623744906,0.00102021311872453,2.95574336088678,1,1,0,0.37713969120432,0.0069032591409996,0.348747394999567
20200817,4,605,12110,20,7.00438135511649,2.85535566754808,0.0113882149765089,-0.0113882149765089,0.000569410748825447,2.95574336088678,1,1,0,0.237894025851347,0.00385291061707477,0.194646110398868
20200817,4,606,12130,20,6.91698677413751,2.89143244783692,0.00181124702431568,-0.001041920839873,9.05623512157838e-05,2.95321167879091,1,1,0,0.144698778788553,0.000613314323969229,0.0309841726105646
20200817,4,607,12150,20,6.85606810921126,2.91712387937477,0.00522268454441992,0.00522268454441992,0.000261134227220996,2.95068432990552,1,1,0,0.077979447778489,0.00176999094463864,0.0894185946822455
20200817,4,608,12170,20,6.82011951366803,2.93249993052446,0.00681069991587684,0.00681069991587684,0.000340534995793842,2.94853051907797,1,1,0,0.0370796670076743,0.00230986244565195,0.116692491803487
20200817,4,609,12190,20,6.78799103188794,2.94637985024524,0.00784147656498888,0.00784147656498888,0.000392073828249444,2.94637985024524,1,1,0,0,0.0026613936299952,0.134451579546943
20200817,4,610,12210,20,6.76643015589889,2.95576833562144,0.00792718310402112,0.00792718310402112,0.000396359155201056,2.94637985024524,1,1,0,-0.0215608759890529,0.00269048239091145,0.135921121597459
20200817,4,611,12230,20,6.74557560511039,2.96490635800571,0.00709884212091456,0.00709884212091456,0.000354942106045728,2.94637985024524,1,1,0,-0.0424154267775521,0.00240934383267782,0.121718215721363
20200817,4,612,12250,20,6.73054714115187,2.97152662043121,0.00499225784181831,0.00499225784181831,0.000249612892090916,2.94637985024524,1,1,0,-0.0574438907360673,0.00169437007295675,0.0855982858298621
20200817,4,613,12270,20,6.71843261119557,2.97688481189379,0.004874111022637,0.004874111022637,0.00024370555113185,2.94637985024524,1,1,0,-0.0695584206923741,0.0016542710955043,0.0835725160241727
20200817,4,614,12290,20,6.71009294640407,2.98058464461628,0.00501122141717438,0.00501122141717438,0.000250561070858719,2.94637985024524,1,1,0,-0.0778980854838665,0.00170080630192922,0.0859234392163895
20200817,4,615,12310,20,6.70038894133904,2.98490135051818,0.00560170505997419,0.00560170505997419,0.00028008525299871,2.94637985024524,1,1,0,-0.0876020905488986,0.00190121618551931,0.0960479939240499
20200817,4,616,12330,20,6.69534950209436,2.98714801874702,0.00642070317594534,0.00642070317594534,0.000321035158797267,2.94637985024524,1,1,0,-0.0926415297935819,0.00217918377883657,0.110090705067247
20200817,4,617,12350,20,6.68989488747684,2.98958359382283,0.00660230873139831,0.00660230873139831,0.000330115436569916,2.94637985024524,1,1,0,-0.0980961444111017,0.00224082062292436,0.113204551494357
20200817,4,618,12370,20,6.68693384790458,2.99090741061648,0.00760766973241101,0.00760766973241101,0.00038038348662055,2.94637985024524,1,1,0,-0.101057183983357,0.00258203969585856,0.130442679222058
20200817,4,619,12390,20,6.68546713840078,2.99156357902376,0.00611562761308164,0.00611562761308164,0.000305781380654082,2.94637985024524,1,1,0,-0.10252389348716,0.00207564126959822,0.104859816347725
20200817,4,620,12410,20,6.85866628066651,2.9160188266306,0.00500082384972043,-0.00393685516414291,0.000250041192486021,2.94637985024524,1,1,0,0.0706752487785707,0.00169727737219768,0.0857451603736174
20200817,4,621,12430,20,7.43205595442487,2.69104540152076,0.0252627105665384,-0.0252627105665384,0.00126313552832692,2.94504652053941,1,1,0,0.640991752037735,0.00857803446918432,0.433355769244864
20200817,4,622,12450,20,7.88695856953109,2.53583175614286,0.0373707611079316,-0.0373707611079316,0.00186853805539658,2.94504652053941,0,0,1,1.09589436714396,0.0126893618988018,0.641056900230039
20200817,4,623,12470,20,7.55674500118857,2.64664217157708,0.0339346382563249,-0.0339346382563249,0.00169673191281625,2.94504652053941,0,0,1,0.765680798801441,0.0115226153541743,0.5821137532682
20200817,4,624,12490,20,7.19702121711362,2.77892747522301,0.0319032495943276,-0.0319032495943276,0.00159516247971638,2.94504652053941,0,0,1,0.405957014726482,0.010832850812993,0.547267373900612
20200817,4,625,12510,20,7.1206552048061,2.80873029584426,0.0354178509853121,-0.0354178509853121,0.0017708925492656,2.94637985024524,0,0,1,0.332664172918157,0.0120208027428521,0.607281800776536
20200817,4,626,12530,20,7.50187391262716,2.66600055305328,0.0516078762735542,-0.0516078762735542,0.00258039381367771,2.94637985024524,0,0,1,0.71388288073922,0.0175156900659834,0.884879324006804
20200817,4,627,12550,20,8.11055789518741,2.46592161210852,0.0616471653800225,-0.0616471653800225,0.00308235826900113,2.94853051907797,0,0,1,1.32751804852705,0.0209077589603177,1.05624406150192
20200817,4,628,12570,20,8.45664505316745,2.36500407363189,0.0574368709920803,-0.0574368709920803,0.00287184354960401,2.95068432990552,0,0,1,1.67855639173467,0.0194656102009798,0.983387804370577
20200817,4,629,12590,20,7.81292229768496,2.55986162897411,0.0393455113982156,-0.0393455113982156,0.00196727556991078,2.95068432990552,0,0,1,1.03483363625219,0.013334368234326,0.673642129131022
20200817,4,630,12610,20,7.39960403724399,2.70284732795636,0.0297176263307131,-0.0297176263307131,0.00148588131653566,2.95068432990552,0,0,1,0.621515375811214,0.0100714353038451,0.508801242193273
20200817,4,631,12630,20,7.15611513763815,2.79481249467444,0.0305075367670472,-0.0305075367670472,0.00152537683835236,2.95068432990552,0,0,1,0.378026476205378,0.0103391394524483,0.522325451925087
20200817,4,632,12650,20,7.02335458878406,2.84764207006421,0.0187730113738246,-0.0187730113738246,0.000938650568691228,2.95322414472308,1,1,0,0.251095180118227,0.00635678514526871,0.321139944872965
20200817,4,633,12670,20,7.3341496122066,2.72696918627253,0.0133476022918815,-0.0133476022918815,0.000667380114594076,2.95576833562144,1,1,0,0.567719456307714,0.00451578093283661,0.228133813978109
20200817,4,634,12690,20,8.60662800757655,2.32379045340332,0.00817265391033963,-0.00817265391033963,0.000408632695516982,2.95717433039929,1,0,0,1.84341496517891,0.00276366997587055,0.139618502657545
20200817,4,635,12710,20,10.329415420596,1.93621799352959,0.0126819334650577,-0.0126819334650577,0.000634096673252884,2.95858166341605,1,0,0,3.56941949169959,0.00428649092971624,0.216550257623872
20200817,4,636,12730,20,12.0433757455376,1.66066395523785,0.0115909482556958,-0.0115909482556958,0.000579547412784791,2.96094797842119,1,0,0,5.28878223502806,0.00391460719342872,0.197762974454577
20200817,4,637,12750,20,13.117025059315,1.52473597554021,0.0915860350729543,-0.0915860350729543,0.00457930175364772,2.96331808167993,0,0,1,6.36783396719238,0.0309065826038606,1.5613770179102
20200817,4,638,12770,20,47.7298817114906,0.419024713299994,1.76184263053076,-1.76184263053076,0.0880921315265378,2.96407691408918,0,0,1,40.9824184776812,0.594398418663217,30.0285554788897
20200817,4,639,12790,20,23.3098551994017,0.85800618789401,0.688217139098309,-0.688217139098309,0.0344108569549154,2.96483613523437,0,0,1,16.5641198239055,0.232126535061913,11.7268557879164
20200817,4,640,12810,20,19.0527216202481,1.04971879601417,0.129187013996246,-0.129187013996246,0.0064593506998123,2.96487124620423,0,0,1,12.3070661299448,0.0435725545119834,2.20125227362252
20200817,4,641,12830,20,15.114445709778,1.32323741035779,0.0277931964134634,0.0189097407231898,0.00138965982067317,2.96490635800571,0,0,1,8.36887010466762,0.00937405538573502,0.473570139782318
20200817,4,642,12850,20,12.3911112452488,1.61406024077693,0.0281650832551781,0.0281650832551781,0.00140825416275891,2.9650510929812,0,0,1,5.64586491632599,0.00949902122153977,0.479883318646199
20200817,4,643,12870,20,15.1585950212848,1.31938348982325,0.036501392873469,0.036501392873469,0.00182506964367345,2.9650510929812,0,0,1,8.41334869236198,0.0123105443140168,0.621919324314749
20200817,4,644,12890,20,16.08056501792,1.24373739216951,0.256408441146006,0.256408441146006,0.0128204220573003,2.96519584208816,0,0,1,9.33564796518476,0.0864726833575476,4.36853411462696
20200817,4,645,12910,20,18.4941730314094,1.08142169785224,0.127903343403899,0.0433829900933454,0.00639516717019495,2.96490635800571,0,0,1,11.7485974262991,0.0431390836538699,2.17935365595692
20200817,4,646,12930,20,19.2248480298394,1.04032031717272,0.364039148819166,-0.364039148819166,0.0182019574409583,2.9510666258506,0,0,1,12.447637435946,0.12335849879846,6.23197742230354
20200817,4,647,12950,20,23.3232064576505,0.85751502634577,0.407738454317832,-0.407738454317832,0.0203869227158916,2.94637985024524,0,0,1,16.5352154257625,0.138386248563265,6.99116789685123
20200817,4,648,12970,20,21.3961629332789,0.934747041437633,0.234802364468195,-0.234802364468195,0.0117401182234097,2.93249993052446,0,0,1,14.5760434196109,0.0800690093882465,4.04502538206953
20200817,4,649,12990,20,19.4000021740949,1.03092771951883,0.211954591473845,-0.211954591473845,0.0105977295736923,2.94637985024524,0,0,1,12.6120111422069,0.0719372933045967,3.63421727779223
20200817,4,650,13010,20,13.576032631704,1.47318443779327,0.0750586042773962,-0.0750586042773962,0.00375293021386981,2.94637985024524,0,0,1,6.7880415998161,0.0254748566350496,1.28697035820309
20200817,4,651,13030,20,11.1795173027749,1.78898600523975,0.116596196587386,-0.116596196587386,0.00582980982936929,2.94637985024524,0,0,1,4.39152627088697,0.0395726968393709,1.99918250987748
20200817,4,652,13050,20,10.943493899812,1.82756989523644,0.135204478109484,-0.135204478109484,0.00676022390547421,2.94637985024524,0,0,1,4.15550286792404,0.0458883392439134,2.31824395481898
20200817,4,653,13070,20,9.35102617926532,2.13880269572418,0.0482677353710372,-0.0438124270472795,0.00241338676855186,2.94637985024524,0,0,1,2.56303514737738,0.016382047741407,0.82760857703322
20200817,4,654,13090,20,9.50657084084105,2.10380802235,0.0621009032882665,0.0621009032882665,0.00310504516441332,2.9510666258506,0,0,1,2.72936024694764,0.0210435449827795,1.06310386795618
20200817,4,655,13110,20,11.1810702926459,1.78873752481053,0.13819069902463,0.13819069902463,0.00690953495123149,2.95576833562144,0,0,1,4.41464013674704,0.0467528856572501,2.36192018127218
20200817,4,656,13130,20,10.9989779198286,1.81835077275177,0.161883447467178,0.161883447467178,0.00809417237335889,2.96490635800571,0,0,1,4.25340231471819,0.0545998517052882,2.75834293058636
20200817,4,657,13150,20,10.7817007059939,1.8549949164218,0.0819673907830451,0.0819673907830451,0.00409836953915225,2.97152662043121,0,0,1,4.05115356484203,0.0275842693851251,1.39353628402768
20200817,4,658,13170,20,9.86333909167115,2.02771088108372,0.057253303436131,0.057253303436131,0.00286266517180655,2.97420330289502,0,0,1,3.13884921549743,0.0192499629666883,0.972493470308658
20200817,4,659,13190,20,9.79219464873677,2.04244305974658,0.0428068422727632,-0.0410811148127037,0.00214034211363816,2.97688481189379,0,0,1,3.0737620375412,0.0143797442553819,0.726453729665181
20200817,4,660,13210,20,9.88349685599769,2.02357528832148,0.135284460087006,-0.135284460087006,0.00676422300435032,2.97873357938115,0,0,1,3.16923407719787,0.0454167707456109,2.29442067338223
20200817,4,661,13230,20,9.65994336068434,2.07040551411506,0.111067999333167,-0.111067999333167,0.00555339996665834,2.98058464461628,0,0,1,2.94985041428026,0.0372638299448348,1.88254031255825
20200817,4,662,13250,20,9.27549718399041,2.15621864825965,0.0650512543057143,-0.0650512543057143,0.00325256271528572,2.97152662043121,0,0,1,2.54495004283854,0.0218915266847835,1.10594325780681
20200817,4,663,13270,20,9.01065503852351,2.21959445950305,0.0150082508224129,-0.0148203016993319,0.000750412541120644,2.94613748626192,1,1,0,2.22210559259247,0.00509421264024425,0.257355743362953
20200817,4,664,13290,20,8.593044452502,2.32746381222044,0.0132581790504556,0.0132581790504556,0.00066290895252278,2.78599953306927,1,1,0,1.41429235200667,0.00475885903536007,0.240413934614609
20200817,4,665,13310,20,7.86063760336674,2.5443228665616,0.0295613045939557,0.0295613045939557,0.00147806522969779,2.72696918627253,0,0,1,0.526487991160139,0.0108403515312041,0.54764630447287
20200817,4,666,13330,20,7.48187719323596,2.67312593931388,0.0283880815619545,0.0283880815619545,0.00141940407809773,2.70888819876595,0,0,1,0.0987744099202246,0.010479606199653,0.529421725029012
20200817,4,667,13350,20,7.28761381006552,2.74438252646928,0.0138916690041009,0.0138916690041009,0.000694583450205046,2.70888819876595,1,0,0,-0.0954889732502124,0.00512818100445392,0.259071799256054
20200817,4,668,13370,20,7.17510569166734,2.78741538584255,0.0151127949822593,0.0151127949822593,0.000755639749112964,2.70888819876595,1,0,0,-0.207997091648394,0.00557896593485993,0.281845110669276
20200817,4,669,13390,20,7.13444840220018,2.80330011130675,0.0296560612805056,0.0296560612805056,0.00148280306402528,2.70888819876595,0,0,1,-0.248654381115557,0.0109476874291141,0.553068832299437
20200817,4,670,13410,20,7.47411981470214,2.67590037299891,0.0159842036443971,0.0159842036443971,0.000799210182219854,2.70888819876595,1,0,0,0.0910170313864,0.00590065092080168,0.298096391197246
20200817,4,671,13430,20,8.93475491599565,2.23844976029444,0.0163924918935924,0.0163924918935924,0.000819624594679622,2.70888819876595,1,1,0,1.55165213267992,0.00605137262625315,0.305710736982689
20200817,4,672,13450,20,10.8439029565052,1.84435438791917,0.0137354613467908,0.00116189822081463,0.000686773067339539,2.72696918627253,1,0,0,3.50975334429859,0.00503689642550222,0.254460171840249
20200817,4,673,13470,20,11.5399599617294,1.73310826608819,0.062666047341691,-0.062666047341691,0.00313330236708455,2.87419887378762,0,0,1,4.58149922945449,0.021802961483702,1.10146901129021
20200817,4,674,13490,20,13.433886330391,1.48877246004045,0.090846719756922,-0.090846719756922,0.0045423359878461,2.91041604931603,0,0,1,6.5620165835553,0.0312143412548428,1.57692475060087
20200817,4,675,13510,20,13.4260378252893,1.48964275687709,0.0875809001030932,-0.0875809001030932,0.00437904500515466,2.91963445530148,0,0,1,6.57586520738369,0.0299972141868869,1.51543641796504
20200817,4,676,13530,20,14.7799581308445,1.3531838062695,0.168547424243794,0.168547424243794,0.00842737121218969,2.93284073743491,0,0,1,7.96063114021763,0.0574689999673173,2.90329011593935
20200817,4,677,13550,20,18.2485875388284,1.09597523410758,0.197738278954419,0.197738278954419,0.00988691394772097,2.94281152124501,0,0,1,11.4523656756155,0.0671936607312053,3.39457257244139
20200817,4,678,13570,20,22.0804303290024,0.905779448226161,0.207335157476108,0.207335157476108,0.0103667578738054,2.94671243374268,0,0,1,15.2932054301691,0.0703615171612683,3.5546102669784
20200817,4,679,13590,20,24.4290242713241,0.818698273736495,0.060899798004618,0.0256241063478512,0.0030449899002309,2.95443286889037,0,0,1,17.6595355445379,0.020613024802791,1.04135431630253
20200817,4,680,13610,20,20.7305627599335,0.964759144824304,0.096843708387936,0.0242556041650607,0.0048421854193968,2.94671243374268,0,0,1,13.9433378611002,0.0328650014432975,1.66031484635059
20200817,4,681,13630,20,21.3180292078923,0.938173027392027,0.212037126006025,-0.212037126006025,0.0106018563003012,2.95443286889037,0,0,1,14.5485404811061,0.0717691467078966,3.62572263976989
20200817,4,682,13650,20,18.2786705195022,1.09417148138106,0.0890176815316405,-0.0890176815316405,0.00445088407658203,2.96219386564482,0,0,1,11.526917964763,0.0300512679349104,1.51816717215348
20200817,4,683,13670,20,11.9161269170654,1.67839769911795,0.0591651993830736,-0.0591651993830736,0.00295825996915368,2.96849171765362,0,0,1,5.17869865305511,0.0199310643284662,1.00690219244977
20200817,4,684,13690,20,11.985655190404,1.66866138582165,0.0210599217093831,-0.0144816567472768,0.00105299608546916,2.97086134023463,1,0,0,5.25360084335716,0.00708882687460597,0.358122135592287
20200817,4,685,13710,20,11.7663264593884,1.69976585887109,0.0215741882990521,-0.0189106758024323,0.00107870941495261,2.97086134023463,1,0,0,5.03427211234157,0.00726193040613207,0.366867194187351
20200817,4,686,13730,20,11.4363655918169,1.74880733213974,0.020819757030716,-0.0091224973988389,0.0010409878515358,2.97086134023463,1,0,0,4.70431124477,0.00700798679115456,0.354038156135716
20200817,4,687,13750,20,11.4165358055488,1.75184489766846,0.0141569512817661,0.0128960834752299,0.000707847564088304,2.97086134023463,1,0,0,4.68448145850198,0.00476526827086721,0.240737724311822
20200817,4,688,13770,20,13.878020199023,1.44112774827983,0.0011747841857602,-0.000983888207357708,5.87392092880101e-05,2.97086134023463,1,0,0,7.14596585197614,0.000395435549229444,0.0199771028245106
20200817,4,689,13790,20,16.9164806249937,1.18227901200977,0.00242077134603331,0.00160362376578025,0.000121038567301666,2.97086134023463,1,0,0,10.1844262779468,0.000814838213163503,0.041165006033038
20200817,4,690,13810,20,14.4193597348203,1.38702413753527,0.0160652412277606,-0.0160652412277606,0.000803262061388032,2.96967605624018,1,0,0,7.68461842929173,0.00540976218399402,0.273297066023498
20200817,4,691,13830,20,11.3337409711767,1.76464241161527,0.00807256481409411,0.00148017251524237,0.000403628240704705,2.96849171765362,1,0,0,4.59631270716636,0.00271941631707664,0.137382841514257
20200817,4,692,13850,20,10.4257013250808,1.91833617484193,0.0333937702279741,-0.0333937702279741,0.0016696885113987,2.96219386564482,0,0,1,3.67394877034167,0.0112733236724548,0.569519727342333
20200817,4,693,13870,20,10.9066906742482,1.83373679490351,0.0222420304098724,0.0100938557642737,0.00111210152049362,2.95443286889037,1,0,0,4.13720194746202,0.00752835870602339,0.380326949013795
20200817,4,694,13890,20,10.3878611059881,1.92532416403517,0.0209176674012765,0.0120938897700592,0.00104588337006383,2.94671243374268,1,0,0,3.60063620715482,0.00709864565057288,0.358618172677177
20200817,4,695,13910,20,10.034132645389,1.99319669241073,0.011616020880137,-0.00994571463254861,0.000580801044006849,2.94386594323507,1,0,0,3.24034502541963,0.00394583894243904,0.199340778631729
20200817,4,696,13930,20,8.54840001153207,2.33961910685267,0.00624761537303602,0.00624761537303602,0.000312380768651801,2.95255604132093,1,0,0,1.77460817825249,0.00211600229956717,0.106898824846996
20200817,4,697,13950,20,7.85694950397919,2.54551718702925,0.0168197701094671,0.0168197701094671,0.000840988505473357,2.95842287179796,1,1,0,1.09659073625335,0.00568538401653346,0.287221271118487
20200817,4,698,13970,20,7.64552684624323,2.61590867473409,0.00949248603691206,0.00938025192583698,0.000474624301845603,2.96219386564482,1,1,0,0.893774291504088,0.00320454584252733,0.161891215715867
20200817,4,699,13990,20,8.19359171506767,2.4409319740964,0.00317079434030578,-0.00317079434030578,0.000158539717015289,2.96533944777444,1,0,0,1.44900130569295,0.0010692854548863,0.0540194869243351
20200817,4,700,14010,20,8.75472793998051,2.28447989898867,0.00592736420379047,-0.00592736420379047,0.000296368210189524,2.96849171765362,1,0,0,2.01729967597021,0.00199675955588504,0.100874772239039
20200817,4,701,14030,20,10.0505519363433,1.98994046562548,0.0415666628377661,-0.0415666628377661,0.0020783331418883,2.96925950008931,0,0,1,3.31486581682475,0.0139989996955523,0.707218804438026
20200817,4,702,14050,20,12.2473765002615,1.63300279039948,0.156304772403433,-0.156304772403433,0.00781523862017165,2.97002767979231,0,0,1,5.51343252523475,0.0526273790197009,2.65869511254041
20200817,4,703,14070,20,18.33558503731,1.09077512167205,0.6582545138907,-0.6582545138907,0.032912725694535,2.9704444515214,0,0,1,11.6025858762732,0.221601354488738,11.1951316802417
20200817,4,704,14090,20,22.8162911630352,0.876566653935505,0.727472727916604,-0.727472727916604,0.0363736363958302,2.97086134023463,0,0,1,16.0842368159883,0.244869297016451,12.3706104182983
20200817,4,705,14110,20,11.1139868676728,1.79953424798206,0.234353561174539,-0.234353561174539,0.011717678058727,2.97295005210934,0,0,1,4.38666227444264,0.0788286237800273,3.98236204569088
20200817,4,706,14130,20,8.52978256085953,2.34472565476331,0.160709849373218,-0.160709849373218,0.0080354924686609,2.97523445577476,0,0,1,1.80762324962234,0.0540158605185852,2.72884014054104
20200817,4,707,14150,20,7.74799392511886,2.58131333004281,0.160695176294736,-0.160695176294736,0.00803475881473678,2.97501942356829,0,0,1,1.02534874117191,0.0540148326500655,2.72878821340614
20200817,4,708,14170,20,7.96567074554332,2.5107741254796,0.171987620572547,-0.171987620572547,0.00859938102862735,2.97480442244207,0,0,1,1.24253968888661,0.0578147656615891,2.92075793551479
20200817,4,709,14190,20,7.56986853561648,2.64205380924376,0.181430993697919,-0.181430993697919,0.00907154968489593,2.97444331859629,0,0,1,0.84592127632277,0.0609966216413027,3.08150287663955
20200817,4,710,14210,20,7.56650784633166,2.64322728611142,0.185523893201776,-0.185523893201776,0.00927619466008879,2.9740823024068,0,0,1,0.841744384400954,0.0623802149159218,3.15140095527266
20200817,4,711,14230,20,7.61436161013808,2.62661547008369,0.1352085829268,-0.1352085829268,0.00676042914634002,2.973516069474,0,0,1,0.888317582557646,0.045470944083621,2.29715746916572
20200817,4,712,14250,20,7.54358355124532,2.65125982421158,0.0234223387157114,-0.0108387915385501,0.00117111693578557,2.97363247506321,1,1,0,0.817802820869474,0.00787667571972338,0.39792365930393
20200817,4,713,14270,20,7.34850778835971,2.72164098834878,0.0527711704534349,0.0527711704534349,0.00263855852267175,2.97329122442924,0,0,1,0.621955126556713,0.0177484028540006,0.896635796847591
20200817,4,714,14290,20,7.19849716459976,2.77835769643066,0.0754493969224068,0.0754493969224068,0.00377246984612034,2.97329122442924,0,0,1,0.471944502796759,0.0253757170849923,1.28196190362856
20200817,4,715,14310,20,7.05409481407696,2.83523265948858,0.0532663123372577,0.0532663123372577,0.00266331561686289,2.97363247506321,0,0,1,0.328314083701116,0.0179128768548055,0.90494489812197
20200817,4,716,14330,20,6.95229007285889,2.87674993281397,0.0315101758514599,0.0315101758514599,0.001575508792573,2.97363247506321,0,0,1,0.226509342483041,0.0105965266776252,0.535328458541697
20200817,4,717,14350,20,6.89356687576583,2.90125567219918,0.0206335283722975,0.0206335283722975,0.00103167641861488,2.97329122442924,1,1,0,0.16701421396283,0.00693962575975327,0.35058460888597
20200817,4,718,14370,20,6.85017261790563,2.91963445530148,0.0148228667720163,0.0148228667720163,0.000741143338600816,2.97329122442924,1,1,0,0.12361995610263,0.00498533969704288,0.251855565178722
20200817,4,719,14390,20,6.83343515366141,2.92678565761816,0.0185556286578672,0.0185556286578672,0.00092778143289336,2.97329122442924,1,1,0,0.106882491858414,0.00624077066700023,0.315278981775395
20200817,4,720,14410,20,6.8052188275924,2.93892092329318,0.0225997126396066,0.0225997126396066,0.00112998563198033,2.97329122442924,1,1,0,0.0786661657894001,0.00760090786059645,0.38399207705694
20200817,4,721,14430,20,6.7872248988333,2.94671243374268,0.0250254875166695,0.0250254875166695,0.00125127437583347,2.97295005210934,1,1,0,0.0599003056031506,0.00841772888142323,0.425257253023227
20200817,4,722,14450,20,6.77380937377347,2.95254839580149,0.0274034866508185,0.0274034866508185,0.00137017433254092,2.97250483828088,0,0,1,0.0454771798495122,0.00921898807292337,0.465736257222202
20200817,4,723,14470,20,6.75175255473914,2.96219386564482,0.0195745277683331,0.0195745277683331,0.000978726388416655,2.97250483828088,1,1,0,0.0234203608151793,0.00658519626822671,0.332679100870663
20200817,4,724,14490,20,6.71986651833686,2.97624959445622,0.00492903253187453,-0.00398915112191123,0.000246451626593727,2.97250483828088,1,1,0,-0.00846567558710465,0.0016582084134555,0.0837714263288155
20200817,4,725,14510,20,6.72732459323015,2.97295005210934,0.00608522423133895,0.00451247782664463,0.000304261211566947,2.97250483828088,1,1,0,-0.00100760069381156,0.0020471705051482,0.103421495008082
20200817,4,726,14530,20,6.7374282640103,2.96849171765362,0.0199338968549833,0.0199338968549833,0.000996694842749166,2.97250483828088,1,1,0,0.0090960700863425,0.0067060939979872,0.338786762115034
20200817,4,727,14550,20,6.73205434704687,2.97086134023463,0.0256663627886955,0.0256663627886955,0.00128331813943477,2.97250483828088,1,1,0,0.00372215312290702,0.00863459075260558,0.436212949615927
20200817,4,728,14570,20,6.71394975484145,2.97887245664565,0.0171976090335102,0.0171976090335102,0.00085988045167551,2.97250483828088,1,1,0,-0.0143824390825111,0.00578556132593421,0.2922821525048
20200817,4,729,14590,20,6.31530190017475,3.16691114948069,0.0103264604388841,0.0103264604388841,0.000516323021944203,2.97250483828088,1,1,0,-0.413030293749217,0.00347399281101129,0.175503471380907
20200817,4,730,14610,20,7.06621263381749,2.83037053035794,0.0080303036765967,0.0080303036765967,0.000401515183829835,2.97250483828088,1,1,0,0.337880439893524,0.00270152753771158,0.136479114002967
20200817,4,731,14630,20,6.67620475696458,2.99571399141647,0.0049378755546087,0.0049378755546087,0.000246893777730435,2.97250483828088,1,1,0,-0.052127436959382,0.00166118335318319,0.083921718018454
20200817,4,732,14650,20,6.67027090669762,2.99837896837413,0.00395973989114786,0.00395973989114786,0.000197986994557393,2.97250483828088,1,1,0,-0.0580612872263382,0.00133212226945876,0.0672978026473712
20200817,4,733,14670,20,6.6688833410808,2.99900282807446,0.00371306592637808,0.00371306592637808,0.000185653296318904,2.97250483828088,1,1,0,-0.059448852843162,0.00124913705053059,0.0631054525800265
20200817,4,734,14690,20,6.68342718901476,2.99247667916141,0.0013558214152031,0.0013558214152031,6.77910707601548e-05,2.97250483828088,1,1,0,-0.0449050049091975,0.000456120843856127,0.0230428776974458
20200817,4,735,14710,20,7.36650782559991,2.71499066769419,0.000762201704828591,0.000663581165835403,3.81100852414296e-05,2.97250483828088,1,1,0,0.638175631675948,0.000256417313443097,0.0129540074144049
20200817,4,736,14730,20,8.65300281920645,2.31133635546812,0.00253262605757385,0.000232747560485436,0.000126631302878693,2.97250483828088,1,0,0,1.92467062528249,0.000852017471917243,0.0430432738734228
20200817,4,737,14750,20,9.59514135080462,2.08438826159897,0.027795851292997,-0.027795851292997,0.00138979256464985,2.97250483828088,0,0,1,2.86680915688066,0.00935098605560975,0.472404694791591
20200817,4,738,14770,20,9.60744953116591,2.08171793514203,0.0388626273851097,-0.0388626273851097,0.00194313136925548,2.97250483828088,0,0,1,2.87911733724195,0.0130740333487852,0.660490208957459
20200817,4,739,14790,20,8.64659519410634,2.31304918884515,0.0132387723414608,-0.0132387723414608,0.000661938617073039,2.97250483828088,1,0,0,1.91826300018238,0.00445374290765403,0.224999700187589
20200817,4,740,14810,20,7.77593486422666,2.57203800561787,0.00162048327242221,-0.00162048327242221,8.10241636211107e-05,2.97250483828088,1,1,0,1.04760267030269,0.000545157488577682,0.0275409411877363
20200817,4,741,14830,20,7.33385425983033,2.7270790080389,0.00318189501251993,0.0029824323881595,0.000159094750625997,2.97146042817327,1,1,0,0.603157188998011,0.00107081857202319,0.0540969388346284
20200817,4,742,14850,20,7.09099481749217,2.82047872192258,0.0067798252816397,0.0067798252816397,0.000338991264081985,2.97146042817327,1,1,0,0.360297746659852,0.00228164750819436,0.11526709464869
20200817,4,743,14870,20,6.94214548247692,2.88095374124371,0.00414690954010517,0.00414690954010517,0.000207345477005259,2.97146042817327,1,1,0,0.211448411644596,0.00139557959472962,0.0705036183975606
20200817,4,744,14890,20,6.85052040853589,2.91948622984607,0.00417501714387178,0.00417501714387178,0.000208750857193589,2.97086134023463,1,1,0,0.118466061489016,0.00140532211561986,0.0709958031340455
20200817,4,745,14910,20,6.80035034110551,2.94102494677482,0.00557932133098174,0.00557932133098174,0.000278966066549087,2.97086134023463,1,1,0,0.0682959940586443,0.00187801472099035,0.0948758736038676
20200817,4,746,14930,20,6.76035876772585,2.95842287179796,0.00318131928252257,0.00318131928252257,0.000159065964126128,2.97086134023463,1,1,0,0.0283044206789782,0.0010708407152625,0.0540980574942164
20200817,4,747,14950,20,6.7339439750267,2.97002767979231,0.00083940471780668,0.00083940471780668,4.1970235890334e-05,2.97086134023463,1,1,0,0.0018896279798355,0.000282545908972105,0.0142740041637113
20200817,4,748,14970,20,6.72215931123719,2.97523445577476,0.000974935972779179,0.000974935972779179,4.87467986389589e-05,2.97086134023463,1,1,0,-0.00989503580967721,0.000328166097682022,0.0165787013577483
20200817,4,749,14990,20,6.70763834544596,2.98167536321911,0.00240130213834639,0.00240130213834639,0.00012006510691732,2.97086134023463,1,1,0,-0.0244160016009118,0.00080828482495139,0.0408339338509405
20200817,4,750,15010,20,6.69900062056149,2.98551995033606,0.00361927160641411,0.00361927160641411,0.000180963580320705,2.97086134023463,1,1,0,-0.0330537264853774,0.00121825665755517,0.061545398642202
20200817,4,751,15030,20,6.69666115413202,2.98656293631633,0.00439226528654917,-0.00302826380902719,0.000219613264327458,2.97086134023463,1,1,0,-0.035393192914853,0.00147844843078482,0.0746900888907878
20200817,4,752,15050,20,6.68837160990915,2.9902644719036,0.0191403337112364,-0.0191403337112364,0.00095701668556182,2.97086134023463,1,1,0,-0.0436827371377149,0.00644268833823284,0.325479708766581
20200817,4,753,15070,20,6.69781539377618,2.98604825964368,0.0195570698788646,-0.0195570698788646,0.000977853493943232,2.97086134023463,1,1,0,-0.0342389532706875,0.00658296286467551,0.332566271023984
20200817,4,754,15090,20,6.70740586645661,2.98177870822145,0.00883678395377796,-0.00883678395377796,0.000441839197688898,2.97086134023463,1,1,0,-0.0246484805902583,0.00297448549149725,0.150268741971848
20200817,4,755,15110,20,6.71155601059036,2.97993490159978,0.00629905254874732,-0.00629905254874732,0.000314952627437366,2.97086134023463,1,1,0,-0.0204983364565123,0.00212027820465355,0.107114840315876
20200817,4,756,15130,20,6.7156909894311,2.9781000989288,0.00659965545457091,-0.00659965545457091,0.000329982772728545,2.97086134023463,1,1,0,-0.0163633576157736,0.00222146195959778,0.112226566564641
20200817,4,757,15150,20,6.72313105665671,2.97480442244207,0.00429168751002997,-0.00429168751002997,0.000214584375501499,2.97086134023463,1,1,0,-0.00892329039015749,0.0014445936779032,0.072979772555465
20200817,4,758,15170,20,6.72476346193071,2.9740823024068,0.00879968679874335,-0.00879968679874335,0.000439984339937167,2.97086134023463,1,1,0,-0.00729088511616283,0.00296199848830655,0.149637908079457
20200817,4,759,15190,20,6.72933979461777,2.97205975777836,0.00483855754166349,-0.00483855754166349,0.000241927877083174,2.97086134023463,1,1,0,-0.00271455242909724,0.00162867161658961,0.0822792498433011
20200817,4,760,15210,20,6.73209504099577,2.97084338206873,0.00126559292422552,0.00104756075826611,6.32796462112761e-05,2.97086134023463,1,1,0,4.0693948903936e-05,0.000426002017356209,0.0215212975180337
20200817,4,761,15230,20,6.73351583216754,2.97021652558615,0.00219851448007073,0.00219851448007073,0.000109925724003537,2.97086134023463,1,1,0,0.00146148512067157,0.000740025948130284,0.0373855473727951
20200817,4,762,15250,20,6.72578073037585,2.97363247506321,0.000569117152602416,-0.000340595651963937,2.84558576301208e-05,2.97086134023463,1,1,0,-0.00627361667102377,0.000191566380057802,0.00967778764350159
20200817,4,763,15270,20,6.77068967977357,2.95390882552881,0.00526484413535027,-0.00526484413535027,0.000263242206767513,2.97146042817327,1,1,0,0.0399926089412466,0.00177180355000954,0.0895101661252915
20200817,4,764,15290,20,7.28396518413683,2.74575722074515,0.0188267692205551,-0.0188267692205551,0.000941338461027756,2.97146042817327,1,1,0,0.553268113304511,0.00633586402230132,0.320083025672003
20200817,4,765,15310,20,7.89239039317727,2.53408650657846,0.0283718651907034,-0.0283718651907034,0.00141859325953517,2.97146042817327,0,0,1,1.16169332234494,0.00954812149665583,0.482363827155403
20200817,4,766,15330,20,8.29135800504082,2.41215009505569,0.0313167716702303,-0.0313167716702303,0.00156583858351151,2.97146042817327,0,0,1,1.5606609342085,0.0105391851674372,0.532431609112326
20200817,4,767,15350,20,7.78595722832506,2.56872718581611,0.0183672048927679,-0.0183672048927679,0.000918360244638397,2.97146042817327,1,1,0,1.05526015749274,0.00618120460855651,0.312269749862129
20200817,4,768,15370,20,7.39353283847049,2.70506677077767,0.00894981742079093,-0.00894981742079093,0.000447490871039547,2.97205975777836,1,1,0,0.66419304385272,0.00301131812621459,0.152129498629867
20200817,4,769,15390,20,7.17487523341697,2.78750491811342,0.0041392205778596,0.0041392205778596,0.00020696102889298,2.97329122442924,1,1,0,0.448322571613971,0.00139213425978956,0.0703295626999973
20200817,4,770,15410,20,7.03837954208939,2.84156315816735,0.00491758344775182,0.00491758344775182,0.000245879172387591,2.97363247506321,1,1,0,0.312598811713542,0.00165372939964522,0.083545149961871
20200817,4,771,15430,20,6.95246309453432,2.87667834090669,0.00577396455719139,0.00577396455719139,0.00028869822785957,2.97385737172472,1,1,0,0.227190998381047,0.00194157413603286,0.0980868468515798
20200817,4,772,15450,20,6.93948528385044,2.88205813283356,0.00749481688409563,-0.00576911661928197,0.000374740844204782,2.9740823024068,1,1,0,0.214721821919738,0.00252004353680138,0.127310680476312
20200817,4,773,15470,20,7.43056826977954,2.69158417954935,0.0314874511029673,-0.0314874511029673,0.00157437255514837,2.9740823024068,0,0,1,0.705804807848835,0.0105872830343282,0.534861476721332
20200817,4,774,15490,20,8.41423206736363,2.37692517152863,0.0372142027435507,-0.0372142027435507,0.00186071013717753,2.97444331859629,0,0,1,1.69028480806992,0.0125113168272149,0.632062198794066
20200817,4,775,15510,20,10.0759057411778,1.98493321729527,0.0459662999366056,-0.0459662999366056,0.00229831499683028,2.9740823024068,0,0,1,3.35114227924714,0.0154556247146917,0.780806391190922
20200817,4,776,15530,20,11.7904713068019,1.69628503217357,0.0693942261169935,-0.0693942261169935,0.00346971130584968,2.97444331859629,0,0,1,5.06652404750821,0.0233301558255083,1.178621706486
20200817,4,777,15550,20,15.9566505149942,1.25339587911676,0.175678551997984,-0.161441265633261,0.00878392759989921,2.9740823024068,0,0,1,9.23188705306347,0.0590698353760469,2.98416310175872
20200817,4,778,15570,20,68.743867872703,0.290935040737526,3.07975381504022,-3.07975381504022,0.153987690752011,2.9740823024068,0,0,1,62.0191044107723,1.03553079635621,52.3142272794298
20200817,4,779,15590,20,34.7029801433782,0.576319379988933,0.725148771712579,-0.065292132998608,0.0362574385856289,2.97363247506321,0,0,1,27.9771994130024,0.243859581772009,12.3196003730431
20200817,4,780,15610,20,24.0186052933677,0.832687816620335,0.359996408964108,0.359996408964108,0.0179998204482054,2.97284590841812,0,0,1,17.2910450308709,0.121094876779424,6.11762096164082
20200817,4,781,15630,20,19.2129852614198,1.04096264728629,0.204354885527798,-0.180846443977777,0.0102177442763899,2.9740823024068,0,0,1,12.4882217994891,0.0687119133732184,3.47127353977268
20200817,4,782,15650,20,20.5173420685533,0.974785132166501,0.363845239799149,-0.363845239799149,0.0181922619899575,2.97385737172472,0,0,1,13.7920699724,0.122347911926971,6.18092334311371
20200817,4,783,15670,20,16.9854158091512,1.17748074140314,0.0916518207326479,-0.0530983551048848,0.0045825910366324,2.97145144544147,0,0,1,10.2546983913444,0.0308441253089469,1.55822172293214
20200817,4,784,15690,20,11.8311581738817,1.6904515776107,0.0314725753492068,0.0278636258549399,0.00157362876746034,2.97021652558615,0,0,1,5.09764234171416,0.0105960542196485,0.53530459032449
20200817,4,785,15710,20,10.0690488246673,1.98628493597167,0.0228375461888975,-0.0228375461888975,0.00114187730944487,2.96421391772042,1,0,0,3.32189745329106,0.00770441905436444,0.389221383742746
20200817,4,786,15730,20,9.2474077194056,2.16276827051004,0.0100998462268855,-0.0100998462268855,0.000504992311344274,2.97052992075682,1,0,0,2.51460228282394,0.00340001497925067,0.171766167654178
20200817,4,787,15750,20,9.82392515078755,2.0358461300366,0.0271654434067157,0.0251353188454656,0.00135827217033579,2.97052992075682,0,0,1,3.09111971420589,0.00914498225279435,0.461997539544414
20200817,4,788,15770,20,9.35193741169132,2.13859429544481,0.0355394887943115,0.0355394887943115,0.00177697443971558,2.97052992075682,0,0,1,2.61913197510967,0.0119640231683837,0.604413339911806
20200817,4,789,15790,20,8.3292446421292,2.4011781211036,0.011583605315006,0.011583605315006,0.000579180265750301,2.97052992075682,1,0,0,1.59643920554754,0.00389950804200443,0.197000176822565
20200817,4,790,15810,20,7.81483996199131,2.55923347084177,0.0071631738627616,0.0071631738627616,0.00035815869313808,2.97052992075682,1,1,0,1.08203452540965,0.00241141279631905,0.121822738189011
20200817,4,791,15830,20,7.53999934443709,2.65252012452172,0.00899097612925264,0.00899097612925264,0.000449548806462632,2.97145144544147,1,1,0,0.809281926630319,0.00302578598181228,0.152860403677449
20200817,4,792,15850,20,7.40178589702191,2.70205059674138,0.0261461526538193,0.0261461526538193,0.00130730763269097,2.97205975777836,1,1,0,0.672446102404137,0.00879731727647487,0.444433769686218
20200817,4,793,15870,20,7.32655077874006,2.72979750007812,0.0357756901621929,0.0357756901621929,0.00178878450810965,2.97284590841812,0,0,1,0.598990516243248,0.0120341555749284,0.607956375684901
20200817,4,794,15890,20,7.27094824067535,2.75067286108783,0.0234375709900844,0.0234375709900844,0.00117187854950422,2.97363247506321,1,1,0,0.545167510299507,0.00788179816659628,0.398182441419227
20200817,4,795,15910,20,7.20547804974558,2.77566593943148,0.00483656257768388,0.00483656257768388,0.000241828128884194,2.9740823024068,1,1,0,0.480714587814873,0.0016262369651875,0.0821562531084438
20200817,4,796,15930,20,7.18899054945359,2.78203175569901,0.00692644126760715,-0.00680902370118215,0.000346322063380358,2.97501942356829,1,1,0,0.466345365506641,0.00232820035147853,0.117618908841606
20200817,4,797,15950,20,7.21588123750189,2.77166424193033,0.0315915119314795,-0.0315915119314795,0.00157957559657397,2.97523445577476,0,0,1,0.493721926264698,0.0106181588043128,0.536421297109179
20200817,4,798,15970,20,7.79528067541105,2.56565489207935,0.0684946280216632,-0.0684946280216632,0.00342473140108316,2.97666658766177,0,0,1,1.07635552507691,0.0230105139438767,1.16247364203196
20200817,4,799,15990,20,8.53932830292797,2.34210458838342,0.0882894194024623,-0.0882894194024623,0.00441447097012311,2.97444331859629,0,0,1,1.81538104363426,0.0296826699807909,1.49954588419721
20200817,4,800,16010,20,9.01743221272773,2.2179262930051,0.0776429176321944,-0.0776429176321944,0.00388214588160972,2.88205813283356,0,0,1,2.07794692887728,0.0269400942151913,1.36099304497939
20200817,4,801,16030,20,10.4338368403187,1.91684040167424,0.0539919163313908,-0.0507350577516103,0.00269959581656954,2.87667834090669,0,0,1,3.48137374578437,0.018768840284859,0.948187518795606
20200817,4,802,16050,20,10.8945211871578,1.83578513056411,0.140141254690442,0.140141254690442,0.0070070627345221,2.87383376576924,0,0,1,3.93517641286235,0.0487645654246568,2.46354871123561
20200817,4,803,16070,20,11.619250484915,1.72128142223679,0.122452731046327,0.122452731046327,0.00612263655231634,2.87383376576924,0,0,1,4.65990571061957,0.0426095386952731,2.15260144789494
20200817,4,804,16090,20,11.8967370777009,1.68113322748704,0.0403609582849018,0.0403609582849018,0.00201804791424509,2.87383376576924,0,0,1,4.93739230340543,0.0140442912062794,0.709506897070657
20200817,4,805,16110,20,10.8772705349511,1.83869656783249,0.0238926929389219,-0.0130253608554273,0.0011946346469461,2.87383376576924,1,0,0,3.91792576065563,0.00831387438741661,0.420010603070787
20200817,4,806,16130,20,11.862546746308,1.68597860372813,0.0866053404369156,-0.0866053404369156,0.00433026702184578,2.87383376576924,0,0,1,4.90320197201254,0.0301358211697864,1.52243873719247
20200817,4,807,16150,20,13.5171263319462,1.47960442988036,0.0699391195062994,-0.0693516798642104,0.00349695597531497,2.87383376576924,0,0,1,6.55778155765074,0.0243365222927495,1.22946257406705
20200817,4,808,16170,20,12.063467578444,1.6578981018474,0.0481541991753735,0.0481541991753735,0.00240770995876868,2.87383376576924,0,0,1,5.10412280414857,0.0167560837195759,0.846504589823437
20200817,4,809,16190,20,9.9584414117362,2.00834640413003,0.0207350136868756,0.0207350136868756,0.00103675068434378,2.87383376576924,1,0,0,2.99909663744074,0.00721510545733514,0.364501633431138
20200817,4,810,16210,20,10.416299859231,1.92006761232741,0.0101062554097785,0.00330727585004826,0.000505312770488926,2.87383376576924,1,0,0,3.45695508493554,0.00351664578868687,0.177658267333009
20200817,4,811,16230,20,10.4839181977004,1.90768371355539,0.0515474251572142,0.0515474251572142,0.00257737125786071,2.87525534978256,0,0,1,3.52801426328551,0.0179279468730012,0.90570622396546
20200817,4,812,16250,20,10.1551225365529,1.96944940132539,0.0119664639231555,0.0118635538644277,0.000598323196157775,2.87667834090669,1,0,0,3.20265944201856,0.00415981993989075,0.210150935677331
20200817,4,813,16270,20,11.0480903503503,1.81026759971834,0.0585696173522653,-0.0585696173522653,0.00292848086761326,2.87667834090669,0,0,1,4.095627255816,0.0203601551551311,1.02857953426196
20200817,4,814,16290,20,11.0641666874344,1.80763726406201,0.146495724818666,-0.146495724818666,0.00732478624093329,2.87936572397851,0,0,1,4.11819249824202,0.0508777761708741,2.57030650893313
20200817,4,815,16310,20,11.6150030203044,1.72191087381017,0.10659430107921,-0.10659430107921,0.00532971505396049,2.89261662548939,0,0,1,4.70084791804766,0.0368504765339153,1.86165801300554
20200817,4,816,16330,20,11.2360551945931,1.77998413621395,0.0260703176488052,0.0177432011955142,0.00130351588244026,2.91255309324055,1,0,0,4.36922758330729,0.00895101885329032,0.45219865630381
20200817,4,817,16350,20,10.2715085284399,1.94713366051576,0.0618765825633593,0.0618765825633593,0.00309382912816797,2.92191319840658,0,0,1,3.42667822653129,0.0211767353654115,1.06983254466282
20200817,4,818,16370,20,9.80957838928043,2.03882360753193,0.0717198992505736,0.0717198992505736,0.00358599496252868,2.92579272559283,0,0,1,2.97382415930588,0.0245129802337729,1.23837709487555
20200817,4,819,16390,20,9.55398918385072,2.0933664059204,0.0758791564111714,0.0758791564111714,0.00379395782055857,2.92710740960665,0,0,1,2.721305171518,0.0259229149439952,1.30960592277644
20200817,4,820,16410,20,9.43854162114621,2.11897142617794,0.0836745850495301,0.0836745850495301,0.00418372925247651,2.92664391429273,0,0,1,2.60477551030272,0.0285906271825186,1.44437671361463
20200817,4,821,16430,20,9.77631127955465,2.04576137441801,0.0321626797433638,0.0321626797433638,0.00160813398716819,2.9265973196802,0,0,1,2.94243636772171,0.0109897865097745,0.555195645796122
20200817,4,822,16450,20,10.2421899306592,1.9527073931847,0.0383113478418643,0.0383113478418643,0.00191556739209322,2.92664391429273,0,0,1,3.40842381981565,0.0130905395271235,0.66132408851772
20200817,4,823,16470,20,9.84665610712364,2.03114638943579,0.0501778204405701,0.0501778204405701,0.00250889102202851,2.92710740960665,0,0,1,3.01397209479092,0.0171424595748993,0.866024003810732
20200817,4,824,16490,20,9.87608289269156,2.02509438380679,0.0392614307515844,-0.0268877170517877,0.00196307153757922,2.92710740960665,0,0,1,3.04339888035884,0.0134130475098829,0.677616946218212
20200817,4,825,16510,20,10.956890184907,1.82533544303928,0.116254206794446,-0.116254206794446,0.0058127103397223,2.92710740960665,0,0,1,4.1242061725743,0.0397164130065417,2.00644294120367
20200817,4,826,16530,20,13.3565252794579,1.49739543642834,0.160935019028949,-0.160935019028949,0.00804675095144743,2.92710740960665,0,0,1,6.52384126712514,0.054980906577178,2.7775935325425
20200817,4,827,16550,20,15.0864974137949,1.32568875673636,0.193797733333959,-0.193797733333959,0.00968988666669796,2.92710740960665,0,0,1,8.25381340146214,0.0662079337088632,3.34477439389978
20200817,4,828,16570,20,18.5528227578616,1.07800307592144,0.369794690170884,-0.369794690170884,0.0184897345085442,2.92710740960665,0,0,1,11.7201387455289,0.126334513368807,6.38232341217449
20200817,4,829,16590,20,79.0197293162928,0.253101347891814,2.42655401926702,-2.35080892720991,0.121327700963351,2.92710740960665,0,0,1,72.1870453039601,0.828993842625373,41.8801376539975
20200817,4,830,16610,20,125.70011036393,0.159108849961193,0.713526010434814,0.067862879571117,0.0356763005217407,2.92710740960665,0,0,1,118.867426351598,0.243764888194075,12.3148165255947
20200817,4,831,16630,20,56.3404020674352,0.35498504210285,1.4626248244794,0.803619017554385,0.0731312412239698,2.92710740960665,0,0,1,49.5077180551025,0.499682662713066,25.2435876139507
20200817,4,832,16650,20,21.8097809741903,0.917019754745268,0.557167592471325,0.536033100628503,0.0278583796235662,2.92710740960665,0,0,1,14.9770969618576,0.190347505063437,9.61621100695462
20200817,4,833,16670,20,14.099465777259,1.41849346038756,0.157462962901484,-0.157462962901484,0.00787314814507421,2.92710740960665,0,0,1,7.26678176492624,0.0537947334575756,2.71766896980619
20200817,4,834,16690,20,13.8960996087098,1.43925278050427,0.0679351914365871,-0.0459476378304014,0.00339675957182935,2.92710740960665,0,0,1,7.06341559637713,0.0232089848201766,1.17250023956786
20200817,4,835,16710,20,16.9508691214687,1.1798805038657,0.21609682750486,-0.21609682750486,0.010804841375243,2.92710740960665,0,0,1,10.118185109136,0.0738260669204139,3.7296366825699
20200817,4,836,16730,20,17.8403356252074,1.12105514269255,0.0605747612396598,-0.0605747612396598,0.00302873806198299,2.92710740960665,0,0,1,11.0076516128747,0.0206944101336548,1.04546584124317
20200817,4,837,16750,20,22.2746359804587,0.897882237785874,0.150499136943493,-0.150499136943493,0.00752495684717466,2.92710740960665,0,0,1,15.441951968126,0.051415652343184,2.59747960356771
20200817,4,838,16770,20,26.7751343381078,0.746961705119624,0.104117430884646,-0.0821444725925421,0.00520587154423229,2.92710740960665,0,0,1,19.9424503257751,0.0355700752705338,1.79697311619985
20200817,4,839,16790,20,31.9754451331155,0.62547995553272,0.0936093503712801,-0.0571868180279654,0.004680467518564,2.92710740960665,0,0,1,25.1427611207828,0.0319801555843349,1.61561310736231
20200817,4,840,16810,20,34.7020817600078,0.576334300008736,0.113316153274669,0.0101970348170722,0.00566580766373345,2.92710740960665,0,0,1,27.8693977476751,0.0387126734409437,1.95573478269325
20200817,4,841,16830,20,43.3908750375012,0.460926404058795,0.183117855975326,-0.0204166241025201,0.0091558927987663,2.92710740960665,0,0,1,36.5581910251685,0.0625593223447628,3.16044932618813
20200817,4,842,16850,20,46.849071363702,0.426902805495003,0.0992972769976548,-0.00538195361528028,0.00496486384988274,2.92710740960665,0,0,1,40.0163873513693,0.0339233458505025,1.71378159987762
20200817,4,843,16870,20,52.7130452937708,0.379412722003436,0.0466067067701054,0.023534959222955,0.00233033533850527,2.92710740960665,0,0,1,45.8803612814381,0.0159224450107789,0.804389797067496
20200817,4,844,16890,20,57.3594262716069,0.3486785224332,0.0691145304425168,0.0152595610560882,0.00345572652212584,2.92710740960665,0,0,1,50.5267422592742,0.0236118873587234,1.19285456900661
20200817,4,845,16910,20,38.8655527565716,0.514594508027891,0.168488688673175,-0.140859323713409,0.00842443443365874,2.92757105175219,0,0,1,32.0339508427496,0.0575523823998505,2.90750253293555
20200817,4,846,16930,20,21.0935142924754,0.948158743141937,0.0903020563910818,0.0394375392144823,0.00451510281955409,2.92757105175219,0,0,1,14.2619123786535,0.0308453850631686,1.55828536475612
20200817,4,847,16950,20,10.0368906850254,1.99264898140609,0.0418441644141906,0.0418441644141906,0.00209220822070953,2.92757105175219,0,0,1,3.20528877120341,0.0142931336847132,0.722078229588598
20200817,4,848,16970,20,8.28770211131086,2.41321414927601,0.0216545016535251,0.0216545016535251,0.00108272508267626,2.92757105175219,1,0,0,1.45610019748892,0.00739674674695414,0.373678013063587
20200817,4,849,16990,20,7.60756380508428,2.62896250526793,0.00993733475160052,0.00993733475160052,0.000496866737580026,2.92757105175219,1,1,0,0.775961891262341,0.00339439575536617,0.17148228874255
20200817,4,850,17010,20,7.26865431311671,2.75154095083444,0.0027532610919577,0.0027532610919577,0.000137663054597885,2.92757105175219,1,1,0,0.437052399294771,0.000940459187253487,0.0475112819842037
20200817,4,851,17030,20,7.07705849117519,2.82603288144915,0.000814734531923023,0.000794231393560807,4.07367265961511e-05,2.92757105175219,1,1,0,0.245456577353252,0.000278297099377107,0.0140593575384232
20200817,4,852,17050,20,6.95934477429546,2.87383376576924,0.000922354939444148,0.000922354939444148,4.61177469722074e-05,2.92757105175219,1,1,0,0.127742860473518,0.000315058088476488,0.0159164947143804
20200817,4,853,17070,20,6.88882492066296,2.90325276521548,0.000196972622147307,-0.000113164611491534,9.84863110736534e-06,2.92757105175219,1,1,0,0.0572230068410136,6.72819271216033e-05,0.0033990317232698
20200817,4,854,17090,20,6.84483030190859,2.92191319840658,0.00594997063890954,-0.00594997063890954,0.000297498531945477,2.92757105175219,1,1,0,0.0132283880866453,0.00203239154019794,0.102674872952916
20200817,4,855,17110,20,6.81907086144383,2.93295089703252,0.0148105522606441,-0.0148105522606441,0.000740527613032205,2.92757105175219,1,1,0,-0.0125310523781081,0.0050589898584288,0.255576315247641
20200817,4,856,17130,20,6.80691678673247,2.93818782080346,0.0188839828833959,-0.0188839828833959,0.000944199144169797,2.92757105175219,1,1,0,-0.0246851270894695,0.00645039268033943,0.325868926262981
20200817,4,857,17150,20,6.80559534355234,2.93875832904877,0.0215916173302768,-0.0215916173302768,0.00107958086651384,2.92757105175219,1,1,0,-0.0260065702696011,0.00737526671380149,0.372592858145673
20200817,4,858,17170,20,6.82289855073395,2.9313054930076,0.014846758032138,-0.014846758032138,0.000742337901606902,2.92757105175219,1,1,0,-0.00870336308798869,0.00507135702932027,0.256201095303528
20200817,4,859,17190,20,6.83752474712674,2.9250351171898,0.00437019282014681,-0.00437019282014681,0.000218509641007341,2.92757105175219,1,1,0,0.00592283330479404,0.00149277088169429,0.0754136482042463
20200817,4,860,17210,20,6.83398371282237,2.92655072655129,0.00142478303769114,0.000633947258298839,7.12391518845568e-05,2.92757105175219,1,1,0,0.00238179900043178,0.00048667752635359,0.0245865780284283
20200817,4,861,17230,20,6.83160191382194,2.92757105175219,0.00546308421367758,0.00546308421367758,0.000273154210683879,2.92757105175219,1,1,0,0,0.00186608082847651,0.0942729824416792
20200817,4,862,17250,20,6.82223949909894,2.93158866712925,0.00587137289363966,0.00587137289363966,0.000293568644681983,2.92757105175219,1,1,0,-0.00936241472300026,0.00200554411484755,0.101318561468419
20200817,4,863,17270,20,6.81553475603505,2.93447260059679,0.0106605569154027,0.0106605569154027,0.000533027845770135,2.92757105175219,1,1,0,-0.0160671577868925,0.00364143405128364,0.183962475333644
20200817,4,864,17290,20,6.81693505253679,2.9338698177207,0.00782152898246533,0.00782152898246533,0.000391076449123267,2.92757105175219,1,1,0,-0.0146668612851499,0.0026716786182812,0.134971169323175
20200817,4,865,17310,20,6.81926768370431,2.93286624424395,0.0036653071008752,0.0036653071008752,0.00018326535504376,2.92757105175219,1,1,0,-0.0123342301176308,0.00125199595025421,0.0632498820170234
20200817,4,866,17330,20,6.82740754171027,2.92936958542685,0.00676620061604716,0.00676620061604716,0.000338310030802358,2.92757105175219,1,1,0,-0.00419437211166951,0.00231119945389455,0.116760036441777
20200817,4,867,17350,20,6.8337661108435,2.92664391429273,0.00759222768441283,0.00759222768441283,0.000379611384220642,2.92757105175219,1,1,0,0.0021641970215569,0.00259335385895033,0.131014262125765
20200817,4,868,17370,20,6.84224289878875,2.92301812371211,0.00866466858093542,0.00866466858093542,0.000433233429046771,2.92757105175219,1,1,0,0.0106409849668125,0.00295967832300756,0.149520695095348
20200817,4,869,17390,20,6.84439000464045,2.92210116408331,0.00999610470455803,0.00999610470455803,0.000499805235227902,2.92757105175219,1,1,0,0.0127880908185034,0.00341447040152116,0.172496444579538
20200817,4,870,17410,20,6.85101889299403,2.91927380618558,0.0105225980608672,0.0105225980608672,0.000526129903043362,2.92757105175219,1,1,0,0.0194169791720924,0.00359431005254998,0.181581806802353
20200817,4,871,17430,20,6.86846646065351,2.91185814396436,0.0155072973003458,0.0155072973003458,0.00077536486501729,2.92757105175219,1,1,0,0.0368645468315663,0.00529698409576241,0.267599602886092
20200817,4,872,17450,20,6.49954748668642,3.07713729932241,0.0085037168078248,0.00611452976317573,0.00042518584039124,2.92757105175219,1,1,0,-0.332054427135517,0.00290470040094679,0.146743252338301
20200817,4,873,17470,20,7.28244290953444,2.74633117601448,0.0210632300341507,-0.0210632300341507,0.00105316150170753,2.92757105175219,1,1,0,0.450840995712497,0.00719478013062877,0.363474813403586
20200817,4,874,17490,20,6.91083444266587,2.89400652930197,0.0352161008569176,-0.0352161008569176,0.00176080504284588,2.92757105175219,0,0,1,0.0792325288439315,0.0120291191005732,0.607701936835736
20200817,4,875,17510,20,6.9470979118978,2.87889997429681,0.0357453730788066,-0.0357453730788066,0.00178726865394033,2.92757105175219,0,0,1,0.115495998075858,0.0122099079567727,0.616835252180955
20200817,4,876,17530,20,6.99579440549132,2.85886045826348,0.0282263208855881,-0.0282263208855881,0.0014113160442794,2.92757105175219,0,0,1,0.164192491669382,0.00964154938910678,0.487083733137065
20200817,4,877,17550,20,7.32313665587753,2.73107016020902,0.0187009868372464,-0.0187009868372464,0.000935049341862318,2.92757105175219,1,1,0,0.491534742055592,0.00638788487338456,0.322711079455062
20200817,4,878,17570,20,7.66238590049215,2.61015305933827,0.0189091466788256,-0.0189091466788256,0.000945457333941278,2.92757105175219,1,1,0,0.830783986670212,0.00645898813199022,0.326303161934978
20200817,4,879,17590,20,8.29374416391329,2.41145610531628,0.030113152307821,-0.030113152307821,0.00150565761539105,2.92757105175219,0,0,1,1.46214225009135,0.0102860534468661,0.519643587347849
20200817,4,880,17610,20,10.4589219262452,1.91224297695661,0.0330330320808411,-0.0330330320808411,0.00165165160404205,2.92757105175219,0,0,1,3.6273200124233,0.0112834262591408,0.570030102328631
20200817,4,881,17630,20,10.8745849699008,1.83915064854034,0.00490255083336813,0.00100916532246877,0.000245127541668406,2.92757105175219,1,0,0,4.04298305607881,0.00167461378279235,0.0846002130950914
20200817,4,882,17650,20,12.3446193635446,1.62013905905134,0.0115302431619433,-0.0115302431619433,0.000576512158097166,2.92757105175219,1,0,0,5.51301744972261,0.00393850156259822,0.198970099789556
20200817,4,883,17670,20,14.9643603910517,1.33650884350255,0.0789308576415767,-0.0789308576415767,0.00394654288207883,2.92757105175219,0,0,1,8.1327584772298,0.0269612099061901,1.36205979360914
20200817,4,884,17690,20,16.6054695196945,1.20442243299893,0.295202279173281,-0.295202279173281,0.014760113958664,2.92757105175219,0,0,1,9.77386760587251,0.100835222768239,5.09411866863981
20200817,4,885,17710,20,22.9924625831027,0.869850279312758,0.684909906053496,-0.684909906053496,0.0342454953026748,2.92757105175219,0,0,1,16.1608606692807,0.233951591249533,11.8190562367421
20200817,4,886,17730,20,28.3348255641195,0.705845178215112,1.0699342206831,-1.0699342206831,0.053496711034155,2.92757105175219,0,0,1,21.5032236502975,0.365468233484113,18.4631768530454
20200817,4,887,17750,20,24.3883326195137,0.820064262367716,0.384669988297045,-0.384669988297045,0.0192334994148523,2.92757105175219,0,0,1,17.5567307056917,0.131395611411998,6.63800623131096
20200817,4,888,17770,20,24.6344498441322,0.811871185536701,0.361821937348741,-0.361821937348741,0.0180910968674371,2.92757105175219,0,0,1,17.8028479303102,0.123591171982721,6.24373189439275
20200817,4,889,17790,20,24.3517330559916,0.821296782204956,0.40190617028718,-0.40190617028718,0.020095308514359,2.92757105175219,0,0,1,17.5201311421697,0.137283148105537,6.93544010173334
20200817,4,890,17810,20,16.1610233478841,1.23754539359777,0.209613047303698,-0.209613047303698,0.0104806523651849,2.92757105175219,0,0,1,9.32942143406217,0.0715996447560996,3.61715953024015
20200817,4,891,17830,20,18.1430317396316,1.10235159630526,0.302563834969755,-0.302563834969755,0.0151281917484877,2.92757105175219,0,0,1,11.3114298258097,0.103349783701634,5.221152372167
20200817,4,892,17850,20,15.4092777488204,1.29791936559331,0.0706002773981801,-0.0666219909431731,0.00353001386990901,2.92757105175219,0,0,1,8.57767583499844,0.0241156495094884,1.21830424925043
20200817,4,893,17870,20,12.6715251419919,1.57834197351055,0.0111064739405663,-0.00348642663368537,0.000555323697028314,2.92757105175219,1,0,0,5.83992322816994,0.0037937504314093,0.191657382869289
20200817,4,894,17890,20,14.4176929380865,1.38718448824548,0.122448077610959,0.122448077610959,0.00612240388054797,2.92757105175219,0,0,1,7.58609102426453,0.0418258260675424,2.11300888273596
20200817,4,895,17910,20,16.1381152525373,1.23930209240856,0.189870493987071,0.189870493987071,0.00949352469935356,2.92757105175219,0,0,1,9.30651333871538,0.0648559815050196,3.2764747980677
20200817,4,896,17930,20,13.8015142213808,1.44911635630652,0.0659270479980133,0.0659270479980133,0.00329635239990067,2.92757105175219,0,0,1,6.96991230755884,0.0225193673637929,1.13766129081225
20200817,4,897,17950,20,10.4352060443507,1.9165888929263,0.0627837646929439,0.0627837646929439,0.0031391882346472,2.92757105175219,0,0,1,3.60360413052877,0.0214456843516631,1.08341964264469
20200817,4,898,17970,20,11.4877826529446,1.74098001365595,0.0178353379707531,-0.00928062198420392,0.000891766898537654,2.92757105175219,1,0,0,4.65618073912265,0.00609219645073289,0.30777312550823
20200817,4,899,17990,20,14.4346770751072,1.38555229853325,0.0388744150917734,-0.0388744150917734,0.00194372075458867,2.92757105175219,0,0,1,7.60307516128523,0.0132787264269834,0.670831147395085
20200817,4,900,18010,20,12.621929773919,1.58454375505452,0.04001262128345,-0.04001262128345,0.0020006310641725,2.92757105175219,0,0,1,5.79032786009702,0.0136675150068525,0.690472450389151
20200817,4,901,18030,20,11.0513896782759,1.80972715488575,0.0836732783401185,-0.0836732783401185,0.00418366391700593,2.92757105175219,0,0,1,4.21978776445394,0.0285811264222055,1.4438967424384
20200817,4,902,18050,20,10.4275457067724,1.91799686737508,0.0568028569140992,-0.0568028569140992,0.00284014284570496,2.92757105175219,0,0,1,3.59594379295049,0.0194027253002457,0.980210907072085
20200817,4,903,18070,20,9.95292406263798,2.00945971999098,0.0243324219169139,-0.0243324219169139,0.0012166210958457,2.92757105175219,1,0,0,3.12132214881603,0.0083114710067756,0.419889186110968
20200817,4,904,18090,20,8.90952770959302,2.24478790031325,0.00816355794255266,-0.00071146755375402,0.000408177897127633,2.92847004244507,1,0,0,2.08002298182691,0.0027876528782028,0.140830100620487
20200817,4,905,18110,20,8.35713233416391,2.39316540654025,0.0143405448051801,0.0143405448051801,0.000717027240259007,2.92936958542685,1,0,0,1.52972479245364,0.00489543718775605,0.247313758869946
20200817,4,906,18130,20,8.23616420887811,2.42831486754977,0.0360152223224556,0.0360152223224556,0.00180076111612278,2.92847004244507,0,0,1,1.406659481112,0.0122983065561379,0.621301082105711
20200817,4,907,18150,20,8.62861911226173,2.31786798557129,0.0393530012824684,0.0393530012824684,0.00196765006412342,2.92757105175219,0,0,1,1.79701719843979,0.0134422019437974,0.679089806018588
20200817,4,908,18170,20,9.09751793165015,2.19840182237182,0.00779577371693989,0.00143286150508359,0.000389788685846995,2.92710740960665,1,0,0,2.26483391931743,0.00266330292197494,0.134548035523841
20200817,4,909,18190,20,11.4057553178009,1.75350070580474,0.0128829083678468,-0.00104100987507038,0.000644145418392341,2.92664391429273,1,0,0,4.57198920695737,0.00440193913066469,0.222382612822452
20200817,4,910,18210,20,12.4860275284937,1.60179047774475,0.03716732905859,0.03716732905859,0.0018583664529295,2.92710740960665,0,0,1,5.65334351616093,0.0126976307519869,0.64147463639625
20200817,4,911,18230,20,14.3547445200875,1.39326756892209,0.0513639772069307,0.0513639772069307,0.00256819886034654,2.92757105175219,0,0,1,7.52314260626554,0.0175449122494187,0.886355606461382
20200817,4,912,18250,20,10.7418942409986,1.86186901037119,0.0414600630842632,0.0414600630842632,0.00207300315421316,2.92800611553038,0,0,1,3.9113074147217,0.0141598280359988,0.715343729727256
20200817,4,913,18270,20,9.14307408959576,2.18744809502952,0.0219146054689809,0.0219146054689809,0.00109573027344904,2.92664391429273,1,1,0,2.30930797875226,0.00748796440932135,0.3782862599045
20200817,4,914,18290,20,10.2936877115008,1.94293829000221,0.0131947358836808,-0.00693304922919644,0.000659736794184038,2.92482989531722,1,0,0,3.45568320668463,0.0045112831706234,0.227906590456125
20200817,4,915,18310,20,11.1724767966953,1.79011336196427,0.0938188018633618,-0.0938188018633618,0.00469094009316809,2.92210116408331,0,0,1,4.32808679205482,0.0321066234860468,1.622002169452
20200817,4,916,18330,20,12.7271667136574,1.57144166097378,0.102534666738055,-0.102534666738055,0.00512673333690273,2.91927380618558,0,0,1,5.87614782066339,0.035123346950463,1.77440474165167
20200817,4,917,18350,20,12.6952120237493,1.57539708376556,0.0178731677196705,0.0107852943451054,0.000893658385983525,2.91556125969152,1,0,0,5.83546934692549,0.00613026656883263,0.309696398884389
20200817,4,918,18370,20,12.9470580188372,1.54475248128966,0.0552784922807202,0.0552784922807202,0.00276392461403601,2.74633117601448,0,0,1,5.66461510930276,0.0201281232079743,1.01685745698298
20200817,4,919,18390,20,11.7590605392797,1.70081614370403,0.0548609331945691,0.0548609331945691,0.00274304665972846,2.66924292092822,0,0,1,4.2662992610949,0.0205529937962677,1.03832159556634
20200817,4,920,18410,20,14.4784780363079,1.38136066165557,0.0153305596527254,0.0153305596527254,0.000766527982636269,2.59968810876786,1,0,0,6.78524747817028,0.00589707649968496,0.297915814164336
20200817,4,921,18430,20,19.1642229142617,1.043611321444,0.00538567090275102,-0.00266326874691281,0.000269283545137551,2.61015305933827,1,0,0,11.5018370137695,0.00206335443949651,0.104239095047358
20200817,4,922,18450,20,23.6646042299344,0.845144072796329,0.0540756205915716,-0.0540756205915716,0.00270378102957858,2.59968810876786,0,0,1,15.9713736717968,0.0208008108392668,1.05084112386699
20200817,4,923,18470,20,16.9639709962994,1.17896924041917,0.088522459905646,-0.088522459905646,0.0044261229952823,2.58930673786456,0,0,1,9.23989578051624,0.034187706929868,1.72713692029728
20200817,4,924,18490,20,16.5242984064789,1.21033883000795,0.160356870847331,-0.160356870847331,0.00801784354236654,2.57103006980056,0,0,1,8.74531509744611,0.0623706710905058,3.15091880848023
20200817,4,925,18510,20,18.0288557721524,1.10933274150943,0.125576521543781,-0.125576521543781,0.00627882607718906,2.57103006980056,0,0,1,10.2498724631196,0.0488428832547736,2.4675052683744
20200817,4,926,18530,20,20.4019054858236,0.980300590741249,0.127847393619359,-0.127847393619359,0.00639236968096794,2.57103006980056,0,0,1,12.6229221767908,0.049726137053417,2.5121265776877
20200817,4,927,18550,20,19.8350968091527,1.00831370738615,0.0305865704432897,-0.0304093245554604,0.00152932852216448,2.57103006980056,0,0,1,12.0561135001199,0.0118966210479453,0.601008236113701
20200817,4,928,18570,20,17.6361915729522,1.13403168236577,0.0437457252951923,0.0437457252951923,0.00218728626475961,2.55300960569518,0,0,1,9.8023001706697,0.0171349630638309,0.865645285780118
20200817,4,929,18590,20,16.4587891801748,1.21515621720769,0.095562916584543,0.095562916584543,0.00477814582922715,2.54920770171034,0,0,1,8.6132142642582,0.037487301062376,1.89382990324409
20200817,4,930,18610,20,13.4948360981925,1.48204838165309,0.0202676991810094,0.0202676991810094,0.00101338495905047,2.54920770171034,1,0,0,5.64926118227595,0.00795058761489352,0.401657631964319
20200817,4,931,18630,20,10.3703425588028,1.92857660068549,0.0380733616427971,0.0380733616427971,0.00190366808213986,2.54920770171034,0,0,1,2.52476764288622,0.0149353705534675,0.754523547137303
20200817,4,932,18650,20,11.3632051398436,1.76006679047557,0.0102401679959602,0.0102401679959602,0.00051200839979801,2.54920770171034,1,0,0,3.51763022392697,0.00401700025819386,0.20293579411461
20200817,4,933,18670,20,12.315200778874,1.62400925158353,0.0542331297057945,-0.0460222639128116,0.00271165648528973,2.54920770171034,0,0,1,4.4696258629574,0.0212745041015716,1.07477174676313
20200817,4,934,18690,20,11.6828309479988,1.71191384083375,0.26267538403231,-0.26267538403231,0.0131337692016155,2.54920770171034,0,0,1,3.83725603208222,0.103041970199632,5.2056018684446
20200817,4,935,18710,20,11.8239466135365,1.69148260337232,0.299877917007368,-0.299877917007368,0.0149938958503684,2.54920770171034,0,0,1,3.97837169761988,0.117635733175516,5.94286766089515
20200817,4,936,18730,20,12.5433734787312,1.59446739219816,0.253258757759806,-0.253258757759806,0.0126629378879903,2.54920770171034,0,0,1,4.69779856281457,0.0993480278558264,5.01898671415758
20200817,4,937,18750,20,12.5283216629068,1.59638302225388,0.183732133535744,-0.183732133535744,0.00918660667678719,2.54920770171034,0,0,1,4.68274674699023,0.0720742109057934,3.64113425074249
20200817,4,938,18770,20,14.5363990097758,1.37585656437677,0.194848531722605,-0.194848531722605,0.00974242658613026,2.54920770171034,0,0,1,6.69082409385919,0.0764349376443024,3.86143484489631
20200817,4,939,18790,20,15.3550221893347,1.30250544436801,0.289551437163577,-0.289551437163577,0.0144775718581789,2.54920770171034,0,0,1,7.50944727341812,0.113584874613908,5.73822137107501
20200817,4,940,18810,20,14.8552185721783,1.34632822148152,0.376858045351695,-0.376858045351695,0.0188429022675847,2.54920770171034,0,0,1,7.00964365626169,0.147833401373631,7.4684308628625
20200817,4,941,18830,20,14.8809653478893,1.34399882886877,0.446556024726108,-0.446556024726108,0.0223278012363054,2.54920770171034,0,0,1,7.0353904319727,0.175174437307129,8.84967917813528
20200817,4,942,18850,20,15.0256099501967,1.33106077332576,0.406124282785908,-0.406124282785908,0.0203062141392954,2.55300960569518,0,0,1,7.19171854791421,0.159076676358733,8.03643255340174
20200817,4,943,18870,20,14.1892366543252,1.40951909445414,0.217296927669596,-0.217296927669596,0.0108648463834798,2.55452894847429,0,0,1,6.3600045714611,0.0850634038809301,4.29733838862883
20200817,4,944,18890,20,15.2414665179313,1.31220968641505,0.150876446453371,0.149119616946173,0.00754382232266856,2.55300960569518,0,0,1,7.4075751156488,0.0590974848338997,2.9855599313145
20200817,4,945,18910,20,15.5817476330012,1.28355306933872,0.369702511169476,0.369702511169476,0.0184851255584738,2.55300960569518,0,0,1,7.74785623071875,0.14481046618264,7.31571447896649
20200817,4,946,18930,20,13.0930258925146,1.52753077586398,0.421233115677943,0.421233115677943,0.0210616557838971,2.55300960569518,0,0,1,5.2591344902321,0.164994724163304,8.33540782191938
20200817,4,947,18950,20,11.9416539554077,1.67480987765042,0.299010978146971,0.299010978146971,0.0149505489073485,2.55300960569518,0,0,1,4.10776255312521,0.117120976544681,5.91686254789045
20200817,4,948,18970,20,12.2546675137855,1.63203122218547,0.0743042252430438,0.0687176057033486,0.00371521126215219,2.55300960569518,0,0,1,4.42077611150307,0.029104561564237,1.47034028722011
20200817,4,949,18990,20,11.5740412207233,1.72800490499291,0.0771249529177989,-0.0771249529177989,0.00385624764588995,2.55300960569518,0,0,1,3.74014981844084,0.0302094252782092,1.52615716070076
20200817,4,950,19010,20,12.325871021183,1.62260338158888,0.126016221933996,-0.126016221933996,0.0063008110966998,2.55300960569518,0,0,1,4.49197961890059,0.0493598698778425,2.49362303888863
20200817,4,951,19030,20,11.957991027597,1.67252174331319,0.22555653959236,-0.22555653959236,0.011277826979618,2.55300960569518,0,0,1,4.12409962531456,0.0883492718120586,4.46333793433439
20200817,4,952,19050,20,12.5507213940255,1.59353389913672,0.196546783442409,-0.196546783442409,0.00982733917212045,2.55300960569518,0,0,1,4.716829991743,0.076986307847788,3.88928964771023
20200817,4,953,19070,20,11.1518649109112,1.79342201145493,0.145079961593967,-0.145079961593967,0.00725399807969836,2.55300960569518,0,0,1,3.31797350862871,0.0568270331887225,2.87085844313983
20200817,4,954,19090,20,10.2876218733581,1.94408389482063,0.0243398270618187,-0.0145275691577062,0.00121699135309093,2.55300960569518,1,1,0,2.45373047107569,0.00953377809763116,0.481639209559117
20200817,4,955,19110,20,9.70609781868188,2.06056031719615,0.0519785631015552,0.0519785631015552,0.00259892815507776,2.55300960569518,0,0,1,1.87220641639942,0.0203597209292135,1.02855759749926
20200817,4,956,19130,20,10.421067379837,1.91918920308456,0.116249779996214,0.116249779996214,0.00581248899981071,2.55452894847429,0,0,1,2.59183529697293,0.0455073253586128,2.29899542347412
20200817,4,957,19150,20,10.7250213419484,1.86479815399292,0.188378503414105,0.188378503414105,0.00941892517070526,2.55452894847429,0,0,1,2.89578925908427,0.0737429511325819,3.72543773626096
20200817,4,958,19170,20,10.2743264539349,1.94659962282397,0.104852298385328,0.104852298385328,0.00524261491926639,2.55452894847429,0,0,1,2.44509437107081,0.0410456489240225,2.07359492754706
20200817,4,959,19190,20,8.46024669020335,2.36399726064244,0.0645498663897001,0.0645498663897001,0.00322749331948501,2.55452894847429,0,0,1,0.631014607339238,0.0252687942441416,1.27656024313009
20200817,4,960,19210,20,8.18916717301909,2.44225079027501,0.0394082002695623,0.0394082002695623,0.00197041001347811,2.55452894847429,0,0,1,0.359935090154976,0.0154267972939195,0.779350051845478
20200817,4,961,19230,20,7.55591804447795,2.64693183307044,0.012903667188073,0.0110144040346949,0.000645183359403649,2.55452894847429,1,0,0,-0.273314038386162,0.0050512902567731,0.25518733723521
20200817,4,962,19250,20,7.83389140228246,2.55300960569518,0.0259945892166282,-0.0259945892166282,0.00129972946083141,2.55452894847429,1,1,0,0.00465931941835063,0.010175883593785,0.514077890264085
20200817,4,963,19270,20,8.26275627877476,2.420499809655,0.048579034601087,-0.048579034601087,0.00242895173005435,2.55605010070767,0,0,1,0.438183515329,0.0190055095507077,0.960143869883601
20200817,4,964,19290,20,8.62999063205098,2.31749961879702,0.0483416617998241,-0.0483416617998241,0.00241708308999121,2.57257094336659,0,0,1,0.855666642436518,0.0187911870514101,0.949316460424796
20200817,4,965,19310,20,8.24871389488362,2.42462040202477,0.0809236947162322,-0.0809236947162322,0.00404618473581161,2.57257094336659,0,0,1,0.474389905269163,0.031456351058032,1.58915090156851
20200817,4,966,19330,20,9.10241021708134,2.19722024420175,0.0941327185736171,-0.0941327185736171,0.00470663592868085,2.57257094336659,0,0,1,1.32808622746688,0.0365909126107249,1.84854504126283
20200817,4,967,19350,20,9.58656970914126,2.08625197612959,0.0332344501490397,-0.0332344501490397,0.00166172250745198,2.57257094336659,0,0,1,1.8122457195268,0.0129187691537662,0.652646380058152
20200817,4,968,19370,20,8.92613825257831,2.24061060159168,0.0241012595212649,-0.0241012595212649,0.00120506297606324,2.57257094336659,1,1,0,1.15181426296385,0.00936855000380466,0.473292012079523
20200817,4,969,19390,20,8.09320170694809,2.47120987764704,0.024143156674176,-0.024143156674176,0.0012071578337088,2.58930673786456,1,1,0,0.369126491164933,0.00932417790488862,0.471050367431457
20200817,4,970,19410,20,7.72407521578316,2.58930673786456,0.0065008761340426,-0.00356139567513445,0.00032504380670213,2.61054373393908,1,1,0,0.0628360110977155,0.00249023835514656,0.125804945395634
20200817,4,971,19430,20,7.51872531320623,2.66002535893565,0.0179757853033237,0.0179757853033237,0.000898789265166187,2.64600515779324,1,1,0,-0.039838940190748,0.00679355641102208,0.343205296619285
20200817,4,972,19450,20,7.39948997491774,2.70288899205142,0.0297499634868149,0.0297499634868149,0.00148749817434075,2.66002535893565,0,0,1,-0.11923533828849,0.0111840901767638,0.565011719090969
20200817,4,973,19470,20,7.49327867853026,2.66905861346169,0.0517456138424695,0.0517456138424695,0.00258728069212347,2.66980223340346,0,0,1,0.00208710270180745,0.019381815325139,0.979154551052554
20200817,4,974,19490,20,7.90044653284713,2.53150248113792,0.0486493674627976,0.0486493674627976,0.00243246837313988,2.66002535893565,0,0,1,0.381721219640895,0.0182890615307004,0.923949461485083
20200817,4,975,19510,20,8.21276353884605,2.4352338777807,0.0394702868135624,0.0394702868135624,0.00197351434067812,2.64669199536743,0,0,1,0.656160792849733,0.0149130638860314,0.753396631284868
20200817,4,976,19530,20,8.37529153867399,2.38797657462399,0.0341636839814235,0.0341636839814235,0.00170818419907118,2.64669199536743,0,0,1,0.818688792677677,0.0129080694093688,0.652105837119004
20200817,4,977,19550,20,8.02850393779408,2.4911241440451,0.0513715033232735,0.0513715033232735,0.00256857516616368,2.64669199536743,0,0,1,0.47190119179777,0.0194097021539304,0.980563372407389
20200817,4,978,19570,20,7.35711301650554,2.71845762803023,0.0421691369006769,0.0421691369006769,0.00210845684503385,2.64669199536743,0,0,1,-0.199489729490778,0.0159327707849975,0.804911447317982
20200817,4,979,19590,20,7.84557491591659,2.54920770171034,0.00994859957864947,-0.00116612922998414,0.000497429978932473,2.64669199536743,1,1,0,0.288972169920272,0.00375888074474202,0.189895792851982
20200817,4,980,19610,20,8.69183597074698,2.30100982891434,0.0366681550787533,-0.0366681550787533,0.00183340775393766,2.64669199536743,0,0,1,1.13523322475066,0.0138543340679363,0.699910407093149
20200817,4,981,19630,20,8.51297009730115,2.34935630824553,0.0714671856708591,-0.0714671856708591,0.00357335928354296,2.64669199536743,0,0,1,0.956367351304835,0.0270024565744521,1.36414354388057
20200817,4,982,19650,20,10.125377121185,1.97523507130955,0.0534878557399292,-0.0534878557399292,0.00267439278699646,2.64669199536743,0,0,1,2.5687743751887,0.0202093238780902,1.02095965300326
20200817,4,983,19670,20,11.1008560497321,1.80166285468432,0.0380340421283233,-0.0380340421283233,0.00190170210641616,2.64669199536743,0,0,1,3.54425330373579,0.0143704073594114,0.725982036790759
20200817,4,984,19690,20,13.4990349467244,1.48158739339016,0.0260154245517796,-0.0240584951697578,0.00130077122758898,2.64669199536743,1,0,0,5.94243220072804,0.0098294114303119,0.496574380402568
20200817,4,985,19710,20,13.3528373022964,1.49780900846897,0.0156457002354784,0.0156457002354784,0.000782285011773922,2.64669199536743,1,0,0,5.79623455630008,0.00591141706812258,0.298640288761521
20200817,4,986,19730,20,16.2006980456244,1.23451470693892,0.0318659642623693,0.0318659642623693,0.00159329821311847,2.63281162762914,0,0,1,8.60425635943739,0.0121033969646605,0.611454397967131
20200817,4,987,19750,20,45.4398070397729,0.440142714129359,2.009394224395,2.009394224395,0.10046971121975,2.61054373393908,0,0,1,37.7785678350874,0.769722490480173,38.8857940785154
20200817,4,988,19770,20,31.2645230531707,0.639702706034778,0.759834945270703,0.752151859268213,0.0379917472635351,2.63281162762914,0,0,1,23.6680813669836,0.288602092643802,14.5799579510462
20200817,4,989,19790,20,10.3767831340956,1.92737958783053,0.0492389359440768,0.0492389359440768,0.00246194679720384,2.63281162762914,0,0,1,2.78034144790854,0.018702035279454,0.944812580794285
20200817,4,990,19810,20,8.7744881407707,2.27933523632791,0.0436520684907308,0.0436520684907308,0.00218260342453654,2.63281162762914,0,0,1,1.17804645458364,0.016580019638564,0.837609966522795
20200817,4,991,19830,20,8.21328942151013,2.43507795398287,0.0681634624275023,0.0681634624275023,0.00340817312137512,2.63281162762914,0,0,1,0.616847735323063,0.0258899883729562,1.307942497481
20200817,4,992,19850,20,7.82457276344576,2.55605010070767,0.0247872330064155,0.0247872330064155,0.00123936165032077,2.63281162762914,1,1,0,0.228131077258695,0.00941473850475832,0.475625419975346
20200817,4,993,19870,20,7.59840319358773,2.63213197437034,0.00493885558001956,-0.00112094169209946,0.000246942779000978,2.63281162762914,1,1,0,0.00196150740066514,0.00187588642050591,0.0947683534840861
20200817,4,994,19890,20,8.28162262826663,2.41498567342787,0.0144975389442212,-0.0144975389442212,0.000724876947211062,2.63281162762914,1,1,0,0.685180942079569,0.00550648545915013,0.278183452230004
20200817,4,995,19910,20,9.69509262861175,2.0628993209386,0.0262178983593064,0.0247205618776587,0.00131089491796532,2.63281162762914,1,0,0,2.09865094242468,0.00995813680104251,0.503077488108033
20200817,4,996,19930,20,9.45321229985348,2.11568294095225,0.0635151197822566,0.0635151197822566,0.00317575598911283,2.63281162762914,0,0,1,1.85677061366641,0.0241244451808549,1.21874859987
20200817,4,997,19950,20,8.56372294404719,2.33543286379931,0.0750247510592541,0.0750247510592541,0.0037512375529627,2.63281162762914,0,0,1,0.967281257860122,0.0284960573221162,1.43959911628167
20200817,4,998,19970,20,8.04822291534219,2.48502063255161,0.0876178612057249,0.0876178612057249,0.00438089306028624,2.63281162762914,0,0,1,0.451781229155131,0.033279198665886,1.68123977462626
20200817,4,999,19990,20,7.75690304255295,2.57834858709509,0.0328563576901448,0.0113416475807096,0.00164281788450724,2.63281162762914,0,0,1,0.160461356365886,0.0124795702606845,0.630458386427829
20200817,4,1000,20010,20,7.52018360421971,2.6595095349504,0.0802958142512392,-0.0802958142512392,0.00401479071256196,2.63281162762914,0,0,1,-0.0762580819673531,0.0304981235302223,1.54074197654992
20200817,4,1001,20030,20,7.47920636653362,2.67408051334053,0.109571966529313,-0.109571966529313,0.00547859832646566,2.63281162762914,0,0,1,-0.117235319653446,0.0416178527090384,2.10250222703521
20200817,4,1002,20050,20,7.47213203666615,2.67661223086783,0.0932484317809486,-0.0932484317809486,0.00466242158904743,2.63281162762914,0,0,1,-0.12430964952091,0.0354178137176184,1.78928097849312
20200817,4,1003,20070,20,7.42979168461716,2.69186551238153,0.105657219447102,-0.105657219447102,0.00528286097235508,2.63281162762914,0,0,1,-0.166650001569906,0.0401309453127289,2.02738479764758
20200817,4,1004,20090,20,7.43384415932996,2.69039807283271,0.0923294962222737,-0.0923294962222737,0.00461647481111369,2.63281162762914,0,0,1,-0.162597526857098,0.0350687816983766,1.77164814666748
20200817,4,1005,20110,20,7.40485308405732,2.70093137202952,0.0510915145691204,-0.0510915145691204,0.00255457572845602,2.63349163197053,0,0,1,-0.189627094729076,0.0194006747349681,0.980107314075756
20200817,4,1006,20130,20,7.39292952972937,2.70528752094464,0.0110957155777204,-0.00172310672376064,0.000554785778886018,2.63349163197053,1,1,0,-0.201550649057026,0.00421330960122243,0.212853192635648
20200817,4,1007,20150,20,7.37219371765968,2.71289669886063,0.0425242631790514,0.0425242631790514,0.00212621315895257,2.63349163197053,0,0,1,-0.222286461126714,0.0161474836915401,0.815758579853511
20200817,4,1008,20170,20,7.35301090553912,2.71997420606758,0.0643451014305974,0.0643451014305974,0.00321725507152987,2.63349163197053,0,0,1,-0.241469273247276,0.0244333798708336,1.23435574515521
20200817,4,1009,20190,20,7.32083881706239,2.73192737878435,0.0557167205593466,0.0557167205593466,0.00278583602796733,2.63349163197053,0,0,1,-0.273641361724003,0.0211569764957469,1.06883434161366
20200817,4,1010,20210,20,7.31031883452488,2.73585878437269,0.0415545523270701,0.0415545523270701,0.00207772761635351,2.63349163197053,0,0,1,-0.28416134426152,0.0157792611993138,0.797156259946168
20200817,4,1011,20230,20,7.34479808561082,2.72301563186359,0.0307282785255939,0.0307282785255939,0.0015364139262797,2.63349163197053,0,0,1,-0.249682093175579,0.0116682651095425,0.58947186799771
20200817,4,1012,20250,20,7.34972833266875,2.7211890147153,0.00666559489677923,0.000380565428973511,0.000333279744838961,2.63213197437034,1,1,0,-0.248674860918982,0.00253239387754247,0.127934610285817
20200817,4,1013,20270,20,7.35125452774082,2.72062406824953,0.0216774949119127,-0.0216774949119127,0.00108387474559564,2.63349163197053,1,1,0,-0.243225651045577,0.00823146527171321,0.415847357299657
20200817,4,1014,20290,20,7.34813670473523,2.72177843222647,0.0464239203668722,-0.0464239203668722,0.00232119601834361,2.63349163197053,0,0,1,-0.246343474051173,0.0176282771523885,0.890567137877378
20200817,4,1015,20310,20,7.36053505653763,2.7171937700692,0.0626880708223336,-0.0626880708223336,0.00313440354111668,2.63349163197053,0,0,1,-0.23394512224877,0.0238041655653285,1.20256831758523
20200817,4,1016,20330,20,7.38339867134709,2.70877964068423,0.0564489073424497,-0.0564489073424497,0.00282244536712248,2.63349163197053,0,0,1,-0.211081507439303,0.0214350053963192,1.0828801499527
20200817,4,1017,20350,20,7.38441499325199,2.70840682955608,0.0400424356045995,-0.0400424356045995,0.00200212178022998,2.63698321756251,0,0,1,-0.200009460721958,0.0151849413898101,0.767131675742156
20200817,4,1018,20370,20,7.38349852979991,2.70874300567403,0.0301037207217952,-0.0301037207217952,0.00150518603608976,2.640484074006,0,0,1,-0.190870199361598,0.0114008340433288,0.575961454180262
20200817,4,1019,20390,20,7.38121920123922,2.70957946847619,0.0214483570681367,-0.0214483570681367,0.00107241785340683,2.63698321756251,1,1,0,-0.203205252734733,0.00813367219225704,0.410906925394563
20200817,4,1020,20410,20,7.39200597844319,2.70562551739334,0.00591260050473466,0.00309655682110304,0.000295630025236733,2.640484074006,1,1,0,-0.182362750718312,0.00223921081855434,0.113123225403443
20200817,4,1021,20430,20,7.43200267981774,2.69106469166269,0.0153722980634928,0.0153722980634928,0.00076861490317464,2.64339862832898,1,1,0,-0.134014713723444,0.0058153537263543,0.293787241887231
20200817,4,1022,20450,20,7.46365783845067,2.67965124244651,0.019335347714328,0.019335347714328,0.000966767385716398,2.640484074006,1,1,0,-0.110710890710834,0.00732265265474351,0.369934835947456
20200817,4,1023,20470,20,7.43986561510246,2.6882205989583,0.0197176804004837,0.0197176804004837,0.000985884020024184,2.640484074006,1,1,0,-0.134503114059044,0.00746744909185121,0.37724984168824
20200817,4,1024,20490,20,7.5944801787864,2.63349163197053,0.00876924095318685,0.00605446955288471,0.000438462047659343,2.640484074006,1,1,0,0.020111449624892,0.00332107322271505,0.167778090227825
20200817,4,1025,20510,20,8.28482255940253,2.41405290899101,0.00609412464445676,-0.00235807024119445,0.000304706232222838,2.640484074006,1,1,0,0.710453830241022,0.00230795735692929,0.116596248171936
20200817,4,1026,20530,20,8.08065532295768,2.47504678774983,0.0411143648829327,0.0411143648829327,0.00205571824414664,2.640484074006,0,0,1,0.506286593796176,0.0155707679844311,0.786623341497026
20200817,4,1027,20550,20,7.89347598294989,2.53373799365457,0.097641012720857,-0.0634310888266203,0.00488205063604285,2.640484074006,0,0,1,0.319107253788388,0.036978451671826,1.86812321952024
20200817,4,1028,20570,20,7.41909958950055,2.69574491604127,0.0789263137368735,-0.0298220409343813,0.00394631568684368,2.640484074006,0,0,1,-0.155269139660959,0.0298908501338282,1.51006298700031
20200817,4,1029,20590,20,7.5082119563649,2.66375005343922,0.0448748997605694,-0.00888522710060151,0.00224374498802847,2.640484074006,0,0,1,-0.066156772796603,0.0169949518735357,0.858572027064359
20200817,4,1030,20610,20,7.99407611286006,2.50185258654543,0.0528531270530607,-0.0528531270530607,0.00264265635265303,2.64339862832898,0,0,1,0.42805871931887,0.019994383929325,1.01010105046753
20200817,4,1031,20630,20,8.81756277309069,2.26820046703106,0.0611104665830812,-0.0611104665830812,0.00305552332915406,2.64339862832898,0,0,1,1.2515453795495,0.0231181426547505,1.16791096254648
20200817,4,1032,20650,20,8.81471758021689,2.26893259120253,0.0350694257180063,-0.0350694257180063,0.00175347128590031,2.64339862832898,0,0,1,1.24870018667571,0.0132667942481968,0.670228342809092
20200817,4,1033,20670,20,8.25247951571328,2.4235140434967,0.0522807518824798,-9.36730088689271e-05,0.00261403759412399,2.64339862832898,0,0,1,0.686462122172089,0.0197778539045127,0.999162118500748
20200817,4,1034,20690,20,8.58918338636249,2.32851006904278,0.123317183381415,-0.115990690116728,0.00616585916907073,2.64339862832898,0,0,1,1.02316599282131,0.0466509977193146,2.35677288023493
20200817,4,1035,20710,20,8.69099005300086,2.30123379247159,0.0239781424605273,0.012719768134026,0.00119890712302636,2.64339862832898,1,1,0,1.12497265945967,0.00907095214605788,0.458257594925713
20200817,4,1036,20730,20,8.08531669599688,2.47361986573787,0.0122621837405593,0.0122621837405593,0.000613109187027962,2.64339862832898,1,1,0,0.519299302455694,0.00463879477319346,0.234348379518398
20200817,4,1037,20750,20,7.76101249248495,2.57698335357225,0.0224159943715104,0.0224159943715104,0.00112079971857552,2.64339862832898,1,1,0,0.194995098943765,0.00847999016541847,0.428402645678952
20200817,4,1038,20770,20,7.57436872916151,2.640484074006,0.0263724589387909,0.0263724589387909,0.00131862294693954,2.64631962390543,1,1,0,0.0167026712406377,0.00996571188928059,0.503460175797422
20200817,4,1039,20790,20,7.55010274620508,2.64897057328824,0.0595420701789713,0.0595420701789713,0.00297710350894857,2.66288113324433,0,0,1,0.0394407980193137,0.0223600180404703,1.12961108434185
20200817,4,1040,20810,20,8.16544068040639,2.44934728972945,0.046970674162187,-0.00864194892621058,0.00234853370810935,2.66288113324433,0,0,1,0.65477873222062,0.0176390427555285,0.891111007950051
20200817,4,1041,20830,20,9.85280876829893,2.02987802466534,0.279621279534801,0.279621279534801,0.0139810639767401,2.66288113324433,0,0,1,2.34214682011316,0.105007045205252,5.30487596133191
20200817,4,1042,20850,20,12.0164859487995,1.6643800929171,0.336990875228187,0.336990875228187,0.0168495437614093,2.66288113324433,0,0,1,4.50582400061376,0.126551227173108,6.39327162854111
20200817,4,1043,20870,20,15.0640775780103,1.32766177659593,0.178013971552256,0.0962155149474715,0.00890069857761281,2.68964189345752,0,0,1,7.62814343055015,0.0661850084895206,3.34361622927606
20200817,4,1044,20890,20,37.2461669735621,0.536968005706367,3.70948207913038,3.36397238569899,0.185474103956519,2.6981573631912,0,0,1,29.8337008687886,1.37482050889095,69.45488518895
20200817,4,1045,20910,20,58.3203471181005,0.342933486995532,1.29482020119163,1.21685326051492,0.0647410100595814,2.70528752094464,0,0,1,50.9274175883711,0.478625725053985,24.1798071581862
20200817,4,1046,20930,20,23.0545826594716,0.86750648647215,0.433509008686325,-0.433509008686325,0.0216754504343163,2.70528752094464,0,0,1,15.6616531297423,0.160245077586042,8.09545929367262
20200817,4,1047,20950,20,16.8599471527705,1.18624333865208,0.223843721401176,-0.223843721401176,0.0111921860700588,2.70528752094464,0,0,1,9.4670176230411,0.0827430428995635,4.18011551879563
20200817,4,1048,20970,20,18.6052595985457,1.07496484497122,0.136830292829669,-0.136123449128198,0.00684151464148343,2.70528752094464,0,0,1,11.2123300688163,0.0505788356210987,2.55520426000049
20200817,4,1049,20990,20,15.3407723999044,1.30371532010505,0.0351359679450738,0.0351359679450738,0.00175679839725369,2.70528752094464,0,0,1,7.94784287017501,0.012987886748838,0.656138148328412
20200817,4,1050,21010,20,11.9734459861047,1.67036290331206,0.0463248917948768,0.0430268753882341,0.00231624458974384,2.70528752094464,0,0,1,4.58051645637534,0.0171238330255931,0.865083004723826
20200817,4,1051,21030,20,10.4029843807693,1.92252523583246,0.111730943564934,0.111730943564934,0.0055865471782467,2.70528752094464,0,0,1,3.01005485103997,0.0413009496032863,2.08649252345304
20200817,4,1052,21050,20,11.0381399876551,1.81189947059629,0.0634843158958573,0.0557033690540473,0.00317421579479286,2.70528752094464,0,0,1,3.64521045792571,0.0234667536830575,1.18552252623067
20200817,4,1053,21070,20,10.2555433258858,1.9501648390991,0.0991429208378403,0.0991429208378403,0.00495714604189201,2.7054565086124,0,0,1,2.86307557179953,0.0366455422669832,1.85130488989674
20200817,4,1054,21090,20,9.17287087960904,2.18034247538132,0.101177189264153,0.101177189264153,0.00505885946320765,2.7054565086124,0,0,1,1.78040312552275,0.0373974554542168,1.88929097153695
20200817,4,1055,21110,20,9.54274479776177,2.09583305682564,0.0824421175218719,0.0824421175218719,0.00412210587609359,2.7054565086124,0,0,1,2.15027704367549,0.0304725347679515,1.53944925176574
20200817,4,1056,21130,20,8.80325177072882,2.27188776612079,0.0426288499151585,0.0260341641257462,0.00213144249575793,2.70562551739334,0,0,1,1.41124579228563,0.0157556356713505,0.795962716264204
20200817,4,1057,21150,20,7.7774574113264,2.57153449286315,0.0884037627029556,0.0884037627029556,0.00442018813514778,2.69106469166269,0,0,1,0.345454731508653,0.0328508500657169,1.65959992953143
20200817,4,1058,21170,20,7.51773277367465,2.66037655262706,0.0624677481855397,-0.0434281304971158,0.00312338740927698,2.69106469166269,0,0,1,0.0857300938569097,0.0232130235958555,1.17270427543965
20200817,4,1059,21190,20,8.69689492631187,2.2996713389616,0.066265863115159,-0.066265863115159,0.00331329315575795,2.69106469166269,0,0,1,1.26489224649413,0.0246244036126149,1.2440061191262
20200817,4,1060,21210,20,9.34203229219929,2.1408617926423,0.106442049367955,-0.106442049367955,0.00532210246839774,2.69106469166269,0,0,1,1.91002961238155,0.0395538798073966,1.99823188775123
20200817,4,1061,21230,20,8.91144819716828,2.24430413076465,0.0702591577511404,-0.0702591577511404,0.00351295788755702,2.70562551739334,0,0,1,1.51944221872509,0.0259678057068407,1.31187376993126
20200817,4,1062,21250,20,8.18816650527515,2.4425492553327,0.0213269977834869,-0.0213269977834869,0.00106634988917435,2.70562551739334,1,1,0,0.796160526831954,0.00788246475588901,0.398216117002691
20200817,4,1063,21270,20,8.8188692836884,2.26786443438871,0.0666902330796541,-0.061520310983351,0.0033345116539827,2.69106469166269,0,0,1,1.38686660387066,0.024782099548283,1.25197279771134
20200817,4,1064,21290,20,8.06055986192405,2.48121722840552,0.0956796164840997,0.0956796164840997,0.00478398082420498,2.6882205989583,0,0,1,0.620694246821586,0.0355921744373122,1.79808954927707
20200817,4,1065,21310,20,7.24238206933478,2.76152235666808,0.0669632029500663,-0.0186036621002758,0.00334816014750332,2.6882205989583,0,0,1,-0.197483545767682,0.0249098615552663,1.25842723701389
20200817,4,1066,21330,20,7.47143529413916,2.67686183613056,0.0321597702769653,-0.0111308741832785,0.00160798851384826,2.6882205989583,0,0,1,0.0315696790366928,0.0119632184536594,0.604372686336723
20200817,4,1067,21350,20,7.36034339826438,2.71726452392373,0.00181454746407717,0.00152769747903996,9.07273732038583e-05,2.6882205989583,1,1,0,-0.079522216838086,0.000674999464247954,0.0341004589244625
20200817,4,1068,21370,20,7.55766605792087,2.64631962390543,0.0164433090657734,0.0164433090657734,0.000822165453288672,2.6882205989583,1,1,0,0.117800442818407,0.00611680048584752,0.309016102626348
20200817,4,1069,21390,20,8.29923931789745,2.40985941408747,0.0091536972573385,0.0091536972573385,0.000457684862866925,2.6882205989583,1,1,0,0.859373702794983,0.00340511387379652,0.172023759923847
20200817,4,1070,21410,20,9.88388127065082,2.02349658523195,0.0182058978965035,-0.0111870304324402,0.000910294894825174,2.68392908057347,1,0,0,2.43211954387425,0.00678330065733834,0.342687183752897
20200817,4,1071,21430,20,10.8133257099653,1.84956973797326,0.0428090745806291,0.0417483066068485,0.00214045372903145,2.68392908057347,0,0,1,3.36156398318872,0.0159501511759328,0.805789491432936
20200817,4,1072,21450,20,9.93894344003638,2.01228632808547,0.0654008503789891,0.0239312559008289,0.00327004251894945,2.68392908057347,0,0,1,2.48718171325982,0.0243675776876396,1.23103146896834
20200817,4,1073,21470,20,12.5542132021892,1.59309067624504,0.0267943425623759,-0.0147746316155697,0.0013397171281188,2.6882205989583,1,0,0,5.11434758708674,0.00996731539545485,0.503541183708282
20200817,4,1074,21490,20,14.9678360937742,1.33619849086395,0.0284311692138543,0.0284311692138543,0.00142155846069271,2.67261879310985,0,0,1,7.48453916734343,0.0106379440596434,0.53742083314209
20200817,4,1075,21510,20,15.7197701752466,1.27228323169084,0.0405933190197878,0.00214454712866541,0.00202966595098939,2.69944593246779,0,0,1,8.31084238030598,0.0150376484787299,0.759690550037334
20200817,4,1076,21530,20,16.386945550028,1.22048370386913,0.455537570274922,0.455537570274922,0.0227768785137461,2.70832592053717,0,0,1,9.00230995342554,0.1681989478521,8.49728276267403
20200817,4,1077,21550,20,25.3710812594763,0.788299079391022,2.74440859987937,2.74440859987937,0.137220429993969,2.70832592053717,0,0,1,17.9864456628738,1.01332287191456,51.1922998478819
20200817,4,1078,21570,20,13.3564331284051,1.49740576752232,0.0573573757136081,0.0573573757136081,0.00286786878568041,2.70832592053717,0,0,1,5.97179753180262,0.0211781659211207,1.06990481524789
20200817,4,1079,21590,20,24.4068481143604,0.819442146166857,1.01306083831434,-1.01306083831434,0.0506530419157172,2.70832592053717,0,0,1,17.0222125177579,0.374054256407003,18.8969361928883
20200817,4,1080,21610,20,20.723705015389,0.96507839622058,0.514068102302902,-0.50248691730969,0.0257034051151451,2.70832592053717,0,0,1,13.3390694187865,0.189810280367195,9.58907082439492
20200817,4,1081,21630,20,9.92600565600333,2.01490918836056,0.0418843791325859,0.0418843791325859,0.00209421895662929,2.70832592053717,0,0,1,2.54137005940083,0.0154650438542044,0.78128223894647
20200817,4,1082,21650,20,8.40055528408811,2.38079499790721,0.109541378153896,0.109541378153896,0.0054770689076948,2.70832592053717,0,0,1,1.01591968748562,0.0404461580208078,2.04330910362653
20200817,4,1083,21670,20,7.77723104835241,2.57160933957812,0.0478917246939574,0.0127072943943546,0.00239458623469787,2.70832592053717,0,0,1,0.392595451749912,0.0176831467478842,0.89333910805885
20200817,4,1084,21690,20,7.38684507907783,2.70751583198179,0.0737076166829208,0.0246329406669116,0.00368538083414604,2.70832592053717,0,0,1,0.0022094824753367,0.0272151944948714,1.37489090162109
20200817,4,1085,21710,20,7.28617952385866,2.74492275883538,0.136596604423177,0.136596604423177,0.00682983022115884,2.70832592053717,0,0,1,-0.0984560727438293,0.0504358073699211,2.54797858166642
20200817,4,1086,21730,20,6.83425068213,2.92643640542707,0.0606755114196909,0.0606755114196909,0.00303377557098455,2.71726452392373,0,0,1,-0.526092716134372,0.0223296299957119,1.12807590346102
20200817,4,1087,21750,20,7.32536635216275,2.73023887659833,0.0351935641796144,0.0351935641796144,0.00175967820898072,2.7586901216989,0,0,1,0.0755488236600277,0.0127573459239927,0.644491401413125
20200817,4,1088,21770,20,6.98456449095465,2.86345698803425,0.0244671576417399,0.0244671576417399,0.001223357882087,2.80374616513834,1,1,0,-0.148748876952595,0.00872659513402588,0.440860940904319
20200817,4,1089,21790,20,6.948363811327,2.87837547702909,0.00758298131022439,0.00418255426584349,0.00037914906551122,2.80609790107023,1,1,0,-0.178971265746442,0.00270232243405773,0.136519271561064
20200817,4,1090,21810,20,6.90107644560157,2.89809860210244,0.0462121700230995,0.0370226135160273,0.00231060850115497,2.80609790107023,0,0,1,-0.226258631471866,0.0164684810196659,0.831975120432269
20200817,4,1091,21830,20,6.75141286339021,2.96234290580135,0.0522037106456244,-0.0462544132650601,0.00261018553228122,2.80609790107023,0,0,1,-0.375922213683226,0.0186036669018975,0.939843085267253
20200817,4,1092,21850,20,6.8422468362096,2.92301644164001,0.0634624353182808,-0.0595421747582275,0.00317312176591404,2.80609790107023,0,0,1,-0.285088240863844,0.0226159020660244,1.1425381504582
20200817,4,1093,21870,20,6.90626358072768,2.89592190715268,0.0384552544071869,0.026505003226648,0.00192276272035935,2.80609790107023,0,0,1,-0.221071496345759,0.0137041741817063,0.692324443986954
20200817,4,1094,21890,20,6.80944842287863,2.93709545295964,0.063777607897295,-0.063777607897295,0.00318888039486475,2.80609790107023,0,0,1,-0.317886654194809,0.0227282190949113,1.14821232122861
20200817,4,1095,21910,20,6.82136026219086,2.93196653325219,0.0846998042064913,-0.0846998042064913,0.00423499021032456,2.80609790107023,0,0,1,-0.305974814882576,0.0301841942771089,1.52488250973848
20200817,4,1096,21930,20,6.82320770012666,2.93117267991545,0.105257170350082,-0.105257170350082,0.00526285851750409,2.80609790107023,0,0,1,-0.304127376946782,0.0375101561174816,1.89498452322399
20200817,4,1097,21950,20,6.91052666888754,2.89413541952507,0.0898958963194895,-0.0898958963194895,0.00449479481597447,2.80609790107023,0,0,1,-0.216808408185899,0.0320359087561427,1.61842971514623
20200817,4,1098,21970,20,6.84521127520566,2.92175057801983,0.0632685480078607,-0.0632685480078607,0.00316342740039303,2.80609790107023,0,0,1,-0.282123801867784,0.0225468070745965,1.13904752410682
20200817,4,1099,21990,20,6.91064589964662,2.89408548642649,0.0406138812360842,0.0149462072653767,0.00203069406180421,2.80609790107023,0,0,1,-0.216689177426816,0.0144734370175019,0.731187016660828
20200817,4,1100,22010,20,6.98772894494141,2.86216024656745,0.086886853120601,-0.086886853120601,0.00434434265603005,2.80609790107023,0,0,1,-0.139606132132031,0.0309635857991494,1.56425677592849
20200817,4,1101,22030,20,6.67930026053546,2.99432563590077,0.0759047036905859,-0.0759047036905859,0.00379523518452929,2.80609790107023,0,0,1,-0.448034816537985,0.0270499128564389,1.36654099910877
20200817,4,1102,22050,20,6.84743145180801,2.92080324436387,0.0476706547003994,0.0302146438298292,0.00238353273501997,2.80609790107023,0,0,1,-0.279903625265434,0.0169882364696606,0.858232769974342
20200817,4,1103,22070,20,6.87885016781911,2.90746265903054,0.0236381664323801,-0.0236381664323801,0.00118190832161901,2.80609790107023,1,1,0,-0.248484909254331,0.00842385663856013,0.425566822647521
20200817,4,1104,22090,20,6.87015959357086,2.91114052411768,0.0323519839394995,-0.0323519839394995,0.00161759919697498,2.80609790107023,0,0,1,-0.257175483502579,0.0115291714972456,0.582444964623687
20200817,4,1105,22110,20,6.87625886486239,2.90855832990811,0.0161539747185422,-0.00607080471374353,0.000807698735927111,2.80609790107023,1,1,0,-0.251076212211047,0.00575673953228118,0.290826097437127
20200817,4,1106,22130,20,6.94057819498812,2.8816043041547,0.0200734613053196,0.0170342819928283,0.00100367306526598,2.80609790107023,1,1,0,-0.18675688208532,0.00715351424398405,0.361390092234099
20200817,4,1107,22150,20,6.89588360602465,2.90028097088629,0.0648030050988519,-0.0648030050988519,0.00324015025494259,2.80609790107023,0,0,1,-0.231451471048786,0.0230936365670408,1.16667293365667
20200817,4,1108,22170,20,6.85777460815552,2.91639797788269,0.0771347262203626,-0.0771347262203626,0.00385673631101813,2.80609790107023,0,0,1,-0.269560468917917,0.0274882519925424,1.38868555847125
20200817,4,1109,22190,20,7.31272468293173,2.73495870105448,0.146770498315549,-0.146770498315549,0.00733852491577746,2.80609790107023,0,0,1,0.18538960585829,0.0523041260461981,2.64236461847488
20200817,4,1110,22210,20,6.87354051550756,2.90970860721306,0.107579818912522,-0.107579818912522,0.0053789909456261,2.80609790107023,0,0,1,-0.253794561565884,0.0383378708460213,1.93680004100842
20200817,4,1111,22230,20,7.40892779494061,2.69944593246779,0.0226712788422168,0.00195896771269144,0.00113356394211084,2.80609790107023,1,1,0,0.281592717867169,0.00807929004671222,0.408159580813422
20200817,4,1112,22250,20,7.87432928471753,2.53989886336299,0.0633338086056314,0.0633338086056314,0.00316669043028157,2.80609790107023,0,0,1,0.746994207644092,0.0225700637819786,1.14022243525387
20200817,4,1113,22270,20,8.25326149465764,2.42328442070399,0.169632288045183,0.169632288045183,0.00848161440225915,2.83448729259837,0,0,1,1.19731171064359,0.0598458453097109,3.02336653267902
20200817,4,1114,22290,20,8.77552558068055,2.27906577402387,0.239730852051521,0.239730852051521,0.0119865426025761,2.83448729259837,0,0,1,1.71957579666651,0.0845764426877217,4.2727374799669
20200817,4,1115,22310,20,9.17760776894283,2.1792171231898,0.300242582838143,0.300242582838143,0.0150121291419072,2.80609790107023,0,0,1,2.05027269186939,0.106996474614671,5.40538042015336
20200817,4,1116,22330,20,8.30087942960199,2.40938326711233,0.140733593991094,0.140733593991094,0.00703667969955469,2.80374616513834,0,0,1,1.16756606169474,0.050194841366515,2.53580516266898
20200817,4,1117,22350,20,7.76312496936771,2.57628211305594,0.0687785248764609,0.0685195246208341,0.00343892624382304,2.77218867566896,0,0,1,0.548608809072903,0.0248101889601233,1.25339185340754
20200817,4,1118,22370,20,7.85087114879207,2.54748799476568,0.129931424287219,0.129931424287219,0.00649657121436097,2.80669934803099,0,0,1,0.725063386720648,0.0462933175861431,2.33870315227907
20200817,4,1119,22390,20,7.37712124923564,2.71108462560138,0.0483307028034824,0.0483307028034824,0.00241653514017412,2.82669491512952,0,0,1,0.301720259566537,0.0170979551223581,0.863775672758313
20200817,4,1120,22410,20,7.25267968198204,2.75760144897704,0.0347291035629343,0.0347291035629343,0.00173645517814672,2.84635860121561,0,0,1,0.226158149713228,0.0122012396990676,0.616397338402535
20200817,4,1121,22430,20,7.12733507707344,2.80609790107023,0.0250775598092421,0.0250775598092421,0.0012538779904621,2.86345698803425,1,1,0,0.142770586118786,0.00875779168817119,0.442436967063691
20200817,4,1122,22450,20,7.13929165874106,2.80139836779365,0.0212277373703806,0.0212277373703806,0.00106138686851903,2.86871483077778,1,1,0,0.16752862903013,0.00739973773016163,0.373829115257608
20200817,4,1123,22470,20,7.05673543751618,2.83417171822436,0.0457801040231041,0.0457801040231041,0.00228900520115521,2.87399201780694,0,0,1,0.0977738690489787,0.0159290992248606,0.804725962895746
20200817,4,1124,22490,20,6.77659509163459,2.95133466431971,0.0381284487533559,0.00123647262461226,0.0019064224376678,2.87399201780694,0,0,1,-0.182366476832613,0.0132667204769938,0.67022461594409
20200817,4,1125,22510,20,7.02922954306996,2.84526204151603,0.0451966464095595,-0.0133249102896908,0.00225983232047797,2.87399201780694,0,0,1,0.070267974602757,0.0157260862693863,0.794469902978721
20200817,4,1126,22530,20,7.08114491486049,2.82440201979598,0.05127444852327,0.0244418007957377,0.0025637224261635,2.87399201780694,0,0,1,0.122183346393285,0.0178408458358893,0.901305945897653
20200817,4,1127,22550,20,6.9311160214038,2.88553819301806,0.0429894630924396,0.0429894630924396,0.00214947315462198,2.87837547702909,0,0,1,-0.0172477899232026,0.0149353214809943,0.754521068033324
20200817,4,1128,22570,20,6.72312712348139,2.97480616276724,0.0484157865321249,0.0484157865321249,0.00242078932660625,2.87998898561262,0,0,1,-0.221343879676169,0.0168111012833704,0.849284035250683
20200817,4,1129,22590,20,7.2603157629037,2.75470112501018,0.0790627539108321,0.0790627539108321,0.00395313769554161,2.8816043041547,0,0,1,0.31973756791558,0.0274370612914617,1.38609944323417
20200817,4,1130,22610,20,6.83546070133161,2.92591836510797,0.100801949948102,0.100801949948102,0.00504009749740511,2.88955058533059,0,0,1,-0.0860308626279211,0.0348849923098231,1.76236324671263
20200817,4,1131,22630,20,7.40956761470807,2.69921283399855,0.117495513050559,0.117495513050559,0.00587477565252795,2.89933399070412,0,0,1,0.511431675859967,0.0405250010613728,2.04729219399722
20200817,4,1132,22650,20,6.80800726593225,2.93771719370533,0.151759366976402,0.151759366976402,0.0075879683488201,2.90012771173096,0,0,1,-0.0882407575945763,0.0523285117281347,2.64359656455671
20200817,4,1133,22670,20,7.19769211623679,2.77866845052782,0.106856905283436,0.106856905283436,0.0053428452641718,2.90254203252348,0,0,1,0.307180359336598,0.0368149381080744,1.85986263879442
20200817,4,1134,22690,20,8.14632888063534,2.45509361247887,0.0716160751659673,0.0716160751659673,0.00358080375829837,2.89833355224852,0,0,1,1.24581186302566,0.0247093972708586,1.24829993401834
20200817,4,1135,22710,20,8.24324049767529,2.42623031629858,0.139065772917146,0.139065772917146,0.00695328864585728,2.89754081285223,0,0,1,1.34083556474434,0.0479944138492581,2.42464124011376
20200817,4,1136,22730,20,9.59941693876317,2.08345987340528,0.0954395344710534,0.0954395344710534,0.00477197672355267,2.89754081285223,0,0,1,2.69701200583222,0.0329381156764816,1.66400852173485
20200817,4,1137,22750,20,9.50199789453291,2.10482050427597,0.0897411504318352,0.0897411504318352,0.00448705752159176,2.89754081285223,0,0,1,2.59959296160196,0.0309714879713799,1.56465598765211
20200817,4,1138,22770,20,8.83807438899566,2.26293637275809,0.0543492529505679,0.0543492529505679,0.00271746264752839,2.89754081285223,0,0,1,1.93566945606472,0.0187570275833556,0.947590750110979
20200817,4,1139,22790,20,8.36973951891923,2.38956062548797,0.0168073217697843,0.00223853334452802,0.000840366088489217,2.89912672553532,1,0,0,1.47111041663084,0.00579737395462798,0.29287891751114
20200817,4,1140,22810,20,7.85137718980877,2.54732380275404,0.0570506938384725,0.0570506938384725,0.00285253469192362,2.90395605204049,0,0,1,0.964220620773631,0.0196458530418824,0.992493535438786
20200817,4,1141,22830,20,8.27801354947042,2.41603856776479,0.0464498424191799,0.0455421572242667,0.00232249212095899,2.90395605204049,0,0,1,1.39085698043527,0.0159953668673951,0.808073753734048
20200817,4,1142,22850,20,8.6501071301409,2.31211009286936,0.0293446795315356,-0.0293446795315356,0.00146723397657678,2.90395605204049,0,0,1,1.76295056110575,0.0101050701200923,0.510500447497306
20200817,4,1143,22870,20,8.71914942118383,2.2938017269676,0.00827582927302775,0.00365631613667876,0.000413791463651387,2.90395605204049,1,0,0,1.83199285214869,0.00284984659709732,0.143972079938775
20200817,4,1144,22890,20,8.70482112616264,2.2975773666261,0.00595482886596663,0.00283545231136344,0.000297741443298332,2.90395605204049,1,0,0,1.8176645571275,0.00205059193708611,0.103594343144178
20200817,4,1145,22910,20,8.43719994620733,2.37045466831568,0.0316964963194156,0.0315579806711717,0.00158482481597078,2.90395605204049,0,0,1,1.55004337717219,0.0109149366420831,0.551414287478218
20200817,4,1146,22930,20,9.692959542479,2.06335329393988,0.062020772569257,0.062020772569257,0.00310103862846285,2.90395605204049,0,0,1,2.80580297344386,0.0213573385608496,1.07895648056776
20200817,4,1147,22950,20,11.3407259956439,1.76355552613495,0.146412004772509,0.146412004772509,0.00732060023862544,2.90395605204049,0,0,1,4.45356942660874,0.0504181200227294,2.54708503035514
20200817,4,1148,22970,20,13.7266753785461,1.45701704516584,0.47922922764649,0.47922922764649,0.0239614613823245,2.90395605204049,0,0,1,6.83951880951099,0.165026336162958,8.33700483606947
20200817,4,1149,22990,20,19.4550401157812,1.0280112444372,0.426714106553716,-0.0141591195576549,0.0213357053276858,2.90395605204049,0,0,1,12.5678835467461,0.146942343102569,7.42341527754574
20200817,4,1150,23010,20,54.1430864967333,0.369391575066684,1.94478400662327,-1.76601801130903,0.0972392003311635,2.90395605204049,0,0,1,47.2559299276982,0.669701597328497,33.8328147219956
20200817,4,1151,23030,20,22.356239350609,0.894604843253978,0.696259243548061,-0.34184356727682,0.0348129621774031,2.90012771173096,0,0,1,15.4599913270822,0.24007882160903,12.1285992486429
20200817,4,1152,23050,20,13.5681730529341,1.47403780317167,0.380635199583529,-0.380635199583529,0.0190317599791765,2.89833355224852,0,0,1,6.6676560353244,0.13132898361137,6.63464024556003
20200817,4,1153,23070,20,9.47302219845005,2.11125864386472,0.235287895674112,-0.235287895674112,0.0117643947837056,2.89833355224852,0,0,1,2.57250518084038,0.0811804064068391,4.10117231312451
20200817,4,1154,23090,20,9.38237791992287,2.13165576687455,0.150223914921345,-0.150223914921345,0.00751119574606727,2.89541410591234,0,0,1,2.47490311030561,0.051883395406064,2.62110962691997
20200817,4,1155,23110,20,9.6399543125699,2.07469862942413,0.138418097232129,-0.138418097232129,0.00692090486160646,2.8816043041547,0,0,1,2.69937611758178,0.0480350813720531,2.42669573239721
20200817,4,1156,23130,20,10.841374520438,1.84478453007009,0.20740783899863,-0.20740783899863,0.0103703919499315,2.84635860121561,0,0,1,3.81485298816915,0.0728677823342608,3.68122487500725
20200817,4,1157,23150,20,16.7693876609192,1.19264939211882,0.268939716861674,-0.268939716861674,0.0134469858430837,2.8084606132861,0,0,1,9.64804869487307,0.0957605442602222,4.83774977476181
20200817,4,1158,23170,20,22.6129180867683,0.884450203342078,0.446118061844791,-0.446118061844791,0.0223059030922396,2.80788071336324,0,0,1,15.4901083802106,0.15888070305894,8.02653213152909
20200817,4,1159,23190,20,17.5690946439681,1.13836258528361,0.363209169418693,-0.363209169418693,0.0181604584709346,2.80730105287013,0,0,1,10.4448141968987,0.129380199194295,6.53618914080082
20200817,4,1160,23210,20,14.691010206383,1.36137676844785,0.0930310523769153,-0.0930310523769153,0.00465155261884577,2.80669934803099,0,0,1,7.56520244431158,0.0331460697570548,1.67451420352923
20200817,4,1161,23230,20,15.3729020422761,1.30099053158598,0.0309574041577163,0.0259800254749615,0.00154787020788581,2.80609790107023,0,0,1,8.24556696520267,0.0110321896274215,0.557337819009846
20200817,4,1162,23250,20,16.0040487386777,1.24968377231101,0.177298684471088,0.177298684471088,0.00886493422355438,2.80609790107023,0,0,1,8.8767136616043,0.0631833566474879,3.19197506396222
20200817,4,1163,23270,20,13.3176334187337,1.50176832258097,0.0725851582000306,0.0725851582000306,0.00362925791000153,2.78077591670849,0,0,1,6.12539621622182,0.0261024837578237,1.31867760251014
20200817,4,1164,23290,20,9.41754591929202,2.12369551169691,0.00215335559218577,-0.000160325734201372,0.000107667779609288,2.76045487054983,1,0,0,2.17236317300922,0.000780072739155797,0.0394086807599356
20200817,4,1165,23310,20,8.14506916718528,2.45547331636859,0.0081647916834525,-0.0081572818696591,0.000408239584172625,2.75854340395028,1,1,0,0.894866045001435,0.0029598199077674,0.149527847849599
20200817,4,1166,23330,20,7.57613569863679,2.63986823831557,0.0149437703191079,-0.0149437703191079,0.000747188515955397,2.76045487054983,1,1,0,0.330952952353982,0.0054135173440207,0.273486773848507
20200817,4,1167,23350,20,7.28974066184855,2.74358182653487,0.0111577712134302,-0.0111577712134302,0.000557888560671511,2.75854340395028,1,1,0,0.039537539664706,0.00404480538441124,0.204340487917622
20200817,4,1168,23370,20,7.1242804470694,2.80730105287013,0.0028522524106096,-0.0028522524106096,0.00014261262053048,2.7566345826947,1,1,0,-0.130943051015493,0.0010346864355962,0.0522715708168116
20200817,4,1169,23390,20,7.02652153226882,2.84635860121561,0.00420978017995246,0.00405998212194341,0.000210489008997623,2.7566345826947,1,1,0,-0.228701965816072,0.00152714480416816,0.0771501925920239
20200817,4,1170,23410,20,6.9589615684672,2.87399201780694,0.0130997833633373,0.0130997833633373,0.000654989168166864,2.7566345826947,1,1,0,-0.296261929617686,0.00475209280387531,0.240072109752456
20200817,4,1171,23430,20,6.90240493293095,2.89754081285223,0.0120092351497602,0.0120092351497602,0.000600461757488011,2.75630291218214,1,1,0,-0.353691598261322,0.00435700847562237,0.220112750344225
20200817,4,1172,23450,20,6.87619017391626,2.90858738547791,0.0140850440310185,0.0140850440310185,0.000704252201550926,2.7558961734244,1,1,0,-0.380977274140604,0.00511087615231776,0.258197571303709
20200817,4,1173,23470,20,6.86856817905573,2.91181502150417,0.00927070870266977,0.00927070870266977,0.000463535435133489,2.75472038468075,1,1,0,-0.391696823236998,0.0033653900970222,0.170016944970703
20200817,4,1174,23490,20,6.51011212999583,3.07214370515194,0.0154746378000107,0.0154746378000107,0.000773731890000535,2.75320328878117,1,1,0,-0.754153491615398,0.00562059396887517,0.283948127248148
20200817,4,1175,23510,20,7.24518274628281,2.76045487054983,0.00750879224041974,0.00750879224041974,0.000375439612020987,2.75168786296987,1,1,0,-0.0230834946469258,0.0027287950575599,0.137856648341599
20200817,4,1176,23530,20,6.86920383793768,2.91154556945053,0.00339004071509166,0.00339004071509166,0.000169502035754583,2.75061020578929,1,1,0,-0.401910025417237,0.00123246860204203,0.0622633752553401
20200817,4,1177,23550,20,6.8804101430851,2.90680345852642,0.008956736984522,0.008956736984522,0.0004478368492261,2.74953339237472,1,1,0,-0.393551342694991,0.00325754799318376,0.164568844006108
20200817,4,1178,23570,20,6.86496699538475,2.91334248415845,0.00678075125485567,-0.00560423012823055,0.000339037562742783,2.74655438531562,1,1,0,-0.416884078429574,0.00246882104032193,0.124722958959892
20200817,4,1179,23590,20,6.85869873485717,2.91600502852769,0.0159933866852448,-0.0159933866852448,0.000799669334262241,2.74358182653487,1,1,0,-0.431041926991384,0.00582938206200482,0.294495942721775
20200817,4,1180,23610,20,6.88715656903514,2.90395605204049,0.00500341421496415,-0.00152840184132472,0.000250170710748208,2.74304574791325,1,1,0,-0.404008740626523,0.00182403600770073,0.0921489101130469
20200817,4,1181,23630,20,6.89386694476525,2.90112938938961,0.00342000248900938,0.00342000248900938,0.000171000124450469,2.74304574791325,1,1,0,-0.397298364896415,0.00124679017534109,0.0629868902325888
20200817,4,1182,23650,20,6.8986291022884,2.89912672553532,0.000337714695407243,7.43105015036604e-05,1.68857347703622e-05,2.74304574791325,1,1,0,-0.392536207373269,0.000123116683585812,0.00621976110190189
20200817,4,1183,23670,20,6.91254468630359,2.89329051855935,0.00139625798717269,-0.000653467869764768,6.98128993586345e-05,2.74304574791325,1,1,0,-0.378620623358074,0.000509017389970577,0.0257151709266433
20200817,4,1184,23690,20,7.1213389660461,2.8084606132861,0.00239024452989014,-0.00239024452989014,0.000119512226494507,2.74304574791325,1,1,0,-0.169826343615568,0.000871383399897177,0.0440216258078938
20200817,4,1185,23710,20,8.27357866409693,2.41733363662688,0.00824282440403383,-0.00824282440403383,0.000412141220201692,2.74304574791325,1,1,0,0.982413354435266,0.0030049897674162,0.151809794762392
20200817,4,1186,23730,20,9.96143046803081,2.00774377376682,0.0137474520266963,-0.0137474520266963,0.000687372601334815,2.74304574791325,1,0,0,2.67026515836915,0.0050117472656643,0.25318965543622
20200817,4,1187,23750,20,10.5685330358519,1.89241022686435,0.0116022845500881,0.0112606788704104,0.000580114227504405,2.74304574791325,1,0,0,3.27736772619028,0.00422970873122129,0.21368166419532
20200817,4,1188,23770,20,9.74053164647921,2.05327601468541,0.0171569092699199,0.0171569092699199,0.000857845463495996,2.74250987874347,1,0,0,2.44794168900444,0.0062559152121562,0.316044072664165
20200817,4,1189,23790,20,9.64050658427914,2.07457977702273,0.0149305131427781,-0.00861398300538454,0.000746525657138903,2.74230713254623,1,0,0,2.34737746586779,0.0054445080077209,0.275052398579376
20200817,4,1190,23810,20,12.0847783553381,1.65497449865645,0.0154502444059444,-0.0154502444059444,0.000772512220297221,2.74230713254623,1,0,0,4.79164923692679,0.00563403136817826,0.284626974428415
20200817,4,1191,23830,20,10.807051007705,1.85064362014584,0.020150808121655,-0.0172443704836796,0.00100754040608275,2.74230713254623,1,0,0,3.51392188929367,0.00734812227357811,0.371221541695969
20200817,4,1192,23850,20,14.4879233444335,1.38046009248691,0.0214129845993266,0.0214129845993266,0.00107064922996633,2.7421044163237,1,0,0,7.1942550650856,0.0078089603269137,0.394502729224182
20200817,4,1193,23870,20,18.6503702702757,1.07236476864351,0.352971861360627,-0.305491702581207,0.0176485930680314,2.7421044163237,0,0,1,11.3567019909278,0.12872298343542,6.50298710112955
20200817,4,1194,23890,20,27.214027760805,0.734915102453337,2.7654587862799,-2.68136384189684,0.138272939313995,2.7421044163237,0,0,1,19.9203594814571,1.00851695136669,50.9495084014921
20200817,4,1195,23910,20,22.5034822050893,0.888751341580232,0.819623042116149,-0.722484262643312,0.0409811521058074,2.7421044163237,0,0,1,15.2098139257414,0.29890292916526,15.1003483680652
20200817,4,1196,23930,20,29.1251106191976,0.686692670853485,1.12102169473997,-0.969444557063082,0.0560510847369984,2.7421044163237,0,0,1,21.8314423398497,0.408818018769287,20.6531749949674
20200817,4,1197,23950,20,14.4388310058839,1.3851536867389,0.264969423371892,0.264969423371892,0.0132484711685946,2.7421044163237,0,0,1,7.145162726536,0.0966299539122338,4.88167168832952
20200817,4,1198,23970,20,18.5558131386115,1.07782934925031,0.208690155724219,0.208690155724219,0.010434507786211,2.7421044163237,0,0,1,11.2621448592636,0.0761058384508957,3.8448090042531
20200817,4,1199,23990,20,12.5842307574057,1.58929062773504,0.200011847521152,0.200011847521152,0.0100005923760576,2.7421044163237,0,0,1,5.29056247805784,0.0729410033879397,3.68492394688158
20200817,4,1200,24010,20,9.77115183921705,2.04684159340651,0.0235699582729683,0.0136895390408245,0.00117849791364842,2.7421044163237,1,0,0,2.47748355986914,0.00859557285005516,0.434241794891054
20200817,4,1201,24030,20,8.36327539876038,2.39140755821152,0.0173525918660445,-0.0173525918660445,0.000867629593302226,2.7421044163237,1,1,0,1.06960711941247,0.00632820244289198,0.319695968514504
20200817,4,1202,24050,20,7.88934889453049,2.53506344660021,0.0112369620564568,-0.0112369620564568,0.00056184810282284,2.7421044163237,1,1,0,0.595680615182573,0.00409793368537075,0.207024489225111
20200817,4,1203,24070,20,7.63956665953083,2.6179495371048,0.00258572417935241,0.00161526943385937,0.000129286208967621,2.7421044163237,1,1,0,0.345898380182916,0.00094297072130428,0.0476381627719268
20200817,4,1204,24090,20,7.46988935051559,2.67741583061328,0.00811398401951742,0.00811398401951742,0.000405699200975871,2.7421044163237,1,1,0,0.176221071167674,0.0029590353931145,0.149488214766739
20200817,4,1205,24110,20,7.35438463526043,2.71946614052663,0.0116935889000931,0.0116935889000931,0.000584679445004657,2.7421044163237,1,1,0,0.0607163559125183,0.00426445792161721,0.215437166832755
20200817,4,1206,24130,20,7.29258995747477,2.74250987874347,0.0168136756081751,0.0168136756081751,0.000840683780408753,2.7421044163237,1,1,0,-0.00107832187313761,0.00613166862212961,0.309767229549294
20200817,4,1207,24150,20,7.26826624092973,2.75168786296987,0.0181369280238375,0.0181369280238375,0.000906846401191874,2.7421044163237,1,1,0,-0.0254020384181786,0.00661423683061398,0.334146207968198
20200817,4,1208,24170,20,7.25716744805686,2.7558961734244,0.0219637572619842,0.0219637572619842,0.00109818786309921,2.7421044163237,1,1,0,-0.0365008312910504,0.00800981798185157,0.404649904999356
20200817,4,1209,24190,20,7.25522349808489,2.7566345826947,0.0238876792812768,0.0238876792812768,0.00119438396406384,2.7421044163237,1,1,0,-0.0384447812630242,0.00871144043205424,0.440095336900955
20200817,4,1210,24210,20,7.26026500229273,2.75472038468075,0.0209577080959217,0.0209577080959217,0.00104788540479609,2.7421044163237,1,1,0,-0.0334032770551858,0.00764292853735287,0.3861149296481
20200817,4,1211,24230,20,7.25696956429965,2.75597132147131,0.00374495306337437,0.00374495306337437,0.000187247653168718,2.7421044163237,1,1,0,-0.0366987150482601,0.00136572226829902,0.0689952490025191
20200817,4,1212,24250,20,7.27396148578009,2.74953339237472,0.00130727656539449,-0.000422798690109261,6.53638282697244e-05,2.7421044163237,1,1,0,-0.0197067935678206,0.000476742080867633,0.0240846468882791
20200817,4,1213,24270,20,7.29366827934791,2.7421044163237,0.00256199774509689,-0.00256199774509689,0.000128099887254844,2.7421044163237,1,1,0,0,0.000934318084258703,0.0472010381373321
20200817,4,1214,24290,20,7.30616210900916,2.73741530800941,0.00238150356707649,0.00136839478395387,0.000119075178353825,2.7421044163237,1,1,0,0.0124938296612527,0.000868494851216986,0.0438756985281886
20200817,4,1215,24310,20,7.31281824734651,2.7349237084153,0.0144441726277261,0.0144441726277261,0.000722208631386305,2.7421044163237,1,1,0,0.0191499679986009,0.00526755018581356,0.266112624169279
20200817,4,1216,24330,20,7.33976492021429,2.72488291074806,0.0160494331572696,0.0160494331572696,0.000802471657863481,2.7421044163237,1,1,0,0.0460966408663808,0.00585296207603461,0.295687187074475
20200817,4,1217,24350,20,7.37407981582146,2.71220281032068,0.010231935021654,0.010231935021654,0.000511596751082699,2.74230713254623,1,1,0,0.0809506974101177,0.00373114116220587,0.188494410265835
20200817,4,1218,24370,20,7.39500852039055,2.70452697178823,0.00596714246576262,0.00596714246576262,0.000298357123288131,2.7421044163237,1,1,0,0.101340241042635,0.00217611788604414,0.109935818498038
20200817,4,1219,24390,20,7.40339685387153,2.70146263867257,0.00814580639553846,-0.000272081564849814,0.000407290319776923,2.73975785581035,1,1,0,0.103481659692988,0.0029731847937814,0.150203031713719
20200817,4,1220,24410,20,7.38539557404692,2.70804722637771,0.0339505181854051,-0.0339505181854051,0.00169752590927025,2.73975785581035,0,0,1,0.0854803798683852,0.0123917951775937,0.626024056070451
20200817,4,1221,24430,20,7.42727649723929,2.69277709096113,0.0112131342920673,-0.0112131342920673,0.000560656714603365,2.73741530800941,1,1,0,0.121114388230126,0.00409624884439667,0.2069393723421
20200817,4,1222,24450,20,7.39510271045947,2.70449252472348,0.0127875157142707,-0.0127875157142707,0.000639375785713536,2.71220281032068,1,1,0,0.0210228946380075,0.00471480807615517,0.238188513700203
20200817,4,1223,24470,20,7.38390330605944,2.70859451580134,0.00480262017598179,-0.00350272767453887,0.000240131008799089,2.70954738747761,1,1,0,0.00259671130061268,0.00177248059885481,0.0895443701173846
20200817,4,1224,24490,20,7.39161785990291,2.70576758418389,0.0129747886548394,0.0129747886548394,0.000648739432741969,2.70954738747761,1,1,0,0.0103112651440833,0.0047885446531784,0.241913629421313
20200817,4,1225,24510,20,7.40666789749412,2.70026957827643,0.0207211535154219,0.0207211535154219,0.00103605767577109,2.70954738747761,1,1,0,0.0253613027352921,0.00764745935471968,0.386343823091272
20200817,4,1226,24530,20,7.42340839965254,2.69418020985294,0.0145595726153772,0.0145595726153772,0.000727978630768859,2.70859451580134,1,1,0,0.0395050935931076,0.0053753238184748,0.271557266022142
20200817,4,1227,24550,20,7.440524950498,2.68798238471889,0.0157643150295055,0.0157643150295055,0.000788215751475274,2.70859451580134,1,1,0,0.0566216444385654,0.0058201088932064,0.294027469295559
20200817,4,1228,24570,20,7.44385711434006,2.68677913785736,0.0108690867487844,0.0108690867487844,0.000543454337439222,2.70859451580134,1,1,0,0.0599538082806257,0.00401281427890981,0.202724321628786
20200817,4,1229,24590,20,7.44957283762051,2.68471769267085,0.00433109977612105,0.0027288755039514,0.000216554988806052,2.70859451580134,1,1,0,0.0656695315610714,0.00159902109778868,0.0807813282122275
20200817,4,1230,24610,20,7.44077509598355,2.68789201958218,0.0149292229153211,-0.0149292229153211,0.000746461145766055,2.70859451580134,1,1,0,0.0568717899241173,0.00551179692206689,0.278451783291902
20200817,4,1231,24630,20,7.43205899930763,2.69104429901097,0.0421346742917283,-0.0421346742917283,0.00210673371458641,2.70859451580134,0,0,1,0.0481556932481917,0.0155559180401215,0.785873133618679
20200817,4,1232,24650,20,7.4293089304665,2.69204042895335,0.0754702892303186,-0.0754702892303186,0.00377351446151593,2.70859451580134,0,0,1,0.045405624407068,0.0278632659078506,1.40763097590105
20200817,4,1233,24670,20,7.46209135351273,2.68021377017652,0.0858193802793839,-0.0858193802793839,0.00429096901396919,2.70859451580134,0,0,1,0.0781880474532963,0.0316841002884457,1.60065661925889
20200817,4,1234,24690,20,7.50681177847946,2.66424689870819,0.0603885085566049,-0.0603885085566049,0.00301942542783024,2.7071803119978,0,0,1,0.119051195498286,0.0223067921589753,1.12692215334002
20200817,4,1235,24710,20,7.50005244676504,2.66664801905839,0.0418197593773833,-0.0418197593773833,0.00209098796886916,2.70859451580134,0,0,1,0.116149140705603,0.0154396529762635,0.779999511127947
20200817,4,1236,24730,20,7.30275053804871,2.73869412569911,0.0367767818689551,-0.0367767818689551,0.00183883909344775,2.70859451580134,0,0,1,-0.0811527680107238,0.0135778100614202,0.685940624855862
20200817,4,1237,24750,20,7.60375729720181,2.6302785870559,0.0315004844009142,-0.0315004844009142,0.00157502422004571,2.70859451580134,0,0,1,0.219853991142373,0.0116298265455192,0.58752998101406
20200817,4,1238,24770,20,7.44195849647622,2.68746459812562,0.00903302299656801,-0.00139312024886777,0.0004516511498284,2.70859451580134,1,1,0,0.0580551904167814,0.00333494841840347,0.168479054548099
20200817,4,1239,24790,20,7.44167005840791,2.6875687638695,0.0231572370071117,0.0231572370071117,0.00115786185035558,2.70859451580134,1,1,0,0.0577667523484715,0.00854953994480069,0.431916247571468
20200817,4,1240,24810,20,7.43048339977213,2.69161492247104,0.0381827504363525,0.0381827504363525,0.00190913752181762,2.70859451580134,0,0,1,0.0465800937126923,0.0140968868590713,0.712163989398325
20200817,4,1241,24830,20,7.41641203217114,2.69672179933415,0.0336782779929809,0.0336782779929809,0.00168391389964905,2.70859451580134,0,0,1,0.0325087261117014,0.012433857410738,0.628149008058685
20200817,4,1242,24850,20,7.37870988345821,2.71050092982196,0.00620906516436328,0.0027034756804337,0.000310453258218164,2.7071803119978,1,1,0,-0.00905069952295978,0.00229355434392223,0.115868618922655
20200817,4,1243,24870,20,8.19008749524801,2.44197635392836,0.00733002838710028,-0.00733002838710028,0.000366501419355014,2.7071803119978,1,1,0,0.802326912266834,0.00270762473951763,0.136787139995214
20200817,4,1244,24890,20,9.92055844739843,2.01601554046031,0.00149233545170659,0.000771391188839488,7.46167725853297e-05,2.7071803119978,1,0,0,2.53279786441726,0.000551250851335169,0.0278487732341736
20200817,4,1245,24910,20,12.1428104813513,1.64706515272685,0.00255565374582893,0.00255565374582893,0.000127782687291447,2.7071803119978,1,0,0,4.75504989837009,0.000944027900359159,0.0476915706527417
20200817,4,1246,24930,20,14.1149823138239,1.41693411690728,0.0107283784264215,0.0107283784264215,0.000536418921321076,2.7071803119978,1,0,0,6.72722173084276,0.00396293456290112,0.200204436359228
20200817,4,1247,24950,20,11.2502260988422,1.77774204929609,0.0411058955648439,-0.0405805156739856,0.0020552947782422,2.70859451580134,0,0,1,3.86632279278274,0.0151760979079892,0.766684909774842
20200817,4,1248,24970,20,12.4398733804919,1.60773340598175,0.176226863052237,-0.176226863052237,0.00881134315261187,2.70859451580134,0,0,1,5.05597007443248,0.065062105835395,3.28688804227543
20200817,4,1249,24990,20,14.8927855472648,1.3429321154546,0.426626705813254,-0.426626705813254,0.0213313352906627,2.70859451580134,0,0,1,7.50888224120536,0.157508517175387,7.95721034560592
20200817,4,1250,25010,20,14.6349646014132,1.36659025455167,0.549977054797517,-0.549977054797517,0.0274988527398759,2.70859451580134,0,0,1,7.25106129535379,0.203048869658811,10.2578742742755
20200817,4,1251,25030,20,14.0354545415921,1.42496275704736,0.541188318857623,-0.541188318857623,0.0270594159428812,2.70859451580134,0,0,1,6.65155123553268,0.199804110840678,10.093951529654
20200817,4,1252,25050,20,13.4140446539132,1.49097461026907,0.321804408612899,-0.321804408612899,0.0160902204306449,2.70859451580134,0,0,1,6.03014134785372,0.118808631833064,6.00212160791693
20200817,4,1253,25070,20,11.6456105011166,1.71738527560082,0.0344735281388925,-0.0343933707704704,0.00172367640694462,2.70859451580134,0,0,1,4.26170719505717,0.0127274599198151,0.642981583240141
20200817,4,1254,25090,20,11.5182365760138,1.73637690700407,0.0727656018754729,-0.0727280628521406,0.00363828009377364,2.70954738747761,0,0,1,4.13692998125498,0.0268552608497512,1.35670732795762
20200817,4,1255,25110,20,18.0146939502756,1.11020481697909,0.87148577054758,0.72350499050368,0.043574288527379,2.71050092982196,0,0,1,10.6359840668174,0.321522033421631,16.2430482907413
20200817,4,1256,25130,20,45.9456475810057,0.435296944389313,2.43993479124098,2.42666955741134,0.121996739562049,2.70954738747761,0,0,1,38.5643409862469,0.900495338268428,45.4923387657868
20200817,4,1257,25150,20,17.5038293696998,1.14260711628172,0.0618685901840173,0.0612999851989333,0.00309342950920087,2.70859451580134,0,0,1,10.1199260636404,0.0228415843800501,1.15393944910661
20200817,4,1258,25170,20,17.3999803301485,1.14942658672702,0.155174685417813,0.155174685417813,0.00775873427089066,2.7071803119978,0,0,1,10.0122197471674,0.0573196712203112,2.89574614135384
20200817,4,1259,25190,20,13.1163277484284,1.52481703595707,0.234286406877518,0.234286406877518,0.0117143203438759,2.70576758418389,0,0,1,5.72470988852547,0.0865877794704172,4.37434868260391
20200817,4,1260,25210,20,19.8538916806392,1.00735917782322,0.264459130244362,0.264459130244362,0.0132229565122181,2.7051471357462,0,0,1,12.4605784904925,0.0977614587945185,4.93883445334619
20200817,4,1261,25230,20,44.1911499412417,0.452579306639288,1.43468052718657,1.43468052718657,0.0717340263593285,2.70452697178823,0,0,1,36.7961414208512,0.530473736129154,26.7991291956544
20200817,4,1262,25250,20,35.2151918604686,0.567936704114661,1.50066403217833,1.50066403217833,0.0750332016089164,2.70450974814617,0,0,1,27.8201362450436,0.554874698901334,28.0318472536711
20200817,4,1263,25270,20,37.2261060587462,0.537257374393072,1.79518180481499,0.548721726619203,0.0897590902407497,2.70297673261501,0,0,1,29.8268562765807,0.66414992891124,33.5523486611287
20200817,4,1264,25290,20,28.4544190556662,0.702878521640994,0.911658024746128,-0.461660350893733,0.0455829012373064,2.70146263867257,0,0,1,21.0510222017947,0.337468307610611,17.0486419197456
20200817,4,1265,25310,20,17.215762403448,1.16172607005742,0.541344816753956,0.541344816753956,0.0270672408376978,2.70026957827643,0,0,1,9.80909450595391,0.200478063786318,10.1279991192554
20200817,4,1266,25330,20,17.6639507615873,1.13224953295798,0.197660708682028,0.178252051939436,0.00988303543410139,2.70026957827643,0,0,1,10.2572828640932,0.0732003612795556,3.69802651006603
20200817,4,1267,25350,20,16.483446513641,1.21333848375999,0.448681177284601,-0.448681177284601,0.02243405886423,2.69722145716109,0,0,1,9.06840836506763,0.166349402305605,8.40384513008654
20200817,4,1268,25370,20,19.1208386005019,1.04597922810117,0.39622738280043,-0.39622738280043,0.0198113691400215,2.69418020985294,0,0,1,11.6974302008493,0.147067884082653,7.42975751226061
20200817,4,1269,25390,20,19.1569121958237,1.04400958753468,0.67023579456046,0.269529630763668,0.033511789728023,2.70512990420429,0,0,1,11.7635519106425,0.247764735260508,12.5168857535236
20200817,4,1270,25410,20,28.8113662525211,0.6941704820489,2.25502260055785,2.25502260055785,0.112751130027892,2.7071803119978,0,0,1,21.4236056695399,0.832978354106648,42.0814321398422
20200817,4,1271,25430,20,19.5665913985486,1.02215043962555,0.241577628744533,0.241577628744533,0.0120788814372267,2.70576758418389,0,0,1,12.1749735386456,0.0892824757590543,4.5104826871056
20200817,4,1272,25450,20,40.0861038990697,0.49892601312307,0.82711877070847,0.427775250896226,0.0413559385354235,2.7071803119978,0,0,1,32.6983433160885,0.305527772584194,15.4350304127985
20200817,4,1273,25470,20,31.7622965174887,0.629677390896082,0.808484861384146,-0.801815340259641,0.0404242430692073,2.70954738747761,0,0,1,24.3809899227299,0.298383731954874,15.0741189203631
20200817,4,1274,25490,20,21.6874400092547,0.922192752646941,0.0614256408813759,0.0614256408813759,0.00307128204406879,2.71050092982196,0,0,1,14.3087301257965,0.0226620991734582,1.14487199314684
20200817,4,1275,25510,20,39.1230063253224,0.511208158025805,2.49205125756835,2.49205125756835,0.124602562878418,2.72842245569613,0,0,1,31.7927631812499,0.913367082273381,46.1426094711364
20200817,4,1276,25530,20,21.2367751539077,0.941762572474185,0.312351509681832,0.312351509681832,0.0156175754840916,2.74658254916032,0,0,1,13.954998749221,0.113723692658472,5.74523435297704
20200817,4,1277,25550,20,13.5835436685138,1.47236983868645,0.189148489850488,0.189148489850488,0.00945742449252442,2.74658254916032,0,0,1,6.30176726382706,0.0688668505187709,3.47910084638199
20200817,4,1278,25570,20,12.8628270952522,1.55486813683301,0.206220591805166,0.206220591805166,0.0103110295902583,2.74658254916032,0,0,1,5.58105069056546,0.0750826119783698,3.79311638204388
20200817,4,1279,25590,20,10.1981641947423,1.96113728099329,0.191905693209312,0.191905693209312,0.00959528466046562,2.76706214695083,0,0,1,2.97028171944658,0.0693535898428531,3.50369054638461
20200817,4,1280,25610,20,9.19469083100739,2.17516829739981,0.116045437651954,0.116045437651954,0.00580227188259771,2.79132458072373,0,0,1,2.02963373298462,0.0415736093370647,2.10026708557424
20200817,4,1281,25630,20,8.07099078838655,2.47801051003283,0.0437159753475035,-0.0132129949752658,0.00218579876737517,2.8178230311758,0,0,1,0.973312978700051,0.0155140954076389,0.783760286073421
20200817,4,1282,25650,20,7.64913039416388,2.61467630559149,0.133617559258053,-0.133617559258053,0.00668087796290264,2.82656574085739,0,0,1,0.573406058124418,0.0472720507882199,2.38814800834664
20200817,4,1283,25670,20,8.22145701920817,2.43265882838931,0.150111378497442,-0.150111378497442,0.00750556892487208,2.84399540936847,0,0,1,1.18909686345069,0.052781863853562,2.6664995687075
20200817,4,1284,25690,20,8.85787686592812,2.25787740140418,0.0750945056283747,-0.0750945056283747,0.00375472528141874,2.85522652299692,0,0,1,1.85317869612845,0.0263007173068544,1.32869221045312
20200817,4,1285,25710,20,9.24191971567234,2.1640525578343,0.0134171758896937,-0.0133530610105165,0.000670858794484683,2.85613740844926,1,0,0,2.2394554991979,0.00469766470268617,0.237322443527158
20200817,4,1286,25730,20,7.99366740396908,2.50198050397611,0.0136213518735898,0.0136213518735898,0.000681067593679492,2.85704887527551,1,1,0,0.993437140819879,0.00476762998052539,0.240857036085321
20200817,4,1287,25750,20,7.52465596688671,2.65792882598391,0.0367540911269005,0.0367540911269005,0.00183770455634503,2.85760390276005,0,0,1,0.525785346405429,0.0128618564285278,0.649771192517914
20200817,4,1288,25770,20,7.25924025611494,2.75510925308646,0.0421077171950809,0.0421077171950809,0.00210538585975405,2.85815914593245,0,0,1,0.261729278301574,0.014732460666162,0.744272694145681
20200817,4,1289,25790,20,7.10803072366252,2.81371884528021,0.0401403075831803,0.0401403075831803,0.00200701537915902,2.86221931843652,0,0,1,0.12044599485671,0.01402419001389,0.708491400138117
20200817,4,1290,25810,20,7.04132921910241,2.8403728014509,0.0460188599558769,0.0460188599558769,0.00230094299779385,2.86324497639905,0,0,1,0.056247549578984,0.0160722747565081,0.811959081726991
20200817,4,1291,25830,20,7.04050652591104,2.84070470304862,0.0416074312052437,0.0416074312052437,0.00208037156026219,2.86453120168237,0,0,1,0.0585612818676964,0.0145250403210156,0.733793976258635
20200817,4,1292,25850,20,6.99751097781336,2.85815914593245,0.0267204136899354,0.0267204136899354,0.00133602068449677,2.86906156272423,1,1,0,0.0265904998959741,0.00931329394847973,0.470500518241768
20200817,4,1293,25870,20,6.98508166952342,2.86324497639905,0.0106419649010475,-0.00684407277313159,0.000532098245052373,2.86906156272423,1,1,0,0.0141611916060356,0.00370921455269949,0.187386694650596
20200817,4,1294,25890,20,6.97880881856327,2.86581858307983,0.0192736552950652,-0.0192736552950652,0.000963682764753262,2.86906156272423,1,1,0,0.00788834064587718,0.00671775591903456,0.339375913485842
20200817,4,1295,25910,20,6.99342157682622,2.85983045356125,0.00983679508660895,-0.00983679508660895,0.000491839754330448,2.86581858307983,1,1,0,0.014612758262956,0.00343245561484132,0.173405043860806
20200817,4,1296,25930,20,6.9900877880882,2.86119439502347,0.00749566862233362,-0.00749566862233362,0.000374783431116681,2.86453120168237,1,1,0,0.00814254404485837,0.00261671739443136,0.132194570147029
20200817,4,1297,25950,20,7.17709479102632,2.78664286627598,0.0207389449322402,-0.0207389449322402,0.00103694724661201,2.86221931843652,1,1,0,0.189510062220507,0.00724575674500333,0.366050113143304
20200817,4,1298,25970,20,7.86059876449508,2.54433543794862,0.0196403493878911,-0.0196403493878911,0.000982017469394556,2.86119439502347,1,1,0,0.870510976406877,0.00686438832050417,0.346783670748109
20200817,4,1299,25990,20,8.9952732209058,2.22338994145484,0.0139668844775693,-0.0139668844775693,0.000698344223878466,2.86051226170468,1,0,0,2.00351853844859,0.00488265149726922,0.246667835522803
20200817,4,1300,26010,20,10.6031565183548,1.88623076207341,0.0264215379033654,-0.0264215379033654,0.00132107689516827,2.85983045356125,1,0,0,3.60973494152859,0.00923884766331638,0.466739548605859
20200817,4,1301,26030,20,12.391586973652,1.61399827500106,0.0429769909251728,-0.0429769909251728,0.00214884954625864,2.85899455549412,0,0,1,5.39612069633222,0.0150322045358863,0.759415526190416
20200817,4,1302,26050,20,14.1488562419272,1.41354181977863,0.0562394573767676,-0.0562394573767676,0.00281197286883838,2.85815914593245,0,0,1,7.15134526411384,0.0196768110190099,0.994057508868894
20200817,4,1303,26070,20,14.6567413780394,1.36455979430506,0.0308476199116802,-0.0166028535609884,0.00154238099558401,2.85760390276005,0,0,1,7.65787075755816,0.0107949250355816,0.545351392506114
20200817,4,1304,26090,20,12.9585513597485,1.54338239242724,0.0338987628777247,0.0338987628777247,0.00169493814388623,2.85760390276005,0,0,1,5.95968073926724,0.0118626527787784,0.599292185022088
20200817,4,1305,26110,20,13.7262850279003,1.45705848008748,0.0691660578125635,0.0691660578125635,0.00345830289062818,2.85613740844926,0,0,1,6.72382081142587,0.0242166422413539,1.22340632515872
20200817,4,1306,26130,20,11.8195004480804,1.69211889181393,0.12228424812147,0.12228424812147,0.00611421240607348,2.85075513600037,0,0,1,4.80381546432545,0.0428953881647777,2.16704234542111
20200817,4,1307,26150,20,13.3443408463318,1.49876267627695,0.410996330271795,0.410996330271795,0.0205498165135897,2.85075513600037,0,0,1,6.32865586257685,0.14417103913331,7.28341111135545
20200817,4,1308,26170,20,13.0053503615127,1.53782862007216,0.422325227137952,0.422325227137952,0.0211162613568976,2.85303367630159,0,0,1,5.99526836839505,0.148026723499954,7.47819734947034
20200817,4,1309,26190,20,10.841787536745,1.84471425327383,0.286709817180577,0.286709817180577,0.0143354908590288,2.85522652299692,0,0,1,3.83708936694529,0.100415786583419,5.07292907198164
20200817,4,1310,26210,20,11.0390145762995,1.81175591913246,0.310330707387259,0.310330707387259,0.0155165353693629,2.85613740844926,0,0,1,4.03655035982502,0.108653983687624,5.48911651633251
20200817,4,1311,26230,20,10.28755429177,1.94409666600738,0.288980830609703,0.288980830609703,0.0144490415304851,2.85613740844926,0,0,1,3.28509007529556,0.101178896279575,5.11148079272652
20200817,4,1312,26250,20,10.1114702938794,1.97795171411484,0.167801357060631,0.167801357060631,0.00839006785303156,2.85613740844926,0,0,1,3.10900607740496,0.058751149914646,2.96806335492643
20200817,4,1313,26270,20,9.14486684068106,2.18701926976451,0.0782244769254154,0.0782244769254154,0.00391122384627077,2.85613740844926,0,0,1,2.14240262420663,0.0273882050261326,1.38363126191359
20200817,4,1314,26290,20,7.96624456959762,2.51059326954736,0.0237057392429467,0.0237057392429467,0.00118528696214733,2.85613740844926,1,1,0,0.963780353123185,0.00829992953869039,0.419306119932084
20200817,4,1315,26310,20,7.51601719849896,2.66098379923801,0.0142776239915833,-0.0142776239915833,0.000713881199579163,2.85704887527551,1,1,0,0.515786935349753,0.00499733277758731,0.252461446475145
20200817,4,1316,26330,20,7.28177640468675,2.74658254916032,0.0241230445495077,-0.0241230445495077,0.00120615222747539,2.85613740844926,1,1,0,0.279312188212317,0.00844603781251732,0.426687398664965
20200817,4,1317,26350,20,7.15301940501922,2.7960220527245,0.0179910038661971,-0.0179910038661971,0.000899550193309855,2.85613740844926,1,1,0,0.150555188544787,0.00629906803957492,0.318224120644656
20200817,4,1318,26370,20,7.06002214171531,2.8328523053528,0.0165623020368704,-0.0165623020368704,0.000828115101843521,2.85613740844926,1,1,0,0.0575579252408724,0.00579884636778133,0.292953302702411
20200817,4,1319,26390,20,7.00023026314921,2.85704887527551,0.0145341369604733,-0.0145341369604733,0.000726706848023664,2.85613740844926,1,1,0,-0.0022339533252298,0.00508873869915263,0.257079204027388
20200817,4,1320,26410,20,6.96303213727151,2.87231189023882,0.00629489005773962,-0.00629489005773962,0.000314744502886981,2.85613740844926,1,1,0,-0.0394320792029239,0.00220398711879812,0.111343750914462
20200817,4,1321,26430,20,6.93552879659728,2.88370225062182,0.00423880054116026,0.0042310723979039,0.000211940027058013,2.85613740844926,1,1,0,-0.0669354198771535,0.00148410245551236,0.0749757259145063
20200817,4,1322,26450,20,6.91863824277425,2.89074226722112,0.00921977208822522,0.00921977208822522,0.000460988604411261,2.85613740844926,1,1,0,-0.0838259737001854,0.00322805620659234,0.163078941405385
20200817,4,1323,26470,20,7.1039290890094,2.81534341762255,0.00699705912309785,0.00699705912309785,0.000349852956154892,2.85613740844926,1,1,0,0.101464872534963,0.00244983280650243,0.123763687846794
20200817,4,1324,26490,20,8.26520066255034,2.41978396127998,0.00728331377707097,0.00728331377707097,0.000364165688853548,2.85613740844926,1,0,0,1.26273644607591,0.00255005720506474,0.12882694814169
20200817,4,1325,26510,20,9.46901933669324,2.11215114140683,0.0168664576470265,0.0168664576470265,0.000843322882351325,2.85613740844926,1,0,0,2.4665551202188,0.00590533830659923,0.298333194358313
20200817,4,1326,26530,20,8.65298131856798,2.31134209859936,0.0079718321895001,0.00515000794692142,0.000398591609475005,2.85613740844926,1,0,0,1.65051710209355,0.00279112348233568,0.141005432898429
20200817,4,1327,26550,20,7.83692143493136,2.55202252135059,0.0137994972886597,-0.0137994972886597,0.000689974864432985,2.85613740844926,1,1,0,0.83445721845692,0.00483152429845878,0.244084928372053
20200817,4,1328,26570,20,7.44880849926631,2.68499317736118,0.0114817889884725,-0.0114817889884725,0.000574089449423623,2.85613740844926,1,1,0,0.446344282791871,0.00402004082664443,0.203089401317353
20200817,4,1329,26590,20,7.2278824752957,2.76706214695083,0.00928760297817792,-0.00928760297817792,0.000464380148908896,2.85613740844926,1,1,0,0.225418258821265,0.00325180537557561,0.164278731337525
20200817,4,1330,26610,20,7.09142653036361,2.82030701641839,0.00930278064820591,-0.00930278064820591,0.000465139032410296,2.85613740844926,1,1,0,0.0889623138891702,0.00325711943013864,0.164547193327418
20200817,4,1331,26630,20,7.00469816979967,2.85522652299692,0.0132048897340953,-0.0132048897340953,0.000660244486704764,2.85613740844926,1,1,0,0.00223395332523157,0.00462333839227464,0.233567534924351
20200817,4,1332,26650,20,6.9454794981848,2.87957080648312,0.0200681712863792,-0.0200681712863792,0.00100340856431896,2.85613740844926,1,1,0,-0.0569847182896401,0.00702633256614752,0.354964970718127
20200817,4,1333,26670,20,6.91146179027237,2.89374384274963,0.0169634526448773,-0.0169634526448773,0.000848172632243865,2.85613740844926,1,1,0,-0.0910024262020661,0.00593929850668059,0.300048837805869
20200817,4,1334,26690,20,6.90930220913651,2.89464831536143,0.00779931883526164,-0.00779931883526164,0.000389965941763082,2.85613740844926,1,1,0,-0.0931620073379227,0.00273072255283973,0.137954023935356
20200817,4,1335,26710,20,6.90966731838853,2.89449536112607,0.00766596738515677,-0.00766596738515677,0.000383298369257838,2.85613740844926,1,1,0,-0.0927968980859069,0.00268403311496102,0.13559530908754
20200817,4,1336,26730,20,6.91334402318353,2.89295598959506,0.0123806022655781,-0.0123806022655781,0.000619030113278907,2.85613740844926,1,1,0,-0.0891201932909089,0.00433473621715566,0.218987572806721
20200817,4,1337,26750,20,6.91065561762298,2.89408141667451,0.0169976737262905,-0.0169976737262905,0.000849883686314525,2.85613740844926,1,1,0,-0.0918085988514568,0.00595128010158285,0.300654138856396
20200817,4,1338,26770,20,6.92102847064416,2.88974392820819,0.0195005709133987,-0.0195005709133987,0.000975028545669936,2.85613740844926,1,1,0,-0.0814357458302757,0.00682760250109484,0.344925279163802
20200817,4,1339,26790,20,6.94603097695835,2.87934218352103,0.0152281749384919,-0.0152281749384919,0.000761408746924594,2.85613740844926,1,1,0,-0.0564332395160809,0.00533173750445011,0.269355318628415
20200817,4,1340,26810,20,6.95335869971859,2.87630781953035,0.013234383580663,-0.013234383580663,0.000661719179033149,2.85613740844926,1,1,0,-0.0491055167558434,0.00463366487253447,0.234089220843504
20200817,4,1341,26830,20,6.93818875010038,2.88259670071827,0.0152577746632492,-0.0152577746632492,0.000762888733162459,2.85613740844926,1,1,0,-0.0642754663740552,0.00534210105512163,0.269878877316539
20200817,4,1342,26850,20,6.92402498754382,2.88849333097145,0.0171000544079426,-0.0171000544079426,0.000855002720397131,2.85613740844926,1,1,0,-0.0784392289306188,0.00598712595456921,0.302465044052795
20200817,4,1343,26870,20,6.56171504994199,3.0479836213212,0.0208594752001868,-0.0208594752001868,0.00104297376000934,2.85522652299692,1,1,0,-0.442983119857671,0.00730571638788652,0.369079228642739
20200817,4,1344,26890,20,7.36223238129969,2.7165673350383,0.0197767648274713,-0.0197767648274713,0.000988838241373564,2.85084419528417,1,1,0,0.346766564864084,0.00693716088034054,0.350460085055035
20200817,4,1345,26910,20,7.02667179771015,2.84629773181061,0.014798134367015,-0.014798134367015,0.000739906718350749,2.84856914945092,1,1,0,0.00560299063727232,0.0051949359803561,0.26244420980499
20200817,4,1346,26930,20,7.07031513656875,2.82872822691551,0.00977893435965989,-0.0094014781900988,0.000488946717982994,2.84629773181061,1,1,0,0.0436433388586002,0.00343566811383405,0.173567336863614
20200817,4,1347,26950,20,7.12144955538679,2.80841700056299,0.0170912161869749,0.0170912161869749,0.000854560809348746,2.8451190555971,1,1,0,0.0918667473652013,0.00600720597380696,0.303479471333834
20200817,4,1348,26970,20,7.11862413423478,2.80953167674864,0.0165343833427261,0.0165343833427261,0.000826719167136307,2.84629773181061,1,1,0,0.0919523365246269,0.00580908425634311,0.293470513036442
20200817,4,1349,26990,20,7.08932587543131,2.82114270826677,0.00535061743244949,0.00535061743244949,0.000267530871622475,2.84629773181061,1,1,0,0.0626540777211622,0.00187985163064646,0.0949686728808951
20200817,4,1350,27010,20,7.07201946318673,2.82804651544154,0.00125698377452501,0.00125601505122503,6.28491887262506e-05,2.84629773181061,1,1,0,0.0453476654765828,0.000441620621931708,0.0223103375276841
20200817,4,1351,27030,20,7.0689554299006,2.82927233002532,0.00557021172786882,0.00557021172786882,0.000278510586393441,2.84629773181061,1,1,0,0.0422836321904461,0.00195700248277451,0.0988662751803445
20200817,4,1352,27050,20,7.0699279575656,2.82888313997568,0.0105871768174575,0.0105871768174575,0.000529358840872876,2.8451190555971,1,1,0,0.0403451495440086,0.0037211718070742,0.187990766036206
20200817,4,1353,27070,20,7.0572897053371,2.83394912708131,0.0136944684191489,0.0136944684191489,0.000684723420957445,2.84394135517929,1,1,0,0.0247958870040748,0.00481531322515107,0.243265957293214
20200817,4,1354,27090,20,7.06758637452003,2.82982038565581,0.0307235524622532,0.0307235524622532,0.00153617762311266,2.84394135517929,0,0,1,0.0350925561870099,0.0108031596384013,0.545767398369949
20200817,4,1355,27110,20,7.07157994750378,2.82822228532676,0.0258154227360912,0.0258154227360912,0.00129077113680456,2.84394135517929,1,1,0,0.0390861291707552,0.00907734004046074,0.45858030648659
20200817,4,1356,27130,20,7.05823241361577,2.83357062051665,0.0106098290877121,0.0106098290877121,0.000530491454385604,2.84394135517929,1,1,0,0.0257385952827462,0.00373067787364526,0.188471005280545
20200817,4,1357,27150,20,7.03249381833302,2.84394135517929,0.00247378496299593,0.00247378496299593,0.000123689248149796,2.84394135517929,1,1,0,0,0.000869843873007703,0.043943850081781
20200817,4,1358,27170,20,7.01546581643561,2.85084419528417,0.0010153119199634,-0.000869852404685112,5.07655959981701e-05,2.84394135517929,1,1,0,-0.0170280018974154,0.000357008740041123,0.0180358096861754
20200817,4,1359,27190,20,6.99783884739736,2.85802523266714,0.00867384007938288,-0.00867384007938288,0.000433692003969144,2.84394135517929,1,1,0,-0.0346549709356623,0.00304993633697347,0.154080461229795
20200817,4,1360,27210,20,6.98241034235252,2.86434039527697,0.0223010490269516,-0.0223010490269516,0.00111505245134758,2.84394135517929,1,1,0,-0.0500834759805002,0.00784159947121894,0.396151633939907
20200817,4,1361,27230,20,6.97808286607324,2.86611672343962,0.0283341923424155,-0.0283341923424155,0.00141670961712077,2.84394135517929,0,0,1,-0.0544109522597864,0.00996300162477479,0.503323255298445
20200817,4,1362,27250,20,6.9689727443274,2.86986342661185,0.0304886152801107,-0.0304886152801107,0.00152443076400553,2.84394135517929,0,0,1,-0.0635210740056209,0.0107205499243456,0.541594018522816
20200817,4,1363,27270,20,6.95091535596293,2.87731888187111,0.0310831688000709,-0.0310831688000709,0.00155415844000355,2.84394135517929,0,0,1,-0.0815784623700893,0.010929609622035,0.552155555251977
20200817,4,1364,27290,20,6.93168081152362,2.8853030807118,0.0321635075384576,-0.0321635075384576,0.00160817537692288,2.84394135517929,0,0,1,-0.100813006809403,0.0113094833970055,0.571346489091153
20200817,4,1365,27310,20,6.93983437718271,2.88191315714356,0.0202537815529105,-0.0202537815529105,0.00101268907764553,2.84394135517929,1,1,0,-0.0926594411503174,0.00712172967843553,0.359784360186405
20200817,4,1366,27330,20,7.30702918765746,2.73709047635702,0.00576547192088981,0.00473197239052254,0.00028827359604449,2.8451190555971,1,1,0,0.277446379635875,0.00202644311476091,0.102374363029539
20200817,4,1367,27350,20,8.64192301595176,2.31429971813945,0.0182377088484172,0.0182377088484172,0.000911885442420859,2.84629773181061,1,0,0,1.61525121824161,0.00640751972100109,0.323703017004793
20200817,4,1368,27370,20,10.3401750748653,1.93420322723699,0.0224520971683816,0.0224520971683816,0.00112260485841908,2.84856914945092,1,0,0,3.31910626779245,0.00788188595411467,0.398186876377806
20200817,4,1369,27390,20,12.4421084541227,1.60744459620692,0.0260206499227138,0.0260206499227138,0.00130103249613569,2.85084419528417,1,0,0,5.42664263768711,0.00912734900271183,0.461106721177893
20200817,4,1370,27410,20,15.0262749989979,1.33100186182762,0.0285155937875098,0.0285155937875098,0.00142577968937549,2.84856914945092,0,0,1,8.00520619192503,0.0100104973028323,0.505722700786145
20200817,4,1371,27430,20,18.0316034285679,1.10916370134414,0.0376590487544869,0.0122901153690618,0.00188295243772434,2.84629773181061,0,0,1,11.0049316308578,0.0132308887905872,0.668414426432515
20200817,4,1372,27450,20,50.0453833962802,0.399637262075338,2.07072168969863,-2.07072168969863,0.103536084484932,2.8451190555971,0,0,1,43.0158005882586,0.727815479505146,36.7686837960752
20200817,4,1373,27470,20,47.9797478944347,0.416842540398589,1.01762096631484,-1.01762096631484,0.0508810483157419,2.84394135517929,0,0,1,40.9472540761017,0.357820657750759,18.0768271505942
20200817,4,1374,27490,20,18.5926431372845,1.07569428683828,0.226168041875669,-0.226168041875669,0.0113084020937835,2.8451190555971,0,0,1,11.563060329263,0.0794933489446555,4.01594345482239
20200817,4,1375,27510,20,13.4236591540321,1.48990672144656,0.0351494643975267,0.0282432159336581,0.00175747321987633,2.8451190555971,0,0,1,6.39407634601048,0.012354303532001,0.624130006684846
20200817,4,1376,27530,20,13.7359498484857,1.45603327186033,0.164033718054048,0.164033718054048,0.00820168590270238,2.8451190555971,0,0,1,6.7063670404641,0.0576544302184296,2.91265791102117
20200817,4,1377,27550,20,16.7557430794513,1.193620593558,0.210329942099498,0.210329942099498,0.0105164971049749,2.8451190555971,0,0,1,9.72616027142976,0.0739265872497405,3.73471489306165
20200817,4,1378,27570,20,17.1233556139814,1.16799536556198,0.150466043125821,0.150466043125821,0.00752330215629104,2.8451190555971,0,0,1,10.0937728059598,0.0528856754974152,2.67174405390282
20200817,4,1379,27590,20,17.3666096180077,1.15163526099312,0.0742594164466985,0.0738932267429034,0.00371297082233492,2.84629773181061,0,0,1,10.3399378202976,0.0260898273630215,1.31803821108252
20200817,4,1380,27610,20,16.6016995269092,1.20469593896592,0.0550193686461055,-0.0550193686461055,0.00275096843230528,2.84856914945092,0,0,1,9.58063071983634,0.0193147386493008,0.975765888467823
20200817,4,1381,27630,20,12.5008444877512,1.5998919128701,0.0442977277279615,-0.0442977277279615,0.00221488638639808,2.85084419528417,0,0,1,5.48537867131563,0.0155384597310643,0.78499115313954
20200817,4,1382,27650,20,10.9454896443549,1.82723666549856,0.111631780009304,-0.111631780009304,0.0055815890004652,2.84856914945092,0,0,1,3.92442083728201,0.0391887204250673,1.97978431382333
20200817,4,1383,27670,20,8.63143993053563,2.31711048920651,0.0991950613825207,-0.0991950613825207,0.00495975306912603,2.84629773181061,0,0,1,1.60476813282548,0.0348505570144343,1.76062360181193
20200817,4,1384,27690,20,8.65752106913715,2.31013009847556,0.0257356852997008,-0.0245416150744584,0.00128678426498504,2.8451190555971,1,0,0,1.62793826111556,0.00904555654677153,0.456974628588411
20200817,4,1385,27710,20,7.860868343334,2.54424818308526,0.0221723473079955,0.0221723473079955,0.00110861736539977,2.84394135517929,1,1,0,0.828374525000982,0.00779634476907055,0.393865400848641
20200817,4,1386,27730,20,7.49408261054487,2.66877228866655,0.0585629489959263,0.0585629489959263,0.00292814744979632,2.83893644872556,0,0,1,0.449190848709804,0.0206284818465084,1.04213519438066
20200817,4,1387,27750,20,8.613169709457,2.3220255346926,0.0800506041229544,0.0800506041229544,0.00400253020614772,2.83394912708131,0,0,1,1.5558800041199,0.0282470152191471,1.42701769888422
20200817,4,1388,27770,20,8.14596647625513,2.45520283667978,0.0820039767976025,0.0820039767976025,0.00410019883988013,2.83375986115966,0,0,1,1.08820541677869,0.0289382237082164,1.46193702539955
20200817,4,1389,27790,20,8.23928429057196,2.42739530457586,0.0585599946481688,0.0585599946481688,0.00292799973240844,2.83357062051665,0,0,1,1.18105187695619,0.0206665026183435,1.04405597482111
20200817,4,1390,27810,20,7.68313603770002,2.60310371986946,0.0215200908038041,0.0177628635792894,0.0010760045401902,2.83141984399662,1,1,0,0.619542115941841,0.00760045912987173,0.383969407522434
20200817,4,1391,27830,20,8.20185896912517,2.43847158007561,0.0550584996000168,-0.0550584996000168,0.00275292498000084,2.82907772161549,0,0,1,1.13241727539207,0.0194616426333373,0.983187365874563
20200817,4,1392,27850,20,8.66845440501493,2.30721638086133,0.116711377824164,-0.116711377824164,0.0058355688912082,2.82888313997568,0,0,1,1.59852644744933,0.0412570516522529,2.08427483239494
20200817,4,1393,27870,20,7.72115251088326,2.59028687385844,0.134554334471353,-0.134554334471353,0.00672771672356765,2.82880568132473,0,0,1,0.651030963816083,0.0475657749698598,2.40298673033332
20200817,4,1394,27890,20,8.42981363174113,2.37253169212344,0.0525324995898432,-0.0525324995898432,0.00262662497949216,2.82880568132473,0,0,1,1.35969208467395,0.0185705578635724,0.938170441863464
20200817,4,1395,27910,20,8.0841280026616,2.47398358776794,0.0120855396685211,0.00729921571872616,0.000604276983426057,2.82888313997568,1,1,0,1.014200045096,0.00427219473923729,0.215828024967366
20200817,4,1396,27930,20,8.78934075651705,2.27548351509419,0.042695599147236,0.042695599147236,0.0021347799573618,2.82872822691551,0,0,1,1.7190256199483,0.0150935670457787,0.762515513462881
20200817,4,1397,27950,20,8.67119665083919,2.30648672903346,0.0440301994030815,0.0440301994030815,0.00220150997015407,2.82822228532676,0,0,1,1.59961670333541,0.0155681537591712,0.786491272827619
20200817,4,1398,27970,20,8.39048294961503,2.38365301736506,0.0347954896264216,0.0347954896264216,0.00173977448132108,2.82855267405119,0,0,1,1.31972899708035,0.01230151729032,0.62146328595163
20200817,4,1399,27990,20,7.90500727793915,2.53004194642741,0.0487633516867014,0.0487633516867014,0.00243816758433507,2.82888313997568,0,0,1,0.835079320373553,0.0172376691697207,0.87083392003939
20200817,4,1400,28010,20,7.66317924613213,2.60988283813075,0.0615369926520092,0.0615369926520092,0.00307684963260046,2.82907772161549,0,0,1,0.593737552399035,0.0217516090780531,1.09887472686148
20200817,4,1401,28030,20,7.46992300948295,2.67740376635881,0.0389820226475775,0.0389820226475775,0.00194910113237888,2.82927233002532,0,0,1,0.400967579582358,0.0137781090331551,0.696059576381055
20200817,4,1402,28050,20,7.30678826662552,2.73718072430701,0.0213415862928773,0.0213415862928773,0.00106707931464387,2.83122494005603,1,1,0,0.242708081034835,0.00753793384302942,0.380810677643912
20200817,4,1403,28070,20,7.22458678383737,2.7683244174938,0.0208718930877899,-0.020703758214909,0.00104359465438949,2.82822228532676,1,1,0,0.153006836333589,0.00737986303130287,0.372825060605766
20200817,4,1404,28090,20,7.16556391953236,2.79112714987898,0.0355744218259504,-0.0355744218259504,0.00177872109129752,2.7918948519175,0,0,1,0.00197035286783009,0.0127420349665094,0.643717903500303
20200817,4,1405,28110,20,7.3209995384459,2.73186740348376,0.0488008534892261,-0.0488008534892261,0.0024400426744613,2.82672061504524,0,0,1,0.245662876750429,0.0172641233907175,0.87217036713937
20200817,4,1406,28130,20,8.06502050659401,2.47984490351238,0.0628270626378443,-0.0628270626378443,0.00314135313189222,2.82938941887442,0,0,1,0.996357611842541,0.0222051663227178,1.12178809347995
20200817,4,1407,28150,20,8.68519574360471,2.30276905557677,0.0596493941043509,-0.0596493941043509,0.00298246970521754,2.83455003675158,0,0,1,1.62940214649461,0.0210436906496488,1.0631112269355
20200817,4,1408,28170,20,8.21834974887679,2.43357859073026,0.0203599624173842,-0.0196958729708198,0.00101799812086921,2.82309312284667,1,1,0,1.13392173686952,0.00721193440365659,0.364341434214042
20200817,4,1409,28190,20,7.86505151246456,2.54289497892085,0.0268405154801856,0.0268405154801856,0.00134202577400928,2.81841720132937,1,1,0,0.768870013655032,0.0095232584684502,0.481107765903549
20200817,4,1410,28210,20,7.64861233646661,2.61485340349192,0.0345622522724772,0.0345622522724772,0.00172811261362386,2.78783076424622,0,0,1,0.474575713978992,0.0123975431779204,0.626314440669878
20200817,4,1411,28230,20,7.52680379843878,2.65717036548082,0.03120792090617,0.03120792090617,0.0015603960453085,2.7683244174938,0,0,1,0.30221701460141,0.0112732166464879,0.569514320471985
20200817,4,1412,28250,20,7.67338534836745,2.60641152398988,0.060922736803964,0.060922736803964,0.0030461368401982,2.7683244174938,0,0,1,0.44879856453008,0.022007079957456,1.11178092114888
20200817,4,1413,28270,20,8.61248738788709,2.32220949642594,0.0569662485113492,0.0569662485113492,0.00284831242556746,2.7683244174938,0,0,1,1.38790060404972,0.0205778803059944,1.03957884308676
20200817,4,1414,28290,20,10.636714871227,1.88027978959004,0.0477268884853945,0.0477268884853945,0.00238634442426973,2.7683244174938,0,0,1,3.41212808738965,0.0172403523892631,0.87096947424741
20200817,4,1415,28310,20,11.5969579057237,1.72459020396452,0.0197745911981773,-0.0137510919177892,0.000988729559908865,2.7683244174938,1,0,0,4.37237112188632,0.00714316251130692,0.360867130582053
20200817,4,1416,28330,20,11.1808367148988,1.78877489314816,0.0305265255261853,-0.0305265255261853,0.00152632627630926,2.75266448364953,0,0,1,3.91514918966732,0.0110898097852132,0.560248745503965
20200817,4,1417,28350,20,9.46554562216625,2.11292626947615,0.00296495295262549,-0.000529733392352761,0.000148247647631274,2.7683244174938,1,0,0,2.24095883832888,0.00107102799581188,0.0541075187649577
20200817,4,1418,28370,20,8.61645036574555,2.32114143888177,0.00423223599217639,-0.00292085569579204,0.00021161179960882,2.7683244174938,1,1,0,1.39186358190818,0.00152880781075792,0.077234206418566
20200817,4,1419,28390,20,9.67615997775283,2.06693564864403,0.00306376238566131,-0.00306376238566131,0.000153188119283065,2.7683244174938,1,0,0,2.45157319391546,0.00110672086201334,0.0559106951854828
20200817,4,1420,28410,20,12.1091938392638,1.65163761233638,0.0119776117796027,0.00864412095887186,0.000598880588980135,2.7683244174938,1,0,0,4.88460705542639,0.00432666478824262,0.218579810364395
20200817,4,1421,28430,20,16.2121460207127,1.23364297203146,0.258841379454282,-0.0309384666168152,0.0129420689727141,2.7683244174938,0,0,1,8.98755923687531,0.0935011004557819,4.72360439431875
20200817,4,1422,28450,20,34.5974758877383,0.578076853493472,3.50115854890383,-3.47455355126291,0.175057927445192,2.7683244174938,0,0,1,27.3728891039009,1.26472118902649,63.8927513895816
20200817,4,1423,28470,20,36.6903479236717,0.545102489668585,1.02747142785572,-0.787518830982784,0.0513735713927858,2.7683244174938,0,0,1,29.4657611398343,0.371152824922846,18.750358083737
20200817,4,1424,28490,20,14.3433078309972,1.39437849592673,0.303651487622096,0.303651487622096,0.0151825743811048,2.7683244174938,0,0,1,7.11872104715985,0.109687826218358,5.54134545371829
20200817,4,1425,28510,20,10.3840496337616,1.92603085553194,0.172408340407022,0.172408340407022,0.00862041702035112,2.7683244174938,0,0,1,3.15946284992424,0.0622789508763954,3.14628517310794
20200817,4,1426,28530,20,9.33739379297549,2.1419252998675,0.113549380380209,0.113549380380209,0.00567746901901045,2.7683244174938,0,0,1,2.11280700913812,0.041017367640389,2.07216617863398
20200817,4,1427,28550,20,9.36810058958145,2.13490448877573,0.064047477817363,0.064047477817363,0.00320237389086815,2.7683244174938,0,0,1,2.14351380574408,0.0231358280888719,1.1688044172109
20200817,4,1428,28570,20,8.09342742398076,2.4711409582472,0.0126178631824846,-0.000574870238720492,0.000630893159124231,2.7683244174938,1,1,0,0.868840640143389,0.00455794237942232,0.230263778153849
20200817,4,1429,28590,20,7.51128710246121,2.662659505246,0.0447531611908847,-0.0447531611908847,0.00223765805954423,2.7683244174938,0,0,1,0.286700318623843,0.0161661548437304,0.816701832244161
20200817,4,1430,28610,20,7.23286098248354,2.76515752873389,0.083843822685891,-0.083843822685891,0.00419219113429455,2.7683244174938,0,0,1,0.00827419864617696,0.0302868486641446,1.53006853120063
20200817,4,1431,28630,20,6.99472824380791,2.85929621607602,0.102483807102586,-0.102483807102586,0.00512419035512928,2.7683244174938,0,0,1,-0.229858540029454,0.0370201579175339,1.87023018729427
20200817,4,1432,28650,20,7.16598751339188,2.79096216154769,0.0874067739146604,-0.0874067739146604,0.00437033869573302,2.7683244174938,0,0,1,-0.0585992704454839,0.0315738911820858,1.59508893912938
20200817,4,1433,28670,20,7.00430317483188,2.8553875383157,0.0781828918208607,-0.0781828918208607,0.00390914459104303,2.7683244174938,0,0,1,-0.220283609005492,0.0282419543485588,1.42676202755593
20200817,4,1434,28690,20,6.9565667392817,2.87498140240154,0.0715327637858366,-0.0715327637858366,0.00357663818929183,2.7683244174938,0,0,1,-0.268020044555669,0.0258397329929258,1.30540363395113
20200817,4,1435,28710,20,6.91827639966505,2.89089346025093,0.0736244686102994,-0.0736244686102994,0.00368122343051497,2.7683244174938,0,0,1,-0.30631038417232,0.0265953181444509,1.34357522043116
20200817,4,1436,28730,20,6.6500953639661,3.00747566844997,0.0757935181477103,-0.0757935181477103,0.00378967590738552,2.77580495526502,0,0,1,-0.55502182629789,0.0273050590258327,1.37943078929378
20200817,4,1437,28750,20,7.19439203162256,2.77994303230782,0.0819902083904433,-0.0819902083904433,0.00409951041952216,2.77580495526502,0,0,1,-0.0107251586414359,0.0295374529953655,1.49220963267565
20200817,4,1438,28770,20,6.70767763804179,2.98165789700036,0.0934626789091002,-0.0934626789091002,0.00467313394545501,2.77580495526502,0,0,1,-0.497439552222205,0.0336704777228041,1.70100689462435
20200817,4,1439,28790,20,7.23694298210467,2.76359784089159,0.103216213274304,-0.103216213274304,0.00516081066371519,2.77580495526502,0,0,1,0.0318257918406735,0.037184245628832,1.87851977351692
20200817,4,1440,28810,20,6.78345502768207,2.94835005441675,0.0940114290252254,-0.0940114290252254,0.00470057145126127,2.77580495526502,0,0,1,-0.421662162581925,0.0338681681675467,1.71099406535228
20200817,4,1441,28830,20,7.33095566196062,2.72815727201536,0.0391805020516569,-0.0391805020516569,0.00195902510258285,2.80789313278059,0,0,1,0.208177459859144,0.0139537012980467,0.704930363890586
20200817,4,1442,28850,20,7.11519822040282,2.81088444488448,0.0317884328070164,0.0317884328070164,0.00158942164035082,2.80789313278059,0,0,1,-0.00757998169865459,0.0113210978138392,0.571933240585259
20200817,4,1443,28870,20,7.14438267162404,2.79940212041493,0.0738693798281911,0.0738693798281911,0.00369346899140956,2.80789313278059,0,0,1,0.0216044695225719,0.0263077604221497,1.32904802327454
20200817,4,1444,28890,20,7.1748990199776,2.78749567684681,0.0903564494198095,0.0903564494198095,0.00451782247099048,2.80789313278059,0,0,1,0.0521208178761299,0.0321794474173352,1.62568117900557
20200817,4,1445,28910,20,7.15128991323945,2.7966982520137,0.0501143218124359,0.0501143218124359,0.00250571609062179,2.80789313278059,0,0,1,0.0285117111379805,0.0178476599509358,0.901650189800883
20200817,4,1446,28930,20,7.10260034949169,2.81587010614096,0.0217442295844668,0.0217442295844668,0.00108721147922334,2.80789313278059,1,1,0,-0.0201778526097769,0.0077439662252865,0.391219276702719
20200817,4,1447,28950,20,7.07909337588717,2.82522053856841,0.0111817164851056,-0.00975449043166794,0.000559085824255279,2.80789313278059,1,1,0,-0.043684826214303,0.00398224432210943,0.201179950690129
20200817,4,1448,28970,20,7.0460884404747,2.83845429545198,0.0317358906380805,-0.0317358906380805,0.00158679453190403,2.80789313278059,0,0,1,-0.076689761626767,0.0113023855030598,0.570987908894033
20200817,4,1449,28990,20,7.01908359487061,2.84937481220705,0.0440284110470481,-0.0440284110470481,0.0022014205523524,2.80789313278059,0,0,1,-0.103694607230864,0.0156802303239539,0.792153295534593
20200817,4,1450,29010,20,7.00804354797947,2.85386354452183,0.0496895992377903,-0.0496895992377903,0.00248447996188951,2.80789313278059,0,0,1,-0.114734654122003,0.0176963997161045,0.894008637921259
20200817,4,1451,29030,20,6.99851484328974,2.85774917219419,0.0525313279976055,-0.0525313279976055,0.00262656639988028,2.80789313278059,0,0,1,-0.124263358811731,0.0187084498994394,0.945136642511241
20200817,4,1452,29050,20,6.94851700292929,2.87831201845927,0.0565554592027837,-0.0565554592027837,0.00282777296013919,2.80789313278059,0,0,1,-0.174261199172179,0.0201415996009713,1.01753827409497
20200817,4,1453,29070,20,7.03370938988883,2.84344986284913,0.0607373599898763,-0.0607373599898763,0.00303686799949381,2.80789313278059,0,0,1,-0.0890688122126448,0.021630937189454,1.09277847494061
20200817,4,1454,29090,20,6.99170295121075,2.86053342648612,0.0484011502393152,-0.0484011502393152,0.00242005751196576,2.82096890863937,0,0,1,-0.0980596969166072,0.0171576333546549,0.866790571609213
20200817,4,1455,29110,20,6.99293197794032,2.86003067999108,0.0215121320296591,-0.0215121320296591,0.00107560660148295,2.82153595580421,1,1,0,-0.0954058328388792,0.00762426294281534,0.385171958025838
20200817,4,1456,29130,20,6.99224796381532,2.86031046145666,0.00603389620601238,-0.00569621777307159,0.000301694810300619,2.82210323098088,1,1,0,-0.09466500961571,0.00213808486513627,0.108014419243764
20200817,4,1457,29150,20,7.02773350119969,2.84586773197729,0.0115433775472303,0.0115433775472303,0.000577168877361514,2.82210323098088,1,1,0,-0.0591794722313352,0.00409034560483393,0.206641145174684
20200817,4,1458,29170,20,7.08976264812736,2.82096890863937,0.0102898401535635,0.00486964657125579,0.000514492007678173,2.82210323098088,1,1,0,0.00284967469633557,0.00364616008394102,0.18420123090464
20200817,4,1459,29190,20,7.14295605471125,2.7999612270901,0.0191735315438287,-0.0191735315438287,0.000958676577191433,2.82210323098088,1,1,0,0.0560430812802224,0.00679405747222242,0.34323060984957
20200817,4,1460,29210,20,7.20511719026399,2.77580495526503,0.00361847636446111,-0.00186196392733766,0.000180923818223055,2.82210323098088,1,1,0,0.118204216832964,0.00128219135456765,0.0647753308492609
20200817,4,1461,29230,20,7.36049941868623,2.71720692609874,0.00289090487786421,0.00289090487786421,0.00014454524389321,2.82210323098088,1,1,0,0.273586445255205,0.00102437956419454,0.0517508755222405
20200817,4,1462,29250,20,8.65753846617372,2.3101254563457,0.00787804997303585,0.00787804997303585,0.000393902498651793,2.82210323098088,1,0,0,1.57062549274269,0.00279155272796229,0.141027118060617
20200817,4,1463,29270,20,10.5159820367699,1.901867075283,0.0074002408818842,0.00726977956243573,0.00037001204409421,2.82210323098088,1,0,0,3.42906906333883,0.00262224315561699,0.132473727394282
20200817,4,1464,29290,20,12.8541573547154,1.55591684838549,0.0124687749460481,-0.0124687749460481,0.000623438747302405,2.82210323098088,1,0,0,5.7672443812844,0.004418256146397,0.223206936031908
20200817,4,1465,29310,20,15.6365773248326,1.27905228775595,0.0748219327390203,-0.0748219327390203,0.00374109663695101,2.82210323098088,0,0,1,8.54966435140159,0.0265128262912673,1.33940779482554
20200817,4,1466,29330,20,14.1142179131239,1.41701085551494,0.249875251457458,-0.249875251457458,0.0124937625728729,2.82210323098088,0,0,1,7.02730493969284,0.08854220806466,4.47308492689564
20200817,4,1467,29350,20,12.9862048729156,1.54009583213281,0.269885615276855,-0.269885615276855,0.0134942807638427,2.82210323098088,0,0,1,5.89929189948452,0.0956327934123979,4.83129589921148
20200817,4,1468,29370,20,12.5284266148192,1.59636964918988,0.146160092014643,-0.146160092014643,0.00730800460073213,2.82210323098088,0,0,1,5.44151364138816,0.0517911926148221,2.61645161211848
20200817,4,1469,29390,20,11.5529382013046,1.73116134194689,0.0916804669507874,-0.0916804669507874,0.00458402334753937,2.82366102440193,0,0,1,4.46993502664554,0.0324686519233328,1.64029157042051
20200817,4,1470,29410,20,14.9053381710291,1.34180115677436,0.27364904782396,-0.27364904782396,0.013682452391198,2.82366102440193,0,0,1,7.82233499637005,0.0969128537239776,4.89596357139177
20200817,4,1471,29430,20,51.2266119427841,0.390422072463788,1.25222635059139,-1.25222635059139,0.0626113175295695,2.82366102440193,0,0,1,44.143608768125,0.443476160831529,22.4040779399178
20200817,4,1472,29450,20,22.7939669937914,0.877425154008847,0.361823038684514,-0.361823038684514,0.0180911519342257,2.82366102440193,0,0,1,15.7109638191323,0.128139686583361,6.47351938834171
20200817,4,1473,29470,20,15.0310478744505,1.33057922288942,0.0859688238249754,0.0853942881376094,0.00429844119124877,2.82366102440193,0,0,1,7.94804469979135,0.0304458726037005,1.53810229953091
20200817,4,1474,29490,20,12.643545659379,1.58183475892017,0.116278126332009,0.116278126332009,0.00581390631660047,2.82366102440193,0,0,1,5.56054248471992,0.0411799168976517,2.08037804333029
20200817,4,1475,29510,20,13.4521180287011,1.4867547219946,0.225388563678694,0.225388563678694,0.0112694281839347,2.82366102440193,0,0,1,6.36911485404198,0.079821395603402,4.03251612221607
20200817,4,1476,29530,20,14.5330867272241,1.37617014027274,0.174104184542113,0.174104184542113,0.00870520922710567,2.82522053856841,0,0,1,7.45399335133698,0.0616249889753156,3.11324751585472
20200817,4,1477,29550,20,17.6185527472626,1.13516701893164,0.189955175232158,0.189955175232158,0.00949775876160792,2.82522053856841,0,0,1,10.5394593713754,0.067235521135073,3.39668732816826
20200817,4,1478,29570,20,13.2539191628166,1.50898762504221,0.142617964405823,-0.126515676195899,0.00713089822029114,2.82522053856841,0,0,1,6.17482578692943,0.0504802943553886,2.55022603029559
20200817,4,1479,29590,20,13.1188354553415,1.52452556235522,0.18821905578638,-0.18821905578638,0.009410952789319,2.82522053856841,0,0,1,6.0397420794543,0.066621013551655,3.36564287299901
20200817,4,1480,29610,20,11.1125182073811,1.79977207926784,0.0680736365998245,-0.0680736365998245,0.00340368182999122,2.82366102440193,0,0,1,4.02951503272197,0.0241082892073573,1.21793241239161
20200817,4,1481,29630,20,9.98958642742582,2.00208488562561,0.0318411590068569,-0.0299640917164238,0.00159205795034285,2.82366102440193,0,0,1,2.90658325276672,0.0112765515165196,0.569682795566499
20200817,4,1482,29650,20,9.51587769387334,2.10175042632975,0.0167822832543191,0.0167822832543191,0.000839114162715955,2.82366102440193,1,0,0,2.43287451921424,0.00594344827841852,0.300258481114035
20200817,4,1483,29670,20,8.57345584947325,2.33278159369408,0.00879704945112625,0.00879704945112625,0.000439852472556313,2.82366102440193,1,0,0,1.49045267481415,0.00311547645949801,0.157391498311199
20200817,4,1484,29690,20,7.76162757670681,2.57677913586338,0.0312453090764571,0.0312453090764571,0.00156226545382285,2.82153595580421,0,0,1,0.67328976592762,0.0110738652868066,0.559443241586138
20200817,4,1485,29710,20,7.54139122476772,2.65203056092823,0.0503990072673938,0.0503990072673938,0.00251995036336969,2.82153595580421,0,0,1,0.453053413988527,0.0178622594419601,0.902387744969978
20200817,4,1486,29730,20,8.66805373983152,2.30732302778602,0.0330257127100012,0.0330257127100012,0.00165128563550006,2.82153595580421,0,0,1,1.57971592905233,0.0117048704065116,0.591321139725803
20200817,4,1487,29750,20,10.4364675957222,1.91635721728277,0.0330404228160306,0.0330404228160306,0.00165202114080153,2.82153595580421,0,0,1,3.34812978494301,0.0117100839165501,0.591584522282879
20200817,4,1488,29770,20,12.7681207628702,1.56640122469393,0.0423566536367367,0.0423566536367367,0.00211783268183684,2.82153595580421,0,0,1,5.67978295209104,0.015011913475568,0.758390437274695
20200817,4,1489,29790,20,15.084812405963,1.32583683918363,0.030185038065045,-0.0245984476658126,0.00150925190325225,2.82153595580421,0,0,1,7.99647459518383,0.0106980873318134,0.540459225453261
20200817,4,1490,29810,20,19.1474823243916,1.04452374788316,0.0783216344439911,0.00622905906560405,0.00391608172219955,2.82153595580421,0,0,1,12.0591445136124,0.0277585101415684,1.40233879435957
20200817,4,1491,29830,20,43.4256791685875,0.46055698800601,2.35215701602468,2.35215701602468,0.117607850801234,2.82153595580421,0,0,1,36.3373413578083,0.833644175678864,42.1150689386502
20200817,4,1492,29850,20,84.3376312468463,0.237142064631414,0.845292884150704,0.0860171622137634,0.0422646442075352,2.82153595580421,0,0,1,77.2492934360671,0.299586075595402,15.1348604055027
20200817,4,1493,29870,20,42.8428927711939,0.466821885879922,1.43886355151112,-1.43886355151112,0.0719431775755562,2.82153595580421,0,0,1,35.7545549604147,0.509957545836417,25.7626668850607
20200817,4,1494,29890,20,10.5773377762271,1.89083495517659,0.123994541642891,0.123994541642891,0.00619972708214457,2.82153595580421,0,0,1,3.48899996544787,0.0439457598928771,2.2201063252709
20200817,4,1495,29910,20,8.37692264817815,2.3875116006174,0.164179115910876,0.164179115910876,0.00820895579554379,2.82153595580421,0,0,1,1.28858483739896,0.058187851752568,2.93960596072751
20200817,4,1496,29930,20,8.11723082193566,2.46389445350659,0.176962494121374,0.176962494121374,0.00884812470606869,2.82153595580421,0,0,1,1.02889301115647,0.0627184969085163,3.16849070393817
20200817,4,1497,29950,20,8.13943311908952,2.45717357798466,0.126912177492208,0.126912177492208,0.00634560887461038,2.82210323098088,0,0,1,1.05252014565849,0.0449707778577953,2.27188945231156
20200817,4,1498,29970,20,7.4773903002424,2.67472997890074,0.0685337474568877,0.0685337474568877,0.00342668737284439,2.82153595580421,0,0,1,0.38905248946321,0.0242895176706525,1.22708793635254
20200817,4,1499,29990,20,7.23436841678267,2.76458134943791,0.0176945411528415,0.0125844126552277,0.000884727057642074,2.82153595580421,1,1,0,0.146030606003477,0.00627124425490374,0.316818484230767
20200817,4,1500,30010,20,7.13965910361367,2.80125419291759,0.0364641839658786,-0.0364641839658786,0.00182320919829393,2.82153595580421,0,0,1,0.051321292834472,0.0129235226972273,0.652886525454
20200817,4,1501,30030,20,7.12152754343333,2.80838624551017,0.0598436935193634,-0.0598436935193634,0.00299218467596817,2.82153595580421,0,0,1,0.0331897326541357,0.0212096157754993,1.07149363794215
20200817,4,1502,30050,20,7.10824800678165,2.81363283623741,0.0591663401177028,-0.0591663401177028,0.00295831700588514,2.82153595580421,0,0,1,0.0199101960024555,0.0209695502890867,1.05936571237748
20200817,4,1503,30070,20,7.10743520864344,2.81395460006132,0.0294027795012859,-0.0294027795012859,0.00147013897506429,2.82153595580421,0,0,1,0.0190973978642424,0.0104208416840484,0.526452986449606
20200817,4,1504,30090,20,7.08691297343103,2.82210323098088,0.00582873697751083,-0.00581448575309906,0.000291436848875541,2.7999612270901,1,1,0,-0.0560430812802233,0.00208172060424152,0.105166939704516
20200817,4,1505,30110,20,7.05454092684886,2.8350533659649,0.00395398375004916,0.00395398375004916,0.000197699187502458,2.7960272742847,1,1,0,-0.0984651199596565,0.00141414348365421,0.071441451929705
20200817,4,1506,30130,20,7.02811253523396,2.84571425112137,0.0207704217986185,0.0207704217986185,0.00103852108993093,2.81042581077797,1,1,0,-0.0882468161853467,0.00739048926997612,0.373361890091701
20200817,4,1507,30150,20,7.00843680014077,2.85370341066617,0.0385637590958936,0.0385637590958936,0.00192818795479468,2.81042581077797,0,0,1,-0.107922551278534,0.0137216783833972,0.693208742926998
20200817,4,1508,30170,20,6.97696275703856,2.86657686108807,0.0318825586488318,0.0318825586488318,0.00159412793244159,2.79210436039743,0,0,1,-0.186093281867215,0.0114188277132641,0.576870480683285
20200817,4,1509,30190,20,6.94195858999592,2.88103130272515,0.0289200261510233,0.0289200261510233,0.00144600130755117,2.79210436039743,0,0,1,-0.221097448909859,0.01035778839832,0.523267582469429
20200817,4,1510,30210,20,6.9485460763899,2.87829997529367,0.0512026115766991,0.0512026115766991,0.00256013057883496,2.78393080052747,0,0,1,-0.235540538194982,0.0183921998229977,0.929159929472551
20200817,4,1511,30230,20,6.9576914327954,2.87451666880901,0.0683309886294845,0.0683309886294845,0.00341654943147422,2.79210436039743,0,0,1,-0.205364606110379,0.0244729350373416,1.23635404204609
20200817,4,1512,30250,20,6.92863246952402,2.88657250734126,0.074351201681638,0.074351201681638,0.0037175600840819,2.80702364793708,0,0,1,-0.196352036644385,0.0264875579998336,1.33813125998401
20200817,4,1513,30270,20,7.00699722046556,2.85428970081297,0.0773420628115074,0.0773420628115074,0.00386710314057537,2.80702364793708,0,0,1,-0.117987285702839,0.0275530499603547,1.39195910246174
20200817,4,1514,30290,20,6.95924003455002,2.87387701828181,0.0651247101793832,0.0651247101793832,0.00325623550896916,2.82729089330551,0,0,1,-0.114669497488649,0.0230343154054597,1.16367607374642
20200817,4,1515,30310,20,6.76627801876384,2.95583479492524,0.0539652157996716,0.0539652157996716,0.00269826078998358,2.8350533659649,0,0,1,-0.288262908085017,0.0190349911742507,0.961633259054858
20200817,4,1516,30330,20,7.13551220579393,2.8028821790481,0.0748376674432635,0.0748376674432635,0.00374188337216317,2.84037380509994,0,0,1,0.0941854747525204,0.0263478234128519,1.33107197505701
20200817,4,1517,30350,20,6.95939942644691,2.87381119755773,0.0698296413382456,0.0698296413382456,0.00349148206691228,2.84571425112137,0,0,1,-0.0687131087870512,0.0245385288810108,1.23966779307882
20200817,4,1518,30370,20,6.77615635051552,2.95152575670401,0.0528628584375758,0.0528628584375758,0.00264314292187879,2.8480559072237,0,0,1,-0.246177708753748,0.0185610325638259,0.93768923097375
20200817,4,1519,30390,20,7.07935711530081,2.82511528578964,0.0414390331161082,0.0414390331161082,0.00207195165580541,2.85040142026219,0,0,1,0.0628015319962287,0.0145379639588786,0.734446868602177
20200817,4,1520,30410,20,6.89848107272337,2.89918893581952,0.0320694938879351,0.0320694938879351,0.00160347469439675,2.85395965926499,0,0,1,-0.109326460600641,0.011236842042888,0.567676703197231
20200817,4,1521,30430,20,6.8884613439659,2.90340600045893,0.0274423545323225,0.0274423545323225,0.00137211772661613,2.85752679307792,0,0,1,-0.110598139377544,0.00960353358673625,0.485163203750185
20200817,4,1522,30450,20,6.87012411653632,2.91115555712599,0.027416139434947,0.027416139434947,0.00137080697174735,2.87154006449597,0,0,1,-0.0947795765314368,0.00954753854000614,0.48233437662938
20200817,4,1523,30470,20,6.48459557376191,3.08423243554685,0.0346362369274093,0.0346362369274093,0.00173181184637047,2.88569145502219,0,0,1,-0.446152329030157,0.0120027513222626,0.606369856754436
20200817,4,1524,30490,20,7.25216544274372,2.75779698600386,0.0340999937089974,0.0340999937089974,0.00170499968544987,2.87154006449597,0,0,1,0.287261749675963,0.0118751586058691,0.599923969883575
20200817,4,1525,30510,20,6.89448765692214,2.90086820010763,0.0326529920658084,0.0326529920658084,0.00163264960329042,2.87154006449597,0,0,1,-0.0704160361456161,0.011371247251443,0.574466751984413
20200817,4,1526,30530,20,6.8687336930634,2.91174485628954,0.0132949175608577,0.0132949175608577,0.000664745878042883,2.87154006449597,1,1,0,-0.0961700000043493,0.00462989102093244,0.233898568734343
20200817,4,1527,30550,20,6.85680450851942,2.9168105894153,0.0114309793871776,0.0114309793871776,0.000571548969358879,2.87154006449597,1,1,0,-0.108099184548337,0.00398078352745673,0.201106152456663
20200817,4,1528,30570,20,6.8590335712579,2.91586267835283,0.0297748970085266,0.0297748970085266,0.00148874485042633,2.87154006449597,0,0,1,-0.105870121809858,0.0103689645067699,0.523832190957757
20200817,4,1529,30590,20,6.87035179401209,2.91105908396585,0.0313928026242097,0.0313928026242097,0.00156964013121049,2.87154006449597,0,0,1,-0.0945518990556593,0.0109323923466553,0.552296136380758
20200817,4,1530,30610,20,7.23864213911656,2.76294912990973,0.00857023971372435,0.00693589761430786,0.000428511985686217,2.87154006449597,1,1,0,0.27373844604881,0.00298454471162973,0.150776926112886
20200817,4,1531,30630,20,7.88027420160142,2.53798275140421,0.0119345546125672,-0.0119345546125672,0.000596727730628359,2.87154006449597,1,1,0,0.91537050853367,0.0041561511748094,0.209965592459171
20200817,4,1532,30650,20,7.99780091588764,2.50068740274217,0.00463523423767391,-0.00463523423767391,0.000231761711883696,2.87154006449597,1,1,0,1.03289722281988,0.00161419800301046,0.0815480539068804
20200817,4,1533,30670,20,7.54561694178483,2.65054536352719,0.000244168654459287,1.95943952899569e-05,1.22084327229643e-05,2.87154006449597,1,1,0,0.580713248717075,8.50305581587436e-05,0.00429567904775585
20200817,4,1534,30690,20,7.41470100382867,2.69734409919871,0.00216545083765887,-0.00216545083765887,0.000108272541882943,2.87154006449597,1,1,0,0.449797310760914,0.000754107826818345,0.0380969531608226
20200817,4,1535,30710,20,8.55350085014652,2.33822388638184,0.0037693090003394,-0.0037693090003394,0.00018846545001697,2.87154006449597,1,0,0,1.58859715707877,0.00131264370883887,0.0663137605976993
20200817,4,1536,30730,20,10.5610939483558,1.89374321427314,0.0499448579528041,-0.0499448579528041,0.0024972428976402,2.87154006449597,0,0,1,3.59619025528809,0.0173930562802615,0.878683958537259
20200817,4,1537,30750,20,15.9429199924125,1.25447534137525,0.0749038449168621,-0.0749038449168621,0.00374519224584311,2.87154006449597,0,0,1,8.97801629934474,0.0260849033043214,1.31778945138664
20200817,4,1538,30770,20,16.0182089916561,1.24857903966779,0.265753046245863,-0.265753046245863,0.0132876523122931,2.85040142026219,0,0,1,9.00165340835156,0.0932335510208304,4.7100880006028
20200817,4,1539,30790,20,15.3529514434049,1.30268112119845,0.455090721365661,-0.455090721365661,0.022754536068283,2.85395965926499,0,0,1,8.34514391008088,0.159459409276607,8.05576792896317
20200817,4,1540,30810,20,13.6643490584938,1.46366284368064,0.3306922684488,-0.3306922684488,0.01653461342244,2.85040142026219,0,0,1,6.64779347518925,0.116016034127004,5.86104169835857
20200817,4,1541,30830,20,16.3510154200012,1.22316562526968,0.132025634347723,-0.132025634347723,0.00660128171738616,2.85395965926499,0,0,1,9.34320788667719,0.0462605117486928,2.33704582635259
20200817,4,1542,30850,20,12.4868948500298,1.60167921971028,0.0144416933495167,-0.0131605183769809,0.000722084667475835,2.85752679307792,1,0,0,5.48783536668634,0.00505391353967364,0.255319863489726
20200817,4,1543,30870,20,13.08377211876,1.5286111542193,0.095356289505459,-0.095356289505459,0.00476781447527295,2.87154006449597,0,0,1,6.1188684256922,0.0332073686466905,1.67761097675477
20200817,4,1544,30890,20,16.7780298050457,1.19203507398618,0.552842395157519,-0.552842395157519,0.0276421197578759,2.88569145502219,0,0,1,9.8472819022536,0.191580563540626,9.6785041822532
20200817,4,1545,30910,20,30.4651033267073,0.656488828727094,0.661157932506821,-0.661157932506821,0.033057896625341,2.88636424246165,0,0,1,23.5359709234654,0.229062542689674,11.5720652264886
20200817,4,1546,30930,20,12.1049078051074,1.6522224144129,0.109359490703328,-0.109262974651414,0.00546797453516642,2.88703734368969,0,0,1,5.17739090141549,0.037879486021322,1.91364278872279
20200817,4,1547,30950,20,9.1501790781258,2.18574957159161,0.049663244982211,0.049663244982211,0.00248316224911055,2.89144095305128,0,0,1,2.23321265040249,0.0171759499116876,0.867715910122522
20200817,4,1548,30970,20,8.92553339786537,2.24076244057114,0.129193844539001,0.129193844539001,0.00645969222695005,2.89585801661982,0,0,1,2.01911744611061,0.044613321439634,2.25383102626765
20200817,4,1549,30990,20,8.93589067747598,2.2381652508812,0.160637162701836,0.160637162701836,0.0080318581350918,2.89797753323888,0,0,1,2.03452592547001,0.055430782626635,2.80032092798229
20200817,4,1550,31010,20,8.87080733768016,2.25458622182525,0.0914374542123381,0.0914374542123381,0.00457187271061691,2.9037769095782,0,0,1,1.98322587987968,0.031489145709069,1.5908076623659
20200817,4,1551,31030,20,8.69558678690373,2.30001729499401,0.0539018572064753,0.0539018572064753,0.00269509286032377,2.90746299905572,0,0,1,1.81673742355997,0.0185391378063905,0.936583124500879
20200817,4,1552,31050,20,8.55420186403717,2.33803226974129,0.0392364646923685,0.0392364646923685,0.00196182323461842,2.90960235234641,0,0,1,1.68041033583358,0.0134851639299531,0.681260212843795
20200817,4,1553,31070,20,7.86535512434057,2.54279682021056,0.0151952449419822,0.0151952449419822,0.000759762247099109,2.90960235234641,1,1,0,0.991563596136984,0.00522244729755878,0.263834060600313
20200817,4,1554,31090,20,7.43724318191744,2.6891684876766,0.00812425307937907,0.00812425307937907,0.000406212653968954,2.90960235234641,1,1,0,0.563451653713854,0.00279222109950089,0.141060883681785
20200817,4,1555,31110,20,7.16305603890578,2.79210436039743,0.00636075157695331,0.00636075157695331,0.000318037578847665,2.91197806772703,1,1,0,0.2948724417638,0.00218434048231628,0.110351217800234
20200817,4,1556,31130,20,7.01655558330458,2.85040142026219,0.00587987510231649,0.00587987510231649,0.000293993755115825,2.9122113165249,1,1,0,0.148922082084027,0.00201904136178307,0.102000432105503
20200817,4,1557,31150,20,6.93074790279206,2.88569145502219,0.00909021620856194,0.00909021620856194,0.000454510810428097,2.9122113165249,1,1,0,0.0631144015715108,0.0031214136683629,0.157691441581893
20200817,4,1558,31170,20,6.8963135522572,2.90010015473468,0.015124963403408,0.015124963403408,0.000756248170170402,2.91312973577324,1,1,0,0.0308452023928112,0.00519199787694775,0.262295779058154
20200817,4,1559,31190,20,6.86763350122055,2.9122113165249,0.0156587946923906,-0.00630899138141601,0.000782939734619532,2.91404873448504,1,1,0,0.00433030271233381,0.00537355278485341,0.271467794752224
20200817,4,1560,31210,20,7.21262667767587,2.77291490240344,0.0741741111210409,-0.0741741111210409,0.00370870555605205,2.91542900785767,0,0,1,0.352572824162053,0.0254419198413429,1.28530641646626
20200817,4,1561,31230,20,7.47616296885826,2.67516907848443,0.0831046826936998,-0.0831046826936998,0.00415523413468499,2.92402288176164,0,0,1,0.636271213992585,0.0284213516973683,1.43582504500743
20200817,4,1562,31250,20,7.24060336500406,2.76220074374821,0.0539133151342678,-0.0539133151342678,0.00269566575671339,2.9259938951138,0,0,1,0.405319110515848,0.0184256417022261,0.930849387745317
20200817,4,1563,31270,20,7.1869823360139,2.78280912139998,0.0381328439176091,-0.0381328439176091,0.00190664219588045,2.92607057343102,0,0,1,0.351877201639581,0.0130320998624772,0.658371761161357
20200817,4,1564,31290,20,7.06090609064631,2.83249766294078,0.0125088066732168,-0.0103595380358289,0.00062544033366084,2.93019021096746,1,1,0,0.235410624467476,0.00426894016176745,0.215663606191937
20200817,4,1565,31310,20,6.99905948334344,2.85752679307792,0.0152750632107891,0.0152750632107891,0.000763753160539453,2.93019021096746,1,1,0,0.173564017164607,0.0052129937345418,0.263356473795545
20200817,4,1566,31330,20,6.92751690369187,2.88703734368969,0.0192839031312245,0.0192839031312245,0.000964195156561223,2.93019021096746,1,1,0,0.10202143751303,0.00658110966962022,0.332472649020992
20200817,4,1567,31350,20,6.87884936334376,2.90746299905572,0.0177121462281887,0.0177121462281887,0.000885607311409435,2.93019021096746,1,1,0,0.0533538971649241,0.00604470868883993,0.305374079939135
20200817,4,1568,31370,20,6.83989175486568,2.92402288176164,0.0137948185281628,0.0137948185281628,0.00068974092640814,2.92840263792346,1,1,0,0.0102298289421014,0.00471069734384093,0.237980842633994
20200817,4,1569,31390,20,6.81606491809725,2.93424435364432,0.0128542713074451,0.0128542713074451,0.000642713565372253,2.93316736281592,1,1,0,-0.0025027004921867,0.00438238590487541,0.22139479874528
20200817,4,1570,31410,20,6.79560916258561,2.94307684881488,0.00916959405260442,0.00916959405260442,0.000458479702630221,2.93370575938677,1,1,0,-0.0217071057577414,0.00312560113544623,0.157902989230203
20200817,4,1571,31430,20,6.78800088474964,2.94637557354085,0.00806470674913395,0.00806470674913395,0.000403235337456698,2.93580493037289,1,1,0,-0.0244408388425663,0.00274701723731679,0.138777218986801
20200817,4,1572,31450,20,6.7851556928872,2.94761106527972,0.0052080722856763,0.0052080722856763,0.000260403614283815,2.93736716796906,1,1,0,-0.0236628361999474,0.0017730409539769,0.0895726788314447
20200817,4,1573,31470,20,6.80001463740336,2.94117013954504,0.00367676229961429,0.00133124557303272,0.000183838114980714,2.93751244711292,1,1,0,-0.00846715121224406,0.00125165845789962,0.0632328321602684
20200817,4,1574,31490,20,7.34222258190857,2.72397081086598,0.00609732284564242,-0.00609732284564242,0.000304866142282121,2.9376577406282,1,1,0,0.534077533764503,0.00207557291692481,0.104856363222715
20200817,4,1575,31510,20,8.68769118316413,2.30210761160088,0.00283113580174046,-0.00283113580174046,0.000141556790087023,2.93867456505991,1,0,0,1.88190185290114,0.000963405691600539,0.0486705219101471
20200817,4,1576,31530,20,10.3859852813548,1.92567189902575,0.00744807008147461,-0.00744807008147461,0.000372403504073731,2.9376577406282,1,0,0,3.57784023321074,0.00253537707217107,0.128085319006763
20200817,4,1577,31550,20,12.5247446230351,1.59683894577912,0.0204275851150042,0.0174668866002792,0.00102137925575021,2.93867456505991,1,0,0,5.71895529277208,0.00695129204093674,0.351173980527534
20200817,4,1578,31570,20,11.7584286909914,1.70090753837907,0.0199019264384321,0.0199019264384321,0.000995096321921603,2.93969209365121,1,0,0,4.9549950786095,0.00677007176411905,0.342018870141207
20200817,4,1579,31590,20,12.5700281048412,1.5910863391226,0.0284019115601161,0.0284019115601161,0.00142009557800581,2.93969209365121,0,0,1,5.76659449245926,0.00966152598819964,0.488092935711138
20200817,4,1580,31610,20,15.4581926760293,1.29381231164324,0.0146128283383302,0.00530525401153774,0.000730641416916509,2.93969209365121,1,0,0,8.65475906364736,0.00497087037444813,0.251124586019566
20200817,4,1581,31630,20,28.5128534412288,0.701438038855857,1.65583412252594,1.65583412252594,0.0827917061262972,2.93867456505991,0,0,1,21.7070641109658,0.563462910188623,28.465717148017
20200817,4,1582,31650,20,30.5202022166341,0.655303652906324,0.719273226759469,-0.618547838650858,0.0359636613379734,2.9376577406282,0,0,1,23.71205716849,0.244845822851254,12.369424521348
20200817,4,1583,31670,20,12.8057739154028,1.56179549413596,0.289416103531767,0.289416103531767,0.0144708051765883,2.93751244711292,0,0,1,5.99729212678722,0.0985242135114063,4.97736824080875
20200817,4,1584,31690,20,10.7718075339508,1.85669860299338,0.280779004940577,0.280779004940577,0.0140389502470288,2.93736716796906,0,0,1,3.96298900486363,0.0955886645709026,4.82906654374307
20200817,4,1585,31710,20,9.27976460093487,2.1552270838837,0.137468434014625,0.137468434014625,0.00687342170073127,2.93736716796906,0,0,1,2.47094607184772,0.0467998810341688,2.36429435192732
20200817,4,1586,31730,20,8.20426053379197,2.43775778665528,0.0195608791657449,0.0193006072772246,0.000978043958287245,2.93736716796906,1,0,0,1.39544200470482,0.00665932382544793,0.336423968613646
20200817,4,1587,31750,20,8.10617437912151,2.46725509033121,0.0145366552182551,-0.0145366552182551,0.000726832760912757,2.93736716796906,1,0,0,1.29735585003436,0.00494887237005035,0.250013263588781
20200817,4,1588,31770,20,7.4948120542831,2.66851254643143,0.0236202859739784,-0.0236202859739784,0.00118101429869892,2.93736716796906,1,1,0,0.685993525195953,0.00804131204009806,0.406240960839372
20200817,4,1589,31790,20,7.20310856421565,2.77657900359271,0.00507717507638308,-0.00332977836894148,0.000253858753819154,2.93736716796906,1,1,0,0.394290035128505,0.00172847818677483,0.0873214017667617
20200817,4,1590,31810,20,7.01897033689602,2.84942078966593,0.00811824263072029,0.00811824263072029,0.000405912131536015,2.93736716796906,1,1,0,0.210151807808869,0.00276378204238368,0.139624164172449
20200817,4,1591,31830,20,6.90641595175475,2.89585801661982,0.00275733898349628,0.00220476308267088,0.000137866949174814,2.93736716796906,1,1,0,0.0975974226676035,0.00093871103809019,0.0474229668196824
20200817,4,1592,31850,20,6.83492601426042,2.9261472557672,0.00402452697320186,-0.00402452697320186,0.000201226348660093,2.93736716796906,1,1,0,0.0261074851732692,0.00137011369129739,0.069217100348346
20200817,4,1593,31870,20,6.7920247492948,2.94463002392277,0.00365695831960444,-0.00314046679060382,0.000182847915980222,2.93736716796906,1,1,0,-0.0167937797923523,0.00124497827833111,0.0628953545753969
20200817,4,1594,31890,20,6.76696747344977,2.95553363873406,0.00377358081451273,-4.30395442036159e-05,0.000188679040725637,2.93736716796906,1,1,0,-0.0418510556373812,0.0012846813485431,0.0649011234487806
20200817,4,1595,31910,20,6.72939384702477,2.97203588534835,0.016487685015597,-0.016487685015597,0.00082438425077985,2.93736716796906,1,1,0,-0.0794246820623821,0.00561308276179747,0.283568666786336
20200817,4,1596,31930,20,6.71285281551536,2.97935923066482,0.0136475783309072,-0.0136475783309072,0.000682378916545359,2.93736716796906,1,1,0,-0.0959657135717871,0.00464619421083245,0.234722193473279
20200817,4,1597,31950,20,6.71565819294847,2.97811464273156,0.00602363738721419,0.00475587003230746,0.000301181869360709,2.93736716796906,1,1,0,-0.0931603361386815,0.0020506926927283,0.103599433242497
20200817,4,1598,31970,20,6.72570405383158,2.97366637602887,0.0238148545488187,0.0238148545488187,0.00119074272744093,2.93736716796906,1,1,0,-0.083114475255571,0.0081075511459756,0.409587310027496
20200817,4,1599,31990,20,6.72863244886321,2.97237219479554,0.0168566849796935,0.013084764720362,0.000842834248984676,2.93736716796906,1,1,0,-0.0801860802239398,0.00573870545143612,0.289915029405714
20200817,4,1600,32010,20,6.69847368323462,2.98575480710737,0.0292562009286993,-0.0292562009286993,0.00146281004643496,2.93736716796906,0,0,1,-0.110344845852524,0.00996000814870121,0.503172027166727
20200817,4,1601,32030,20,6.71926073242867,2.97651792309167,0.0143876152273142,-0.0143876152273142,0.000719380761365711,2.93736716796906,1,1,0,-0.0895577966584833,0.00489813305745567,0.247449952154278
20200817,4,1602,32050,20,6.73943753160711,2.96760670400201,0.00820710882251934,0.00812803540695928,0.000410355441125967,2.93736716796906,1,1,0,-0.0693809974800397,0.00279403573105021,0.141152557485822
20200817,4,1603,32070,20,6.76960338356002,2.9543828296603,0.0278019971706081,0.0278019971706081,0.00139009985853041,2.93736716796906,0,0,1,-0.0392151455271241,0.00946493767404326,0.478161443781158
20200817,4,1604,32090,20,6.81117210573575,2.93635217103937,0.0382945109050858,0.0382945109050858,0.00191472554525429,2.93736716796906,0,0,1,0.00235357664860114,0.0130370187706439,0.65862026065621
20200817,4,1605,32110,20,6.77888453190099,2.95033790675757,0.0369697070670556,0.0369697070670556,0.00184848535335278,2.93736716796906,0,0,1,-0.0299339971861636,0.0125860013246546,0.63583520273278
20200817,4,1606,32130,20,6.93396837699038,2.88435119871152,0.0332158016772704,0.0332158016772704,0.00166079008386352,2.93736716796906,0,0,1,0.12514984790323,0.0113080182959341,0.571272473300695
20200817,4,1607,32150,20,6.87091216321642,2.91082166747385,0.0235212821947545,0.0235212821947545,0.00117606410973773,2.9376577406282,1,1,0,0.0627671150723472,0.00800681504501087,0.404498198916888
20200817,4,1608,32170,20,6.86330319850822,2.91404873448504,0.0173907302214932,0.0173907302214932,0.00086953651107466,2.93867456505991,1,1,0,0.0575138682452225,0.00591788230934603,0.298966907824875
20200817,4,1609,32190,20,6.83528425448822,2.9259938951138,0.0114957481776303,0.0114957481776303,0.000574787408881514,2.93969209365121,1,1,0,0.031850642106293,0.00391052797755841,0.197556895575115
20200817,4,1610,32210,20,6.80881852908715,2.93736716796906,0.00992474904942089,0.00992474904942089,0.000496237452471044,2.94028027837362,1,1,0,0.00674590114613149,0.00337544319241247,0.170524819694428
20200817,4,1611,32230,20,6.79152723663356,2.94484573250621,0.00312317608772847,0.000677546256409123,0.000156158804386424,2.94028027837362,1,1,0,-0.0105453913074607,0.00106220352892889,0.0536617134178244
20200817,4,1612,32250,20,6.78129106220513,2.9492908970488,0.00268074647979439,-0.0019894247101881,0.00013403732398972,2.94028027837362,1,1,0,-0.0207815657358887,0.000911731612632934,0.0460599867903045
20200817,4,1613,32270,20,6.78402395846206,2.94810279598924,0.00497229784196378,0.00497229784196378,0.000248614892098189,2.94028027837362,1,1,0,-0.0180486694789588,0.0016910965524396,0.0854329100661084
20200817,4,1614,32290,20,6.79864247921796,2.94176375079817,0.00546696907281916,-0.00420888278243528,0.000273348453640958,2.94028027837362,1,1,0,-0.00343014872305591,0.00185933603440116,0.093932240581126
20200817,4,1615,32310,20,6.79757150674413,2.9422272322045,0.0327784732457774,-0.0327784732457774,0.00163892366228887,2.94086869851559,0,0,1,-0.0031401367559738,0.0111458472329358,0.563079714690621
20200817,4,1616,32330,20,6.80537427609306,2.93885379240037,0.0419297232905064,-0.0419297232905064,0.00209648616452532,2.94101941130624,0,0,1,0.00501113564132538,0.014256867237705,0.720246076302496
20200817,4,1617,32350,20,6.82721922476776,2.92945038698099,0.0303557710366929,-0.0303557710366929,0.00151778855183465,2.94117013954504,0,0,1,0.0272045873643956,0.0103209843689589,0.521408270932221
20200817,4,1618,32370,20,6.82966192592357,2.92840263792346,0.0194849228349302,-0.0194849228349302,0.000974246141746509,2.94146691522275,1,1,0,0.0303333676129123,0.00662421961440101,0.33465053060327
20200817,4,1619,32390,20,6.81856761858944,2.93316736281592,0.0112826918701701,-0.0112826918701701,0.000564134593508507,2.94176375079817,1,1,0,0.0199251393714812,0.00383534941142329,0.193758931662142
20200817,4,1620,32410,20,6.80814504814407,2.9376577406282,0.0109933139824159,-0.0109933139824159,0.000549665699120796,2.94242015330924,1,1,0,0.0110192272422864,0.00373614691635799,0.188747297153739
20200817,4,1621,32430,20,6.80071164350011,2.94086869851559,0.0181798306486181,-0.0181798306486181,0.000908991532430905,2.94146691522275,1,1,0,0.0013830851894463,0.00618053208572003,0.312235774520553
20200817,4,1622,32450,20,6.80343361238192,2.93969209365121,0.00374472414882234,-0.00374472414882234,0.000187236207441117,2.94117013954504,1,1,0,0.00341897497855914,0.00127320895125149,0.0643215466737921
20200817,4,1623,32470,20,6.78534263222537,2.94752985722707,0.00750831467788338,-0.00750831467788338,0.000375415733894169,2.94101941130624,1,1,0,-0.015020508226371,0.00255296331911954,0.128973762810745
20200817,4,1624,32490,20,6.76956812754725,2.95439821613058,0.00289641386080071,-0.00289641386080071,0.000144820693040035,2.94086869851559,1,1,0,-0.0311435159528628,0.000984883773377123,0.0497555782460283
20200817,4,1625,32510,20,6.75848029743429,2.95924514385173,0.000511236398737225,-0.000454376471775575,2.55618199368612e-05,2.94086869851559,1,1,0,-0.0422313460658188,0.000173838566473665,0.0087821920008889
20200817,4,1626,32530,20,6.89797877255842,2.89940005028199,0.0100330937205378,0.0100330937205378,0.000501654686026889,2.94086869851559,1,1,0,0.0972671290583094,0.00341160886427945,0.172351881897137
20200817,4,1627,32550,20,7.29087606765461,2.74315456941154,0.0230113877196953,0.0230113877196953,0.00115056938598476,2.94086869851559,1,1,0,0.4901644241545,0.00782469061992135,0.395297411648374
20200817,4,1628,32570,20,7.62340554262482,2.62349941744196,0.0328385055955531,0.0328385055955531,0.00164192527977765,2.94086869851559,0,0,1,0.822693899124715,0.0111662603679411,0.56411097072657
20200817,4,1629,32590,20,7.59806533467417,2.6322490159079,0.0241949799683674,0.0241949799683674,0.00120974899841837,2.94086869851559,1,1,0,0.797353691174067,0.0082271540992564,0.415629560150079
20200817,4,1630,32610,20,7.28187212851481,2.74654644396772,0.0230203757000211,0.0230203757000211,0.00115101878500106,2.94086869851559,1,1,0,0.481160485014698,0.00782774685304403,0.395451810218423
20200817,4,1631,32630,20,7.10611005331157,2.814479349455,0.0217459309650954,0.0217459309650954,0.00108729654825477,2.94086869851559,1,1,0,0.30539840981146,0.00739439029565368,0.373558966938316
20200817,4,1632,32650,20,6.98247898682166,2.86431223606213,0.0169478851754869,0.0169478851754869,0.000847394258774345,2.94086869851559,1,1,0,0.181767343321553,0.00576288400228183,0.291136511382571
20200817,4,1633,32670,20,6.88535068755664,2.90471769813329,0.010234389459349,0.010234389459349,0.000511719472967451,2.94086869851559,1,1,0,0.0846390440565301,0.00348005657801548,0.175809808272425
20200817,4,1634,32690,20,6.87937851848983,2.90723935981217,0.00649034490198233,0.00582683844509901,0.000324517245099116,2.94086869851559,1,1,0,0.0786668749897217,0.00220694820726214,0.111493342848808
20200817,4,1635,32710,20,7.78438590189035,2.56924569928416,0.00607957638942143,-0.00397186357341912,0.000303978819471071,2.94086869851559,1,1,0,0.983674258390238,0.00206727229695433,0.104437022222695
20200817,4,1636,32730,20,8.54249061801966,2.34123757277669,0.0305128649360379,0.0305128649360379,0.00152564324680189,2.94086869851559,0,0,1,1.74177897451955,0.0103754597923529,0.524160327839277
20200817,4,1637,32750,20,8.48366370565418,2.35747204202241,0.0269197434410724,0.0269197434410724,0.00134598717205362,2.94086869851559,1,0,0,1.68295206215407,0.00915367063298685,0.462436469895573
20200817,4,1638,32770,20,8.4781078205524,2.35901694379453,0.00836395051893177,0.00610097581577769,0.000418197525946589,2.94086869851559,1,0,0,1.67739617705229,0.0028440407839879,0.14367877468159
20200817,4,1639,32790,20,9.62521650326016,2.07787533851584,0.0105291348141947,-0.0105291348141947,0.000526456740709733,2.94086869851559,1,0,0,2.82450485976005,0.0035802804863438,0.180873043801074
20200817,4,1640,32810,20,11.6409355418036,1.71807497156721,0.00751881496966718,-0.00751881496966718,0.000375940748483359,2.94086869851559,1,0,0,4.84022389830352,0.00255666462547692,0.12916074998939
20200817,4,1641,32830,20,15.1678418216907,1.3185791515441,0.223097459181989,-0.223097459181989,0.0111548729590994,2.94176375079817,0,0,1,8.36919934247271,0.0758379931500131,3.83127766361561
20200817,4,1642,32850,20,38.0928186027522,0.525033345748665,1.51182763043495,-1.51182763043495,0.0755913815217474,2.94319618952051,0,0,1,31.2974849884959,0.513668655802808,25.9501493345676
20200817,4,1643,32870,20,55.8232546960789,0.358273628237674,1.96750162962184,1.95235581709815,0.0983750814810919,2.94463002392277,0,0,1,49.0312299467842,0.668165988133469,33.755236914823
20200817,4,1644,32890,20,21.0324345753579,0.950912264975376,0.264531252241018,0.264531252241018,0.0132265626120509,2.94176375079817,0,0,1,14.23379209614,0.0899226704283253,4.54282483429154
20200817,4,1645,32910,20,17.0511293587042,1.17294283441645,0.160529469497194,0.160529469497194,0.00802647347485971,2.94131615656504,0,0,1,10.2514522973452,0.0545774275706103,2.75721008037832
20200817,4,1646,32930,20,17.0507241858286,1.17297070681741,0.0770975068211701,0.0770975068211701,0.00385487534105851,2.94086869851559,0,0,1,10.2500125423285,0.026215895616178,1.32440708323153
20200817,4,1647,32950,20,29.5902931850396,0.67589732467104,0.280768210957246,0.280768210957246,0.0140384105478623,2.94086869851559,0,0,1,22.7895815415395,0.0954711820690819,4.82313141721353
20200817,4,1648,32970,20,47.8152328435172,0.418276745936868,1.69768811636124,1.69768811636124,0.084884405818062,2.94028027837362,0,0,1,41.0131602155761,0.577389893354077,29.1692977321947
20200817,4,1649,32990,20,20.9390002910768,0.955155438271952,0.116505748859864,0.0149049141158326,0.00582528744299319,2.93969209365121,0,0,1,14.1355666786949,0.0396319563914462,2.00217625732241
20200817,4,1650,33010,20,14.7938727181318,1.35191105000434,0.093730938206121,0.0564973160083044,0.00468654691030605,2.93867456505991,0,0,1,7.98808338786875,0.0318956509579379,1.61134399798667
20200817,4,1651,33030,20,25.3153147732519,0.790035604105226,0.654323688809153,0.654323688809153,0.0327161844404576,2.93867456505991,0,0,1,18.5095254429889,0.222659458991783,11.2485863139933
20200817,4,1652,33050,20,33.125674979201,0.603761282224668,0.925867568083217,0.925867568083217,0.0462933784041608,2.9376577406282,0,0,1,26.3175299310569,0.315172034944147,15.9222512031568
20200817,4,1653,33070,20,17.2146092292969,1.16180389189217,0.149991358790261,-0.0588140260177521,0.00749956793951307,2.93751244711292,0,0,1,10.4061274406813,0.0510606717386603,2.57954625374345
20200817,4,1654,33090,20,12.6436869750178,1.5818170791097,0.202949266436097,-0.202949266436097,0.0101474633218049,2.93751244711292,0,0,1,5.83520518640216,0.0690888192271532,3.4903145365012
20200817,4,1655,33110,20,9.48100075513503,2.1094819541247,0.105481522111066,-0.105481522111066,0.0052740761055533,2.93751244711292,0,0,1,2.67251896651942,0.0359084511164324,1.81406760626282
20200817,4,1656,33130,20,8.6887519690099,2.30182655361021,0.0284145501777228,0.0175674615963324,0.00142072750888614,2.93751244711292,0,0,1,1.88027018039429,0.00967299737083652,0.488672461226542
20200817,4,1657,33150,20,8.02479155972105,2.49227657206528,0.0818539677438309,0.0818539677438309,0.00409269838719155,2.93751244711292,0,0,1,1.21630977110544,0.0278650624354901,1.40772173510935
20200817,4,1658,33170,20,7.33588761542705,2.72632311841049,0.105534961764155,0.105534961764155,0.00527674808820774,2.9376577406282,0,0,1,0.527742567282985,0.0359248663670352,1.81489689222313
20200817,4,1659,33190,20,7.83892454967645,2.5513703918512,0.0692545612354378,0.0692545612354378,0.00346272806177189,2.93867456505991,0,0,1,1.03313521941345,0.0235665976964094,1.1905665697544
20200817,4,1660,33210,20,7.27987941318133,2.74729825384016,0.0296759844489259,-0.0232426279178551,0.00148379922244629,2.93969209365121,0,0,1,0.476445800799412,0.0100949295040173,0.509988151295232
20200817,4,1661,33230,20,7.68009495538718,2.60413446919313,0.0841748598504393,-0.0841748598504393,0.00420874299252197,2.94028027837362,0,0,1,0.87802232744616,0.0286281755074722,1.44627362639839
20200817,4,1662,33250,20,8.50212063036452,2.35235429718227,0.0840984824437099,-0.0840984824437099,0.00420492412218549,2.93867456505991,0,0,1,1.69633130010152,0.0286178277253355,1.44575086432464
20200817,4,1663,33270,20,8.62771555893778,2.31811072854404,0.0408412245608648,-0.0408412245608648,0.00204206122804324,2.93316736281592,0,0,1,1.80914794034834,0.0139239325647126,0.703426470151318
20200817,4,1664,33290,20,8.27770860072633,2.41612757402998,0.0117215102715312,-0.0117215102715312,0.000586075513576558,2.93078306380634,1,0,0,1.45359382846982,0.00399944656985561,0.202048995146824
20200817,4,1665,33310,20,7.77493054188744,2.57237024720028,0.00991403469258909,-0.00924342526990874,0.000495701734629455,2.92840263792346,1,1,0,0.945268615963869,0.00338547526361306,0.171031632292101
20200817,4,1666,33330,20,7.54506475204471,2.65073934515671,0.0209034369141268,0.0209034369141268,0.00104517184570634,2.92840263792346,1,1,0,0.715402826121135,0.00713817036066785,0.36061493093327
20200817,4,1667,33350,20,7.39917415375749,2.70300436026952,0.0423405886590244,0.0423405886590244,0.00211702943295122,2.92840263792346,0,0,1,0.569512227833911,0.0144585953142865,0.730437225116283
20200817,4,1668,33370,20,7.30218194736517,2.73890737647486,0.0573376914254759,0.0573376914254759,0.00286688457127379,2.92840263792346,0,0,1,0.472520021441596,0.0195798524024464,0.989159233393695
20200817,4,1669,33390,20,7.54634425484255,2.65028990523005,0.0532826377366513,0.0532826377366513,0.00266413188683257,2.9201458087007,0,0,1,0.697371186302918,0.0182465675439539,0.921802697633649
20200817,4,1670,33410,20,8.84178469470498,2.26198676970468,0.0171477820251177,0.0164332508670377,0.000857389101255883,2.90723935981217,1,0,0,1.96240617621515,0.00589830416516703,0.297977834889628
20200817,4,1671,33430,20,10.0920631157533,1.98175534284768,0.0653233424545663,-0.0653233424545663,0.00326616712272831,2.90205643823202,0,0,1,3.20039838569573,0.0225093287621802,1.13715414830313
20200817,4,1672,33450,20,11.1929855167509,1.78683336720743,0.099616026241263,-0.043988181313302,0.00498080131206315,2.86431223606213,0,0,1,4.21050652992926,0.0347783404990147,1.75697527844552
20200817,4,1673,33470,20,49.6456611798931,0.402854942902849,0.299835227278798,0.299835227278798,0.0149917613639399,2.83917714442906,0,0,1,42.6013666598265,0.105606382422148,5.33515402113664
20200817,4,1674,33490,20,47.706110729916,0.419233504764794,2.8602558866655,-2.69731202348522,0.143012794333275,2.814479349455,0,0,1,40.6000006766044,1.01626465556387,51.3409165176885
20200817,4,1675,33510,20,15.6579511007149,1.277306326438,0.12095702939787,-0.0382942601406358,0.00604785146989348,2.78009796610149,0,0,1,8.46396000980167,0.0435081895935799,2.1980006069584
20200817,4,1676,33530,20,15.4157243429727,1.29737659775404,0.0434050014540533,-0.0434050014540533,0.00217025007270267,2.74654644396772,0,0,1,8.13385221445787,0.0158034835163208,0.798379952956163
20200817,7,0,10,20,39.1732298116187,0.510552744723337,0.200320707475837,-0.200320707475837,0.0100160353737919,2.96572754736095,0,0,1,32.4295220095325,0.0675452158962115,3.41233287166968
20200817,7,1,30,20,10.5408759785494,1.8973755161051,0.06048612086358,-0.06048612086358,0.003024306043179,2.96572754736095,0,0,1,3.79716817646317,0.0203950362592826,1.03034170108188
20200817,7,2,50,20,8.49455443147177,2.35444956664252,0.0183930238558737,-0.0172981466697524,0.000919651192793684,2.96572754736095,1,0,0,1.75084662938558,0.00620185892404064,0.31331319015221
20200817,7,3,70,20,7.98220790510187,2.50557242279005,0.0207944459477561,0.0207944459477561,0.0010397222973878,2.96572754736095,1,0,0,1.23850010301568,0.00701158336889711,0.354219852504491
20200817,7,4,90,20,7.49049953727494,2.67004889333136,0.0327905572536752,0.0327905572536752,0.00163952786268376,2.96572754736095,1,0,0,0.746791735188751,0.0110564968393182,0.558565800845022
20200817,7,5,110,20,7.25368580737579,2.75721895476412,0.0208585099574243,0.0208585099574243,0.00104292549787121,2.96572754736095,1,1,0,0.509978005289597,0.00703318481698873,0.355311141212664
20200817,7,6,130,20,7.09580771595107,2.81856566589888,0.00815198555169621,-0.00613245136622476,0.00040759927758481,2.96572754736095,1,1,0,0.352099913864876,0.00274873042837338,0.138863768094392
20200817,7,7,150,20,6.99139330297375,2.86066011927739,0.0260506615430591,-0.0260506615430591,0.00130253307715296,2.96572754736095,1,1,0,0.247685500887556,0.00878390247487173,0.443756064124545
20200817,7,8,170,20,6.92915067872799,2.88635662973799,0.0339534236395283,-0.0339534236395283,0.00169767118197642,2.96572754736095,1,1,0,0.185442876641801,0.0114485983952712,0.578374472868032
20200817,7,9,190,20,6.88886072980647,2.9032376737513,0.0377500114441153,-0.0377500114441153,0.00188750057220577,2.96572754736095,1,1,0,0.145152927720275,0.0127287523352262,0.643046875082542
20200817,7,10,210,20,6.85231596047404,2.91872122000288,0.0463095885726888,-0.0463095885726888,0.00231547942863444,2.96572754736095,0,0,1,0.108608158387852,0.0156149166884521,0.788853700405112
20200817,7,11,230,20,6.82865695880417,2.92883360822717,0.0391036626490049,-0.0391036626490049,0.00195518313245025,2.96572754736095,0,0,1,0.0849491567179825,0.013185183744812,0.666105442324159
20200817,7,12,250,20,6.80715581686442,2.93808464769543,0.013996645487436,-0.013996645487436,0.000699832274371799,2.96572754736095,1,1,0,0.0634480147782313,0.00471946436883282,0.23842374606053
20200817,7,13,270,20,6.78662511739302,2.94697285529199,0.00549457136063522,0.00489949829945187,0.000274728568031761,2.96572754736095,1,1,0,0.0429173153068234,0.00185268918769176,0.0935964469469133
20200817,7,14,290,20,6.76782400987875,2.95515958612498,0.0122879291122663,0.0122879291122663,0.000614396455613316,2.96572754736095,1,1,0,0.0241162077925594,0.00414331017129362,0.209316874739926
20200817,7,15,310,20,6.75647940908712,2.9601215054546,0.0141286225268157,0.0141286225268157,0.000706431126340783,2.96572754736095,1,1,0,0.0127716070009285,0.00476396509834087,0.240671889028153
20200817,7,16,330,20,6.74968709395921,2.96310032177632,0.0129695045942506,0.0129695045942506,0.000648475229712531,2.96572754736095,1,1,0,0.00597929187301816,0.00437312746607203,0.220927069467196
20200817,7,17,350,20,6.7446721211206,2.96530352266806,0.0131728205719415,0.0131728205719415,0.000658641028597077,2.96572754736095,1,1,0,0.0009643190344093,0.00444168264332418,0.224390424817487
20200817,7,18,370,20,6.74274348305178,2.96615169333832,0.0154227198212068,0.0154227198212068,0.000771135991060339,2.96572754736095,1,1,0,-0.0009643190344093,0.00520031579938307,0.262715994165522
20200817,7,19,390,20,6.72943740129739,2.97201664973422,0.0161115733201307,0.0161115733201307,0.000805578666006536,2.96572754736095,1,1,0,-0.0142704007888028,0.00543258713514246,0.27445016517441
20200817,7,20,410,20,6.71159022458141,2.97991971064463,0.0130823823078344,0.0130823823078344,0.000654119115391719,2.96572754736095,1,1,0,-0.0321175775047777,0.00441118818196085,0.22284986785082
20200817,7,21,430,20,6.68745906031666,2.99067251397169,0.00678498442452518,-0.00521617189660772,0.000339249221226259,2.96572754736095,1,1,0,-0.0562487417695365,0.00228779762003519,0.115577793615604
20200817,7,22,450,20,6.6575246983378,3.00411953484656,0.0228732323708559,-0.0228732323708559,0.0011436616185428,2.96572754736095,1,1,0,-0.0861831037483967,0.00771251977991357,0.389630626228819
20200817,7,23,470,20,6.64293316238704,3.01071823411412,0.0310285408335034,-0.0310285408335034,0.00155142704167517,2.96572754736095,1,1,0,-0.100774639699154,0.0104623706453124,0.528550997948526
20200817,7,24,490,20,6.64343462860225,3.01049097614255,0.0205497552306522,-0.0205497552306522,0.00102748776153261,2.96572754736095,1,1,0,-0.100273173483941,0.00692907723399554,0.350051705397349
20200817,7,25,510,20,6.63547287910308,3.01410319421024,0.022722926967723,-0.022722926967723,0.00113614634838615,2.96572754736095,1,1,0,-0.108234922983115,0.0076618389939234,0.387070271513808
20200817,7,26,530,20,6.62672523599045,3.01808197680777,0.0227930865332677,-0.0227930865332677,0.00113965432666339,2.96572754736095,1,1,0,-0.116982566095743,0.00768549577440116,0.388265394049002
20200817,7,27,550,20,6.63614217047203,3.0137992053563,0.0173018153520421,-0.0173018153520421,0.000865090767602106,2.96572754736095,1,1,0,-0.107565631614165,0.00583391935899105,0.294725163510386
20200817,7,28,570,20,6.55001012150498,3.05343039613573,0.0381367636849138,-0.0381367636849138,0.00190683818424569,2.96572754736095,0,0,1,-0.193697680581209,0.0128591595404135,0.64963494778405
20200817,7,29,590,20,6.69019877592606,2.98944779816824,0.0559924291724625,-0.0559924291724625,0.00279962145862313,2.96572754736095,0,0,1,-0.0535090261601283,0.0188798290734047,0.953794587875426
20200817,7,30,610,20,6.62595359532054,3.01843345448792,0.0784381065745908,-0.0784381065745908,0.00392190532872954,2.96572754736095,0,0,1,-0.117754206765653,0.0264481835643968,1.33614209348921
20200817,7,31,630,20,6.56410856673773,3.0468722137452,0.088895618514537,-0.088895618514537,0.00444478092572685,2.96572754736095,0,0,1,-0.179599235348462,0.029974303807388,1.51427900303892
20200817,7,32,650,20,6.80609621167218,2.93854206258513,0.0966509159913068,-0.0966509159913068,0.00483254579956534,2.96572754736095,0,0,1,0.0623884095859921,0.0325892768124676,1.64638544796424
20200817,7,33,670,20,6.72355088909404,2.97461866949517,0.100012631667224,-0.100012631667224,0.00500063158336118,2.96572754736095,0,0,1,-0.0201569129921495,0.0337227982240714,1.70365008650652
20200817,7,34,690,20,6.67571800026803,2.99593242242962,0.100775401592236,-0.100775401592236,0.00503877007961182,2.96572754736095,0,0,1,-0.0679898018181575,0.0339799930987967,1.7166433757248
20200817,7,35,710,20,6.79377480047333,2.94387149815543,0.101128764021208,-0.101128764021208,0.00505643820106041,2.96572754736095,0,0,1,0.0500669983871376,0.0340991417472578,1.72266267471384
20200817,7,36,730,20,6.43226029365729,3.10932690639425,0.102725759813488,-0.102725759813488,0.00513628799067441,2.96572754736095,0,0,1,-0.311447508428898,0.0346376253964727,1.74986645861907
20200817,7,37,750,20,6.96161541622189,2.87289641904036,0.10220836168017,-0.10220836168017,0.00511041808400848,2.96572754736095,0,0,1,0.217907614135697,0.0344631663050503,1.7410529181703
20200817,7,38,770,20,7.09297141657271,2.81969273882453,0.094804062888602,-0.094804062888602,0.0047402031444301,2.96572754736095,0,0,1,0.349263614486517,0.0319665449285668,1.61492550739736
20200817,7,39,790,20,7.24220040035857,2.76159162883835,0.0869882178686306,-0.0869882178686306,0.00434941089343153,2.96572754736095,0,0,1,0.498492598272378,0.0293311561765129,1.48178767448141
20200817,7,40,810,20,7.80514874465052,2.56241112812969,0.0523547684819664,-0.0523547684819664,0.00261773842409832,2.96572754736095,0,0,1,1.06144094256433,0.0176532630344127,0.891829405610593
20200817,7,41,830,20,7.7898637605868,2.56743899696821,0.0346794470759395,0.0118110282968322,0.00173397235379698,2.96572754736095,1,0,0,1.04615595850061,0.0116934028909024,0.590741809569693
20200817,7,42,850,20,8.45967894748509,2.36415591231694,0.226579767284982,0.226579767284982,0.0113289883642491,2.96572754736095,0,0,1,1.7159711453989,0.0763993872217304,3.85963886461947
20200817,7,43,870,20,11.0816089913579,1.80479206725279,0.503149214365576,0.503149214365576,0.0251574607182788,2.96572754736095,0,0,1,4.33790118927175,0.169654564126534,8.57081938841256
20200817,7,44,890,20,16.7123731103945,1.196718136191,0.778408921194136,0.778408921194136,0.0389204460597068,2.96572754736095,0,0,1,9.96866530830835,0.26246811575352,13.2596893394662
20200817,7,45,910,20,27.9723288551913,0.714992309132968,1.13872802911997,1.13872802911997,0.0569364014559985,2.96572754736095,0,0,1,21.2286210531051,0.383962454721529,19.3974908266855
20200817,7,46,930,20,35.7474548029061,0.559480391268978,2.88389229944248,2.88389229944248,0.144194614972124,2.96572754736095,0,0,1,29.0037470008199,0.972406350006327,49.1252283188428
20200817,7,47,950,20,22.104862701659,0.904778295614518,0.222696608033957,-0.0554147295224561,0.0111348304016979,2.96572754736095,0,0,1,15.3611548995729,0.0750900426548363,3.79349177416054
20200817,7,48,970,20,26.35129197201,0.758976069228172,0.131618576653555,-0.131618576653555,0.00658092883267774,2.96572754736095,0,0,1,19.6075841699238,0.0443798611139029,2.2420367883908
20200817,7,49,990,20,31.44037312399,0.636124766112885,0.160999212788761,-0.160999212788761,0.00804996063943807,2.96572754736095,0,0,1,24.6966653219038,0.0542865823706652,2.74251680235453
20200817,7,50,1010,20,38.531547769614,0.519055193930518,0.0890361318952724,-0.0890361318952724,0.00445180659476362,2.96572754736095,0,0,1,31.7878399675278,0.0300216828664862,1.5166725570256
20200817,7,51,1030,20,79.426368257378,0.25180554567459,0.946185826042015,-0.946185826042015,0.0473092913021008,2.96572754736095,0,0,1,72.6826604552919,0.319040036865145,16.1176597147379
20200817,7,52,1050,20,78.3607067963544,0.255229959218929,0.695527928139997,-0.695527928139997,0.0347763964069999,2.96572754736095,0,0,1,71.6169989942682,0.234521855778327,11.8478655664826
20200817,7,53,1070,20,62.1040753285833,0.322040057664219,0.273197101612679,0.266816447872213,0.0136598550806339,2.96572754736095,0,0,1,55.3603675264972,0.0921180712826377,4.65373481366259
20200817,7,54,1090,20,48.5807115238964,0.411686024610039,0.211724883355123,-0.0871391922127178,0.0105862441677562,2.96572754736095,0,0,1,41.8370037218102,0.0713905373888866,3.60659558528296
20200817,7,55,1110,20,14.2756885954399,1.40098320766038,0.192072510390738,0.192072510390738,0.00960362551953688,2.96572754736095,0,0,1,7.53198079335368,0.0647640443444149,3.27183020272373
20200817,7,56,1130,20,13.1522078523076,1.52065723295963,0.372914956848046,0.372914956848046,0.0186457478424023,2.96615169333832,0,0,1,6.4094643692558,0.125723494750985,6.35145521689033
20200817,7,57,1150,20,15.480297694918,1.29196481838755,0.139892903776054,0.0313379444321376,0.00699464518880268,2.96615169333832,0,0,1,8.73755421186624,0.0471630982630588,2.3826438097424
20200817,7,58,1170,20,14.3854859046588,1.39029019475268,0.305830760127738,-0.305830760127738,0.0152915380063869,2.96908127521273,0,0,1,7.64939546248424,0.103005183010972,5.20374340768678
20200817,7,59,1190,20,15.6336101989361,1.27929504097275,0.185025112270912,-0.185025112270912,0.00925125561354562,2.97201664973422,0,0,1,8.90417279763875,0.0622557455347563,3.14511285691911
20200817,7,60,1210,20,11.78818876271,1.69661348342731,0.0972564559765124,-0.0972564559765124,0.00486282279882562,2.9759629332943,0,0,1,5.06767494977058,0.0326806677893842,1.65100245052421
20200817,7,61,1230,20,29.3756260810767,0.680836552889121,1.35592170232217,1.35477940216107,0.0677960851161085,2.9759629332943,0,0,1,22.6551122681373,0.455624526486023,23.0178041218518
20200817,7,62,1250,20,91.5155092318677,0.218542192114422,0.914298702109099,0.914298702109099,0.0457149351054549,2.9759629332943,0,0,1,84.7949954189283,0.307227852833838,15.5209171724063
20200823,1,0,10,20,32.3420293209521,0.618390386129649,0.42320478831799,-0.42320478831799,0.0211602394158995,2.83461506917977,0,0,1,25.2863975995744,0.149298856454767,7.54246453762343
20200823,1,1,30,20,31.6276262775877,0.632358553388264,0.887658736958038,0.803889910851847,0.0443829368479019,2.83461506917977,0,0,1,24.57199455621,0.313149657111959,15.8200822151071
20200823,1,2,50,20,25.6410621371891,0.779998889788288,0.693232095220707,-0.164477181670258,0.0346616047610353,2.83461506917977,0,0,1,18.5854304158114,0.244559518065817,12.3549606216076
20200823,1,3,70,20,15.3216989026349,1.30533827397956,0.703425447997288,-0.703425447997288,0.0351712723998644,2.83461506917977,0,0,1,8.26606718125727,0.248155545225699,12.5366291753648
20200823,1,4,90,20,10.6866325069986,1.87149693665447,0.245308495496209,-0.245308495496209,0.0122654247748104,2.83461506917977,0,0,1,3.63100078562093,0.0865403201173242,4.37195107222575
20200823,1,5,110,20,8.68843146163024,2.3019114656453,0.0256479270094085,0.00768898967299527,0.00128239635047043,2.83461506917977,1,1,0,1.63279974025257,0.0090481163697581,0.457103948896398
20200823,1,6,130,20,7.69713082479424,2.598370802738,0.0333453268070803,0.0333453268070803,0.00166726634035402,2.83461506917977,1,1,0,0.641499103416564,0.0117636172789871,0.594288986987759
20200823,1,7,150,20,7.32962293627602,2.72865332553675,0.0342675959884558,0.0342675959884558,0.00171337979942279,2.94913892603,1,1,0,0.547982429796691,0.011619525850749,0.587009597758209
20200823,1,8,170,20,8.16027102597761,2.45089898807668,0.0411020157459305,0.0411020157459305,0.00205510078729653,3.1712091430268,0,0,1,1.85352836159731,0.0129609918148445,0.654779436743443
20200823,1,9,190,20,9.4019621947684,2.12721553072493,0.0492990058612667,0.0492990058612667,0.00246495029306334,3.17570370951942,0,0,1,3.10414544944408,0.0155238052320464,0.784250819008497
20200823,1,10,210,20,10.8875474248383,1.83696099953357,0.0548385723985819,0.0548385723985819,0.0027419286199291,3.17617797973179,0,0,1,4.59067107608627,0.0172655854767977,0.872244230614768
20200823,1,11,230,20,12.6999153765024,1.57481364301091,0.0555344647582929,0.0555344647582929,0.00277672323791465,3.17665239162352,0,0,1,6.40397942432273,0.0174820716628395,0.883180947880251
20200823,1,12,250,20,14.9451854138761,1.33822361156059,0.0577883776947878,0.0577883776947878,0.00288941888473939,3.18061146264368,0,0,1,8.65708633767642,0.0181689522198838,0.917881630565379
20200823,1,13,270,20,17.8236600090385,1.12210398929613,0.0668762676457802,0.0668762676457802,0.00334381338228901,3.18458041438143,0,0,1,11.5433978088187,0.0210000247893788,1.06090526092603
20200823,1,14,290,20,19.4693115239453,1.02725769092564,0.060413574615393,0.060413574615393,0.00302067873076965,3.18736128502019,0,0,1,13.1945286513557,0.0189541031634292,0.957546858344046
20200823,1,15,310,20,26.0712082739404,0.767129769738791,0.0408178034167195,0.0408178034167195,0.00204089017083597,3.19014701658209,0,0,1,19.801904728981,0.0127949599828949,0.646391635025913
20200823,1,16,330,20,31.5190484204467,0.63453692298102,0.156023799195659,-0.0687497222436825,0.00780118995978294,3.19256094694938,0,0,1,25.2544851646971,0.0488710479731783,2.46892812850089
20200823,1,17,350,20,89.2485248196037,0.224093339810665,0.64382307692568,-0.578928678909425,0.032191153846284,3.19497853324373,0,0,1,82.9887018530641,0.201510924166377,10.1801784391369
20200823,1,18,370,20,121.40799543423,0.164733796390161,0.136913276669175,0.103379653531878,0.00684566383345873,3.19497853324373,0,0,1,115.14817246769,0.0428526436858942,2.16488292689766
20200823,1,19,390,20,34.8465342422134,0.57394516943874,0.235244726277283,0.235244726277283,0.0117622363138641,3.19497853324373,0,0,1,28.5867112756738,0.0736295170153923,3.71970713104016
20200823,1,20,410,20,26.1914174756623,0.763608919547194,0.158983644157025,0.158983644157025,0.00794918220785127,3.19497853324373,0,0,1,19.9315945091228,0.049760473349915,2.51386122123983
20200823,1,21,430,20,13.0722279429519,1.52996108140719,0.0386562014203048,0.0386562014203048,0.00193281007101524,3.19497853324373,0,0,1,6.81240497641238,0.0120990488725001,0.611234735662246
20200823,1,22,450,20,10.5255787354743,1.9001330475629,0.014442900912094,-0.014442900912094,0.000722145045604701,3.19497853324373,1,0,0,4.2657557689347,0.00452050014164906,0.228372224813656
20200823,1,23,470,20,9.51956947697522,2.10093534674794,0.0273153545084487,-0.0273153545084487,0.00136576772542243,3.19497853324373,1,0,0,3.25974651043566,0.00854946417455784,0.431912419716498
20200823,1,24,490,20,9.00645634597356,2.22062920550781,0.0153341918624307,-0.0153341918624307,0.000766709593121536,3.19497853324373,1,0,0,2.746633379434,0.00479946631968839,0.242465383696594
20200823,1,25,510,20,8.68644964818429,2.30243664673525,0.0077948658877482,-0.0077948658877482,0.00038974329438741,3.19497853324373,1,0,0,2.42662668164473,0.0024397240252611,0.123252999916278
20200823,1,26,530,20,8.47970920443856,2.35857144600328,0.0135783209397792,-0.0135783209397792,0.000678916046988958,3.19497853324373,1,0,0,2.219886237899,0.00424989426329373,0.214701421904419
20200823,1,27,550,20,8.33353521461129,2.39994185960044,0.0147545403982013,-0.0147545403982013,0.000737727019910067,3.19497853324373,1,1,0,2.07371224807173,0.00461804054226982,0.233299891576399
20200823,1,28,570,20,8.68272383519047,2.30342463720214,0.0198692770034598,-0.0198692770034598,0.000993463850172991,3.19497853324373,1,0,0,2.42290086865091,0.00621890782573971,0.314174487683378
20200823,1,29,590,20,10.1681833159281,1.96691969239684,0.0162701655494423,-0.0162701655494423,0.000813508277472115,3.19497853324373,1,0,0,3.90836034938854,0.00509241779878998,0.257265069339447
20200823,1,30,610,20,12.0611166810728,1.65822125171755,0.00338687944370448,0.0016653836626261,0.000169343972185224,3.19497853324373,1,0,0,5.80129371453324,0.0010600632863301,0.0535535899915197
20200823,1,31,630,20,14.3822847310022,1.39059964213394,0.0196068279539435,0.0196068279539435,0.000980341397697175,3.19497853324373,1,0,0,8.12246176446263,0.00613676359635427,0.310024623767322
20200823,1,32,650,20,16.9109309668943,1.18266700036521,0.0683034734086315,0.0683034734086315,0.00341517367043158,3.19497853324373,0,0,1,10.6511080003547,0.0213783825768888,1.08001960823312
20200823,1,33,670,20,16.5110154046258,1.21131253953023,0.0717494196088441,0.0717494196088441,0.00358747098044221,3.19497853324373,0,0,1,10.2511924380863,0.0224569332351663,1.13450716617737
20200823,1,34,690,20,16.1470802261803,1.23861402308343,0.0207340992587346,0.0207340992587346,0.00103670496293673,3.19497853324373,1,0,0,9.88725725964071,0.00648958953651687,0.327849121588819
20200823,1,35,710,20,9.81713033748804,2.03725521740577,0.0238474058446993,0.0238474058446993,0.00119237029223497,3.19497853324373,1,0,0,3.55730737094848,0.00746402693995193,0.377076957180243
20200823,1,36,730,20,8.06164692582183,2.48088265140204,0.0239943122161463,0.0239943122161463,0.00119971561080731,3.19497853324373,1,1,0,1.80182395928227,0.00751000733384766,0.379399851665972
20200823,1,37,750,20,7.39988717046469,2.70274391207293,0.0711224737806648,0.0711224737806648,0.00355612368903324,3.19497853324373,0,0,1,1.14006420392514,0.0222607047404657,1.12459385205229
20200823,1,38,770,20,7.14447642942434,2.79936538353329,0.129472527419669,0.129472527419669,0.00647362637098343,3.19497853324373,0,0,1,0.884653462884785,0.0405237550338782,2.04722924563704
20200823,1,39,790,20,7.05306805088435,2.83564540363286,0.154184199309046,0.154184199309046,0.0077092099654523,3.19497853324373,0,0,1,0.79324508434479,0.048258289595614,2.43797204187935
20200823,1,40,810,20,7.01955145950183,2.849184896697,0.13134286719817,0.13134286719817,0.00656714335990852,3.19497853324373,0,0,1,0.759728492962267,0.0411091548289131,2.07680319750264
20200823,1,41,830,20,6.78164050647933,2.94913892603,0.0285413946509179,0.0229827076952963,0.00142706973254589,3.19497853324373,1,1,0,0.521817539939775,0.00893320388664424,0.451298657754875
20200823,1,42,850,20,6.55589839526897,3.0506879140215,0.0484131919640802,-0.0484131919640802,0.00242065959820401,3.19497853324373,0,0,1,0.296075428729409,0.0151529005470119,0.765512996762961
20200823,1,43,870,20,6.44892085709421,3.10129406813836,0.0800964018928089,-0.0800964018928089,0.00400482009464045,3.19497853324373,0,0,1,0.189097890554649,0.0250694648052894,1.26649027166783
20200823,1,44,890,20,6.40789670913955,3.12114893666655,0.0876941787389472,-0.0876941787389472,0.00438470893694736,3.19497853324373,0,0,1,0.148073742599991,0.0274475017050943,1.38662688498056
20200823,1,45,910,20,6.39650720665043,3.12670639676698,0.0628840645154377,-0.0628840645154377,0.00314420322577188,3.19497853324373,0,0,1,0.136684240110867,0.0196821555641546,0.994327511219755
20200823,1,46,930,20,6.35921802864993,3.14504077543729,0.0426827883255937,-0.0426827883255937,0.00213413941627969,3.19497853324373,0,0,1,0.099395062110375,0.0133593349318249,0.674903427676629
20200823,1,47,950,20,6.32298346126163,3.16306378508372,0.0309270891816091,-0.0309270891816091,0.00154635445908046,3.19497853324373,1,1,0,0.0631604947220694,0.00967990515736269,0.489021437341593
20200823,1,48,970,20,6.29593595217966,3.17665239162352,0.0176355476740653,-0.0176355476740653,0.000881777383703263,3.19497853324373,1,1,0,0.0361129856401021,0.00551977031788085,0.278854593176714
20200823,1,49,990,20,6.29781674532433,3.17570370951942,0.00851411959176448,0.00784733311349503,0.000425705979588224,3.19497853324373,1,1,0,0.0379937787847666,0.00266484406801959,0.13462589304844
20200823,1,50,1010,20,6.30674266438029,3.1712091430268,0.0241740588831135,0.0241740588831135,0.00120870294415567,3.19497853324373,1,1,0,0.0469196978407354,0.00756626644954967,0.38224201935015
20200823,1,51,1030,20,6.31755983129779,3.16577927777084,0.0407089150614483,0.0407089150614483,0.00203544575307241,3.19497853324373,0,0,1,0.0577368647582261,0.0127415300722281,0.643692396625685
20200823,1,52,1050,20,6.32748342092225,3.16081428737824,0.0499478101914832,0.0499478101914832,0.00249739050957416,3.19497853324373,0,0,1,0.0676604543826897,0.0156332224682503,0.789778494460737
20200823,1,53,1070,20,6.32599367382977,3.16155864694249,0.0571419410487636,0.0571419410487636,0.00285709705243818,3.19497853324373,0,0,1,0.0661707072902118,0.017884921746485,0.903532627337322
20200823,1,54,1090,20,6.31967682501192,3.16471879081606,0.0522603169570485,0.0522603169570485,0.00261301584785243,3.19497853324373,0,0,1,0.0598538584723656,0.0163570166163185,0.826344023654844
20200823,1,55,1110,20,6.30392635044552,3.17262589823666,0.0450343067502777,0.0450343067502777,0.00225171533751389,3.19497853324373,0,0,1,0.0441033839059628,0.0140953393838788,0.712085812129998
20200823,1,56,1130,20,6.296532568712,3.1763513936832,0.0397195568965825,0.0397195568965825,0.00198597784482912,3.19497853324373,0,0,1,0.0367096021724365,0.0124318697241001,0.628048591643352
20200823,1,57,1150,20,6.29885603764581,3.17517972794866,0.0333733624235533,0.0333733624235533,0.00166866812117767,3.19497853324373,1,1,0,0.0390330711062461,0.0104455670284804,0.52770209202206
20200823,1,58,1170,20,6.28026220021979,3.18458041438143,0.0119855876814775,0.0119855876814775,0.000599279384073874,3.19497853324373,1,1,0,0.0204392336802357,0.00375138285179932,0.189517005010132
20200823,1,59,1190,20,6.26930354495948,3.19014701658209,0.00550590767213966,-0.00544199133571289,0.000275295383606983,3.19497853324373,1,1,0,0.00948057841992522,0.00172330036488531,0.0870598221477935
20200823,1,60,1210,20,6.25982296653956,3.19497853324373,0.0120831786262171,-0.0120831786262171,0.000604158931310855,3.19497853324373,1,1,0,0,0.00378192795365968,0.191060120296147
20200823,1,61,1230,20,6.25530519993652,3.19728604132744,0.0151108218117397,-0.0151108218117397,0.000755541090586986,3.19497853324373,1,1,0,-0.00451776660304404,0.00472955347102076,0.238933439820255
20200823,1,62,1250,20,6.24991895811525,3.20004149398303,0.0176120239215161,-0.0176120239215161,0.000880601196075807,3.19497853324373,1,1,0,-0.00990400842431427,0.00551240759155754,0.278482633849547
20200823,1,63,1270,20,6.24590793039556,3.20209651228935,0.0227892004303055,-0.0227892004303055,0.00113946002151527,3.19497853324373,1,1,0,-0.0139150361439988,0.00713281801213497,0.36034453436118
20200823,1,64,1290,20,6.24089230014386,3.20466994752321,0.0227133617481774,-0.0227133617481774,0.00113566808740887,3.19497853324373,1,1,0,-0.0189306663957041,0.00710908117592809,0.359145367471513
20200823,1,65,1310,20,6.23013489937659,3.21020336204939,0.0217365469293169,-0.0217365469293169,0.00108682734646585,3.19256094694938,1,1,0,-0.0344283563729277,0.00680849866001369,0.343960167659879
20200823,1,66,1330,20,6.22239651994414,3.21419567780607,0.0186070653698159,-0.0186070653698159,0.000930353268490796,3.19256094694938,1,1,0,-0.042166735805381,0.00582825690065391,0.294439100427133
20200823,1,67,1350,20,6.22827862900135,3.21116012807648,0.0123563914819869,0.00568038514603055,0.000617819574099348,3.19256094694938,1,1,0,-0.03628462674817,0.00387036980258559,0.195528135155776
20200823,1,68,1370,20,6.38023857096073,3.1346790214129,0.0479704802901884,0.0479704802901884,0.00239852401450942,3.19256094694938,0,0,1,0.115675315211206,0.0150257054093286,0.759087195265779
20200823,1,69,1390,20,7.23237728241588,2.76534246196283,0.0798928911949203,0.0798928911949203,0.00399464455974602,3.19256094694938,0,0,1,0.96781402666636,0.0250247035287646,1.26422896606333
20200823,1,70,1410,20,8.65524944416961,2.3107364067332,0.20281376616378,0.20281376616378,0.010140688308189,3.19256094694938,0,0,1,2.39068618842009,0.0635269833634897,3.20933482398429
20200823,1,71,1430,20,12.6759143956501,1.57779544542074,0.482175092804703,0.0106857771529575,0.0241087546402351,3.19256094694938,0,0,1,6.4113511399006,0.151030818461098,7.62996193930125
20200823,1,72,1450,20,25.7356486031782,0.77713215269539,1.9160096095405,-1.9160096095405,0.0958004804770251,3.19256094694938,0,0,1,19.4710853474287,0.600148169879521,30.3190285319252
20200823,1,73,1470,20,37.1569603020131,0.53825716198094,2.2500295550557,-2.2500295550557,0.112501477752785,3.19014701658209,0,0,1,30.8876567570536,0.705305913288715,35.6315176517642
20200823,1,74,1490,20,14.7231281710017,1.35840697491118,0.317556995708396,0.103331352885617,0.0158778497854198,3.19014701658209,0,0,1,8.45382462604221,0.0995430599460665,5.02883958684037
20200823,1,75,1510,20,9.88424788368934,2.02342153245705,0.184123683658649,0.184123683658649,0.00920618418293247,3.19014701658209,0,0,1,3.61494433872986,0.0577163631336085,2.91578671473434
20200823,1,76,1530,20,9.6407978708778,2.0745170957701,0.214149449339597,0.214149449339597,0.0107074724669798,3.19014701658209,0,0,1,3.37149432591832,0.0671283950947928,3.39127540218935
20200823,1,77,1550,20,9.87231140171275,2.02586802484069,0.125356919695935,0.125356919695935,0.00626784598479677,3.19014701658209,0,0,1,3.60300785675327,0.0392950290517465,1.98515494468958
20200823,1,78,1570,20,9.68945783212439,2.06409897710603,0.0723977822244859,-0.0709687041695631,0.00361988911122429,3.19014701658209,0,0,1,3.42015428716491,0.0226941836373587,1.14649287583091
20200823,1,79,1590,20,9.56558831291295,2.09082801242881,0.150898665006831,-0.150898665006831,0.00754493325034157,3.19014701658209,0,0,1,3.29628476795347,0.0473014767728491,2.38963458668234
20200823,1,80,1610,20,8.73830049475851,2.28877457487261,0.12898591269455,-0.12898591269455,0.0064492956347275,3.19014701658209,0,0,1,2.46899694979902,0.0404325919852888,2.0426237578426
20200823,1,81,1630,20,7.81113222221165,2.56044827190714,0.133146450768461,-0.133146450768461,0.00665732253842304,3.19014701658209,0,0,1,1.54182867725217,0.0417367757900742,2.1085101305297
20200823,1,82,1650,20,7.38088797537193,2.70970106398237,0.103303568665014,-0.103303568665014,0.00516517843325072,3.19014701658209,0,0,1,1.11158443041245,0.032382071461927,1.63591759144096
20200823,1,83,1670,20,7.10164100558177,2.81625049538273,0.0564100507843086,-0.0564100507843086,0.00282050253921543,3.19014701658209,0,0,1,0.832337460622284,0.0176825865676705,0.893310808181029
20200823,1,84,1690,20,6.94229642804521,2.88089110099142,0.0229064840988034,0.0205928650886384,0.00114532420494017,3.18736128502019,1,1,0,0.667513555455571,0.00718666070472091,0.363064626189631
20200823,1,85,1710,20,6.82313804272144,2.93120260425259,0.0576834817723606,0.0576834817723606,0.00288417408861803,3.19014701658209,0,0,1,0.553834497761954,0.0180817628380533,0.913476889389663
20200823,1,86,1730,20,7.02270397346433,2.84790588861087,0.0828962629597828,0.0828962629597828,0.00414481314798914,3.19256094694938,0,0,1,0.758140717714809,0.0259654441488403,1.3117544658194
20200823,1,87,1750,20,7.4132467728748,2.69787322785211,0.0904312506974613,0.0904312506974613,0.00452156253487306,3.19497853324373,0,0,1,1.15342380633524,0.0283041810004432,1.42990567062379
20200823,1,88,1770,20,7.46136158944591,2.68047591049467,0.0418581212653397,0.0410684452261603,0.00209290606326699,3.19497853324373,0,0,1,1.20153862290636,0.0131012214416486,0.661863730705294
20200823,1,89,1790,20,7.22819491709288,2.76694253951356,0.0522994853415867,-0.0522994853415867,0.00261497426707933,3.19497853324373,0,0,1,0.968371950553319,0.0163692759739732,0.826963357068109
20200823,1,90,1810,20,7.78742698169344,2.56824237928852,0.0981525849655738,-0.0981525849655738,0.00490762924827869,3.19497853324373,0,0,1,1.52760401515388,0.0307208902796362,1.55199598309434
20200823,1,91,1830,20,8.41267239988724,2.37736584159251,0.0923652298725487,-0.0923652298725487,0.00461826149362744,3.19497853324373,0,0,1,2.15284943334768,0.0289094993632943,1.46048589336755
20200823,1,92,1850,20,8.53169400458796,2.34420034160214,0.0494088948198742,-0.0494088948198742,0.00247044474099371,3.19497853324373,0,0,1,2.2718710380484,0.0154645467272393,0.781257124470753
20200823,1,93,1870,20,10.1136246307235,1.97753038403693,0.0258738269326487,-0.0251019246245848,0.00129369134663244,3.19497853324373,1,0,0,3.85380166418395,0.00809827880326322,0.409118878334517
20200823,1,94,1890,20,16.330365179793,1.22471235516201,0.123021800987813,0.123021800987813,0.00615109004939067,3.19497853324373,0,0,1,10.0705422132535,0.0385047347604287,1.94522987889809
20200823,1,95,1910,20,14.3018773219653,1.39841781255411,0.263410339544759,0.263410339544759,0.0131705169772379,3.19613187079833,0,0,1,8.04431323872728,0.0824153539944409,4.1635609248426
20200823,1,96,1930,20,11.3652507539912,1.75974999873861,0.220333719831524,0.220333719831524,0.0110166859915762,3.19613187079833,0,0,1,5.10768667075314,0.0689376185771989,3.48267599480419
20200823,1,97,1950,20,14.2249579189681,1.40597955466225,0.207042588811252,0.207042588811252,0.0103521294405626,3.19728604132744,0,0,1,7.96965271903161,0.0647557291199671,3.27141012391664
20200823,1,98,1970,20,18.3778510949453,1.08826651694337,0.794139131152317,0.794139131152317,0.0397069565576158,3.19866317424187,0,0,1,12.1252390159194,0.248272196193505,12.5425222934292
20200823,1,99,1990,20,38.6442773517219,0.517541053180254,1.33225874125134,1.33225874125134,0.0666129370625668,3.20004149398303,0,0,1,32.3943583936067,0.416325458203074,21.0324451182777
20200823,1,100,2010,20,10.1160427788436,1.97705767336486,0.137493083418278,0.137493083418278,0.0068746541709139,3.20106867331667,0,0,1,3.86812933458822,0.0429522442190594,2.16991466998777
20200823,1,101,2030,20,8.19150230651758,2.44155458322791,0.0703081122497983,0.0703081122497983,0.00351540561248991,3.20338271306452,0,0,1,1.94810219124787,0.0219480838062393,1.10880048051474
20200823,1,102,2050,20,7.40322639352416,2.7015248402365,0.0234445150139363,-0.00515790653273774,0.00117222575069682,3.20466994752321,1,1,0,1.16233409338031,0.00731573466155412,0.369585344199552
20200823,1,103,2070,20,7.49952734253611,2.66683473324555,0.072258292699281,-0.072258292699281,0.00361291463496405,3.20743426824842,0,0,1,1.26401374277589,0.0225283783410911,1.13811651852353
20200823,1,104,2090,20,7.27098978604613,2.75065714414595,0.0973646203923709,-0.0973646203923709,0.00486823101961855,3.21020336204939,0,0,1,1.04085488666954,0.0303297359735532,1.53223516541344
20200823,1,105,2110,20,6.99517450086091,2.85911380731654,0.107227752404573,-0.107227752404573,0.00536138762022863,3.21020336204939,0,0,1,0.765039601484319,0.033402168121872,1.68745209790193
20200823,1,106,2130,20,6.86817393667229,2.91198216358659,0.0743924867877557,-0.0743924867877557,0.00371962433938778,3.20743426824842,0,0,1,0.632660336912068,0.0231937681542517,1.17173150519277
20200823,1,107,2150,20,6.77557826623956,2.95177757736979,0.0222891065564674,-0.0222891065564674,0.00111445532782337,3.20338271306452,1,1,0,0.532178150969855,0.00695799052219537,0.351512382699854
20200823,1,108,2170,20,6.68604158971561,2.99130654986708,0.00776057828796553,0.00651642220358204,0.000388028914398276,3.20338271306452,1,1,0,0.442641474445907,0.00242261976888218,0.122388905908836
20200823,1,109,2190,20,6.63211826214069,3.01562776921057,0.0247830404364465,0.0247830404364465,0.00123915202182233,3.20338271306452,1,1,0,0.388718146870985,0.0077365218758822,0.390843193839655
20200823,1,110,2210,20,6.6448355923676,3.00985625934409,0.0795292052181125,0.0795292052181125,0.00397646026090563,3.20466994752321,0,0,1,0.403943292223744,0.0248166602241139,1.2537187767365
20200823,1,111,2230,20,6.73921775697454,2.96770348150594,0.140826734532557,0.140826734532557,0.00704133672662785,3.20743426824842,0,0,1,0.503704157214315,0.0439063509193791,2.21811541393955
20200823,1,112,2250,20,6.76550646851751,2.95617188351938,0.131324764009754,0.131324764009754,0.00656623820048771,3.21020336204939,0,0,1,0.535371569140922,0.0409085497704783,2.06666878271045
20200823,1,113,2270,20,6.70093150805315,2.98465966649026,0.0954851379367688,0.0954851379367688,0.00477425689683844,3.21068167378515,0,0,1,0.471724743864173,0.0297398333557619,1.50243373437106
20200823,1,114,2290,20,6.59937473276477,3.03059014071491,0.0547242192235463,0.0547242192235463,0.00273621096117732,3.21116012807648,0,0,1,0.371096103763422,0.0170418842539399,0.860943015183563
20200823,1,115,2310,20,6.49373343793127,3.07989235948242,0.0125584761348675,0.00352365579207188,0.000627923806743376,3.21214086932206,1,1,0,0.267356447117322,0.00390969034229126,0.197514578879275
20200823,1,116,2330,20,6.42429339148021,3.11318284848629,0.0571161537996358,-0.0571161537996358,0.00285580768998179,3.21312220981976,0,0,1,0.199818038853663,0.017775904578133,0.898025163008308
20200823,1,117,2350,20,6.42396445128543,3.11334225954473,0.104313172079388,-0.104313172079388,0.00521565860396938,3.21214086932206,0,0,1,0.197587460471482,0.0324746567236957,1.64059492836222
20200823,1,118,2370,20,6.47999666412488,3.08642134196237,0.126088714662901,-0.126088714662901,0.00630443573314506,3.21312220981976,0,0,1,0.255521311498341,0.0392418048331794,1.9824660976976
20200823,1,119,2390,20,6.54645685125638,3.05508772980939,0.138905749896744,-0.138905749896744,0.0069452874948372,3.21312220981976,0,0,1,0.321981498629838,0.0432307708285195,2.18398562220081
20200823,1,120,2410,20,6.60554379015844,3.02775980832916,0.114242976568658,-0.114242976568658,0.00571214882843292,3.21312220981976,0,0,1,0.381068437531893,0.0355551295931153,1.79621807195774
20200823,1,121,2430,20,6.59595718112564,3.03216037502943,0.0762781089542698,-0.0762781089542698,0.00381390544771349,3.21312220981976,0,0,1,0.371481828499099,0.0237395604565407,1.19930451668579
20200823,1,122,2450,20,6.56925369078567,3.04448586420903,0.03962447047535,-0.03962447047535,0.0019812235237675,3.21312220981976,0,0,1,0.34477833815913,0.0123320769917347,0.623007138796012
20200823,1,123,2470,20,6.54518300977452,3.05568231936864,0.0135795383236202,-0.0135795383236202,0.000678976916181012,3.21312220981976,1,1,0,0.320707657147977,0.00422627507977109,0.213508198738767
20200823,1,124,2490,20,6.48647524009675,3.08333867928272,0.0700697526043532,-0.0700697526043532,0.00350348763021766,3.21312220981976,0,0,1,0.26199988747021,0.0218073724025218,1.1016918475501
20200823,1,125,2510,20,6.70572849623295,2.9825245700352,0.189729889733098,-0.189729889733098,0.00948649448665488,3.21312220981976,0,0,1,0.481253143606408,0.0590484511150109,2.98308278517521
20200823,1,126,2530,20,7.46074946678254,2.6806958321072,0.320212678395508,-0.320212678395508,0.0160106339197754,3.21312220981976,0,0,1,1.236274114156,0.0996577962135684,5.03463597570336
20200823,1,127,2550,20,8.0702959212274,2.47822387124538,0.398202405641941,-0.398202405641941,0.0199101202820971,3.21312220981976,0,0,1,1.84582056860086,0.123930052963743,6.26085190349748
20200823,1,128,2570,20,8.53054271569454,2.34451671676222,0.434189367877551,-0.434189367877551,0.0217094683938776,3.21312220981976,0,0,1,2.30606736306799,0.135130050936316,6.826667272319
20200823,1,129,2590,20,8.78959086894133,2.27541876501573,0.410184263020103,-0.410184263020103,0.0205092131510051,3.21312220981976,0,0,1,2.56511551631479,0.127659091760196,6.44924010384641
20200823,1,130,2610,20,8.32178506409286,2.40333051694602,0.324073766998548,-0.324073766998548,0.0162036883499274,3.21312220981976,0,0,1,2.09730971146632,0.100859458755765,5.095343052274
20200823,1,131,2630,20,7.58831409666118,2.63563154413968,0.27692206121586,-0.27692206121586,0.013846103060793,3.21312220981976,0,0,1,1.36383874403464,0.086184727231833,4.35398679043327
20200823,1,132,2650,20,7.18476740706933,2.78366700922306,0.170314446014734,-0.170314446014734,0.00851572230073669,3.15959034596324,0,0,1,0.854832887060297,0.0539039645542439,2.72318724163084
20200823,1,133,2670,20,6.74446054448777,2.96539654551704,0.0823335972966173,-0.0823335972966173,0.00411667986483086,3.10781297485883,0,0,1,0.309066857096242,0.0264924556151443,1.33837868377999
20200823,1,134,2690,20,6.43539368739152,3.10781297485883,0.0261349858072996,-0.0261349858072996,0.00130674929036498,3.10781297485883,1,1,0,8.88178419700125e-16,0.00840944613421814,0.424838814941704
20200823,1,135,2710,20,6.22447535262654,3.21312220981976,0.0138454321354705,-0.0138454321354705,0.000692271606773525,3.15959034596324,1,1,0,-0.105459167382492,0.00438203394093785,0.221377017795173
20200823,1,136,2730,20,6.0945878355169,3.28160009171543,0.00662810024997928,3.1130014788916e-05,0.000331405012498964,3.10781297485883,1,1,0,-0.340805851874619,0.00213272172540574,0.107743477508587
20200823,1,137,2750,20,6.02201258385458,3.32114882217639,0.0215554845974367,0.0215554845974367,0.00107777422987184,3.09816843120762,1,1,0,-0.433414370516743,0.00695749281424145,0.351487238873024
20200823,1,138,2770,20,5.98393820828096,3.34228050221553,0.0371113507281391,0.0371113507281391,0.00185556753640695,3.09922428976452,1,1,0,-0.469289480354518,0.0119743998040745,0.604937559645139
20200823,1,139,2790,20,5.97342439394629,3.34816324456518,0.054009607298141,0.054009607298141,0.00270048036490705,3.09922428976452,0,0,1,-0.47980329468919,0.0174268146634346,0.880389406348295
20200823,1,140,2810,20,5.97574328525479,3.34686398750599,0.0684307111355955,0.0684307111355955,0.00342153555677978,3.09922428976452,0,0,1,-0.477484403380685,0.0220799479926621,1.11546215879878
20200823,1,141,2830,20,5.9825612956181,3.34304974269949,0.0719587828240666,0.0719587828240666,0.00359793914120333,3.09922428976452,0,0,1,-0.470666393017381,0.0232183204880387,1.17297187039918
20200823,1,142,2850,20,5.96886768120339,3.35071927678715,0.0646102436954768,0.0646102436954768,0.00323051218477384,3.09922428976452,0,0,1,-0.484360007432087,0.0208472306792568,1.05318621883476
20200823,1,143,2870,20,5.95094882205944,3.36080860347218,0.0500245154840551,0.0500245154840551,0.00250122577420276,3.0938947771415,0,0,1,-0.513395132933852,0.016168783713541,0.816834640745117
20200823,1,144,2890,20,5.92657249783383,3.37463179726731,0.0302509539727984,0.0302509539727984,0.00151254769863992,3.08858356261001,1,1,0,-0.548887723517282,0.00979444245543897,0.49480777442072
20200823,1,145,2910,20,5.9197898197815,3.37849832660752,0.0202023142928206,0.0202023142928206,0.00101011571464103,3.08858356261001,1,1,0,-0.555670401569614,0.00654096412911963,0.330444526885568
20200823,1,146,2930,20,5.91182995725103,3.38304723657849,0.0162926226740002,0.0162926226740002,0.000814631133700008,3.08858356261001,1,1,0,-0.563630264100084,0.00527511150134856,0.266494616072196
20200823,1,147,2950,20,5.9066997813195,3.38598553176037,0.0132568720892102,0.0132568720892102,0.000662843604460512,3.08858356261001,1,1,0,-0.56876044003161,0.00429221739366104,0.216839554221684
20200823,1,148,2970,20,5.91356047473732,3.38205723699619,0.0164446125682611,0.0164446125682611,0.000822230628413054,3.08858356261001,1,1,0,-0.56189974661379,0.00532432172706526,0.268980679202017
20200823,1,149,2990,20,5.93760834860745,3.36835958617759,0.0382630928845256,0.0382630928845256,0.00191315464422628,3.08858356261001,0,0,1,-0.537851872743659,0.0123885567959804,0.625860455497364
20200823,1,150,3010,20,5.95480438558798,3.35863257715143,0.0473517356039282,0.0473517356039282,0.00236758678019641,3.08858356261001,0,0,1,-0.520655835763137,0.0153312140157586,0.774521257419066
20200823,1,151,3030,20,5.94830020044856,3.36230508313817,0.0366812629543134,0.0366812629543134,0.00183406314771567,3.08423183822003,1,1,0,-0.536296629192634,0.0118931600730388,0.600833390296941
20200823,1,152,3050,20,5.93506640566693,3.36980222848115,0.0137047491779362,0.0137047491779362,0.00068523745889681,3.07989235948242,1,1,0,-0.558667032264338,0.00444974939976127,0.224797951209886
20200823,1,153,3070,20,5.92574073180435,3.37510547713587,0.00364113883086627,-0.0026433010803518,0.000182056941543314,3.08423183822003,1,1,0,-0.558856097836838,0.00118056586594594,0.0596412885514882
20200823,1,154,3090,20,5.91674998414805,3.38023409026633,0.021881192351151,-0.021881192351151,0.00109405961755755,3.08423183822003,1,1,0,-0.567846845493136,0.00709453552745214,0.35841053238696
20200823,1,155,3110,20,5.9834685679516,3.34254283662876,0.0468639029219805,-0.0468639029219805,0.00234319514609902,3.08858356261001,0,0,1,-0.491991653399509,0.0151732669594272,0.766541892409245
20200823,1,156,3130,20,6.80725484874074,2.93804190446899,0.0344905508098595,-0.0344905508098595,0.00172452754049298,3.0938947771415,1,1,0,0.342910893747443,0.0111479391816052,0.563185398344393
20200823,1,157,3150,20,7.32499339738206,2.7303778877327,0.0153956467423934,-0.0153956467423934,0.000769782337119669,3.09922428976452,1,1,0,0.87176570874658,0.00496758069212318,0.250958393773589
20200823,1,158,3170,20,7.49096214740848,2.66988400240669,0.0244596551013418,-0.0244596551013418,0.00122298275506709,3.10781297485883,1,1,0,1.05556846001696,0.00787037550174743,0.397605377089376
20200823,1,159,3190,20,7.16298498379024,2.79213205741179,0.037640743329614,-0.037640743329614,0.0018820371664807,3.13834729273098,1,1,0,0.790203983317838,0.0119938106967311,0.605918183160838
20200823,1,160,3210,20,6.90461801087326,2.89661208896776,0.0828255345616039,-0.0828255345616039,0.0041412767280802,3.21312220981976,0,0,1,0.680142658246722,0.0257772749223411,1.30224829978676
20200823,1,161,3230,20,6.80355322950686,2.93964040925857,0.118538749066063,-0.118538749066063,0.00592693745330313,3.21700276497882,0,0,1,0.586586238453719,0.0368475745052221,1.86151140472584
20200823,1,162,3250,20,6.89092125235061,2.90236954792912,0.130300536831396,-0.130300536831396,0.00651502684156981,3.23503280457389,0,0,1,0.70860372786592,0.0402779646151252,2.03481210085004
20200823,1,163,3270,20,7.92735273900462,2.52291031551994,0.119675202644773,-0.119675202644773,0.00598376013223865,3.24929760529241,0,0,1,1.77217631951498,0.0368310992658375,1.86067908817796
20200823,1,164,3290,20,9.70879934626555,2.05998695479199,0.0735172890474103,0.030536416191855,0.00367586445237051,3.2564344150335,0,0,1,3.56711262668387,0.0225760078901064,1.14052272707007
20200823,1,165,3310,20,13.4021188440001,1.49230134673471,0.461308026539839,0.461308026539839,0.023065401326992,3.26605170288001,0,0,1,7.27851707053037,0.14124333247176,7.13550560025064
20200823,1,166,3330,20,60.3809212451627,0.331230454712585,2.99200571975934,2.99200571975934,0.149600285987967,3.26990926098731,0,0,1,54.2645435711347,0.915011849244996,46.225701846059
20200823,1,167,3350,20,12.8509886515355,1.55630049502925,0.273267656638687,0.273267656638687,0.0136633828319344,3.27073265976587,0,0,1,6.7361507603116,0.0835493710630109,4.22085060359737
20200823,1,168,3370,20,9.79050710562979,2.04279510593476,0.106790777948984,-0.106790777948984,0.0053395388974492,3.27145830626364,0,0,1,3.6770255546935,0.0326431725400624,1.64910821908095
20200823,1,169,3390,20,8.73128090479167,2.29061465529349,0.263323972057494,-0.263323972057494,0.0131661986028747,3.27218427481749,0,0,1,2.61915569414305,0.0804734544090371,4.06545763653663
20200823,1,170,3410,20,8.428182356462,2.37299089579685,0.31313238820676,-0.31313238820676,0.015656619410338,3.27269645985818,0,0,1,2.31701370843325,0.0956802416745761,4.83369294928506
20200823,1,171,3430,20,8.24995727370242,2.42425497932602,0.291057285415342,-0.291057285415342,0.0145528642707671,3.2732088052655,0,0,1,2.13974518829355,0.0889210871445561,4.49222560949711
20200823,1,172,3450,20,8.08337147092288,2.47421513064729,0.281914818041827,-0.281914818041827,0.0140957409020914,3.27366437793532,0,0,1,1.97400970042463,0.0861159805940855,4.35051376264455
20200823,1,173,3470,20,8.16823657226291,2.44850890679569,0.200611665566859,-0.200611665566859,0.0100305832783429,3.27412007743808,0,0,1,2.05972511667528,0.0612719328619836,3.09541138985997
20200823,1,174,3490,20,8.6689654632869,2.30708036439874,0.085012733122815,0.0570192247756973,0.00425063665614075,3.27506176137389,0,0,1,2.56221039812135,0.0259575969300659,1.31135803030254
20200823,1,175,3510,20,9.49901712702354,2.1054809916178,0.309617201989069,0.309617201989069,0.0154808600994535,3.28096923769359,0,0,1,3.40325744411371,0.0943676028510158,4.76737943548792
20200823,1,176,3530,20,9.97195431931573,2.00562491158427,0.282525283935589,0.282525283935589,0.0141262641967794,3.28160009171543,0,0,1,3.87736648379882,0.0860937579349899,4.34939109082951
20200823,1,177,3550,20,8.68816314610672,2.30198255530713,0.136423882076279,0.136423882076279,0.00682119410381396,3.2816178683184,0,0,1,2.59360832511879,0.0415721414102938,2.1001929270316
20200823,1,178,3570,20,7.67963784005315,2.60428947517421,0.0500527986749843,0.0500527986749843,0.00250263993374922,3.28528552308764,0,0,1,1.59188690959422,0.0152354485852855,0.769683260796547
20200823,1,179,3590,20,7.13596643349229,2.8027037663926,0.0734097749588136,-0.0731377666559305,0.00367048874794068,3.28896138523687,0,0,1,1.05501939356236,0.022320047686886,1.12759181251603
20200823,1,180,3610,20,7.03030619306151,2.8448263063903,0.151761335183604,-0.151761335183604,0.00758806675918018,3.2907580216192,0,0,1,0.952679133093397,0.0461174398684379,2.32981794391077
20200823,1,181,3630,20,7.01585670610143,2.85068536000838,0.0692294927122872,-0.0692294927122872,0.00346147463561436,3.29255662194465,0,0,1,0.941549626095139,0.0210260598863745,1.06222053420063
20200823,1,182,3650,20,6.8396107101255,2.9241430320576,0.0258133532501764,-0.0258133532501764,0.00129066766250882,3.29255662194465,1,1,0,0.765303630119206,0.0078399117203125,0.396066370049329
20200823,1,183,3670,20,6.71241734084583,2.97955251952195,0.022183635851218,0.0181753362740199,0.0011091817925609,3.29255662194465,1,1,0,0.638110260839539,0.00673751081556674,0.340373915815374
20200823,1,184,3690,20,6.68056353621978,2.99375941738548,0.0640139791017654,0.0640139791017654,0.00320069895508827,3.29255662194465,0,0,1,0.606256456213487,0.0194420283238614,0.982196465896059
20200823,1,185,3710,20,6.60375167342045,3.02858147748019,0.051615316325841,0.051615316325841,0.00258076581629205,3.29692013917739,0,0,1,0.53748401884809,0.0156556161953985,0.790909808503533
20200823,1,186,3730,20,6.5359596225519,3.05999442392381,0.024215370461188,0.024215370461188,0.0012107685230594,3.29917173016342,1,1,0,0.473832023328896,0.00733983327990885,0.370802788047833
20200823,1,187,3750,20,6.47546022135111,3.08858356261001,0.0101103185176882,-0.00934152356302709,0.000505515925884411,3.29807299614578,1,1,0,0.411313059243866,0.00306552296735197,0.154867885927362
20200823,1,188,3770,20,6.45322768863548,3.09922428976452,0.017994113594406,-0.017994113594406,0.000899705679720299,3.29581218085282,1,1,0,0.384920727398139,0.00545969023931146,0.275819393358124
20200823,1,189,3790,20,6.42059473077734,3.11497623485396,0.0512323053814971,-0.0512323053814971,0.00256161526907486,3.29692013917739,0,0,1,0.354327076204981,0.0155394438502475,0.785040870091271
20200823,1,190,3810,20,6.43734403571398,3.10687138811306,0.0803629924946134,-0.0803629924946134,0.00401814962473067,3.29692013917739,0,0,1,0.37107638114162,0.0243751710997357,1.23141508236509
20200823,1,191,3830,20,6.48191121051582,3.08550971317739,0.0833035541141944,-0.0833035541141944,0.00416517770570972,3.29692013917739,0,0,1,0.415643555943461,0.0252670827916928,1.27647378185564
20200823,1,192,3850,20,6.52185358746124,3.06661284737387,0.0489489714873199,-0.0489489714873199,0.002447448574366,3.29692013917739,0,0,1,0.45558593288888,0.0148468781229057,0.750052976931945
20200823,1,193,3870,20,6.49841234539417,3.07767481301417,0.0208166038020596,-0.0208166038020596,0.00104083019010298,3.29692013917739,1,1,0,0.432144690821815,0.00631395451612411,0.31897617410393
20200823,1,194,3890,20,6.57124781900529,3.04356197648736,0.0248420854822959,-0.0248420854822959,0.00124210427411479,3.29692013917739,1,1,0,0.504980164432936,0.00753493698166866,0.380659278490064
20200823,1,195,3910,20,7.02990216158923,2.84498980786365,0.142514044995075,-0.142514044995075,0.00712570224975375,3.29692013917739,0,0,1,0.963634507016877,0.0432264170737947,2.18376567382748
20200823,1,196,3930,20,7.93907843579564,2.51918407932893,0.335890914595019,-0.335890914595019,0.0167945457297509,3.29581218085282,0,0,1,1.8707714745583,0.101914458762666,5.14864084924446
20200823,1,197,3950,20,9.05976401649741,2.20756301859308,0.500553235057707,-0.500553235057707,0.0250276617528854,3.29418359705216,0,0,1,2.98845699587559,0.151950618510041,7.67642953734987
20200823,1,198,3970,20,10.4813087809789,1.90815864868854,0.620518188646992,-0.620518188646992,0.0310259094323496,3.29255662194465,0,0,1,4.40700170097261,0.188460901328555,9.52090122290948
20200823,1,199,3990,20,10.6694669224007,1.87450789673565,0.472544908000909,-0.472544908000909,0.0236272454000454,3.29255662194465,0,0,1,4.59515984239442,0.143519144014542,7.25047786637076
20200823,1,200,4010,20,8.80410451631678,2.27166771622641,0.198262375120266,-0.198262375120266,0.00991311875601329,3.29255662194465,0,0,1,2.72979743631049,0.0602153274445947,3.04203248877421
20200823,1,201,4030,20,7.69950536327951,2.59756946145969,0.0338525028876996,-0.0319569559165892,0.00169262514438498,3.29255662194465,1,1,0,1.62519828327322,0.0102815248983344,0.519414808524498
20200823,1,202,4050,20,7.07361844375964,2.82740723987509,0.0326512097564041,0.0326512097564041,0.00163256048782021,3.2907580216192,1,1,0,0.995991383791533,0.00992209379781083,0.501256623031369
20200823,1,203,4070,20,6.69224161460806,2.98853525496499,0.057036659460622,0.057036659460622,0.0028518329730311,3.28896138523687,0,0,1,0.61129457467814,0.017341845275728,0.876096817585201
20200823,1,204,4090,20,6.45718284622581,3.09732595100508,0.0491480929425559,0.0491480929425559,0.00245740464712779,3.28896138523687,0,0,1,0.37623580629588,0.0149433475148618,0.754926537152519
20200823,1,205,4110,20,6.31016831355328,3.16948756454611,0.0286141574542353,0.0286141574542353,0.00143070787271177,3.28528552308764,1,1,0,0.222417383094353,0.00870979318331597,0.440012119149071
20200823,1,206,4130,20,6.20945862947974,3.22089270472774,0.00485700477478947,0.00345765664582918,0.000242850238739474,3.28528552308764,1,1,0,0.121707699020817,0.0014784117668484,0.0746882366566395
20200823,1,207,4150,20,6.15517641948964,3.24929760529241,0.0131770266387059,-0.0131770266387059,0.000658851331935297,3.28528552308764,1,1,0,0.0674254890307111,0.00401092280902321,0.202628766010462
20200823,1,208,4170,20,6.12819701967373,3.26360264459396,0.0311887852895238,-0.0311887852895238,0.00155943926447619,3.28528552308764,1,1,0,0.0404460892148109,0.00949347783330911,0.479603270894054
20200823,1,209,4190,20,6.1203417091383,3.26779139964325,0.0381394355384119,-0.0381394355384119,0.00190697177692059,3.28528552308764,0,0,1,0.0325907786793778,0.0116091692093073,0.58648638811911
20200823,1,210,4210,20,6.11900652726581,3.26850443954939,0.0362057421994979,-0.0362057421994979,0.0018102871099749,3.28528552308764,1,1,0,0.0312555968068864,0.0110205770381475,0.556751159842661
20200823,1,211,4230,20,6.11483789122394,3.27073265976587,0.0342487470894726,-0.0342487470894726,0.00171243735447363,3.28528552308764,1,1,0,0.0270869607650184,0.0104248920980494,0.526657610280565
20200823,1,212,4250,20,6.11791745683195,3.26908627668158,0.018881583386332,-0.018881583386332,0.000944079169316601,3.28528552308764,1,1,0,0.0301665263730229,0.00574731884143402,0.290350171309346
20200823,1,213,4270,20,6.11021208540888,3.2732088052655,0.00455396226342297,-0.00247364699480968,0.000227698113171149,3.28528552308764,1,1,0,0.0224611549499514,0.0013861694003214,0.070028222541882
20200823,1,214,4290,20,6.10851145558763,3.27412007743808,0.0127298714043084,0.0127298714043084,0.000636493570215419,3.28528552308764,1,1,0,0.0207605251287077,0.00387481432431004,0.19575266900881
20200823,1,215,4310,20,6.11212521064863,3.27218427481749,0.0208682640243565,0.0208682640243565,0.00104341320121782,3.28528552308764,1,1,0,0.0243742801897042,0.00635203968656693,0.320900207912999
20200823,1,216,4330,20,6.10675506516554,3.27506176137389,0.0170402683115063,0.0170402683115063,0.000852013415575314,3.28528552308764,1,1,0,0.0190041347066199,0.00518684546343211,0.262035483050885
20200823,1,217,4350,20,6.09455482098792,3.2816178683184,0.00873968515522838,0.00873968515522838,0.000436984257761419,3.28528552308764,1,1,0,0.00680389052899955,0.00266025132178298,0.134393871005925
20200823,1,218,4370,20,6.09575968290983,3.28096923769359,0.00704297588159131,0.00704297588159131,0.000352148794079565,3.28528552308764,1,1,0,0.00800875245090538,0.00214379414881786,0.108302847907761
20200823,1,219,4390,20,6.08094703992992,3.28896138523688,0.0138675149754775,-0.0133809483796829,0.000693375748773874,3.28528552308764,1,1,0,-0.00680389052899955,0.00422109885975581,0.213246700045266
20200823,1,220,4410,20,6.06422834790737,3.29802884268063,0.0354376554277536,-0.0354376554277536,0.00177188277138768,3.28528552308764,1,1,0,-0.0235225825515499,0.0107867809901795,0.544939961534057
20200823,1,221,4430,20,6.07430708000629,3.29255662194465,0.019436983563081,-0.019436983563081,0.000971849178154052,3.28528552308764,1,1,0,-0.0134438504526315,0.00591637573857307,0.298890797016672
20200823,1,222,4450,20,6.06830696123734,3.29581218085282,0.0109987042149317,-0.0109987042149317,0.000549935210746586,3.28528552308764,1,1,0,-0.0194439692215838,0.00334786859091465,0.169131771824705
20200823,1,223,4470,20,6.06018922213889,3.30022698415697,0.0071207944298989,-0.0071207944298989,0.000356039721494945,3.28528552308764,1,1,0,-0.0275617083200359,0.00216748114581119,0.109499496958313
20200823,1,224,4490,20,6.05444641411304,3.30335733971971,0.0064286947101067,0.00527343150867825,0.000321434735505335,3.28528552308764,1,1,0,-0.0333045163458792,0.00195681461015442,0.0988567839986419
20200823,1,225,4510,20,6.06406597630712,3.2981171507932,0.0226378062731744,0.0226378062731744,0.00113189031365872,3.28528552308764,1,1,0,-0.023684954151804,0.00689066631015331,0.348111214774602
20200823,1,226,4530,20,6.05105362267568,3.30520951343946,0.0161793055902353,0.0161793055902353,0.000808965279511767,3.28528552308764,1,1,0,-0.0366973077832426,0.00492477913305672,0.248796091602764
20200823,1,227,4550,20,6.04280602532526,3.30972066887146,0.00971307462641931,0.00971307462641931,0.000485653731320965,3.28528552308764,1,1,0,-0.0449449051336615,0.00295653895473005,0.149362096600584
20200823,1,228,4570,20,6.03272470218189,3.31525156332204,0.00393188445593537,0.00393188445593537,0.000196594222796769,3.28528552308764,1,1,0,-0.0550262282770291,0.00119681666275388,0.0604622664313095
20200823,1,229,4590,20,6.02235995393403,3.32095725811528,0.00198387276444079,-0.000135498384503752,9.91936382220393e-05,3.28528552308764,1,1,0,-0.0653909765248954,0.000603866163381826,0.0305068587324248
20200823,1,230,4610,20,6.0301022695644,3.31669333386692,0.00981511326692442,0.00981511326692442,0.000490755663346221,3.28528552308764,1,1,0,-0.0576486608945288,0.00298759824616394,0.1509311883523
20200823,1,231,4629,18,5.42015248327652,3.3209397808526,0.00543022908525828,0.00543022908525828,0.00030167939362546,3.28528552308764,1,1,0,-0.0588233541365071,0.00165289410831931,0.0835029516801569
20200823,2,0,10,20,6.02751400517798,3.31811754942732,0.0204031993201583,0.0204031993201583,0.00102015996600792,3.11872074460384,1,1,0,-0.385371802121368,0.00654216936718715,0.330505414594955
20200823,2,1,30,20,6.17485601828175,3.23894191877292,0.0230963356917682,0.0230963356917682,0.00115481678458841,3.11872074460384,1,1,0,-0.238029789017595,0.00740570816791807,0.374130737226599
20200823,2,2,50,20,6.6520796023334,3.00657857326068,0.00680190298951051,-0.00332318563450953,0.000340095149475526,3.11872074460384,1,1,0,0.239193795034053,0.00218099135720295,0.110182022549853
20200823,2,3,70,20,7.40630920817113,2.70040035297671,0.013670506679884,-0.013670506679884,0.000683525333994201,3.11872074460384,1,1,0,0.993423400871787,0.00438336991330096,0.22144451010162
20200823,2,4,90,20,8.60813461390651,2.32338374073401,0.015542566038364,0.00115232520759842,0.000777128301918199,3.11872074460384,1,0,0,2.19524880660716,0.00498363505782186,0.251769448103352
20200823,2,5,110,20,10.9942318113983,1.81913573800262,0.229477208250134,0.229477208250134,0.0114738604125067,3.11986714418738,0,0,1,4.58370242803596,0.0735535193149725,3.71586778508689
20200823,2,6,130,20,30.6050114891256,0.65348774683866,1.72035485262521,-1.6311713629586,0.0860177426312605,3.12200944384096,0,0,1,24.1988809633338,0.551040886829824,27.8381659872506
20200823,2,7,150,20,42.0520979739525,0.475600528001914,2.12456353830198,-2.01571501514245,0.106228176915099,3.12708951809121,0,0,1,35.6563744475572,0.679406050261977,34.3230762942937
20200823,2,8,170,20,12.27313349521,1.62957569131027,0.326146929171932,0.326146929171932,0.0163073464585966,3.13002986773069,0,0,1,5.88341811064073,0.104199302547995,5.26406941738002
20200823,2,9,190,20,8.61217521270171,2.32229367216112,0.0783544120594571,-0.0263254562041271,0.00391772060297285,3.13002986773069,0,0,1,2.22245982813249,0.0250331196092595,1.26465414004112
20200823,2,10,210,20,8.41966529880415,2.37539133566754,0.247109765412512,-0.247109765412512,0.0123554882706256,3.13002986773069,0,0,1,2.02994991423492,0.0789480534866809,3.98839554352579
20200823,2,11,230,20,9.91475466299826,2.01719565231803,0.342238660981831,-0.342238660981831,0.0171119330490915,3.13283098174867,0,0,1,3.53075242460221,0.109242618888684,5.51885391844674
20200823,2,12,250,20,11.5412955476069,1.73290770672163,0.308743710700753,-0.308743710700753,0.0154371855350377,3.13283098174867,0,0,1,5.15729330921084,0.0985510270102156,4.97872283835023
20200823,2,13,270,20,11.1798892558922,1.78892648596312,0.174492230743406,-0.174492230743406,0.0087246115371703,3.13283098174867,0,0,1,4.79588701749611,0.0556979395824312,2.81381749395018
20200823,2,14,290,20,10.4207428407176,1.91924897348516,0.101322555501586,-0.101322555501586,0.0050661277750793,3.13563711378123,0,0,1,4.04245374849469,0.0323132275275956,1.63243964830292
20200823,2,15,310,20,8.5699082294382,2.33374727763113,0.0195591779620864,0.00878089428676831,0.000977958898104318,3.13697659143311,1,0,0,2.1943426435748,0.00623504109514278,0.314989528168202
20200823,2,16,330,20,7.69925496479311,2.59765394073262,0.0713784518424129,0.0713784518424129,0.00356892259212064,3.13697659143311,0,0,1,1.32368937892971,0.0227539000569348,1.14950970387408
20200823,2,17,350,20,7.35807645920264,2.71810168199412,0.130927363210881,0.130927363210881,0.00654636816054405,3.13697659143311,0,0,1,0.982510873339237,0.0417367995567566,2.10851133120439
20200823,2,18,370,20,7.14021594759305,2.80103573152321,0.0742542405127779,0.0741963462561088,0.00371271202563889,3.13831721396693,0,0,1,0.767373868089123,0.0236605274260718,1.19531182816983
20200823,2,19,390,20,6.84417619367653,2.92219245005387,0.0173706477903871,-0.00975541828825908,0.000868532389519355,3.14219558262176,1,1,0,0.479200025225367,0.00552818796081864,0.279279846087931
20200823,2,20,410,20,6.85686260801285,2.91678587472764,0.0844593816006308,0.0844593816006308,0.00422296908003154,3.14219558262176,0,0,1,0.491886439561682,0.0268790975545069,1.35791154013033
20200823,2,21,430,20,6.7705723550441,2.9539600127159,0.076058337831473,0.076058337831473,0.00380291689157365,3.1460835490031,0,0,1,0.413462097645691,0.0241755619794565,1.22133098161011
20200823,2,22,450,20,6.63076205992778,3.01624456121984,0.0255099849802026,0.0255099849802026,0.00127549924901013,3.15711919511864,1,1,0,0.295872952502605,0.00808014629908327,0.408202838031174
20200823,2,23,470,20,6.56141473996144,3.04812312475732,0.0171204838267345,0.0171204838267345,0.000856024191336727,3.15711919511864,1,1,0,0.226525632536265,0.00542281832539147,0.273956652344699
20200823,2,24,490,20,6.52234518223776,3.06638171412114,0.0243506175602461,0.0243506175602461,0.00121753087801231,3.15956679499014,1,1,0,0.192363479773888,0.00770694818000266,0.38934915324407
20200823,2,25,510,20,6.47922191213371,3.08679040033276,0.013335176985245,0.0130112955222222,0.000666758849262248,3.16201819287671,1,1,0,0.154147614631142,0.00421729926010103,0.213054747164086
20200823,2,26,530,20,6.42600531051215,3.11235348145176,0.0164117444578113,-0.0164117444578113,0.000820587222890563,3.1658933097934,1,1,0,0.108673030826083,0.0051839221514645,0.261887799556372
20200823,2,27,550,20,6.40284680067464,3.12361057864022,0.0305958303215268,-0.0305958303215268,0.00152979151607634,3.16977793643194,0,0,1,0.0932565388050648,0.00965235765252596,0.487629758374554
20200823,2,28,570,20,6.41524223123633,3.11757518720312,0.00982580165704708,-0.00916248130402786,0.000491290082852354,3.17255247227083,1,1,0,0.111169981901868,0.00309712817768275,0.156464557086034
20200823,2,29,590,20,6.41627325868586,3.11707422574709,0.00965446960613312,0.00965446960613312,0.000482723480306656,3.17533186951853,1,1,0,0.117719021886501,0.00304046002208802,0.153601725017958
20200823,2,30,610,20,6.41052938336236,3.11986714418738,0.0230607121466443,0.0230607121466443,0.00115303560733222,3.17255247227083,1,1,0,0.106457134027893,0.00726881977467754,0.367215239840042
20200823,2,31,630,20,6.40173166822132,3.12415468759516,0.0185709282548873,0.0185709282548873,0.000928546412744363,3.17255247227083,1,1,0,0.0976594188868498,0.00585362367280081,0.2957206104393
20200823,2,32,650,20,6.37828909222287,3.13563711378123,0.00272779673102501,0.00195947405869423,0.000136389836551251,3.17255247227083,1,1,0,0.0742168428884051,0.000859811383694003,0.0434370163613526
20200823,2,33,670,20,6.37284207950393,3.13831721396693,0.00570236769445165,0.00552923082516843,0.000285118384722582,3.17255247227083,1,1,0,0.068769830169459,0.0017974068969047,0.0908036277135907
20200823,2,34,690,20,6.38971538456923,3.13002986773069,0.0171644805584369,0.0171644805584369,0.000858224027921845,3.17255247227083,1,1,0,0.0856431352347622,0.00541030627813415,0.273324553245132
20200823,2,35,710,20,6.3571102573984,3.1460835490031,0.00548612635817558,-0.00221815414949234,0.000274306317908779,3.17255247227083,1,1,0,0.053038008063937,0.00172924684654585,0.0873602338730625
20200823,2,36,730,20,6.33488910742517,3.15711919511864,0.0166189809882984,-0.0166189809882984,0.000830949049414922,3.17255247227083,1,1,0,0.0308168580907031,0.00523836284302746,0.264638101837768
20200823,2,37,750,20,6.32672660136433,3.16119239223757,0.0300441747126698,-0.0300441747126698,0.00150220873563349,3.17255247227083,0,0,1,0.0226543520298614,0.00947003240301489,0.47841882560919
20200823,2,38,770,20,6.56838047970911,3.04489060306168,0.10834748697239,-0.10834748697239,0.0054173743486195,3.17255247227083,0,0,1,0.264308230374639,0.0341515192953886,1.72530874856012
20200823,2,39,790,20,7.53337573346931,2.65485231423463,0.29817709398178,-0.29817709398178,0.014908854699089,3.17255247227083,0,0,1,1.22930348413485,0.0939864971778869,4.74812626709186
20200823,2,40,810,20,9.21266545996946,2.17092437437387,0.490460730768221,-0.490460730768221,0.0245230365384111,3.17255247227083,0,0,1,2.90859321063499,0.154594994111212,7.81002137903979
20200823,2,41,830,20,10.7814271683189,1.85504197985678,0.634463994229403,-0.634463994229403,0.0317231997114701,3.17255247227083,0,0,1,4.47735491898448,0.199985342961174,10.103107238374
20200823,2,42,850,20,11.2848824345619,1.77228253071973,0.588564088821823,-0.588564088821823,0.0294282044410912,3.16977793643194,0,0,1,4.97529217269232,0.185679912165816,9.3804077681198
20200823,2,43,870,20,9.91260821167606,2.01763245080563,0.370615377905598,-0.370615377905598,0.0185307688952799,3.1658933097934,0,0,1,3.59527593198999,0.117065024509554,5.91403589368309
20200823,2,44,890,20,8.6575628302852,2.31011895519113,0.0614775049420411,-0.0524047647341168,0.00307387524710206,3.16201819287671,0,0,1,2.33248853278263,0.0194424893191746,0.982219755028233
20200823,2,45,910,20,7.69161436113956,2.60023436705905,0.0431312949344059,0.0431312949344059,0.0021565647467203,3.15711919511864,0,0,1,1.35672525371439,0.0136615985234555,0.690173554153314
20200823,2,46,930,20,7.20213980654887,2.7769524804023,0.0598228803946074,0.0598228803946074,0.00299114401973037,3.15711919511864,0,0,1,0.867250699123701,0.0189485656693299,0.957267108358927
20200823,2,47,950,20,6.94544495978647,2.87958512604999,0.0546134765985828,0.0546134765985828,0.00273067382992914,3.15711919511864,0,0,1,0.6105558523613,0.0172985159011491,0.873907850576615
20200823,2,48,970,20,6.7476705857743,2.96398582974171,0.0192424741829994,-0.00101226515683326,0.000962123709149969,3.15711919511864,1,1,0,0.412781478349131,0.00609494700508964,0.307912081419797
20200823,2,49,990,20,6.63495252676222,3.01433957806474,0.0356647534941424,-0.0356647534941424,0.00178323767470712,3.15159171145736,0,0,1,0.288952844350433,0.0113164257173561,0.571697209828717
20200823,2,50,1010,20,6.58153993299857,3.03880249965876,0.0380274009123856,-0.0380274009123856,0.00190137004561928,3.1460835490031,0,0,1,0.224429675600162,0.0120872190201164,0.610637100528204
20200823,2,51,1030,20,6.54412682520274,3.05617548898594,0.0405522648641016,-0.0405522648641016,0.00202761324320508,3.14219558262176,0,0,1,0.179150656751574,0.0129057099718363,0.651986640131566
20200823,2,52,1050,20,6.4471228414468,3.1021589772457,0.0433607870258195,-0.0433607870258195,0.00216803935129097,3.13831721396693,0,0,1,0.0742807619428731,0.0138165724079275,0.698002716784856
20200823,2,53,1070,20,6.36435799888039,3.14250078382114,0.0416423607014142,-0.0416423607014142,0.00208211803507071,3.14219558262176,0,0,1,-0.000618169570770988,0.0132526316731274,0.669512860301331
20200823,2,54,1090,20,6.32507429750257,3.16201819287671,0.0227346020931658,-0.0227346020931658,0.00113673010465829,3.1460835490031,1,1,0,-0.0320359598958371,0.00722631860821679,0.36506811327491
20200823,2,55,1110,20,6.30959026186957,3.16977793643194,0.00539898594420061,0.00282711895366212,0.00026994929721003,3.13831721396693,1,1,0,-0.0632518176343524,0.00172034424059259,0.0869104809996021
20200823,2,56,1130,20,6.29855423679936,3.17533186951853,0.0120709073523634,0.0120709073523634,0.000603545367618172,3.13831721396693,1,1,0,-0.0742878427045639,0.00384629931564675,0.194312112485203
20200823,2,57,1150,20,6.28715175190797,3.18109070517195,0.0178642244706285,0.0178642244706285,0.000893211223531427,3.13831721396693,1,1,0,-0.0856903275959553,0.00569229407120627,0.287570361818579
20200823,2,58,1170,20,6.28355734633493,3.18291039575943,0.0275060045808146,0.0275060045808146,0.00137530022904073,3.13831721396693,1,1,0,-0.089284733168995,0.00876457117158214,0.442779461403063
20200823,2,59,1190,20,6.29199896240641,3.17864006645527,0.0379803813687311,0.0379803813687311,0.00189901906843655,3.13831721396693,0,0,1,-0.0808431170975155,0.0121021486291128,0.611391333005866
20200823,2,60,1210,20,6.29107954717722,3.17910461154062,0.0305259944361679,0.0305259944361679,0.00152629972180839,3.13831721396693,0,0,1,-0.0817625323267066,0.00972686709307567,0.49139391857249
20200823,2,61,1230,20,6.26303160692885,3.19334170018778,0.0152465951726425,-0.00578993557154948,0.000762329758632123,3.13831721396693,1,1,0,-0.109810472575077,0.00485820716426887,0.245432926433885
20200823,2,62,1250,20,6.23041802706598,3.21005748139477,0.0522110947746709,-0.0522110947746709,0.00261055473873355,3.13831721396693,0,0,1,-0.142424052437946,0.0166366530898495,0.840471045355597
20200823,2,63,1270,20,6.24296079873477,3.20360813478971,0.051933671369931,-0.051933671369931,0.00259668356849655,3.13831721396693,0,0,1,-0.129881280769155,0.0165482543124712,0.836005206437756
20200823,2,64,1290,20,6.24799816795587,3.20102526639237,0.0281127159652466,-0.0281127159652466,0.00140563579826233,3.13831721396693,1,1,0,-0.124843911548055,0.00895789496362325,0.452546032161699
20200823,2,65,1310,20,6.21826083120754,3.21633339978698,0.0249879962434652,-0.0249879962434652,0.00124939981217326,3.13831721396693,1,1,0,-0.154581248296381,0.00796222769714207,0.40224568005564
20200823,2,66,1330,20,6.19116333866225,3.230410652406,0.0306076112714716,-0.0306076112714716,0.00153038056357358,3.13831721396693,0,0,1,-0.181678740841676,0.00975287365319665,0.492707750185912
20200823,2,67,1350,20,6.17776040853266,3.23741917416807,0.0329078570262599,-0.0329078570262599,0.00164539285131299,3.13831721396693,0,0,1,-0.195081670971263,0.0104858288001624,0.52973608606826
20200823,2,68,1370,20,6.17267712581224,3.24008523244576,0.0218487224036469,-0.0218487224036469,0.00109243612018234,3.13831721396693,1,1,0,-0.200164953691683,0.00696192287586806,0.351711042212926
20200823,2,69,1390,20,6.16530703858302,3.24395847195254,0.0106615893495449,-0.0106615893495449,0.000533079467477244,3.13831721396693,1,1,0,-0.207535040920902,0.00339723126205853,0.171625536381421
20200823,2,70,1410,20,6.13783803641513,3.2584763366746,0.0144696377815466,-0.0144696377815466,0.000723481889077329,3.1460835490031,1,1,0,-0.219272220983272,0.00459925413809546,0.23235081674328
20200823,2,71,1430,20,6.1268820355109,3.26430309643333,0.00984588352509825,-0.00972885583051331,0.000492294176254913,3.1460835490031,1,1,0,-0.230228221887502,0.0031295683575276,0.158103410268731
20200823,2,72,1450,20,6.13441578287222,3.26029416783935,0.00800260712247938,0.00800260712247938,0.000400130356123969,3.1460835490031,1,1,0,-0.22269447452618,0.00254367279121216,0.128504412415563
20200823,2,73,1470,20,6.11992972767541,3.26801138084257,0.00331739898488292,-9.85294081289114e-05,0.000165869949244146,3.15159171145736,1,1,0,-0.226069954736374,0.00105261064522501,0.0531770882380464
20200823,2,74,1490,20,6.11208141516704,3.27220772131246,0.0027949918673734,-0.00237370657597209,0.00013974959336867,3.15711919511864,1,1,0,-0.22280769225813,0.000885298176798284,0.0447245897408917
20200823,2,75,1510,20,6.11823390276754,3.26891719372696,0.00507119001473901,0.00507119001473901,0.000253559500736951,3.15711919511864,1,1,0,-0.216655204657628,0.00160627131930267,0.0811476038821005
20200823,2,76,1530,20,6.11362986910547,3.27137893987788,0.00252878839465569,0.00182547130223907,0.000126439419732784,3.15711919511864,1,1,0,-0.221259238319704,0.000800979702814376,0.0404648846433993
20200823,2,77,1550,20,6.11021143713936,3.27320915254014,0.00534309219400488,-0.00534309219400488,0.000267154609700244,3.15159171145736,1,1,0,-0.235788245272431,0.00169536306831259,0.0856484511990776
20200823,2,78,1570,20,6.1117909360845,3.27236324166758,0.0100729133313113,-0.0100729133313113,0.000503645666565566,3.15159171145736,1,1,0,-0.234208746327283,0.00319613524007316,0.161466318484522
20200823,2,79,1590,20,6.1362558988817,3.25931648379346,0.00891150479078515,-0.00891150479078515,0.000445575239539258,3.15711919511864,1,1,0,-0.198633208543471,0.0028226697314956,0.142599125383648
20200823,2,80,1610,20,6.62671767872087,3.01808541870167,0.00347701499983453,-0.00343863266418145,0.000173850749991726,3.15956679499014,1,1,0,0.296735976256996,0.00110047206640725,0.0555950107898956
20200823,2,81,1630,20,8.00041617788281,2.49986995117705,0.042218443863551,0.042218443863551,0.00211092219317755,3.1658933097934,0,0,1,1.68308389819674,0.0133353969108662,0.673694097086503
20200823,2,82,1650,20,11.9056909394762,1.67986890485164,0.362437344310427,0.362437344310427,0.0181218672155213,3.16977793643194,0,0,1,5.59610067760667,0.114341556909947,5.77644838446042
20200823,2,83,1670,20,53.0813648486134,0.376780063154734,2.28876318479757,2.28876318479757,0.114438159239878,3.17255247227083,0,0,1,46.7772925992789,0.721426423929036,36.44591357361
20200823,2,84,1690,20,15.7569609889737,1.26928028913669,0.514342516947313,0.514342516947313,0.0257171258473656,3.17533186951853,0,0,1,9.45840675217431,0.161980711964227,8.18314222078002
20200823,2,85,1710,20,9.18358374067623,2.17779905587569,0.0306907829632162,0.0293241679909741,0.00153453914816081,3.17820867863038,0,0,1,2.89073074632256,0.00965662927345667,0.487845557411151
20200823,2,86,1730,20,7.82250419714353,2.55672601713697,0.056504436066394,-0.056504436066394,0.0028252218033197,3.18109070517195,0,0,1,1.53535244523556,0.01776259821027,0.897352935436617
20200823,2,87,1750,20,7.50372109822365,2.66534426562504,0.144162563085363,-0.144162563085363,0.00720812815426813,3.18200029030909,0,0,1,1.2183665491022,0.0453056410850796,2.28880648755697
20200823,2,88,1770,20,8.10401587741603,2.46791224283448,0.230852714720614,-0.230852714720614,0.0115426357360307,3.18109070517195,0,0,1,1.81686412550806,0.0725703024894208,3.66619641977563
20200823,2,89,1790,20,8.0057874107822,2.49819274154894,0.189150832781724,-0.189150832781724,0.00945754163908622,3.17820867863038,0,0,1,1.71293441642854,0.0595149192227482,3.00664839876453
20200823,2,90,1810,20,7.57266761582946,2.64107722861006,0.0532959760390345,-0.0532959760390345,0.00266479880195172,3.17533186951853,0,0,1,1.2741133790301,0.0167843797842509,0.847934085463478
20200823,2,91,1830,20,7.18710981623644,2.78275976176375,0.00921967810967636,0.00748237321261413,0.000460983905483818,3.17255247227083,1,1,0,0.883037566901977,0.00290607584595036,0.146812738772486
20200823,2,92,1850,20,6.93510443150967,2.88387870687714,0.0138297110724278,0.0138297110724278,0.000691485553621391,3.1658933097934,1,1,0,0.617772151823601,0.00436834400882901,0.220685412849862
20200823,2,93,1870,20,6.79174164521714,2.94475276663156,0.016776198670375,0.016776198670375,0.000838809933518749,3.16201819287671,1,1,0,0.466667347714576,0.00530553515098928,0.26803159568456
20200823,2,94,1890,20,6.70507609507195,2.98281476845572,0.0190732199879704,0.0190732199879704,0.000953660999398522,3.13336621123356,1,1,0,0.322164347221615,0.00608713399652751,0.307517374176812
20200823,2,95,1910,20,6.65548451862685,3.00504042102804,0.0253628340927571,0.0253628340927571,0.00126814170463785,3.11164591696675,1,1,0,0.228017983650375,0.00815093836816783,0.411779199453454
20200823,2,96,1930,20,6.64054109755227,3.01180275917155,0.0445804074696119,0.0445804074696119,0.00222902037348059,3.10843405406074,0,0,1,0.20643323096499,0.0143417575197948,0.724534668710067
20200823,2,97,1950,20,6.63117843547457,3.01605516947135,0.0551033612389079,0.0551033612389079,0.00275516806194539,3.10522881493279,0,0,1,0.190429237276476,0.0177453464858758,0.896481391457337
20200823,2,98,1970,20,6.59188609321893,3.03403300924359,0.0381942755274192,0.0381942755274192,0.00190971377637096,3.10522881493279,0,0,1,0.151136895020841,0.0122999874739491,0.621386000793521
20200823,2,99,1990,20,6.53851080994366,3.05880047939729,0.0126381742009311,0.0126381742009311,0.000631908710046557,3.10843405406074,1,1,0,0.104402943356376,0.00406576880227558,0.205399543824571
20200823,2,100,2010,20,6.51135969903271,3.07155508594788,0.0102767674622787,-0.0102388893525077,0.000513838373113933,3.10843405406074,1,1,0,0.0772518324454268,0.00330609151860677,0.167021225944782
20200823,2,101,2030,20,6.647331243498,3.00872624928429,0.0516631943750486,-0.0516631943750486,0.00258315971875243,3.10843405406074,0,0,1,0.213223376910719,0.0166203282670764,0.839646327740386
20200823,2,102,2050,20,7.18081514995686,2.78519911491109,0.0928426606104179,-0.0928426606104179,0.0046421330305209,3.10843405406074,0,0,1,0.746707283369574,0.0298679846494192,1.50890784013994
20200823,2,103,2070,20,7.47505907935761,2.67556413771097,0.103887640066103,-0.103887640066103,0.00519438200330516,3.10843405406074,0,0,1,1.04095121277032,0.0334212141095252,1.68841428669472
20200823,2,104,2090,20,7.19580193114098,2.77939834800716,0.0443838459491432,-0.0443838459491432,0.00221919229745716,3.10843405406074,0,0,1,0.761694064553694,0.014278522618539,0.721340089651746
20200823,2,105,2110,20,6.98563743395982,2.86301718190704,0.0086821086948331,0.00388084537775686,0.000434105434741655,3.10522881493279,1,1,0,0.544888235761732,0.00279596423074575,0.141249983821896
20200823,2,106,2130,20,6.85350985329603,2.91821277390905,0.02881281662667,0.02881281662667,0.0014406408313335,3.10382663580696,0,0,1,0.409850993850683,0.00928299805610082,0.468969992828985
20200823,2,107,2150,20,6.78010230154734,2.94980799853649,0.0510953665318179,0.0510953665318179,0.0025547683265909,3.10320801807327,0,0,1,0.335158912796488,0.0164653372362521,0.83181629888818
20200823,2,108,2170,20,6.68927535018338,2.98986047860202,0.0456385657558907,0.0456385657558907,0.00228192828779454,3.10258964688147,0,0,1,0.243047432127014,0.0147098298357837,0.743129401828256
20200823,2,109,2190,20,6.66668426569345,2.99999208045885,0.0585031554606064,0.0585031554606064,0.00292515777303032,3.10246469708113,0,0,1,0.2201967298912,0.018856993124095,0.952640933105784
20200823,2,110,2210,20,6.80421000230126,2.93935666201304,0.0571320881299948,0.0571320881299948,0.00285660440649974,3.10246469708113,0,0,1,0.357722466499014,0.0184150647012183,0.930315045708748
20200823,2,111,2230,20,7.88780998067591,2.53555803816235,0.0520522346994328,0.0520522346994328,0.00260261173497164,3.10233975734452,0,0,1,1.44106282712778,0.0167783797942194,0.847630970536054
20200823,2,112,2250,20,10.1587139523397,1.9687531407845,0.144333120922159,-0.142932978183176,0.00721665604610793,3.09993405286354,0,0,1,3.706963799292,0.0465600617499692,2.35217886431097
20200823,2,113,2270,20,15.3701834220756,1.30122064589514,0.691436037085204,-0.691436037085204,0.0345718018542602,3.09861199200651,0,0,1,8.91568055059827,0.223143794340467,11.2730545669894
20200823,2,114,2290,20,16.0108533901075,1.24915265368411,0.733247679333173,-0.733247679333173,0.0366623839666587,3.09861199200651,0,0,1,9.55635051863021,0.236637462588002,11.9547444114814
20200823,2,115,2310,20,10.323834877855,1.93726461500278,0.382385443016034,-0.382385443016034,0.0191192721508017,3.09729105833462,0,0,1,3.86657928794807,0.123458026970716,6.23700550977564
20200823,2,116,2330,20,8.95456694710106,2.23349717726716,0.327313458189183,-0.327313458189183,0.0163656729094592,3.09125009891704,0,0,1,2.4846925079521,0.105883848836382,5.3491714130942
20200823,2,117,2350,20,8.3500720120901,2.39518892424424,0.23912018257489,-0.23912018257489,0.0119560091287445,3.09125009891704,0,0,1,1.88019757294114,0.0773538778562955,3.90785900463697
20200823,2,118,2370,20,7.84579088030659,2.54913753184541,0.0454511912930044,-0.0412711136358177,0.00227255956465022,3.09125009891704,0,0,1,1.37591644115764,0.0147031750387739,0.742793206550924
20200823,2,119,2390,20,7.34188279323655,2.72409687858601,0.0535958109697788,0.0535958109697788,0.00267979054848894,3.08523265821448,0,0,1,0.859389504845581,0.0173717242448731,0.877606280353697
20200823,2,120,2410,20,7.06966677030266,2.8289876524327,0.0831079378197013,0.0831079378197013,0.00415539689098507,3.07837867941977,0,0,1,0.572740276590822,0.0269973081529287,1.3638834495457
20200823,2,121,2430,20,6.89617271002282,2.90015938419469,0.0824501965163908,0.0824501965163908,0.00412250982581954,3.08523265821448,0,0,1,0.413679421631855,0.026724142277201,1.35008331751864
20200823,2,122,2450,20,6.78708730330925,2.94677217283597,0.0832388383342755,0.0832388383342755,0.00416194191671378,3.07837867941977,0,0,1,0.290160809597411,0.0270398307039876,1.36603165644445
20200823,2,123,2470,20,6.71436837378678,2.97868673367415,0.0737290048682907,0.0737290048682907,0.00368645024341454,3.07155508594788,0,0,1,0.203008674754074,0.0240038035474587,1.21265387641893
20200823,2,124,2490,20,6.65804696100236,3.00388388924626,0.0545603565364146,0.0545603565364146,0.00272801782682073,3.07155508594788,0,0,1,0.146687261969646,0.0177631053358033,0.897378555032382
20200823,2,125,2510,20,6.60821419094054,3.02653628077292,0.0245434208332265,0.0245434208332265,0.00122717104166133,3.0667805467531,1,1,0,0.0867172350613146,0.00800299221253748,0.404305072331404
20200823,2,126,2530,20,6.56595578359133,3.04601502952259,0.00928576075843108,-0.00866004014747248,0.000464288037921554,3.06040980651877,1,1,0,0.0308832722566308,0.00303415599396267,0.153283250317557
20200823,2,127,2550,20,6.55160694784286,3.05268618206486,0.022409926053994,-0.022409926053994,0.0011204963026997,3.05880047939729,1,1,0,0.0130961378991969,0.0073263771877039,0.370122996516398
20200823,2,128,2570,20,6.53584287233184,3.06004908481903,0.0286448504048342,-0.0286448504048342,0.00143224252024171,3.05574027217642,0,0,1,-0.00921600656141575,0.00937411162383646,0.473572980888379
20200823,2,129,2590,20,6.51203216351587,3.07123790205636,0.0488029249852129,-0.0488029249852129,0.00244014624926065,3.05268618206486,0,0,1,-0.0395747843269874,0.0159868791204087,0.807644959219682
20200823,2,130,2610,20,6.5114653668129,3.07150524088393,0.0645858971462409,-0.0645858971462409,0.00322929485731205,3.04934695712537,0,0,1,-0.047315998904196,0.0211802389345443,1.07000954230745
20200823,2,131,2630,20,6.52451739153025,3.06536082284995,0.0821667820164352,-0.0821667820164352,0.00410833910082176,3.05268618206486,0,0,1,-0.0270895563126032,0.0269162229970383,1.35978708921614
20200823,2,132,2650,20,6.540102967547,3.05805582866861,0.109756892897099,-0.109756892897099,0.00548784464485496,3.05268618206486,0,0,1,-0.0115039802958563,0.035954201103914,1.81637886079196
20200823,2,133,2670,20,6.58134331310748,3.03889328492677,0.123315199819885,-0.123315199819885,0.00616575999099427,3.04934695712537,0,0,1,0.0225619473903862,0.0404398717344172,2.04299152522506
20200823,2,134,2690,20,6.60653090467144,3.02730741573586,0.125583574691277,-0.125583574691277,0.00627917873456385,3.04601502952259,0,0,1,0.04057512108011,0.0412288099284133,2.08284808201252
20200823,2,135,2710,20,6.61621345131539,3.02287708024652,0.126554479551049,-0.126554479551049,0.00632772397755244,3.03327909229965,0,0,1,0.0226889547491274,0.0417220030535017,2.10776382312743
20200823,2,136,2730,20,6.6239948669629,3.01932601121866,0.0965420501727438,-0.0965420501727438,0.00482710250863719,3.02653628077292,0,0,1,0.0157806760223593,0.031898527298701,1.61148930853169
20200823,2,137,2750,20,6.59661746918687,3.03185687110417,0.0412731474236903,-0.0412731474236903,0.00206365737118451,3.02228033222091,0,0,1,-0.0209023507906059,0.0136562935554561,0.689905551209696
20200823,2,138,2770,20,6.53163421272575,3.0620208279627,0.0129396584094687,-0.0129396584094687,0.000646982920473436,3.02228033222091,1,1,0,-0.0858856072517247,0.00428142229941987,0.21629419428104
20200823,2,139,2790,20,6.48249328839097,3.08523265821448,0.00357974357631838,0.00257318824644863,0.000178987178815919,3.02228033222091,1,1,0,-0.135026531586504,0.0011844512033362,0.0598375728377753
20200823,2,140,2810,20,6.45725558990694,3.09729105833462,0.0135137509230701,0.0135137509230701,0.000675687546153507,3.02228033222091,1,1,0,-0.160264230070537,0.00447137572878278,0.225890496883691
20200823,2,141,2830,20,6.44674715354813,3.10233975734452,0.0179954378280947,0.0179954378280947,0.000899771891404735,3.02228033222091,1,1,0,-0.170772666429342,0.00595425832482945,0.300804596426909
20200823,2,142,2850,20,6.44365885944535,3.10382663580696,0.0155464612986548,0.0155464612986548,0.00077732306493274,3.02653628077292,1,1,0,-0.164555331495194,0.00513671730863393,0.259503046842867
20200823,2,143,2870,20,6.44622791805637,3.10258964688147,0.0203443668281379,0.0203443668281379,0.00101721834140689,3.03327909229965,1,1,0,-0.147296578509896,0.00670705405242285,0.338835263334046
20200823,2,144,2890,20,6.44074919819809,3.10522881493279,0.00990087568783849,0.00990087568783849,0.000495043784391924,3.04303060128336,1,1,0,-0.131646094693565,0.00325362343831276,0.164370578482558
20200823,2,145,2910,20,6.42746653497647,3.11164591696675,0.00188928113812561,0.00173700904208798,9.44640569062805e-05,3.04601502952259,1,1,0,-0.13848924861486,0.000620246820785293,0.031334397070644
20200823,2,146,2930,20,6.45175015304767,3.09993405286354,0.00624620625058441,-0.00624620625058441,0.00031231031252922,3.04934695712537,1,1,0,-0.107031212669426,0.00204837505813793,0.103482348107861
20200823,2,147,2950,20,7.18109630538152,2.78509006835238,0.00815093630735433,-0.00325482661004166,0.000407546815367716,3.04934695712537,1,1,0,0.62231493966442,0.00267301045829112,0.135038452866285
20200823,2,148,2970,20,8.55876351198367,2.3367861458021,0.0856501871044226,0.0856501871044226,0.00428250935522113,3.04934695712537,0,0,1,1.99998214626658,0.0280880425575335,1.41898652107653
20200823,2,149,2990,20,11.9342448665006,1.67584964308382,0.173111190846994,0.149361692275881,0.0086555595423497,3.04934695712537,0,0,1,5.37546350078355,0.056769922636218,2.86797326151675
20200823,2,150,3010,20,54.7260613261631,0.365456594451436,2.46766129602719,2.45385622735083,0.123383064801359,3.04303060128336,0,0,1,48.1536660332714,0.810922274323,40.9671757847873
20200823,2,151,3030,20,14.3299567642027,1.39567762339391,0.243010248600299,0.217616212731508,0.0121505124300149,3.04303060128336,0,0,1,7.75756147131108,0.0798579707012517,4.03436386830765
20200823,2,152,3050,20,9.48790345747739,2.10794724984665,0.139196997465478,0.139196997465478,0.00695984987327392,3.04303060128336,0,0,1,2.91550816458573,0.0457428845463381,2.31089569426064
20200823,2,153,3070,20,8.49579968502189,2.35410446826566,0.092909654014803,0.092909654014803,0.00464548270074015,3.04303060128336,0,0,1,1.92340439213024,0.0305319486355542,1.54245079511361
20200823,2,154,3090,20,7.61710814822504,2.62566837844628,0.0851043933917881,0.0851043933917881,0.0042552196695894,3.04303060128336,0,0,1,1.04471285533339,0.0279669857266294,1.41287082216354
20200823,2,155,3110,20,7.16251978722107,2.79231340284501,0.0567055680474389,0.0567055680474389,0.00283527840237194,3.04303060128336,0,0,1,0.590124494329416,0.0186345704257867,0.941404307761228
20200823,2,156,3130,20,6.83493426803057,2.92614372219308,0.0266062335878825,-0.0198798268413251,0.00133031167939413,3.04601502952259,1,1,0,0.268978484439231,0.00873476766529696,0.441273810960784
20200823,2,157,3150,20,6.66564269045148,3.0004608600833,0.0962030275528539,-0.0962030275528539,0.00481015137764269,3.04934695712537,0,0,1,0.106861324734382,0.0315487312219613,1.59381787710309
20200823,2,158,3170,20,6.66510556742833,3.00070265919536,0.144009824778913,-0.144009824778913,0.00720049123894563,3.04934695712537,0,0,1,0.106324201711232,0.0472264477620058,2.38584417818882
20200823,2,159,3190,20,6.73958583045646,2.96754140434256,0.126520212758154,-0.126520212758154,0.0063260106379077,3.04934695712537,0,0,1,0.180804464739367,0.0414909206912372,2.0960897181541
20200823,2,160,3210,20,6.74653084189026,2.96448655890178,0.0509004562969517,-0.0509004562969517,0.00254502281484759,3.04934695712537,0,0,1,0.187749476173167,0.0166922482133472,0.843279668659241
20200823,2,161,3230,20,6.68225877157238,2.99299992467874,0.0079627197622085,-0.00325438077197628,0.000398135988110425,3.04934695712537,1,1,0,0.123477405855283,0.00261128689984002,0.131920225695574
20200823,2,162,3250,20,6.6268254490144,3.01803633638405,0.0106403876137513,0.0106403876137513,0.000532019380687567,3.04934695712537,1,1,0,0.068044083297309,0.00348939880025397,0.176281770225849
20200823,2,163,3270,20,6.57883480219198,3.04005201549312,0.00868656713567763,-0.00413281783527495,0.000434328356783882,3.04934695712537,1,1,0,0.0200534364748819,0.00284866473307665,0.143912373068435
20200823,2,164,3290,20,6.52420821465489,3.06550608778477,0.054190038217658,-0.054190038217658,0.0027095019108829,3.04934695712537,0,0,1,-0.0345731510622045,0.0177710306434736,0.897778935540799
20200823,2,165,3310,20,6.54143211323526,3.05743446599928,0.0742504117807716,-0.0742504117807716,0.00371252058903858,3.08523265821448,0,0,1,0.0589388248442901,0.0240663898014559,1.21581568631169
20200823,2,166,3330,20,6.59349225077221,3.03329392669835,0.0481042362259331,-0.0481042362259331,0.00240521181129666,3.08523265821448,0,0,1,0.110998962381245,0.0155917694238893,0.787684318225943
20200823,2,167,3350,20,6.95536845408333,2.87547671011713,0.0852695595938589,-0.0852695595938589,0.00426347797969295,3.08523265821448,0,0,1,0.472875165692358,0.0276379673885622,1.39624906627051
20200823,2,168,3370,20,7.67932327563608,2.60439615342843,0.116794677537682,-0.116794677537682,0.00583973387688408,3.08523265821448,0,0,1,1.19682998724511,0.0378560356628904,1.91245809447218
20200823,2,169,3390,20,9.67966256278282,2.066187728165,0.0705732075801836,-0.0342864421675388,0.00352866037900918,3.08523265821448,0,0,1,3.19716927439185,0.0228745172239381,1.15560319130161
20200823,2,170,3410,20,25.4777457316106,0.784998806828725,3.07402769986638,3.07402769986638,0.153701384993319,3.08523265821448,0,0,1,18.9952524432197,0.996368196635586,50.3357625637043
20200823,2,171,3430,20,12.8254341102695,1.55940140723858,0.130338022796533,0.130338022796533,0.00651690113982666,3.08523265821448,0,0,1,6.34294082187853,0.0422457679000338,2.13422402432943
20200823,2,172,3450,20,11.1436626046486,1.7947420618834,0.102849383329544,0.102849383329544,0.00514246916647721,3.08523265821448,0,0,1,4.66116931625766,0.033336021857446,1.68411043899324
20200823,2,173,3470,20,11.1965876223142,1.78625851684858,0.193036966841053,0.193036966841053,0.00965184834205264,3.08523265821448,0,0,1,4.71409433392319,0.0625680420979238,3.16088984147777
20200823,2,174,3490,20,15.0822591549229,1.32606128793855,0.537102171712363,-0.404180075401131,0.0268551085856182,3.08523265821448,0,0,1,8.59976586653192,0.17408806116528,8.7947962827201
20200823,2,175,3510,20,22.8291796936644,0.876071776050299,1.85728692271967,-1.85728692271967,0.0928643461359834,3.08523265821448,0,0,1,16.3466864052734,0.601992500557328,30.4122027133178
20200823,2,176,3530,20,15.1478379522841,1.32032043536512,0.311212487419772,-0.311212487419772,0.0155606243709886,3.09125009891704,0,0,1,8.67796351313518,0.100675285875057,5.08603877858756
20200823,2,177,3550,20,11.554592670019,1.73091346195998,0.170274155862261,-0.170274155862261,0.00851370779311305,3.09861199200651,0,0,1,5.10008979854172,0.0549517513975669,2.7761206350701
20200823,2,178,3570,20,9.26029537044019,2.15975832302737,0.0218215781947676,-0.0218215781947676,0.00109107890973838,3.1011364385482,1,0,0,2.81104671714229,0.00703663918927197,0.355485653469924
20200823,2,179,3590,20,8.85025650390708,2.25982150813038,0.0109120784883446,0.010614736474732,0.000545603924417231,3.10233975734452,1,0,0,2.40350935035895,0.00351737054670147,0.177694881556006
20200823,2,180,3610,20,7.78476519338119,2.56912051978196,0.0431387499323669,-0.0431387499323669,0.00215693749661834,3.10233975734452,0,0,1,1.33801803983306,0.0139052306667055,0.702481664505419
20200823,2,181,3630,20,7.42122937284239,2.6949712770217,0.0996042919317691,-0.0996042919317691,0.00498021459658845,3.10233975734452,0,0,1,0.974482219294259,0.0321061842746155,1.62197998082495
20200823,2,182,3650,20,7.23882979689392,2.76287750384485,0.082376818484549,-0.082376818484549,0.00411884092422745,3.10233975734452,0,0,1,0.792082643345793,0.0265531260041809,1.34144370563386
20200823,2,183,3670,20,7.06917715583018,2.82918358942319,0.012813298544314,-0.00666769005099564,0.000640664927215701,3.10233975734452,1,1,0,0.622430002282044,0.00413020479590594,0.20865480115503
20200823,2,184,3690,20,6.89506679556325,2.90062454693975,0.0170682003000323,0.0170682003000323,0.000853410015001617,3.10233975734452,1,1,0,0.448319642015122,0.00550171858502114,0.277942633378963
20200823,2,185,3710,20,6.7778018546785,2.95080918988427,0.020441664638221,0.020441664638221,0.00102208323191105,3.10233975734452,1,1,0,0.33105470113037,0.00658911216601184,0.332876929044828
20200823,2,186,3730,20,6.72341628675645,2.97467822115898,0.0236772353095986,0.0236772353095986,0.00118386176547993,3.10233975734452,1,1,0,0.276669133208316,0.00763205746680221,0.385565731442157
20200823,2,187,3750,20,6.83662105462145,2.92542176028322,0.0125019514319087,0.0125019514319087,0.000625097571595436,3.10233975734452,1,1,0,0.389873901073315,0.00402984599037272,0.203584750722314
20200823,2,188,3770,20,7.54809307042592,2.6496758602993,0.0152452345013228,0.0152452345013228,0.00076226172506614,3.10233975734452,1,0,0,1.10134591687779,0.00491410860632883,0.248257024718034
20200823,2,189,3790,20,8.87122190127366,2.25448086211535,0.0216016899102088,0.0216016899102088,0.00108008449551044,3.10246469708113,1,0,0,2.42473436547141,0.0069627512379213,0.351752890433062
20200823,2,190,3810,20,10.5073829006101,1.90342354410999,0.0238840379404734,0.0238840379404734,0.00119420189702367,3.10258964688147,1,0,0,4.06115498255372,0.00769809760838986,0.388902029105866
20200823,2,191,3830,20,13.0986098900091,1.52687958248568,0.079192159597237,-0.0688959168109952,0.00395960797986185,3.10320801807327,0,0,1,6.65366650125827,0.0255194492718558,1.28922314425742
20200823,2,192,3850,20,23.5012021300277,0.851020296295646,0.714509203923546,-0.714509203923546,0.0357254601961773,3.10382663580696,0,0,1,17.0575432705823,0.23020267810086,11.6296639992532
20200823,2,193,3870,20,15.1743973218329,1.31800951140406,0.846088306768422,-0.846088306768422,0.0423044153384211,3.10390866990426,0,0,1,8.73090876370566,0.272588016191378,13.7709390033238
20200823,2,194,3890,20,12.0433965591963,1.66066108524245,0.494913834223804,-0.494913834223804,0.0247456917111902,3.10522881493279,0,0,1,5.60264736099816,0.159380794047705,8.05179634746424
20200823,2,195,3910,20,9.49543054920355,2.10627626586954,0.200865044535157,-0.200865044535157,0.0100432522267579,3.10577894362119,0,0,1,3.05582220519148,0.0646746108404478,3.26731209020656
20200823,2,196,3930,20,8.20781869507277,2.43670099730714,0.102191903867414,-0.102191903867414,0.00510959519337068,3.09993405286354,0,0,1,1.7560685420251,0.0329658315708409,1.66540870761234
20200823,2,197,3950,20,7.45586462122492,2.68245213882575,0.0615043538632413,-0.0615043538632413,0.00307521769316207,3.1956620127362,0,0,1,1.19738048858176,0.0192462011370783,0.972303425541381
20200823,2,198,3970,20,7.02944827033866,2.84517350876478,0.0527342070360905,-0.0527342070360905,0.00263671035180453,3.37072638746542,0,0,1,1.09600909403139,0.0156447604979719,0.790361386936112
20200823,2,199,3990,20,6.77954859638476,2.95004891780924,0.0394391794406921,-0.0394391794406921,0.00197195897203461,3.37072638746542,0,0,1,0.846109420077482,0.0117004986187408,0.591100280336717
20200823,2,200,4010,20,6.62088953473199,3.02074213669985,0.0121692860033519,-0.0121599748752517,0.000608464300167595,3.37072638746542,1,1,0,0.687450358424712,0.0036102859159988,0.182388895258232
20200823,2,201,4030,20,6.52166811911957,3.06670005812869,0.0167959466793226,0.0167959466793226,0.000839797333966133,3.37072638746542,1,1,0,0.588228942812293,0.00498288640151305,0.25173162655673
20200823,2,202,4050,20,6.46688062656722,3.09268117890348,0.0372778153182475,0.0372778153182475,0.00186389076591237,3.37072638746542,0,0,1,0.533441450259943,0.0110592824908218,0.558706529837725
20200823,2,203,4070,20,6.30073223427917,3.17423424077441,0.0379784165181209,0.0379784165181209,0.00189892082590605,3.37072638746542,0,0,1,0.367293057971892,0.0112671312211367,0.56920688941727
20200823,2,204,4090,20,6.15306136407116,3.25041451996296,0.0366034696920179,0.0366034696920179,0.0018301734846009,3.37072638746542,0,0,1,0.219622187763889,0.0108592230529698,0.548599679381885
20200823,2,205,4110,20,6.0628353846364,3.29878657940825,0.0351270595496599,0.0351270595496599,0.001756352977483,3.37072638746542,0,0,1,0.129396208329126,0.0104212135640215,0.526471773542664
20200823,2,206,4130,20,5.99530014616676,3.33594641008716,0.0227471481253896,0.0227471481253896,0.00113735740626948,3.37072638746542,1,1,0,0.061860969859481,0.00674844099182256,0.340926099996533
20200823,2,207,4150,20,5.9529942408999,3.35965384656187,0.0164426270055303,0.0164426270055303,0.000822131350276516,3.3961250392778,1,1,0,0.063929566104207,0.00484158469295551,0.244593171841079
20200823,2,208,4170,20,5.93343917630727,3.37072638746542,0.0132569485834134,0.0132569485834134,0.00066284742917067,3.3961250392778,1,1,0,0.0443745015115837,0.00390355137990813,0.197204443174474
20200823,2,209,4190,20,5.90167544820861,3.38886815710457,0.00570006602981441,-0.00460450045853489,0.00028500330149072,3.3961250392778,1,1,0,0.0126107734129164,0.00167840287500915,0.0847916351485056
20200823,2,210,4210,20,5.87645390138277,3.40341306775058,0.0146303572308188,-0.0146303572308188,0.000731517861540938,3.3961250392778,1,1,0,-0.0126107734129164,0.00430795599738282,0.217634656496826
20200823,2,211,4230,20,5.85514798071335,3.41579752823998,0.0305148620773363,-0.0305148620773363,0.00152574310386681,3.3961250392778,0,0,1,-0.0339166940823361,0.00898519981579519,0.453925452500892
20200823,2,212,4250,20,5.84156559097232,3.42373969589735,0.0434065308262704,-0.0434065308262704,0.00217032654131352,3.41456213497687,0,0,1,-0.0157007903101194,0.0127121806868407,0.642209688025349
20200823,2,213,4270,20,5.85884476439423,3.41364224591601,0.0271846156692394,-0.0271846156692394,0.00135923078346197,3.41456213497687,1,1,0,0.00157838311179237,0.007961376772376,0.402202691984434
20200823,2,214,4290,20,5.85568799817065,3.41548251994439,0.00990362493383872,-0.00990362493383872,0.000495181246691936,3.41456213497687,1,1,0,-0.00157838311179059,0.0029004084688902,0.146526427199092
20200823,2,215,4310,20,5.83565538951825,3.42720717126702,0.01506345896536,-0.01506345896536,0.000753172948267999,3.41456213497687,1,1,0,-0.0216109917641907,0.00441153458918153,0.222867368079821
20200823,2,216,4330,20,5.81852882563112,3.43729499317736,0.0258988519491565,-0.0258988519491565,0.00129494259745782,3.41456213497687,1,1,0,-0.0387375556513225,0.00758482374178028,0.383179519622338
20200823,2,217,4350,20,5.819398438711,3.43678134615405,0.0302150285159607,-0.0302150285159607,0.00151075142579803,3.41456213497687,0,0,1,-0.0378679425714372,0.00884887353680134,0.447038352698029
20200823,2,218,4370,20,5.81897133466623,3.43703360091345,0.0395095623896844,-0.0395095623896844,0.00197547811948422,3.41456213497687,0,0,1,-0.038295046616212,0.011570901576214,0.584553136435886
20200823,2,219,4390,20,5.8183998445511,3.43737119041929,0.0502220764753648,-0.0502220764753648,0.00251110382376824,3.41456213497687,0,0,1,-0.038866536731347,0.0147082040068675,0.743047266189472
20200823,2,220,4410,20,5.81503125351173,3.43936242611282,0.0515499218681412,-0.0515499218681412,0.00257749609340706,3.41456213497687,0,0,1,-0.0422351277707085,0.0150970812158,0.76269304665633
20200823,2,221,4430,20,5.81808638633242,3.43755638399991,0.0510047610812649,-0.0510047610812649,0.00255023805406325,3.41456213497687,0,0,1,-0.0391799949500173,0.0149374236183318,0.754627266410848
20200823,2,222,4450,20,5.819200736629,3.43689810769198,0.0509713911229215,-0.0509713911229215,0.00254856955614608,3.41456213497687,0,0,1,-0.0380656446534422,0.0149276507815743,0.754133550139835
20200823,2,223,4470,20,5.8226114073293,3.43488489972466,0.0501783837569629,-0.0501783837569629,0.00250891918784815,3.41456213497687,0,0,1,-0.0346549739531374,0.0146954080123374,0.742400822289909
20200823,2,224,4490,20,5.82321292733945,3.43453008666433,0.0539084437796725,-0.0539084437796725,0.00269542218898362,3.41456213497687,0,0,1,-0.0340534539429873,0.0157878057708965,0.797587925195869
20200823,2,225,4510,20,5.83033325301244,3.43033564842392,0.0518433397042569,-0.0518433397042569,0.00259216698521284,3.41456213497687,0,0,1,-0.0269331282700014,0.0151830125371575,0.767034231574958
20200823,2,226,4530,20,5.83825084465889,3.42568357067031,0.0396067178929021,-0.0396067178929021,0.0019803358946451,3.41456213497687,0,0,1,-0.0190155366235549,0.0115993548593516,0.585990574632941
20200823,2,227,4550,20,5.83789046749757,3.42589504057157,0.0278390019534751,-0.0278390019534751,0.00139195009767376,3.41456213497687,1,1,0,-0.0193759137848692,0.00815302251152731,0.411884488788908
20200823,2,228,4570,20,5.83340398370274,3.42852990395928,0.0203173038707428,-0.0203173038707428,0.00101586519353714,3.41456213497687,1,1,0,-0.0238623975797045,0.00595019304602007,0.300599221637153
20200823,2,229,4590,20,5.83580285656012,3.42712056791255,0.00486235352027968,-0.00287721127280092,0.000243117676013984,3.41456213497687,1,1,0,-0.0214635247223205,0.00142400499041223,0.0719396477416226
20200823,3,0,10,20,6.19128021950666,3.23034966774508,0.0145135429874083,0.0145135429874083,0.000725677149370413,3.03574183222603,1,1,0,-0.396895292550803,0.00478088842514182,0.241526842611092
20200823,3,1,30,20,7.24828458571271,2.75927355824612,0.0223802538378592,0.0223802538378592,0.00111901269189296,3.03574183222603,1,0,0,0.660109073655248,0.0073722520144107,0.372440557828132
20200823,3,2,50,20,8.50111779811322,2.35263179207314,0.0267789597166365,0.0267789597166365,0.00133894798583182,3.03574183222603,1,0,0,1.91294228605576,0.00882122433217587,0.445641535935107
20200823,3,3,70,20,9.75806237725557,2.04958722610922,0.0406601060988065,0.0406601060988065,0.00203300530494032,3.03574183222603,0,0,1,3.1698868651981,0.0133937957658908,0.676644362771851
20200823,3,4,90,20,10.9983411737709,1.81845604568955,0.0686057550776001,0.0686057550776001,0.00343028775388,3.03574183222603,0,0,1,4.41016566171343,0.0225993377794228,1.14170133531272
20200823,3,5,110,20,16.4206218130038,1.21798067258097,0.529930343571326,0.529930343571326,0.0264965171785663,3.03574183222603,0,0,1,9.83244630094631,0.17456370563064,8.81882547890876
20200823,3,6,130,20,22.0417721502506,0.907368058415058,1.07893976006649,1.07893976006649,0.0539469880033243,3.03574183222603,0,0,1,15.4535966381932,0.355412225312759,17.9551549778379
20200823,3,7,150,20,31.9090119203746,0.626782178335944,1.13909995518167,1.13909995518167,0.0569549977590837,3.03574183222603,0,0,1,25.3208364083171,0.375229521525683,18.9563096917244
20200823,3,8,170,20,15.2473302474151,1.31170504445462,0.440192829384386,0.440192829384386,0.0220096414692193,3.03574183222603,0,0,1,8.65915473535769,0.145003380956675,7.32546038644693
20200823,3,9,190,20,9.15584961953758,2.18439585959584,0.111371727590265,-0.111371727590265,0.00556858637951325,3.03574183222603,0,0,1,2.56767410748011,0.0366868244222859,1.85339043294644
20200823,3,10,210,20,8.05910005444338,2.48166667058228,0.103637879144199,-0.103637879144199,0.00518189395720995,3.03574183222603,0,0,1,1.47092454238591,0.0341392268749691,1.72468774484115
20200823,3,11,230,20,7.48380255002044,2.67243822459551,0.0340078261886936,-0.0340078261886936,0.00170039130943468,3.03574183222603,0,0,1,0.89562703796298,0.0112024763857329,0.565940576367062
20200823,3,12,250,20,7.08834654565999,2.82153247886074,0.0247754920286535,-0.0247754920286535,0.00123877460143267,3.03574183222603,1,1,0,0.500171033602526,0.00816126449411748,0.412300867473127
20200823,3,13,270,20,6.86028388996064,2.91533124879395,0.0245409940626105,-0.0245409940626105,0.00122704970313052,3.03574183222603,1,1,0,0.272108377903179,0.0080840188062419,0.40839847414393
20200823,3,14,290,20,6.72258006803469,2.97504824004973,0.0240832303578932,-0.0240832303578932,0.00120416151789466,3.03574183222603,1,1,0,0.134404555977226,0.00793322742475555,0.400780608378263
20200823,3,15,310,20,6.64964719949933,3.007678362471,0.0205817899862608,-0.0205817899862608,0.00102908949931304,3.03574183222603,1,1,0,0.0614716874418653,0.00677982223908965,0.342511456711774
20200823,3,16,330,20,6.62303302503111,3.01976449829134,0.00482998509107166,-0.00149328835504341,0.000241499254553583,3.03574183222603,1,1,0,0.0348575129736437,0.00159103947503005,0.0803781027084349
20200823,3,17,350,20,6.61177221105888,3.02490759838155,0.0200210908377832,0.0200210908377832,0.00100105454188916,3.04448560040465,1,1,0,0.0425179510479978,0.0065761818138086,0.332223697497931
20200823,3,18,370,20,6.62892988766879,3.01707822211308,0.0507426262883889,0.0507426262883889,0.00253713131441945,3.03544053624067,0,0,1,0.0401004373084817,0.0167167255238782,0.844516243747894
20200823,3,19,390,20,6.64968003311009,3.00766351169019,0.0746337275066162,0.0746337275066162,0.00373168637533081,3.03574183222603,0,0,1,0.0615045210526253,0.0245850047966329,1.24201572094483
20200823,3,20,410,20,6.62500973605603,3.01886348802656,0.0572790803306666,0.0572790803306666,0.00286395401653333,3.03574183222603,0,0,1,0.0368342239985671,0.0188682317193835,0.953208698381612
20200823,3,21,430,20,6.58817551205746,3.03574183222603,0.0282890577770766,0.0282890577770766,0.00141445288885383,3.03574183222603,1,1,0,-8.88178419700125e-16,0.00931866388530574,0.470771803361033
20200823,3,22,450,20,6.53089555334242,3.06236714959624,0.0165218235929231,-0.0153056454752444,0.000826091179646156,3.03544053624067,1,1,0,-0.0579338970178895,0.00544297389313548,0.274974896278743
20200823,3,23,470,20,6.74886857318143,2.96345969448505,0.0542126702852765,-0.0542126702852765,0.00271063351426383,3.05466955955043,0,0,1,0.201515541993501,0.0177474745560548,0.896588899942266
20200823,3,24,490,20,7.30785589120876,2.73678084211536,0.0815009379183915,-0.0815009379183915,0.00407504689591957,3.05610163883783,0,0,1,0.76357092835471,0.0266682681238915,1.34726059784139
20200823,3,25,510,20,7.7554080271332,2.57884561715227,0.0912792437007594,-0.0912792437007594,0.00456396218503797,3.05753506151963,0,0,1,1.21419113261302,0.0298538665507216,1.50819460454461
20200823,3,26,530,20,7.4287313899359,2.69224971939288,0.0778252831769924,-0.0778252831769924,0.00389126415884962,3.05994919792327,0,0,1,0.892675166004608,0.0254335213244099,1.28488212978624
20200823,3,27,550,20,7.08800050916281,2.82167022620069,0.0757146086821904,-0.0757146086821904,0.00378573043410952,3.06236714959624,0,0,1,0.557104955820392,0.0247242100582789,1.24904826475894
20200823,3,28,570,20,6.89614913499059,2.90016929861933,0.0480458456941261,-0.0480458456941261,0.0024022922847063,3.06377221445235,0,0,1,0.368248690676722,0.0156819248727061,0.792238902847161
20200823,3,29,590,20,6.7971556400467,2.94240724490202,0.0191321384228313,0.0160069484548266,0.000956606921141565,3.06517856923443,1,1,0,0.272250304761372,0.00624176960352747,0.315329447288065
20200823,3,30,610,20,6.73532256396737,2.96941977315177,0.0507368881973557,0.0507368881973557,0.00253684440986778,3.14559738277225,0,0,1,0.37722978657138,0.0161294921197577,0.814849659347575
20200823,3,31,630,20,6.66753224612546,2.99961053980985,0.038916562161912,0.038916562161912,0.0019458281080956,3.23034966774508,0,0,1,0.476252026618803,0.0120471670762124,0.608613706821564
20200823,3,32,650,20,6.58948338866315,3.03513930005635,0.00714771407035535,0.00182709601482331,0.000357385703517767,3.38904175245856,1,1,0,0.688110239308742,0.00210906639470289,0.106548428214916
20200823,3,33,670,20,6.5503330079643,3.05327988297431,0.00516788049327586,-0.00390990876309614,0.000258394024663793,3.41252004683742,1,1,0,0.689561576442544,0.00151438831782548,0.0765057446160045
20200823,3,34,690,20,6.54735303118792,3.05466955955043,0.010843473301887,0.010843473301887,0.000542173665094352,3.41392994809178,1,1,0,0.689002009316766,0.00317624364493713,0.160461410245619
20200823,3,35,710,20,6.54934583127266,3.05374010095809,0.0214654605263922,0.0214654605263922,0.00107327302631961,3.41461151046302,1,1,0,0.692164146411528,0.00628635511261469,0.317581873255467
20200823,3,36,730,20,6.54121689452018,3.05753506151963,0.0206948422306712,0.0206948422306712,0.00103474211153356,3.41529334502498,1,1,0,0.68520454666907,0.00605946258198207,0.306119435385646
20200823,3,37,750,20,6.52490533528533,3.06517856923443,0.00822212443661567,0.00643478226708338,0.000411106221830784,3.41579218031926,1,1,0,0.669748187484061,0.00240709153325809,0.121604431269795
20200823,3,38,770,20,6.53168806105214,3.061995584152,0.0093915020797386,-0.0093915020797386,0.00046957510398693,3.41629116135388,1,0,0,0.677386113300713,0.00274903444588626,0.138879126827635
20200823,3,39,790,20,6.5737872124335,3.04238627653972,0.00741119526060361,0.0069528747569767,0.00037055976303018,3.41665934919206,1,0,0,0.720116139041465,0.00216913496581277,0.109583046685415
20200823,3,40,810,20,6.60149352037968,3.0296174552406,0.0190840288125315,0.0190840288125315,0.000954201440626576,3.41665934919206,1,0,0,0.747822446987641,0.0055855813711848,0.282179317474781
20200823,3,41,830,20,6.64425747036609,3.01011814927425,0.0426821393026815,0.0426821393026815,0.00213410696513408,3.41665934919206,0,0,1,0.790586396974049,0.0124923602093298,0.631104524893899
20200823,3,42,850,20,6.6765168094492,2.99557397529416,0.0578065308040674,0.0578065308040674,0.00289032654020337,3.41665934919206,0,0,1,0.822845736057161,0.0169190208610458,0.854736050134523
20200823,3,43,870,20,6.67412213861246,2.99664878535741,0.0623514192991651,0.0623514192991651,0.00311757096495825,3.41665934919206,0,0,1,0.820451065220425,0.018249234976823,0.921937454310957
20200823,3,44,890,20,6.82410896150111,2.93078555937955,0.0564119363290282,0.0564119363290282,0.00282059681645141,3.41665934919206,0,0,1,0.970437888109075,0.0165108459941633,0.83411536668312
20200823,3,45,910,20,7.69965772480197,2.59751806052059,0.0552523095085107,0.0552523095085107,0.00276261547542554,3.41665934919206,0,0,1,1.84598665140993,0.0161714422954036,0.816968950276318
20200823,3,46,930,20,9.11121016120512,2.19509808753601,0.0513068932317788,-0.0444535259903798,0.00256534466158894,3.41665934919206,0,0,1,3.25753908781309,0.0150166838388239,0.758631432393771
20200823,3,47,950,20,10.3941495317931,1.92415934933637,0.306736928475157,-0.306736928475157,0.0153368464237579,3.41665934919206,0,0,1,4.54047845840108,0.0897768542678075,4.53545831290059
20200823,3,48,970,20,13.5451112453423,1.47654748918192,0.666356844464346,-0.666356844464346,0.0333178422232173,3.41665934919206,0,0,1,7.69144017195026,0.195031689249887,9.8528524250669
20200823,3,49,990,20,12.7351168162382,1.570460663109,0.693738205363756,-0.693738205363756,0.0346869102681878,3.41665934919206,0,0,1,6.88144574284615,0.203045763262236,10.257717341486
20200823,3,50,1010,20,10.8628816331257,1.84113209325702,0.518115994720323,-0.518115994720323,0.0259057997360161,3.41629116135388,0,0,1,5.00857968537429,0.151660373852618,7.66176659827696
20200823,3,51,1030,20,9.82345721629468,2.035943106346,0.440951229925701,-0.440951229925701,0.022047561496285,3.41665934919206,0,0,1,3.96978614290265,0.129059172969636,6.51997114039118
20200823,3,52,1050,20,9.12336714118561,2.19217309689468,0.299465479567166,-0.299465479567166,0.0149732739783583,3.41665934919206,0,0,1,3.26969606779357,0.0876486207610898,4.42794157678236
20200823,3,53,1070,20,8.04840243335207,2.48496520466239,0.170659285764943,-0.170659285764943,0.00853296428824716,3.41665934919206,0,0,1,2.19473135996003,0.0499491662243996,2.52339384156993
20200823,3,54,1090,20,7.37583241367872,2.71155835413361,0.057052921898131,-0.057052921898131,0.00285264609490655,3.41665934919206,0,0,1,1.52216134028669,0.0166984519283792,0.843593075618555
20200823,3,55,1110,20,6.96511653477347,2.87145231528426,0.0246002149336137,0.0243852206742844,0.00123001074668068,3.41665934919206,1,0,0,1.11144546138144,0.00720007832780605,0.363742474290426
20200823,3,56,1130,20,6.72246023951305,2.97510127058018,0.0623403761584004,0.0623403761584004,0.00311701880792002,3.41665934919206,0,0,1,0.868789166121019,0.0182460028311404,0.921774168772335
20200823,3,57,1150,20,6.55467841730172,3.05125571793241,0.0772010093468193,0.0772010093468193,0.00386005046734096,3.41665934919206,0,0,1,0.70100734390968,0.0225954657625072,1.14150572396667
20200823,3,58,1170,20,6.3230174383591,3.16304678817875,0.0752909154138836,0.0752909154138836,0.00376454577069418,3.41665934919206,0,0,1,0.469346364967066,0.0220364126823728,1.11326278807493
20200823,3,59,1190,20,6.17552047529381,3.23859342382773,0.0760031852898944,0.0760031852898944,0.00380015926449472,3.41665934919206,0,0,1,0.321849401901773,0.0222448823608555,1.12379451748306
20200823,3,60,1210,20,6.089397405238,3.28439723490477,0.0711961649749717,0.0711961649749717,0.00355980824874858,3.41665934919206,0,0,1,0.235726331845967,0.0208379465725219,1.05271719283232
20200823,3,61,1230,20,6.04615938711504,3.30788500922122,0.0713055803709531,0.0713055803709531,0.00356527901854765,3.41665934919206,0,0,1,0.192488313723004,0.0208699706594439,1.05433502531741
20200823,3,62,1250,20,6.01647145286574,3.32420757859221,0.0740001117506105,0.0740001117506105,0.00370000558753053,3.41665934919206,0,0,1,0.162800379473708,0.0216586156791163,1.09417677116129
20200823,3,63,1270,20,5.98361129993657,3.34246310421468,0.0682928751135817,0.0682928751135817,0.00341464375567909,3.41665934919206,0,0,1,0.129940226544534,0.0199882013785574,1.00978871271074
20200823,3,64,1290,20,5.95059449096698,3.36100872448292,0.057053241075444,0.057053241075444,0.0028526620537722,3.41665934919206,0,0,1,0.0969234175749421,0.0166985453463294,0.843597795022262
20200823,3,65,1310,20,5.92686225510147,3.37446681552035,0.0324201066708442,0.0324201066708442,0.00162100533354221,3.41665934919206,0,0,1,0.0731911817094328,0.00948883203077024,0.47936856848755
20200823,3,66,1330,20,5.90137314935441,3.38904175245856,0.00740793890796955,0.00729195035254148,0.000370396945398477,3.41665934919206,1,1,0,0.047702075962377,0.00216818188495184,0.109534897766088
20200823,3,67,1350,20,5.88672599692757,3.39747425146652,0.00981311230524256,-0.00981311230524256,0.000490655615262128,3.41665934919206,1,1,0,0.0330549235355306,0.00287213658205729,0.14509815300522
20200823,3,68,1370,20,5.89255974885691,3.3941106840503,0.00670756186160719,-0.00318561593595668,0.00033537809308036,3.41665934919206,1,1,0,0.0388886754648752,0.00196319304211388,0.099179017524084
20200823,3,69,1390,20,5.89977894759147,3.38995751835157,0.0218241398346718,0.0218241398346718,0.00109120699173359,3.41665934919206,1,1,0,0.0461078741994356,0.00638756680259405,0.322695010760935
20200823,3,70,1410,20,5.90044086573198,3.38957722907692,0.0348083394687241,0.0348083394687241,0.00174041697343621,3.41665934919206,0,0,1,0.0467697923399442,0.010187828493044,0.514681337478662
20200823,3,71,1430,20,5.8852228487109,3.39834200235609,0.0280648962582017,0.0280648962582017,0.00140324481291009,3.41665934919206,1,1,0,0.0315517753188601,0.00821413357021919,0.414971772938199
20200823,3,72,1450,20,5.87876193638954,3.40207686863453,0.0223925276914783,0.0223925276914783,0.00111962638457392,3.41665934919206,1,1,0,0.0250908629975015,0.00655392458038684,0.331099279014256
20200823,3,73,1470,20,5.87411426380106,3.40476863435378,0.0153280259368773,0.0153280259368773,0.000766401296843866,3.41665934919206,1,1,0,0.0204431904090256,0.00448626110194508,0.2266424946007
20200823,3,74,1490,20,5.86319184117235,3.41111130963796,0.00693013302132404,0.00693013302132404,0.000346506651066202,3.41665934919206,1,1,0,0.00952076778031596,0.00202833596008417,0.102469988133876
20200823,3,75,1510,20,5.85835102187116,3.41392994809177,0.00472857196272516,0.00472857196272516,0.000236428598136258,3.41665934919206,1,1,0,0.00467994847912223,0.00138397524583284,0.0699173755279597
20200823,3,76,1530,20,5.85601234785111,3.41529334502498,0.00601128424460169,0.00601128424460169,0.000300564212230084,3.41665934919206,1,1,0,0.00234127445907006,0.00175940403482811,0.0888837520605061
20200823,3,77,1550,20,5.85430194775142,3.41629116135388,0.00543109549638001,0.00543109549638001,0.000271554774819001,3.41665934919206,1,1,0,0.00063087435938769,0.00158959233019947,0.0803049940535891
20200823,3,78,1570,20,5.85304019903265,3.41702761640104,0.00766292722471418,0.00766292722471418,0.000383146361235709,3.41665934919206,1,1,0,-0.00063087435938769,0.00224281277164088,0.113305193330502
20200823,3,79,1590,20,5.850660576265,3.4184174144602,0.0105796242825101,0.0105796242825101,0.000528981214125505,3.41665934919206,1,1,0,-0.00301049712703616,0.00309648203149427,0.156431914272629
20200823,3,80,1610,20,5.84274184443291,3.42305043291557,0.0109214450846085,0.0109214450846085,0.000546072254230424,3.41665934919206,1,1,0,-0.0109292289591281,0.00319652735857062,0.161486128012417
20200823,3,81,1630,20,5.83498475667773,3.42760107078453,0.0125091498032327,0.0125091498032327,0.000625457490161635,3.41665934919206,1,1,0,-0.0186863167143088,0.00366122241779555,0.184962168541065
20200823,3,82,1650,20,5.82295049223478,3.43468487782458,0.00785736542545881,0.00785736542545881,0.00039286827127294,3.41665934919206,1,1,0,-0.0307205811572544,0.00229972163520395,0.11618018578184
20200823,3,83,1670,20,5.80470255267335,3.44548231688272,0.00273842611021915,-0.00219367725728028,0.000136921305510957,3.41665934919206,1,1,0,-0.0489685207186881,0.000801492285400565,0.0404907799253241
20200823,3,84,1690,20,5.79730315028871,3.44987996686079,0.00518131502092099,-0.00518131502092099,0.000259065751046049,3.41665934919206,1,1,0,-0.0563679231033234,0.00151648569300484,0.076611702412923
20200823,3,85,1710,20,5.80040217025623,3.44803677623555,0.00711141844461214,-0.00711141844461214,0.000355570922230607,3.41665934919206,1,1,0,-0.0532689031358018,0.00208139522200063,0.105150501641484
20200823,3,86,1730,20,5.80918061622572,3.44282633322463,0.00466385510988323,-0.00466385510988323,0.000233192755494161,3.41665934919206,1,1,0,-0.0444904571663187,0.00136503368736075,0.0689604624178695
20200823,3,87,1750,20,5.81297767080662,3.44057746865984,0.00851836135033086,-0.00851836135033086,0.000425918067516543,3.41665934919206,1,1,0,-0.0406934025854184,0.00249318427145662,0.125953770844316
20200823,3,88,1770,20,5.80862141472846,3.44315777738373,0.021998464107451,-0.021998464107451,0.00109992320537255,3.41665934919206,1,1,0,-0.0450496586635722,0.00643858865024195,0.325272595651178
20200823,3,89,1790,20,5.81545662627514,3.43911085324528,0.0265084485486541,-0.0265084485486541,0.0013254224274327,3.41665934919206,1,1,0,-0.0382144471168999,0.00775858692348788,0.39195790324225
20200823,3,90,1810,20,5.82102162389003,3.43582300363188,0.0331857945303297,-0.0331857945303297,0.00165928972651648,3.41665934919206,0,0,1,-0.0326494495020029,0.00971293627448612,0.490690144225607
20200823,3,91,1830,20,5.8165158705965,3.43848455758601,0.0605910717119654,-0.0605910717119654,0.00302955358559827,3.41665934919206,0,0,1,-0.0371552027955317,0.0177340101893077,0.895908690387262
20200823,3,92,1850,20,5.84234135330234,3.42328508222053,0.0794130589651416,-0.0794130589651416,0.00397065294825708,3.41665934919206,0,0,1,-0.0113297200896909,0.0232428963056913,1.17421342199261
20200823,3,93,1870,20,5.87365004232754,3.40503772881822,0.0892325105294718,-0.0892325105294718,0.00446162552647359,3.41665934919206,0,0,1,0.0199789689355043,0.026116888284626,1.3194053082352
20200823,3,94,1890,20,5.90076998141194,3.3893881752724,0.0886937703707777,-0.0886937703707777,0.00443468851853889,3.41665934919206,0,0,1,0.0470989080199047,0.0259592079004749,1.31143941530085
20200823,3,95,1910,20,5.91413085338866,3.38173106003234,0.0913362607479745,-0.0913362607479745,0.00456681303739873,3.41665934919206,0,0,1,0.06045977999662,0.0267326213746105,1.35051167506298
20200823,3,96,1930,20,5.92381759707655,3.37620118652373,0.0917219362430697,-0.0917219362430697,0.00458609681215348,3.41665934919206,0,0,1,0.0701465236845138,0.0268455022490783,1.35621433088276
20200823,3,97,1950,20,5.92968941118943,3.37285793793173,0.0887441369656252,-0.0887441369656252,0.00443720684828126,3.41665934919206,0,0,1,0.0760183377973931,0.0259739493744411,1.31218414334005
20200823,3,98,1970,20,5.94432370227446,3.36455432135155,0.0586748169924931,-0.0586748169924931,0.00293374084962466,3.41665934919206,0,0,1,0.0906526288824239,0.0171731539482764,0.867574660180105
20200823,3,99,1990,20,5.92597022931864,3.37497476802201,0.0300376039741722,-0.0300376039741722,0.00150188019870861,3.41665934919206,0,0,1,0.0722991559266006,0.00879151267488089,0.444140525633871
20200823,3,100,2010,20,5.91733837609593,3.37989797588614,0.0103749658202567,0.00417433915580061,0.000518748291012835,3.41665934919206,1,1,0,0.063667302703891,0.00303658186547339,0.153405803498987
20200823,3,101,2030,20,5.91677069304251,3.38022225933445,0.0353970161576591,0.0353970161576591,0.00176985080788295,3.41665934919206,0,0,1,0.0630996196504725,0.010360124478324,0.523385599452313
20200823,3,102,2050,20,5.90987017416126,3.3841690951931,0.0530414666605599,0.0530414666605599,0.00265207333302799,3.41665934919206,0,0,1,0.05619910076922,0.0155243649540604,0.784279095738417
20200823,3,103,2070,20,5.90789431694031,3.38530090876066,0.0597598724455512,0.0597598724455512,0.00298799362227756,3.41665934919206,0,0,1,0.0542232435482788,0.0174907318342061,0.883618453143003
20200823,3,104,2090,20,5.98194712647421,3.34339297508771,0.0695084680365393,0.0695084680365393,0.00347542340182696,3.41665934919206,0,0,1,0.128276053082175,0.0203439854350642,1.02776265231736
20200823,3,105,2110,20,6.7079242381235,2.9815482837944,0.0994537679282935,0.0994537679282935,0.00497268839641467,3.41665934919206,0,0,1,0.85425316473146,0.0291084822230848,1.47053835591953
20200823,3,106,2130,20,8.09149206364941,2.47173201712066,0.211680320195507,0.211680320195507,0.0105840160097754,3.41665934919206,0,0,1,2.23782099025738,0.0619553483567403,3.12993702023696
20200823,3,107,2150,20,9.41041679319835,2.12530437700226,0.28651805758892,0.28651805758892,0.014325902879446,3.41665934919206,0,0,1,3.55674571980632,0.0838591232856366,4.23649905000937
20200823,3,108,2170,20,11.2735376702561,1.77406601059822,0.381019093431646,0.381019093431646,0.0190509546715823,3.41665934919206,0,0,1,5.4198665968641,0.111518022281544,5.63380556514363
20200823,3,109,2190,20,11.6173321373057,1.72156565411226,0.456275071992986,0.456275071992986,0.0228137535996493,3.41665934919206,0,0,1,5.76366106391362,0.133544209521761,6.74655177166745
20200823,3,110,2210,20,10.9727188160022,1.82270231611447,0.460309186877028,0.460309186877028,0.0230154593438514,3.41665934919206,0,0,1,5.11904774261012,0.134724928601933,6.80620080048501
20200823,3,111,2230,20,12.2242385615482,1.63609372471761,0.405612555024336,0.405612555024336,0.0202806277512168,3.41665934919206,0,0,1,6.37056748815615,0.11871612401753,5.99744818352045
20200823,3,112,2250,20,13.7991262929352,1.44936712480409,0.118110082029348,0.118110082029348,0.00590550410146741,3.41665934919206,0,0,1,7.94545521954313,0.0345688785325578,1.74639341940455
20200823,3,113,2270,20,11.269529066626,1.77469705093789,0.0543750494745647,-0.0543750494745647,0.00271875247372824,3.41665934919206,0,0,1,5.41585799323394,0.015914682711176,0.803997651602517
20200823,3,114,2290,20,9.82779249482917,2.03504500227522,0.131404070142204,-0.131404070142204,0.00657020350711018,3.41665934919206,0,0,1,3.97412142143713,0.0384598102158698,1.94296032511683
20200823,3,115,2310,20,9.2781018568478,2.15561332571907,0.157622456251977,-0.157622456251977,0.00788112281259884,3.41665934919206,0,0,1,3.42443078345576,0.0461335006339599,2.33062932155473
20200823,3,116,2330,20,8.50131453040672,2.35257734888715,0.154020040703419,-0.154020040703419,0.00770100203517097,3.41665934919206,0,0,1,2.64764345701468,0.0450791328494135,2.27736346397622
20200823,3,117,2350,20,9.65118033543467,2.07228538944291,0.114720312760446,-0.114720312760446,0.0057360156380223,3.41702761640104,0,0,1,3.79814013640203,0.0335731301116244,1.69608896743736
20200823,3,118,2370,20,14.4932078916711,1.37995674591086,0.179482127222653,0.152336232121888,0.00897410636113266,3.41772237414218,0,0,1,8.64135750402227,0.0525151277881959,2.65302426580364
20200823,3,119,2390,20,36.466862574875,0.548443123093886,3.23249418949648,-3.09849914781634,0.161624709474824,3.4184174144602,0,0,1,30.61620199861,0.945611315874638,47.7715635988193
20200823,3,120,2410,20,38.4414511752614,0.520271722022576,1.74387996557346,-1.74308429300007,0.0871939982786729,3.42073235495582,0,0,1,32.5947499649124,0.509797255271082,25.7545691277605
20200823,3,121,2430,20,16.459508571437,1.21510310670556,0.351103587724518,0.351103587724518,0.0175551793862259,3.42073235495582,0,0,1,10.6128073610881,0.10263988856534,5.18528901046367
20200823,3,122,2450,20,13.4066997429961,1.49179144632133,0.0833103896036683,0.0748743877948446,0.00416551948018342,3.42305043291557,0,0,1,7.56395789856322,0.0243380549706681,1.22954000378837
20200823,3,123,2470,20,11.9720160649231,1.67056240916667,0.0120910518330624,-0.00444985405389853,0.000604552591653121,3.42532424043869,1,0,0,6.13315276436776,0.00352989994065901,0.178327856997659
20200823,3,124,2490,20,10.180302321663,1.96457819896383,0.0145357689800894,0.0141846820293196,0.000726788449004469,3.42760107078453,1,0,0,4.34531756498529,0.00424079952127052,0.214241962463016
20200823,3,125,2510,20,9.27022008214135,2.15744608248612,0.0544962190534044,-0.0544962190534044,0.00272481095267022,3.43113931806504,0,0,1,3.4412524576851,0.0158828348258785,0.802388720689322
20200823,3,126,2530,20,9.03683066601457,2.21316529424584,0.114428998688187,-0.114428998688187,0.00572144993440936,3.43468487782458,0,0,1,3.21388017377978,0.0333157197118657,1.68308479005852
20200823,3,127,2550,20,8.10116811537591,2.46877977535613,0.0566631943165489,-0.0566631943165489,0.00283315971582745,3.43689644061199,0,0,1,2.28196455612095,0.0164867331022808,0.832897201747088
20200823,3,128,2570,20,7.40290960342691,2.70164044563529,0.0637161504905376,-0.0637161504905376,0.00318580752452688,3.43911085324528,0,0,1,1.58745297715177,0.018526925478547,0.935966166997867
20200823,3,129,2590,20,7.09151507295678,2.82027180288585,0.133285779672236,-0.133285779672236,0.00666428898361181,3.43984400462565,0,0,1,1.2772979244159,0.0387476232913478,1.9575004225215
20200823,3,130,2610,20,7.70484881842049,2.59576799900145,0.126872111602267,-0.126872111602267,0.00634360558011336,3.44057746865984,0,0,1,1.89187114761387,0.0368752375896032,1.86290892268345
20200823,3,131,2630,20,8.65189948913553,2.31163110772549,0.110254061546902,-0.110254061546902,0.00551270307734512,3.44170153358097,0,0,1,2.84082034561936,0.0320347538771576,1.61837137153934
20200823,3,132,2650,20,8.59872024774018,2.32592751290591,0.0873007099918485,-0.0873007099918485,0.00436503549959243,3.44170153358097,0,0,1,2.78764110422401,0.0253655667523892,1.28144911655488
20200823,3,133,2670,20,8.511352489199,2.34980281046758,0.0503201904244807,-0.0503201904244807,0.00251600952122403,3.44170153358097,0,0,1,2.70027334568283,0.0146207304536731,0.738628168892844
20200823,3,134,2690,20,8.44432466779222,2.36845464697523,0.0151777446568942,0.0107496930911351,0.000758887232844709,3.43984400462565,1,0,0,2.63010751925134,0.00441233516301444,0.222907812460225
20200823,3,135,2710,20,8.24865927128349,2.42463645814867,0.036007855197138,0.036007855197138,0.0018003927598569,3.4367562799679,0,0,1,2.42921838844416,0.0104772792318792,0.529304168389054
20200823,3,136,2730,20,7.55978323404452,2.64557850150155,0.0362862882443996,0.0362862882443996,0.00181431441221998,3.4367562799679,0,0,1,1.74034235120519,0.0105582954647976,0.533397046782559
20200823,3,137,2750,20,7.15562811151062,2.79500271511145,0.0332661578321586,0.0332661578321586,0.00166330789160793,3.4367562799679,0,0,1,1.33618722867129,0.00967952194517249,0.489002077753558
20200823,3,138,2770,20,7.27396540132622,2.74953191231203,0.0167983816289519,0.0167983816289519,0.000839919081447596,3.4367562799679,1,1,0,1.45452451848689,0.004887859440853,0.246930936866828
20200823,3,139,2790,20,7.06356536533985,2.83143129079513,0.0213452423989714,0.0213452423989714,0.00106726211994857,3.4367562799679,1,1,0,1.24412448250052,0.00621086881353449,0.313768362908445
20200823,3,140,2810,20,6.85972939260864,2.9155669058243,0.0129950060429004,0.0129950060429004,0.000649750302145022,3.43440492858272,1,1,0,1.03630425320512,0.00378377224384636,0.191153292431958
20200823,3,141,2830,20,6.75075421690053,2.96263193080411,0.0379271740798297,-0.0377006199310488,0.00189635870399149,3.43440492858272,0,0,1,0.927329077497006,0.0110433029501507,0.557899255611374
20200823,3,142,2850,20,7.17614910768521,2.78701009411597,0.139492377198624,-0.139492377198624,0.00697461885993118,3.43440492858272,0,0,1,1.35272396828168,0.0406161708066812,2.05189802010481
20200823,3,143,2870,20,7.58464721071982,2.63690577087525,0.173402544121623,-0.173402544121623,0.00867012720608116,3.43440492858272,0,0,1,1.7612220713163,0.0504898367337195,2.55070810398238
20200823,3,144,2890,20,7.3646522548197,2.71567472678853,0.0600120444882445,-0.0600120444882445,0.00300060222441222,3.43440492858272,0,0,1,1.54122711541618,0.0174737824269923,0.882762181997468
20200823,3,145,2910,20,7.05339800430193,2.8355127539665,0.0143730622592898,0.0113632573289259,0.000718653112964488,3.44361217257551,1,1,0,1.245543054991,0.0041738330389685,0.210858866771821
20200823,3,146,2930,20,6.97319887494677,2.86812413623477,0.022153489624456,0.022153489624456,0.0011076744812228,3.45286891639268,1,1,0,1.18091411572846,0.00641596601576187,0.324129717384288
20200823,3,147,2950,20,7.12933339650112,2.80531136470844,0.0151764400655586,0.0151764400655586,0.00075882200327793,3.45372111946844,1,1,0,1.33847787916909,0.00439422858435495,0.221993081894434
20200823,3,148,2970,20,6.87872648037023,2.90751493856804,0.014464863352975,0.014464863352975,0.000723243167648751,3.45457374331278,1,1,0,1.08930020492449,0.00418716299832229,0.211532286167665
20200823,3,149,2990,20,6.73639292451799,2.96894795539722,0.0380954825252122,0.0380954825252122,0.00190477412626061,3.45705509551328,0,0,1,0.951122095031678,0.0110196341894158,0.55670352784271
20200823,3,150,3010,20,6.86632895118646,2.9127646144224,0.143581187790775,0.143581187790775,0.00717905938953876,3.45954001488873,0,0,1,1.08521356765959,0.0415029706761155,2.09669847421415
20200823,3,151,3030,20,6.90640687050245,2.89586182439103,0.111816951128984,0.111816951128984,0.0055908475564492,3.45997053131144,0,0,1,1.12601081827961,0.0323173131438786,1.63264605052635
20200823,3,152,3050,20,6.76588552386556,2.95600626547009,0.0653125363071104,0.0653125363071104,0.00326562681535552,3.46254349378007,0,0,1,0.989784794466232,0.018862589430121,0.952923654224654
20200823,3,153,3070,20,6.65465067392302,3.00541696025792,0.0411949040750032,0.0411949040750032,0.00205974520375016,3.46512028579723,0,0,1,0.882845267347193,0.0118884485031738,0.600595365375203
20200823,3,154,3090,20,6.87467251724615,2.90922948690676,0.0164265856058136,0.0164265856058136,0.00082132928029068,3.46549913546603,1,0,0,1.10349808660806,0.00474003454154796,0.239462935521996
20200823,3,155,3110,20,7.07335655900033,2.82751192212295,0.0053473185830473,0.00516417183438739,0.000267365929152365,3.46587806798493,1,0,0,1.30281310429996,0.00154284671248006,0.0779434410430022
20200823,3,156,3130,20,6.85222653419214,2.91875931132769,0.00716634508691563,-0.00716634508691563,0.000358317254345781,3.46722831693082,1,0,0,1.08393031258538,0.00206688006437928,0.104417206931686
20200823,3,157,3150,20,6.72412283089125,2.97436565377987,0.0117229708351851,-0.0117229708351851,0.000586148541759256,3.46857961835618,1,0,0,0.958073842378099,0.00337976120632942,0.170742962469363
20200823,3,158,3170,20,6.62906297564768,3.01701764992599,0.0664191122829817,-0.0664191122829817,0.00332095561414909,3.47028034240196,0,0,1,0.865839827469131,0.0191394082695375,0.966908331195556
20200823,3,159,3190,20,6.6534375240908,3.0059649508369,0.152114678880198,-0.152114678880198,0.0076057339440099,3.47198273507383,0,0,1,0.893040216246845,0.0438120493352521,2.21335136971972
20200823,3,160,3210,20,6.85703557812326,2.91671229821355,0.0449189283104246,-0.0449189283104246,0.00224594641552123,3.47313861390877,0,0,1,1.09855536086195,0.0129332380028079,0.653377335293769
20200823,3,161,3230,20,6.76276505272494,2.95737022417204,0.00558001395749982,0.00479615037675561,0.000279000697874991,3.47429526262128,1,0,0,1.00620192604629,0.00160608512970478,0.0811381977253978
20200823,3,162,3250,20,6.66772260459697,2.99952490318227,0.0161312362136191,0.0161312362136191,0.000806561810680955,3.47450365494842,1,0,0,0.911504742654074,0.00464274550140272,0.234547967299067
20200823,3,163,3270,20,6.62165391107487,3.02039343472022,0.0255057478333387,0.0255057478333387,0.00127528739166693,3.4747120722763,1,0,0,0.865781313867728,0.00734039175125948,0.370831001595193
20200823,3,164,3290,20,6.60258912127119,3.02911473554626,0.031222390872434,0.031222390872434,0.0015611195436217,3.47576847795809,0,0,1,0.848465931872398,0.00898287416737729,0.453807962513792
20200823,3,165,3310,20,6.95331642063456,2.87632530868986,0.027382957096126,-0.00732307531175661,0.0013691478548063,3.47682552618656,1,0,0,1.20094263904411,0.00787585022310856,0.397881955843562
20200823,3,166,3330,20,7.54209823678411,2.65178195405312,0.189833508248339,-0.189833508248339,0.00949167541241694,3.47708353276896,0,0,1,1.7901512928828,0.0545956133809549,2.75812881366851
20200823,3,167,3350,20,8.74633519519443,2.28667202361382,0.345048132719335,-0.345048132719335,0.0172524066359668,3.47734157764625,0,0,1,2.99481508898225,0.0992275636473113,5.01290095407641
20200823,3,168,3370,20,10.315414855555,1.93884591943772,0.450867050855067,-0.450867050855067,0.0225433525427533,3.48006039099756,0,0,1,4.56838815115145,0.129557249069987,6.54513356569799
20200823,3,169,3390,20,10.2579834859946,1.94970093559873,0.492177663350984,-0.492177663350984,0.0246088831675492,3.48278345916819,0,0,1,4.51545018339971,0.141317331129318,7.1392439560808
20200823,3,170,3410,20,9.4384166277614,2.11899948781384,0.371206089625661,-0.371206089625661,0.0185603044812831,3.4828816201099,0,0,1,3.69604517174594,0.106580162668276,5.38434865764131
20200823,3,171,3430,20,8.62422412456772,2.31904919342556,0.309308958632539,-0.309308958632539,0.0154654479316269,3.48297978658503,0,0,1,2.88201451513169,0.0888058437272208,4.48640359981073
20200823,3,172,3450,20,8.07811377438929,2.47582549077331,0.167911252912102,-0.167911252912102,0.00839556264560511,3.48312197348526,0,0,1,2.33613857161231,0.0482071125244253,2.43538661521403
20200823,3,173,3470,20,7.20559192987685,2.77562207166814,0.0320171900647191,-0.0316420091552481,0.00160085950323595,3.48326417199506,0,0,1,1.46385113375891,0.00919172031858297,0.464358711037209
20200823,3,174,3490,20,6.63893935660508,3.01252940051365,0.0231892620081907,0.0231892620081907,0.00115946310040953,3.48619413930011,1,0,0,0.902024199030052,0.00665174143538839,0.336040912041797
20200823,3,175,3510,20,6.34013221357327,3.15450834876645,0.0436761927019535,0.0436761927019535,0.00218380963509767,3.48912903987185,0,0,1,0.608042694541155,0.0125177923209047,0.632389335804214
20200823,3,176,3530,20,6.17353400203046,3.23963551402196,0.0535433508018296,0.0535433508018296,0.00267716754009148,3.48960402846044,0,0,1,0.442224708229674,0.0153436752035881,0.775150787139068
20200823,3,177,3550,20,6.07620183861445,3.29152989502412,0.0608281111011606,0.0608281111011606,0.00304140555505803,3.4900791463907,0,0,1,0.345672770044984,0.0174288629425687,0.880492883850393
20200823,3,178,3570,20,6.01575922900361,3.32460114154413,0.0650408985625468,0.0650408985625468,0.00325204492812734,3.49076901215101,0,0,1,0.286362660401664,0.0186322550521521,0.941287336848355
20200823,3,179,3590,20,5.97613484830595,3.34664469722757,0.0638414000119917,0.0638414000119917,0.00319207000059958,3.49145915068959,0,0,1,0.24787077967153,0.0182850198890004,0.923745280824095
20200823,3,180,3610,20,5.94302125853255,3.36529168077356,0.055553348625411,0.055553348625411,0.00277766743127055,3.49145915068959,0,0,1,0.214757189898137,0.0159112125411632,0.803822341255987
20200823,3,181,3630,20,5.90076739016945,3.38938966367655,0.0330185395692101,0.0330185395692101,0.0016509269784605,3.49145915068959,0,0,1,0.172503321535032,0.00945694569065448,0.47775769486622
20200823,3,182,3650,20,5.87016232650785,3.40706080812896,0.0162110773703922,0.0162110773703922,0.000810553868519608,3.49221224467568,1,1,0,0.143133555420832,0.00464206532552768,0.234513605331811
20200823,3,183,3670,20,5.84743677249139,3.42030205338649,0.0101623367397724,0.0101623367397724,0.00050811683698862,3.49296566361067,1,1,0,0.121643298951767,0.00290937206902504,0.146979261452158
20200823,3,184,3690,20,5.83697519807015,3.42643223952922,0.00515723985713892,0.00515723985713892,0.000257861992856946,3.49333315489873,1,1,0,0.111784065940697,0.00147630919481781,0.0745820163187542
20200823,3,185,3710,20,5.82342513940353,3.43440492858272,0.0017042105372018,-0.00165935336041729,8.521052686009e-05,3.49370072352167,1,1,0,0.0988363486842454,0.000487795226914555,0.0246430434096438
20200823,3,186,3730,20,5.78111538352687,3.45954001488873,0.00602345033631397,-0.00602345033631397,0.000301172516815699,3.49470041013435,1,1,0,0.0581641565771625,0.00172359562463393,0.0870747384454549
20200823,3,187,3750,20,5.74253330259489,3.48278345916819,0.0179075449909513,-0.0179075449909513,0.000895377249547563,3.49570066901091,1,1,0,0.0212196394147668,0.00512273409153712,0.258796625363299
20200823,3,188,3770,20,5.72826406863442,3.49145915068959,0.0252373359863785,-0.0252373359863785,0.00126186679931893,3.49570066901091,1,1,0,0.00695040545429038,0.00721953576005674,0.364725448950976
20200823,3,189,3790,20,5.72131366318013,3.49570066901091,0.0276389262655877,-0.0276389262655877,0.00138194631327939,3.49470041013435,1,1,0,-0.00163756376957824,0.00790881134916088,0.399547126831962
20200823,3,190,3810,20,5.72225811722024,3.49512370646356,0.0345632029845847,-0.0345632029845847,0.00172816014922923,3.49470041013435,0,0,1,-0.000693109729469121,0.00989017624639703,0.499644172639029
20200823,3,191,3830,20,5.72679296693309,3.49235603862082,0.0452370596615319,-0.0452370596615319,0.00226185298307659,3.49470041013435,0,0,1,0.00384173998338522,0.012944474304678,0.653944984707849
20200823,3,192,3850,20,5.74182710689661,3.4832118117903,0.058619857741634,-0.058619857741634,0.0029309928870817,3.49470041013435,0,0,1,0.0188758799469033,0.0167739293393051,0.847406136942787
20200823,3,193,3870,20,5.77730710119886,3.46182047269908,0.0442562844637529,-0.0442562844637529,0.00221281422318765,3.49470041013435,0,0,1,0.0543558742491532,0.0126638278736035,0.639766940721078
20200823,3,194,3890,20,5.78844738369366,3.45515795070384,0.0329073154602452,-0.0329073154602452,0.00164536577301226,3.49470041013435,0,0,1,0.0654961567439605,0.00941634806944155,0.475706733957466
20200823,3,195,3910,20,5.79228475921832,3.45286891639268,0.0271818299227749,-0.0271818299227749,0.00135909149613875,3.49470041013435,1,1,0,0.0693335322686144,0.00777801434536414,0.392939361801537
20200823,3,196,3930,20,5.78942627544575,3.45457374331278,0.0232471515708534,-0.0232471515708534,0.00116235757854267,3.49470041013435,1,1,0,0.0664750484960441,0.00665211573027505,0.336059821134447
20200823,3,197,3950,20,5.78039605222284,3.45997053131144,0.018791525555246,-0.018791525555246,0.000939576277762299,3.49470041013435,1,1,0,0.0574448252731363,0.00537714921163258,0.271649483494444
20200823,3,198,3970,20,5.77180540657582,3.46512028579723,0.0135815284278413,-0.0135815284278413,0.000679076421392063,3.49470041013435,1,1,0,0.0488541796261179,0.00388632123899832,0.196333989576393
20200823,3,199,3990,20,5.76039730784396,3.47198273507383,0.00659516497096573,-0.00596750331013199,0.000329758248548287,3.49470041013435,1,1,0,0.0374460808942549,0.0018871903731262,0.0953394205625493
20200823,3,200,4010,20,5.75587259720714,3.4747120722763,0.00236726680174371,0.00220864878381832,0.000118363340087185,3.49470041013435,1,1,0,0.0329213702574398,0.000677387622377822,0.0342211068546108
20200823,3,201,4030,20,5.74220960943603,3.48297978658503,0.00496686617765696,-0.00496686617765696,0.000248343308882848,3.49470041013435,1,1,0,0.0192583824863268,0.00142125664427584,0.071800803387667
20200823,3,202,4050,20,5.74174079611794,3.48326417199506,0.00698908811572032,-0.00698908811572032,0.000349454405786016,3.49470041013435,1,1,0,0.0187895691682334,0.00199991052035606,0.101033956564669
20200823,3,203,4070,20,5.75237378159045,3.47682552618656,0.0045839094903728,0.000545185345731358,0.00022919547451864,3.49470041013435,1,1,0,0.0294225546407452,0.00131167452210777,0.0662647980220757
20200823,3,204,4090,20,5.77054345470037,3.46587806798493,0.0199067619651479,0.0199067619651479,0.000995338098257395,3.49470041013435,1,1,0,0.0475922277506688,0.00569627139065194,0.287771292968262
20200823,3,205,4110,20,5.76604898851315,3.46857961835618,0.0231168062838422,0.0231168062838422,0.00115584031419211,3.49470041013435,1,1,0,0.0430977615634438,0.00661481774426366,0.334175555283416
20200823,3,206,4130,20,5.75656312667866,3.47429526262128,0.0228133147836392,0.0228133147836392,0.00114066573918196,3.49470041013435,1,1,0,0.0336118997289523,0.00652797439159088,0.329788295237247
20200823,3,207,4150,20,5.75152010621218,3.47734157764625,0.0181283538686682,0.0181283538686682,0.000906417693433409,3.49470041013435,1,1,0,0.0285688792624788,0.00518738425076365,0.26206270217659
20200823,3,208,4170,20,5.73208951903212,3.48912903987185,0.0047513256431176,0.0047513256431176,0.00023756628215588,3.49470041013435,1,1,0,0.00913829208241079,0.00135958024594587,0.068684958710363
20200823,3,209,4190,20,5.72458879071928,3.49370072352167,0.00318778982012273,-0.00311100957703325,0.000159389491006137,3.49470041013435,1,1,0,0.00163756376957647,0.000912178283116458,0.0460825522429944
20200823,3,210,4210,20,5.71849260933482,3.49742517238759,0.00532999616969276,-0.00532999616969276,0.000266499808484638,3.49470041013435,1,1,0,-0.00445861761488775,0.00152516540594902,0.0770501949012969
20200823,3,211,4230,20,5.72579347353962,3.49296566361067,0.0127021489781737,0.0127021489781737,0.000635107448908686,3.49470041013435,1,1,0,0.00284224658992027,0.00363468895397686,0.183621718154069
20200823,3,212,4250,20,5.73052906856947,3.4900791463907,0.0289438927417799,0.0289438927417799,0.001447194637089,3.49470041013435,1,1,0,0.00757784161976272,0.00828222432396351,0.418411665966531
20200823,3,213,4270,20,5.70824241012178,3.50370544259582,0.0150026177500426,0.0150026177500426,0.000750130887502132,3.49470041013435,1,1,0,-0.0147088168279206,0.0042929624830032,0.216877195567867
20200823,3,214,4290,20,5.68689796008084,3.51685578682613,0.00259617403722161,0.002086158943849,0.000129808701861081,3.49470041013435,1,1,0,-0.0360532668688629,0.000742888869584619,0.0375301799845651
20200823,3,215,4310,20,5.67592508767052,3.52365468026434,0.00632263203322665,-0.00632263203322665,0.000316131601661333,3.49470041013435,1,1,0,-0.0470261392791835,0.0018092057376053,0.0913996961610157
20200823,3,216,4330,20,5.67132923657755,3.52651012940827,0.00989372813389093,-0.00989372813389093,0.000494686406694547,3.49470041013435,1,1,0,-0.0516219903721558,0.0028310661781479,0.143023307474662
20200823,3,217,4350,20,5.67267463750954,3.52567373911304,0.0100267616599848,-0.0100267616599848,0.000501338082999239,3.49470041013435,1,1,0,-0.05027658944016,0.00286913339721711,0.144946434394006
20200823,3,218,4370,20,5.6670095646557,3.52919820794675,0.0147923339677004,-0.0147923339677004,0.000739616698385018,3.49470041013435,1,1,0,-0.0559416622940043,0.00423279029149503,0.213837342273754
20200823,3,219,4390,20,5.66657382378594,3.529469591669,0.0171805410530092,-0.0171805410530092,0.00085902705265046,3.49470041013435,1,1,0,-0.0563774031637658,0.00491616992494894,0.248361160965036
20200823,3,220,4410,20,5.66207875880104,3.53227160058703,0.0209945264514914,-0.0209945264514914,0.00104972632257457,3.49470041013435,1,1,0,-0.0608724681486601,0.00600753254573952,0.303495969499184
20200823,3,221,4430,20,5.6602865647335,3.53339000972324,0.0160253403913195,-0.0160253403913195,0.000801267019565976,3.49470041013435,1,1,0,-0.0626646622162079,0.00458561207273944,0.231661629989871
20200823,3,222,4450,20,5.66617158890654,3.52972014457819,0.00720800665527588,0.00663632115787645,0.000360400332763794,3.49470041013435,1,1,0,-0.0567796380431682,0.00206255352658364,0.104198633536891
20200823,3,223,4470,20,5.65475876378059,3.5368440698306,0.0136489524381039,0.0136489524381039,0.000682447621905193,3.49470041013435,1,1,0,-0.0681924631691126,0.00390561445511124,0.197308668162712
20200823,3,224,4490,20,5.64001377998989,3.54609062675657,0.0134676624206922,0.0134676624206922,0.000673383121034611,3.49470041013435,1,1,0,-0.0829374469598188,0.00385373875873225,0.194687947484777
20200823,3,225,4510,20,5.62695160087856,3.55432237890181,0.0147866060002246,0.0147866060002246,0.000739330300011231,3.49470041013435,1,1,0,-0.0959996260711486,0.00423115124757037,0.213754539022805
20200823,3,226,4530,20,5.61121350424537,3.56429139345139,0.0117648924349794,0.0117648924349794,0.000588244621748971,3.49470041013435,1,1,0,-0.111737722704334,0.00336649527978484,0.170072777962279
20200823,3,227,4550,20,5.60043982585239,3.57114809227613,0.00633183644914808,0.00633183644914808,0.000316591822457404,3.49470041013435,1,1,0,-0.122511401097314,0.00181183955877484,0.091532754800857
20200823,3,228,4570,20,5.59064541224416,3.5774044900429,0.00481626850351031,-0.00405972586585486,0.000240813425175516,3.49470041013435,1,1,0,-0.132305814705547,0.00137816348707418,0.0696237699011025
20200823,3,229,4590,20,5.57759312033363,3.58577608092067,0.021888223379901,-0.021888223379901,0.00109441116899505,3.49470041013435,1,1,0,-0.145358106616073,0.00626326174238769,0.316415213777107
20200823,3,230,4610,20,5.58330161028516,3.58210990485583,0.0325257313937811,-0.0325257313937811,0.00162628656968905,3.49470041013435,0,0,1,-0.139649616664543,0.00930715871937379,0.470190571139289
20200823,3,231,4630,20,5.60115666267643,3.57069105623682,0.0333439019297852,-0.0333439019297852,0.00166719509648926,3.49470041013435,0,0,1,-0.121794564273274,0.00954127622301774,0.482018009143855
20200823,3,232,4650,20,5.63182795342072,3.55124484721735,0.00874363195074268,-0.00838115484186652,0.000437181597537134,3.49470041013435,1,1,0,-0.0911232735289795,0.00250196896002497,0.126397566621284
20200823,3,233,4670,20,5.63865142557779,3.546947397613,0.00663398951616272,0.00663398951616272,0.000331699475808136,3.49570066901091,1,1,0,-0.0826622376023352,0.00189775674301077,0.0958732255228702
20200823,3,234,4690,20,5.64368169266572,3.5437859697139,0.00616258143169015,0.00616258143169015,0.000308129071584508,3.49656270806816,1,1,0,-0.0762214435917485,0.00176246844292833,0.0890385636241948
20200823,3,235,4710,20,5.66438167392744,3.53083551768023,0.00763198249746593,0.00763198249746593,0.000381599124873296,3.49742517238759,1,1,0,-0.0541109354073797,0.00218217177531658,0.11024165637407
20200823,3,236,4730,20,5.67859607158948,3.52199729437735,0.00346942794386682,0.00244992822500905,0.000173471397193341,3.50056249067568,1,1,0,-0.0347714381388187,0.000991105844591608,0.0500699125457022
20200823,3,237,4750,20,5.68125164736239,3.52035101442572,0.0179062617121862,-0.0179062617121862,0.000895313085609308,3.50370544259582,1,1,0,-0.0269907627593975,0.00511066412561205,0.258186859875995
20200823,3,238,4770,20,5.69630970009371,3.5110450542517,0.0299758680334805,-0.0299758680334805,0.00149879340167402,3.51026829863341,0,0,1,-0.00126048500760589,0.00853948059900449,0.431408057081995
20200823,3,239,4790,20,5.96205912406776,3.35454573391659,0.0243169174733377,-0.0243169174733377,0.00121584587366689,3.51685578682613,1,1,0,0.275161163986923,0.00691439141872892,0.349309789193268
20200823,3,240,4810,20,6.32361779128587,3.16274649419207,0.0138199945425728,-0.0138199945425728,0.000690999727128642,3.51860253262415,1,0,0,0.639542987564255,0.00392769413835042,0.198424116946367
20200823,3,241,4830,20,7.03685547800023,2.84217859277162,0.0298933122100378,-0.0298933122100378,0.00149466561050189,3.51860253262415,1,0,0,1.35278067427862,0.00849579113664297,0.429200898712839
20200823,3,242,4850,20,8.28268620110111,2.41467556712956,0.0206871588628666,-0.0165601021681577,0.00103435794314333,3.51860253262415,1,0,0,2.5986113973795,0.00587936792265032,0.297021190337556
20200823,3,243,4870,20,9.99520384275638,2.00095969173197,0.0649066845054347,0.0649066845054347,0.00324533422527174,3.51860253262415,0,0,1,4.31112903903477,0.0184467224995225,0.931914373571789
20200823,3,244,4890,20,15.1708563182626,1.31831714574503,0.211771027789069,0.1454422192595,0.0105885513894534,3.51860253262415,0,0,1,9.48678151454101,0.0601861181607038,3.04055685799479
20200823,3,245,4910,20,55.2809419072717,0.361788336268728,2.47919909918065,2.27785196604285,0.123959954959033,3.51860253262415,0,0,1,49.59686710355,0.704597656653103,35.5957370658676
20200823,3,246,4930,20,16.3302769919303,1.22471896893623,0.0811837534203012,-0.0657993791602202,0.00405918767101506,3.52035101442572,0,0,1,10.6490253445679,0.0230612666429074,1.16503762973902
20200823,3,247,4950,20,11.8457129058872,1.6883745333774,0.0629533558510105,0.0629533558510105,0.00314766779255052,3.52117396197725,0,0,1,6.16578904641131,0.0178785133966117,0.903208882381653
20200823,3,248,4970,20,10.2848449834801,1.94460879401924,0.114146560160249,0.114146560160249,0.00570732800801247,3.52199729437735,0,0,1,4.60624891189059,0.0324096104055722,1.63730883790312
20200823,3,249,4990,20,9.64046935041347,2.0745877895605,0.139348374011134,0.139348374011134,0.00696741870055671,3.52282579238303,0,0,1,3.96320877078347,0.0395558515304475,1.9983314976983
20200823,3,250,5010,20,8.63896348992944,2.31509254823386,0.128483712426491,0.128483712426491,0.00642418562132457,3.52466392054068,0,0,1,2.96466362733941,0.0364527555883349,1.8415654536977
20200823,3,251,5030,20,7.74867864944872,2.58108522817925,0.105261276827517,0.105261276827517,0.00526306384137587,3.52567373911304,0,0,1,2.07600401193918,0.0298556487685664,1.50828464083298
20200823,3,252,5050,20,7.29548955159498,2.74141986751629,0.0935258539532251,0.0935258539532251,0.00467629269766126,3.52609188466264,0,0,1,1.62348761455144,0.0265239412393172,1.33996931353703
20200823,3,253,5070,20,7.04632588395498,2.83835864667309,0.0828423573666919,0.0828423573666919,0.0041421178683346,3.52651012940827,0,0,1,1.37499664737743,0.0234913141680363,1.18676330322909
20200823,3,254,5090,20,6.87299554957713,2.90993932059661,0.0670818951265162,0.0670818951265162,0.00335409475632581,3.52785365662643,0,0,1,1.2038261489605,0.0190149313593309,0.960619852480579
20200823,3,255,5110,20,6.75304863839551,2.96162534448321,0.0470354351648865,0.0470354351648865,0.00235177175824432,3.52919820794675,0,0,1,1.08603907373981,0.0133275130478577,0.673295810330843
20200823,3,256,5130,20,6.6331400239651,3.01516324512091,0.0124041349170103,0.0109020032268576,0.000620206745850516,3.52933389459095,1,0,0,0.966348329744278,0.00351458243608543,0.177554028330819
20200823,3,257,5150,20,6.55210306692675,3.05245503553731,0.0305262944381081,-0.0305262944381081,0.0015263147219054,3.529469591669,0,0,1,0.885529243140809,0.00864897505000827,0.436939633367127
20200823,3,258,5170,20,6.51031176426636,3.07204949996028,0.0780786428235242,-0.0780786428235242,0.00390393214117621,3.52959486367714,0,0,1,0.843939057920124,0.0221211345321887,1.11754287141228
20200823,3,259,5190,20,6.52606639439045,3.06463324019982,0.150102998245825,-0.150102998245825,0.00750514991229126,3.52972014457819,0,0,1,0.859894805483918,0.0425254672035091,2.14835422015113
20200823,3,260,5210,20,6.65034547119922,3.00736256283443,0.168142984503872,-0.168142984503872,0.00840714922519361,3.53027774303011,0,0,1,0.98506883978223,0.0476288260423248,2.40617202250111
20200823,3,261,5230,20,6.72780376602896,2.97273831038102,0.107157576349313,-0.107157576349313,0.00535787881746567,3.53083551768023,0,0,1,1.06342209210152,0.0303490705847765,1.53321193524921
20200823,3,262,5250,20,6.66227973345963,3.00197541984841,0.0554278639586567,-0.0554278639586567,0.00277139319793284,3.53155341314023,0,0,1,0.999049517095386,0.0156950376999596,0.792901352894643
20200823,3,263,5270,20,6.62943905484872,3.01684649855438,0.0372672024171605,0.0248356854943605,0.00186336012085802,3.53227160058703,0,0,1,0.967360296047673,0.0105504917603072,0.533002809574193
20200823,3,264,5290,20,6.81377090765977,2.93523223352238,0.153795867003291,0.153795867003291,0.00768979335016456,3.53283071663979,0,0,1,1.1525882458925,0.0435333247865248,2.19927041776563
20200823,3,265,5310,20,7.09070245890507,2.82059501381029,0.196243467984736,0.196243467984736,0.00981217339923679,3.53339000972324,0,0,1,1.43041589417157,0.0555397132625354,2.80582402075774
20200823,3,266,5330,20,7.07880343664783,2.82533625618951,0.128458205922944,0.128458205922944,0.00642291029614721,3.53339000972324,0,0,1,1.41851687191433,0.0363555128557705,1.83665282489849
20200823,3,267,5350,20,6.94351860898723,2.88038401367764,0.0919162439390079,0.0919162439390079,0.00459581219695039,3.53511619606149,0,0,1,1.28599594473019,0.0260009116649158,1.31354625772316
20200823,3,268,5370,20,6.834997873048,2.92611649213012,0.0712638613793169,0.0712638613793169,0.00356319306896584,3.53511619606149,0,0,1,1.17747520879095,0.0201588455447979,1.01840952604437
20200823,3,269,5390,20,6.73324626720387,2.97033543796185,0.0322569654129568,0.0167018858905587,0.00161284827064784,3.5368440698306,0,0,1,1.07848750342328,0.00912026789309424,0.460748988912249
20200823,3,270,5410,20,6.61189993657081,3.0248491646673,0.113704926344875,-0.113704926344875,0.00568524631724376,3.54031161682832,0,0,1,0.96267970834765,0.0321172084978047,1.62253691618557
20200823,3,271,5430,20,6.68120321624883,2.99347278516534,0.189532992884542,-0.189532992884542,0.00947664964422712,3.4354489702491,0,0,1,0.859547830533756,0.0551697884398497,2.7871357004119
20200823,3,272,5450,20,6.8484778512634,2.92035696608268,0.193110438141413,-0.193110438141413,0.00965552190707067,3.34028252399624,0,0,1,0.860960371432839,0.0578126061954725,2.92064884093101
20200823,3,273,5470,20,6.88344015835173,2.90552391535413,0.125199546022341,-0.125199546022341,0.00625997730111703,3.28759785378424,0,0,1,0.799971045187931,0.038082378560452,1.92389276529779
20200823,3,274,5490,20,6.76917594106772,2.95456938541996,0.0565851409524915,-0.0565851409524915,0.00282925704762457,3.24251263903238,0,0,1,0.60111979866565,0.0174510163110351,0.881612055155615
20200823,3,275,5510,20,6.66239895475019,3.00192170055207,0.0158383743282435,0.00405498142705217,0.000791918716412177,3.2348397532256,1,1,0,0.479712476986606,0.00489618513944946,0.247351544819935
20200823,3,276,5530,20,6.61493855527624,3.02345967885786,0.0398797056949464,0.0398797056949464,0.00199398528474732,3.2348397532256,0,0,1,0.432252077512658,0.0123281858568668,0.622810561625569
20200823,3,277,5550,20,6.55320011736512,3.05194403372524,0.0333586208910298,0.0333586208910298,0.00166793104455149,3.2348397532256,0,0,1,0.37051363960154,0.0103122947149906,0.520969276230881
20200823,3,278,5570,20,6.52954100420629,3.06300243571732,0.0323018001585534,0.0323018001585534,0.00161509000792767,3.22575492424906,0,0,1,0.329441967031016,0.0100137180031038,0.505885408111309
20200823,3,279,5590,20,6.55097152462486,3.05298228282946,0.063450258328746,0.063450258328746,0.0031725129164373,3.21699861404017,0,0,1,0.333996511731584,0.0197234335295719,0.996412842599631
20200823,3,280,5610,20,6.65634003341165,3.00465419428838,0.0951637299712985,0.0951637299712985,0.00475818649856492,3.21001927744076,0,0,1,0.425847855201027,0.0296458437617762,1.49768545165559
20200823,3,281,5630,20,6.6139910515426,3.02389281209193,0.0453216576809431,0.0453216576809431,0.00226608288404715,3.21001927744076,0,0,1,0.383498873331973,0.0141188116842328,0.713271614869819
20200823,3,282,5650,20,6.56759603279261,3.04525429093662,0.015056140059847,0.015056140059847,0.000752807002992351,3.21001927744076,1,1,0,0.337103854581983,0.00469035814384603,0.236953321738469
20200823,3,283,5670,20,6.53915817307688,3.0584976644768,0.00403915203560438,0.00403915203560438,0.000201957601780219,3.20307015887642,1,1,0,0.295148829548908,0.00126102515251219,0.0637060304393958
20200823,3,284,5690,20,6.56394083895975,3.04695007019131,0.0291750679296504,0.0291750679296504,0.00145875339648252,3.19211999293856,1,1,0,0.298512207127943,0.00913971529710348,0.461731456953677
20200823,3,285,5710,20,6.57474536645668,3.04194290200756,0.0332879848269254,0.0332879848269254,0.00166439924134627,3.18124444142248,0,0,1,0.287897446321041,0.0104638249087331,0.528624466229128
20200823,3,286,5730,20,6.50261391666891,3.07568621731204,0.00968628413425484,-0.00612993041427828,0.000484314206712742,3.16632834622759,1,1,0,0.186149604359571,0.00305915340264544,0.154546100368785
20200823,3,287,5750,20,6.15396239073425,3.24993861355297,0.0192752011076964,-0.0192752011076964,0.000963760055384821,3.15155147426214,1,1,0,-0.192118313748779,0.00611609909122911,0.308980668704335
20200823,3,288,5770,20,6.70625568283504,2.98229011029074,0.0130239214650536,-0.0130239214650536,0.000651196073252682,3.13308401347084,1,1,0,0.322769024319313,0.00415690144568632,0.210003495572545
20200823,3,289,5790,20,6.42089261254841,3.11483172307131,0.0254026803637479,-0.0254026803637479,0.0012701340181874,3.13308401347084,1,1,0,0.0374059540326916,0.00810788355962621,0.409604103311992
20200823,3,290,5810,20,6.37727227461482,3.13613707221054,0.0889587905468559,-0.0889587905468559,0.0044479395273428,3.11483172307131,0,0,1,-0.0436203379335893,0.0285597420521774,1.4428164203487
20200823,3,291,5830,20,6.41400215782414,3.11817793444346,0.0979114673101341,-0.0979114673101341,0.0048955733655067,3.11483172307131,0,0,1,-0.00689045472427097,0.0314339508567708,1.58801926045845
20200823,3,292,5850,20,6.45119524792517,3.10020069636435,0.0523075508179259,-0.0523075508179259,0.0026153775408963,3.11483172307131,0,0,1,0.0303026353767564,0.0167930583313661,0.848372519055058
20200823,3,293,5870,20,6.43499824424453,3.10800395600543,0.0191688483194759,-0.0191688483194759,0.000958442415973797,3.11483172307131,1,1,0,0.0141056316961112,0.00615405582827921,0.310898214156205
20200823,3,294,5890,20,6.56094543390236,3.04834115776273,0.00873995854115075,0.00859117086126504,0.000436997927057538,3.11483172307131,1,1,0,0.140052821353947,0.00280591676154271,0.141752778098947
20200823,3,295,5910,20,7.55593849562001,2.64692466880104,0.0213418671807775,0.0213418671807775,0.00106709335903887,3.11483172307131,1,0,0,1.1350458830716,0.00685169186595218,0.346142255532441
20200823,3,296,5930,20,8.93454251236335,2.23850297565036,0.0310501159937251,0.0310501159937251,0.00155250579968626,3.11483172307131,0,0,1,2.51364989981494,0.00996847302014405,0.503599666026054
20200823,3,297,5950,20,10.1591165984805,1.96867511127802,0.0307628547006802,0.0288601389725867,0.00153814273503401,3.11483172307131,0,0,1,3.73822398593211,0.0098762493244249,0.498940595146292
20200823,3,298,5970,20,11.4317919944147,1.74950698978529,0.176088226991358,-0.176088226991358,0.00880441134956788,3.11483172307131,0,0,1,5.01089938186624,0.0565321797922778,2.85596267408111
20200823,3,299,5990,20,14.0449461455319,1.42399976423994,0.629560923009562,-0.629560923009562,0.0314780461504781,3.13308401347084,0,0,1,7.66145948701614,0.200939687637719,10.1513200047035
20200823,3,300,6010,20,14.0150119550017,1.4270412372258,0.741613902348441,-0.741613902348441,0.0370806951174221,3.15155147426214,0,0,1,7.66893125051865,0.23531708379349,11.8880398802458
20200823,3,301,6030,20,11.3837377308287,1.75689219770387,0.507681812834928,-0.507681812834928,0.0253840906417464,3.15155147426214,0,0,1,5.03765702634564,0.161089487822435,8.13811825580023
20200823,3,302,6050,20,9.2600112708551,2.15982458498165,0.317259994669407,-0.317259994669407,0.0158629997334703,3.15155147426214,0,0,1,2.91393056637207,0.100667876523795,5.08566446380399
20200823,3,303,6070,20,7.80816798715568,2.56142030152267,0.166986339311718,-0.166986339311718,0.00834931696558589,3.15155147426214,0,0,1,1.46208728267266,0.0529854392909174,2.67678404478083
20200823,3,304,6090,20,6.99583322750914,2.85884459357259,0.0564208808110793,-0.0564208808110793,0.00282104404055397,3.15155147426214,0,0,1,0.649752523026109,0.0179025731522564,0.904424362915417
20200823,3,305,6110,20,6.48446188635853,3.08429602186025,0.00832121771507668,-0.00591517067045013,0.000416060885753834,3.15155147426214,1,1,0,0.138381181875502,0.00264035595897252,0.133388772426978
20200823,3,306,6130,20,6.18214989406988,3.23512052323168,0.0160962196414365,0.0160962196414365,0.000804810982071824,3.16632834622759,1,1,0,-0.134314418239455,0.00508355984641131,0.256817572330571
20200823,3,307,6150,20,6.01297583559335,3.32614009216726,0.0291247025318163,0.0291247025318163,0.00145623512659082,3.18124444142248,1,1,0,-0.27387208454229,0.00915512877683594,0.462510134212458
20200823,3,308,6170,20,5.89571401217199,3.39229480241223,0.0333267417787679,0.0333267417787679,0.0016663370889384,3.18124444142248,0,0,1,-0.391133907963648,0.0104760078618372,0.529239939742678
20200823,3,309,6190,20,5.81926829115355,3.43685820954569,0.0375197140000161,0.0375197140000161,0.0018759857000008,3.19211999293856,0,0,1,-0.446160340678261,0.0117538545176921,0.593795779721438
20200823,3,310,6210,20,6.15804966027736,3.24778153853004,0.0560180571293979,0.0560180571293979,0.0028009028564699,3.20307015887642,0,0,1,-0.0859596832506204,0.0174888636061122,0.883524071682351
20200823,3,311,6230,20,6.87748354217911,2.90804040130979,0.119411487337798,0.119411487337798,0.00597057436688988,3.21001927744076,0,0,1,0.646991363968482,0.0371996168923322,1.8792963180438
20200823,3,312,6250,20,7.15958416599278,2.79345832611309,0.184826052183471,0.184826052183471,0.00924130260917357,3.21699861404017,0,0,1,0.942609153099511,0.0574529474078175,2.90247915285738
20200823,3,313,6270,20,7.17018278296337,2.78932917128986,0.216508907454146,0.216508907454146,0.0108254453727073,3.21699861404017,0,0,1,0.953207770070094,0.0673015233855623,3.40002171160253
20200823,3,314,6290,20,7.17917636042012,2.78583489190529,0.202472543728547,0.202472543728547,0.0101236271864273,3.21699861404017,0,0,1,0.962201347526843,0.0629383372578657,3.17959687097978
20200823,3,315,6310,20,7.08965314961688,2.82101247803368,0.178651778181737,0.178651778181737,0.00893258890908684,3.21699861404017,0,0,1,0.872678136723607,0.0555336820482405,2.80551932840431
20200823,3,316,6330,20,6.96523330095943,2.87140417783925,0.127845550888333,0.127845550888333,0.00639227754441663,3.21699861404017,0,0,1,0.748258288066154,0.039740629769117,2.007666353608
20200823,3,317,6350,20,6.67614269791238,2.99574183851013,0.0337501022370152,0.013050768495172,0.00168750511185076,3.21699861404017,0,0,1,0.459167685019111,0.0104911771145058,0.530006278836171
20200823,3,318,6370,20,6.43623824207452,3.10740517174417,0.0858277370431235,-0.0858277370431235,0.00429138685215617,3.21001927744076,0,0,1,0.205746063863899,0.026737452216035,1.35075572549307
20200823,3,319,6390,20,6.38326249160764,3.1331940408678,0.122460886422455,-0.122460886422455,0.00612304432112277,3.21001927744076,0,0,1,0.152770313397014,0.0381495797495924,1.92728771819974
20200823,3,320,6410,20,6.40912517746438,3.12055069080622,0.0733970392480533,-0.0733970392480533,0.00366985196240266,3.21001927744076,0,0,1,0.17863299925375,0.0228649839469407,1.15512157740725
20200823,3,321,6430,20,6.34608070448303,3.15155147426214,0.0277227642292057,-0.0277227642292057,0.00138613821146028,3.21001927744076,1,1,0,0.115588526272404,0.00863632328442216,0.436300475803985
20200823,3,322,6450,20,6.28684792013564,3.18124444142248,0.00603349661347417,-0.00544741834578457,0.000301674830673708,3.21001927744076,1,1,0,0.0563557419250174,0.00187958267287555,0.0949550853391194
20200823,3,323,6470,20,6.24400934352798,3.20307015887642,0.00695780541920963,0.00695780541920963,0.000347890270960481,3.21001927744076,1,1,0,0.0135171653173529,0.00216752761209485,0.109501844399579
20200823,3,324,6490,20,6.21697501289327,3.21699861404017,0.00786551300237561,0.00786551300237561,0.000393275650118781,3.21001927744076,1,1,0,-0.0135171653173529,0.00245030086194576,0.123787333651369
20200823,3,325,6510,20,6.18322306145728,3.23455903195029,0.0069478436715229,-0.00690801751261447,0.000347392183576145,3.21001927744076,1,1,0,-0.0472691167533412,0.00216442428254268,0.109345066553776
20200823,3,326,6530,20,6.16018908586693,3.24665358826163,0.0123753200654085,-0.0123753200654085,0.000618766003270427,3.21699861404017,1,1,0,-0.0567859270263398,0.00384685278116008,0.194340073141475
20200823,3,327,6550,20,6.16953816292744,3.24173373627533,0.014313231321493,-0.014313231321493,0.000715661566074648,3.21699861404017,1,1,0,-0.047436849965834,0.00444925007397415,0.224772725651356
20200823,3,328,6570,20,6.50768621639645,3.07328892865316,0.0110537699723698,-0.0109972279243107,0.00055268849861849,3.21699861404017,1,1,0,0.290711203503179,0.00343605058582465,0.173586659057328
20200823,3,329,6590,20,6.90918073605098,2.89469920733774,0.00177820853658659,0.00103409365430096,8.89104268293295e-05,3.21699861404017,1,0,0,0.692205723157713,0.000552753901983617,0.0279247062083662
20200823,3,330,6610,20,7.83715605505495,2.55194612171848,0.00690360799629772,-0.00690360799629772,0.000345180399814886,3.21699861404017,1,0,0,1.62018104216168,0.00214597792058966,0.108413170394739
20200823,3,331,6630,20,8.9482733035502,2.23506807643717,0.0221874943348765,-0.0221874943348765,0.00110937471674383,3.21699861404017,1,0,0,2.73129829065692,0.00689695489393192,0.348428909238366
20200823,3,332,6650,20,8.99249011424581,2.22407806357398,0.0603777516912695,-0.0603777516912695,0.00301888758456348,3.21699861404017,0,0,1,2.77551510135254,0.0187683486799649,0.948162683290711
20200823,3,333,6670,20,9.60681032373168,2.08185644621233,0.0581438813919494,-0.0581438813919494,0.00290719406959747,3.22575492424906,0,0,1,3.4067112865564,0.0180248911517929,0.910603775107346
20200823,3,334,6690,20,10.0796342017438,1.98419898973515,0.0611304427388864,-0.0611304427388864,0.00305652213694432,3.23455903195029,0,0,1,3.89641114028655,0.0188991581650088,0.954771078864241
20200823,3,335,6710,20,10.1265952723893,1.97499746578508,0.160583415211435,-0.160583415211435,0.00802917076057173,3.2348397532256,0,0,1,3.94390879462571,0.0496418454890416,2.50786823204313
20200823,3,336,6730,20,9.87060699110771,2.02621784232902,0.285425344642984,-0.285425344642984,0.0142712672321492,3.2348397532256,0,0,1,3.68792051334412,0.0882347709367595,4.45755343730622
20200823,3,337,6750,20,9.44544942032007,2.11742174564757,0.345815352816473,-0.345815352816473,0.0172907676408237,3.23512052323168,0,0,1,3.26329952625019,0.106894117339105,5.4002094085364
20200823,3,338,6770,20,8.56846291419242,2.33414093055977,0.243150170274935,-0.243150170274935,0.0121575085137467,3.2348397532256,0,0,1,2.38577643642884,0.0751660634912375,3.79733228892597
20200823,3,339,6790,20,7.8287897250575,2.55467328953622,0.141691073435994,-0.141691073435994,0.0070845536717997,3.23512052323168,0,0,1,1.64663983098762,0.0437977727316489,2.21263012657727
20200823,3,340,6810,20,7.27143162071161,2.750490005714,0.0525390937409713,-0.0525390937409713,0.00262695468704856,3.23842375353219,0,0,1,1.09558759221295,0.0162236624171454,0.819607071061303
20200823,3,341,6830,20,6.84136131775495,2.92339478520091,0.0140109447237015,-0.0129597759365214,0.000700547236185074,3.23842375353219,1,0,0,0.665517289256286,0.00432647046527483,0.218569993316038
20200823,3,342,6850,20,6.58068073209461,3.03919925828617,0.0357837364970203,0.0357837364970203,0.00178918682485102,3.23842375353219,0,0,1,0.404836703595947,0.0110497387681246,0.558224388234568
20200823,3,343,6870,20,6.47028457036004,3.09105415418956,0.100229794229046,0.100229794229046,0.00501148971145231,3.23842375353219,0,0,1,0.294440541861377,0.0309501788083552,1.56357946496294
20200823,3,344,6890,20,6.43218800051,3.10936185298288,0.121865599765839,0.121865599765839,0.00609327998829193,3.23842375353219,0,0,1,0.256343972011337,0.0376311468296631,1.90109688186946
20200823,3,345,6910,20,6.35091694508174,3.14915155920727,0.105672908306696,0.105672908306696,0.00528364541533479,3.23842375353219,0,0,1,0.175072916583076,0.0326309699869997,1.64849175539242
20200823,3,346,6930,20,6.00703260142745,3.32943090657563,0.0813360079700513,0.0813360079700513,0.00406680039850257,3.23842375353219,0,0,1,-0.168811427071205,0.025115924956188,1.26883740311201
20200823,3,347,6950,20,6.42932348509157,3.1107471954672,0.0571782692910649,0.0571782692910649,0.00285891346455324,3.23842375353219,0,0,1,0.253479456592913,0.0176562036480556,0.891977963172567
20200823,3,348,6970,20,6.10445114092545,3.27629782568265,0.0409993216057342,0.0409993216057342,0.00204996608028671,3.23512052323168,0,0,1,-0.0776987531444329,0.0126731975860913,0.640240291460965
20200823,3,349,6990,20,6.04624259652746,3.30783948554869,0.0172548508071318,0.0172548508071318,0.000862742540356592,3.2348397532256,1,1,0,-0.136443881236119,0.0053340666380541,0.269472984684463
20200823,3,350,7010,20,5.97149051275983,3.34924755507259,0.0104296026829619,-0.010070178885933,0.000521480134148094,3.23455903195029,1,1,0,-0.211732548697455,0.00322442799155634,0.162895646744637
20200823,3,351,7030,20,5.88590659010379,3.39794723103945,0.0504567078330426,-0.0504567078330426,0.00252283539165213,3.23455903195029,0,0,1,-0.297316471353497,0.0155992539739241,0.788062431994247
20200823,3,352,7050,20,5.8737088198186,3.40500365501905,0.0659128295588829,-0.0659128295588829,0.00329564147794415,3.23455903195029,0,0,1,-0.309514241638681,0.0203776863887194,1.02946519883288
20200823,3,353,7070,20,5.88783658253669,3.39683340725182,0.0573586445528736,-0.0573586445528736,0.00286793222764368,3.23455903195029,0,0,1,-0.295386478920591,0.017733064688663,0.895860924414684
20200823,3,354,7090,20,5.88105368323841,3.40075113699472,0.0540777753649189,-0.0540777753649189,0.00270388876824594,3.23455903195029,0,0,1,-0.302169378218878,0.0167187473874336,0.844618386755074
20200823,3,355,7110,20,5.84977471838374,3.41893508089246,0.0446735234752057,-0.0446735234752057,0.00223367617376029,3.22575492424906,0,0,1,-0.350324318791536,0.0138490134942925,0.699641615764261
20200823,3,356,7130,20,5.8334739796901,3.42848876495074,0.0238994913325751,-0.0238994913325751,0.00119497456662875,3.22575492424906,1,1,0,-0.36662505748518,0.00740896066000387,0.374295050650015
20200823,3,357,7150,20,5.82127636763471,3.43567264924863,0.00632091490700804,-0.00632091490700804,0.000316045745350402,3.21001927744076,1,1,0,-0.409215810575915,0.00196912054436242,0.0994784704239114
20200823,3,358,7170,20,5.77319615668739,3.4642855460286,0.00947421702301994,-0.00947421702301994,0.000473710851150997,3.19211999293856,1,0,0,-0.492232475144418,0.00296800153001087,0.149941177175067
20200823,3,359,7190,20,5.83170671091648,3.42952775086608,0.00423414944295235,-0.00288362887608518,0.000211707472147618,3.18124444142248,1,1,0,-0.455141209219163,0.00133097268094842,0.0672397263112362
20200823,3,360,7210,20,5.81391246229941,3.44002427447798,0.0117295045932895,0.0117295045932895,0.000586475229664476,3.18124444142248,1,1,0,-0.472935457836228,0.00368708057782718,0.186268503094979
20200823,3,361,7230,20,5.82041547052904,3.43618081926755,0.0239267338676178,0.0239267338676178,0.00119633669338089,3.18124444142248,1,1,0,-0.466432449606599,0.00752118685256359,0.379964632438343
20200823,3,362,7250,20,5.81912207622599,3.43694456621041,0.0296846398826134,0.0296846398826134,0.00148423199413067,3.18124444142248,1,1,0,-0.467725843909647,0.00933114082529918,0.471402128868363
20200823,3,363,7270,20,5.79887630019266,3.44894406513474,0.0198256679626162,0.0198256679626162,0.000991283398130811,3.18124444142248,1,0,0,-0.487971619942981,0.00623204796980368,0.314838317755324
20200823,3,364,7290,20,5.77915205661702,3.46071530980057,0.00733961260468665,0.00730566376133583,0.000366980630234333,3.16632834622759,1,0,0,-0.537312255692314,0.00231802005418395,0.117104607974539
20200823,3,365,7310,20,5.7587743966028,3.47296119323555,0.00768592754264734,-0.00768592754264734,0.000384296377132367,3.15155147426214,1,0,0,-0.587306307880226,0.00243877582372245,0.123205097496597
20200823,3,366,7330,20,5.74959251929295,3.4785073781993,0.0166298285445418,-0.0166298285445418,0.000831491427227089,3.13872357288913,1,0,0,-0.622424491937636,0.00529827751898341,0.26766494564228
20200823,3,367,7350,20,5.77535534762592,3.46299037828407,0.019949331671969,-0.019949331671969,0.000997466583598452,3.12599967614649,1,0,0,-0.622597970352217,0.00638174463810603,0.322400879444555
20200823,3,368,7370,20,6.40371868794728,3.12318528882958,0.0141859630045171,-0.0141859630045171,0.000709298150225855,3.1249160672174,1,1,0,0.00354678899157168,0.00453963008905678,0.229338655189316
20200823,3,369,7390,20,7.42920598758701,2.69207773124298,0.00929134381588015,0.00104469014390003,0.000464567190794008,3.1249160672174,1,0,0,1.02903408863131,0.0029733098796966,0.150209350958903
20200823,3,370,7410,20,8.01905017556737,2.49406096259835,0.0727152934660516,0.0727152934660516,0.00363576467330258,3.1249160672174,0,0,1,1.61887827661167,0.023269518893287,1.17555837484495
20200823,3,371,7430,20,8.35504479802194,2.39376334699426,0.222400464930608,0.222400464930608,0.0111200232465304,3.1249160672174,0,0,1,1.95487289906623,0.0711700602981782,3.59545725055278
20200823,3,372,7450,20,9.25895619311905,2.16007070158333,0.350503642632568,0.350503642632568,0.0175251821316284,3.12383320928099,0,0,1,2.85656571318577,0.112203059238634,5.66841311056297
20200823,3,373,7470,20,10.5052950818276,1.90380182985974,0.420728086356103,0.420728086356103,0.0210364043178052,3.12350921545518,0,0,1,4.10224049788735,0.134697245096743,6.80480225088368
20200823,3,374,7490,20,9.40551486421919,2.12641203471856,0.258992105920383,0.258992105920383,0.0129496052960191,3.12318528882958,0,0,1,3.00179617627191,0.0829256294356588,4.18933965156026
20200823,3,375,7510,20,8.3441247142573,2.39689610173572,0.0619064411901973,0.0619064411901973,0.00309532205950987,3.1205057216806,0,0,1,1.93490717588065,0.0198385924307348,1.00223058259335
20200823,3,376,7530,20,7.20390099932456,2.77627357759014,0.0381159661899671,-0.0381159661899671,0.00190579830949836,3.11783074851149,0,0,1,0.789184610518532,0.0122251556496979,0.61760555401648
20200823,3,377,7550,20,6.82008683933464,2.9325139798295,0.083728289425478,-0.083728289425478,0.0041864144712739,3.11565478035666,0,0,1,0.400890423193005,0.0268734167704849,1.35762455124743
20200823,3,378,7570,20,6.6386071401248,3.01268015682338,0.110864418504356,-0.110864418504356,0.00554322092521778,3.10740901522123,0,0,1,0.20237685887355,0.0356774463745523,1.80239742261221
20200823,3,379,7590,20,7.01004592704476,2.8530483549102,0.0765753644180365,-0.0765753644180365,0.00382876822090183,3.11565478035666,0,0,1,0.590849510903127,0.02457761524185,1.24164240626431
20200823,3,380,7610,20,7.75369284667568,2.57941607895582,0.0826518124610526,0.0826518124610526,0.00413259062305263,3.11348184734748,0,0,1,1.33001640319844,0.0265464250358381,1.34110517781595
20200823,3,381,7630,20,9.15109407468071,2.18553102358942,0.210641035927202,0.210641035927202,0.0105320517963601,3.11348184734748,0,0,1,2.72741763120348,0.0676544930257606,3.41785346904041
20200823,3,382,7650,20,11.6558888257391,1.71587086141685,0.236679092843478,0.236679092843478,0.0118339546421739,3.11348184734748,0,0,1,5.23221238226188,0.0760174956681106,3.84034599413946
20200823,3,383,7670,20,13.5884421004675,1.47183907118476,0.168685469124344,0.168685469124344,0.00843427345621721,3.11348184734748,0,0,1,7.16476565699031,0.0541790437185478,2.7370840315398
20200823,3,384,7690,20,12.753302356638,1.56822126855561,0.0249785744708855,-0.0150635524729898,0.00124892872354427,3.11348184734748,1,0,0,6.32962591316073,0.00802271402101345,0.405301403077533
20200823,3,385,7710,20,12.1650458739373,1.64405463055824,0.0775676054370519,0.0775676054370519,0.0038783802718526,3.11348184734748,0,0,1,5.74136943046005,0.0249134599911464,1.25860902725435
20200823,3,386,7730,20,12.3168941857407,1.62378597220995,0.0971368113726683,0.0971368113726683,0.00485684056863341,3.11348184734748,0,0,1,5.89321774226346,0.031198772350455,1.57613822140685
20200823,3,387,7750,20,11.2055392014804,1.78483155878458,0.167177317610986,0.167177317610986,0.00835886588054931,3.11348184734748,0,0,1,4.78186275800317,0.0536946498510702,2.71261282221879
20200823,3,388,7770,20,10.2458981202544,1.95200067044033,0.139421354006374,0.139421354006374,0.0069710677003187,3.11348184734748,0,0,1,3.82222167677719,0.0447798833724223,2.26224560827588
20200823,3,389,7790,20,9.92343902912853,2.01543033028101,0.0546105818373342,0.0492577160314123,0.00273052909186671,3.11348184734748,0,0,1,3.4997625856513,0.0175400354056535,0.886109232028057
20200823,3,390,7810,20,9.63609437390505,2.07552969325008,0.0412169286386435,-0.0412169286386435,0.00206084643193218,3.11348184734748,0,0,1,3.21241793042782,0.0132382106784268,0.668784322630584
20200823,3,391,7830,20,8.31870235922952,2.40422113165405,0.0158469247030743,-0.0157418448947061,0.000792346235153715,3.11348184734748,1,0,0,1.89502591575229,0.00508977584583479,0.257131599887988
20200823,3,392,7850,20,7.63237036846749,2.6204179087834,0.0135164866537899,0.0135164866537899,0.000675824332689493,3.11348184734748,1,0,0,1.20869392499026,0.00434127684582622,0.219318000386496
20200823,3,393,7870,20,7.2472227527519,2.7596778355413,0.00952135819158062,0.00942638435365559,0.000476067909579031,3.11348184734748,1,0,0,0.823546309274661,0.00305810621625827,0.154493197309934
20200823,3,394,7890,20,7.01367645228993,2.85157151688543,0.00695880062304326,-0.00695880062304326,0.000347940031152163,3.11348184734748,1,1,0,0.590000008812694,0.00223505418185488,0.112913235282648
20200823,3,395,7910,20,6.89366946093833,2.90121249841267,0.0161296514066807,0.0160032124997244,0.000806482570334036,3.11348184734748,1,1,0,0.469993017461093,0.00518058308912972,0.261719112669901
20200823,3,396,7930,20,6.85122666038023,2.91918527752956,0.0415525874440392,0.0415525874440392,0.00207762937220196,3.11348184734748,0,0,1,0.427550216903001,0.0133460188564901,0.674230709690853
20200823,3,397,7950,20,6.79243409817718,2.94445256456256,0.0299911139217268,0.0299911139217268,0.00149955569608634,3.11348184734748,0,0,1,0.368757654699948,0.00963266060063194,0.486634678312093
20200823,3,398,7970,20,6.69953582540165,2.98528144653976,0.0114211457778882,0.0114211457778882,0.000571057288894412,3.11348184734748,1,1,0,0.27585938192442,0.00366828725454701,0.185319078713904
20200823,3,399,7990,20,6.60798813789916,3.02663981572438,0.00319810783911662,0.00230859733277454,0.000159905391955831,3.11348184734748,1,1,0,0.184311694421922,0.00102718049949166,0.0518923766405502
20200823,3,400,8010,20,6.53625587160877,3.05985573283216,0.00967002715356231,-0.00967002715356231,0.000483501357678115,3.11284163529216,1,1,0,0.111258283151982,0.00310649505709748,0.156937764701225
20200823,3,401,8030,20,6.48320424896519,3.08489432570203,0.0391992691673457,-0.0391992691673457,0.00195996345836728,3.10320069266429,0,0,1,0.0382456462946266,0.0126318833519242,0.638153127811462
20200823,3,402,8050,20,6.44132060085985,3.10495335340554,0.0645723197272319,-0.0645723197272319,0.0032286159863616,3.10320069266429,0,0,1,-0.00363800181071383,0.0208082963760209,1.0512192874836
20200823,3,403,8070,20,6.44173438289954,3.10475390806127,0.0662866283376942,-0.0662866283376942,0.00331433141688471,3.10320069266429,0,0,1,-0.00322421977102749,0.0213607287773524,1.07912775172384
20200823,3,404,8090,20,6.46120062206364,3.09539993723523,0.0384998156549774,-0.0384998156549774,0.00192499078274887,3.10320069266429,0,0,1,0.0162420193930757,0.0124064859053389,0.62676622044921
20200823,3,405,8110,20,6.45897522105633,3.09646643863871,0.0114725443814965,-0.0114725443814965,0.000573627219074825,3.10320069266429,1,1,0,0.0140166183857673,0.00369700368030229,0.18676981067562
20200823,3,406,8130,20,6.45051880284245,3.10052580440304,0.00138530264611825,-0.000394075601929433,6.92651323059123e-05,3.10320069266429,1,1,0,0.0055602001718853,0.000446410910320105,0.0225523392492808
20200823,3,407,8150,20,6.42631873343635,3.11220168647088,0.0113502620801968,-0.0113502620801968,0.000567513104009838,3.10740901522123,1,1,0,-0.00991154781490788,0.00365264502503501,0.184528845190452
20200823,3,408,8170,20,6.39795331797814,3.12599967614649,0.0286192069031076,-0.0286192069031076,0.00143096034515538,3.11056965583816,1,1,0,-0.0317371287419519,0.00920063206088082,0.46480892547184
20200823,3,409,8190,20,6.40239047993327,3.12383320928099,0.0123905994764277,-0.0112739232516055,0.000619529973821387,3.11056965583816,1,1,0,-0.0272999667868135,0.00398338595413612,0.201237625070769
20200823,3,410,8210,20,6.41623491353494,3.11709285422364,0.0307317038092643,0.0307317038092643,0.00153658519046322,3.11056965583816,0,0,1,-0.0134555331851516,0.00987976711969291,0.499118311484445
20200823,3,411,8230,20,6.46444889074746,3.09384455473473,0.0601495416530837,0.0601495416530837,0.00300747708265418,3.11056965583816,0,0,1,0.0347584440273749,0.0193371466670712,0.976897924461972
20200823,3,412,8250,20,6.44078721929918,3.10521048422031,0.0441378424304091,0.0441378424304091,0.00220689212152046,3.10893933597373,0,0,1,0.00772505929535328,0.0141970741981638,0.71722537747703
20200823,3,413,8270,20,6.45543523116612,3.09816445891088,0.0414508297269937,0.0414508297269937,0.00207254148634969,3.10893933597373,0,0,1,0.022373071162292,0.0133327882108743,0.673562307549423
20200823,3,414,8290,20,6.45477875352844,3.09847955502227,0.0254577251898486,0.0254577251898486,0.00127288625949243,3.10893933597373,1,1,0,0.0217165935246157,0.00818855642992956,0.413679635287655
20200823,3,415,8310,20,6.43939840249868,3.10588020027452,0.0100946336076019,0.0100946336076019,0.000504731680380097,3.10893933597373,1,1,0,0.00633624249485365,0.00324697027400835,0.164034465688256
20200823,3,416,8330,20,6.43306216000383,3.10893933597373,0.00213638949748934,0.00213417630400669,0.000106819474874467,3.10893933597373,1,1,0,0,0.000687176321766415,0.0347156244936677
20200823,3,417,8350,20,6.42367644347723,3.11348184734748,0.0101267745965237,-0.0101267745965237,0.000506338729826185,3.10893933597373,1,1,0,-0.00938571652659448,0.00325730852298923,0.164556746154236
20200823,3,418,8370,20,6.41471638880603,3.11783074851149,0.0289054794287729,-0.0289054794287729,0.00144527397143865,3.10893933597373,1,1,0,-0.0183457711978008,0.00929753729650042,0.4697045041824
20200823,3,419,8390,20,7.03563984099674,2.8426696721256,0.0415110597607043,-0.0415110597607043,0.00207555298803521,3.10740901522123,0,0,1,0.599409559745482,0.0133587369919338,0.674873220208658
20200823,3,420,8410,20,8.10400112415346,2.46791673564695,0.0358522103393629,-0.0358522103393629,0.00179261051696814,3.10740901522123,0,0,1,1.6677708429022,0.0115376540917998,0.582873498841107
20200823,3,421,8430,20,8.22049866158022,2.43294243127526,0.025636349581003,-0.025636349581003,0.00128181747905015,3.10740901522123,1,0,0,1.78426838032897,0.00825007247369972,0.416787378974707
20200823,3,422,8450,20,8.29884309597765,2.40997447098304,0.0237116271301635,-0.0237116271301635,0.00118558135650817,3.10740901522123,1,0,0,1.86261281472639,0.00763067462764485,0.385495871460953
20200823,3,423,8470,20,9.42616418490888,2.12175383408021,0.115779385877708,-0.115779385877708,0.00578896929388541,3.10893933597373,0,0,1,2.99310202490506,0.0372407993099183,1.88137682242
20200823,3,424,8490,20,10.7019530840571,1.86881776091827,0.398543592708805,-0.398543592708805,0.0199271796354403,3.10893933597373,0,0,1,4.26889092405327,0.12819278526835,6.47620189347291
20200823,3,425,8510,20,15.3906168647491,1.29949307267913,0.752350098008518,-0.752350098008518,0.0376175049004259,3.10893933597373,0,0,1,8.95755470474523,0.241995747328688,12.2254408762689
20200823,3,426,8530,20,13.0572652508226,1.53171430738454,0.662168432675246,-0.662168432675246,0.0331084216337623,3.10893933597373,0,0,1,6.62420309081881,0.212988534389608,10.7600185674612
20200823,3,427,8550,20,10.147931798886,1.97084493632441,0.431062203497688,-0.431062203497688,0.0215531101748844,3.10893933597373,0,0,1,3.71486963888219,0.138652497496442,7.00461859020788
20200823,3,428,8570,20,8.37039518799384,2.38937344663096,0.33580217613431,-0.33580217613431,0.0167901088067155,3.10893933597373,0,0,1,1.93733302799001,0.108011813626829,5.45667457387102
20200823,3,429,8590,20,7.5399496176783,2.65253761817024,0.164846859663753,-0.164846859663753,0.00824234298318764,3.10893933597373,0,0,1,1.10688745767447,0.0530235047549175,2.67870708303542
20200823,3,430,8610,20,6.84115223709432,2.92348413057604,0.0291917778754476,-0.0247079727454395,0.00145958889377238,3.10893933597373,1,1,0,0.408090077090492,0.00938962608168894,0.474356759484889
20200823,3,431,8630,20,6.39850625561212,3.1257295376492,0.0389991521841658,0.0389991521841658,0.00194995760920829,3.10893933597373,0,0,1,-0.0345559043917092,0.0125441985094094,0.633723356339265
20200823,3,432,8650,20,6.15263074853328,3.25064201273053,0.0573983935435693,0.0573983935435693,0.00286991967717846,3.10893933597373,0,0,1,-0.280431411470545,0.0184623716775072,0.932704958126791
20200823,3,433,8670,20,6.00062931811681,3.33298374882397,0.0541125057645885,0.0541125057645885,0.00270562528822942,3.10893933597373,0,0,1,-0.432432841887021,0.0174054556608581,0.879310365802925
20200823,3,434,8690,20,5.9337529440927,3.3705481486065,0.0706051037988854,0.0706051037988854,0.00353025518994427,3.10893933597373,0,0,1,-0.499309215911126,0.0227103510775876,1.14730964259983
20200823,3,435,8710,20,5.90440062979542,3.3873040218636,0.0887158373335329,0.0887158373335329,0.00443579186667664,3.10893933597373,0,0,1,-0.52866153020841,0.0285357248071703,1.44160308741997
20200823,3,436,8730,20,5.88731685064204,3.39713327945292,0.0971823464660686,0.0971823464660686,0.00485911732330343,3.10893933597373,0,0,1,-0.545745309361791,0.0312590037835624,1.57918106754145
20200823,3,437,8750,20,5.87272266028504,3.4055754301582,0.0917794641269728,0.0917794641269728,0.00458897320634864,3.10893933597373,0,0,1,-0.560339499718793,0.0295211498870329,1.49138601205744
20200823,3,438,8770,20,5.8434821559249,3.42261676622411,0.0739335357300239,0.0739335357300239,0.0036966767865012,3.10893933597373,0,0,1,-0.589580004078925,0.0237809515530054,1.20139556336004
20200823,3,439,8790,20,5.81298352500562,3.44057400368783,0.0602088586854897,0.0602088586854897,0.00301044293427449,3.10893933597373,0,0,1,-0.620078634998208,0.0193663665253321,0.978374089450508
20200823,3,440,8810,20,5.77668500252776,3.46219328061828,0.0381630462231236,0.0381630462231236,0.00190815231115618,3.10893933597373,0,0,1,-0.656377157476072,0.0122752624284227,0.620136910321547
20200823,3,441,8830,20,5.72832045257428,3.4914247842074,0.00977232693590975,0.00270885193181205,0.000488616346795487,3.10893933597373,1,0,0,-0.704741707429548,0.00314329933132936,0.158797088609115
20200823,3,442,8850,20,5.70478614867397,3.50582817283148,0.0261352703415044,-0.0261352703415044,0.00130676351707522,3.10893933597373,1,0,0,-0.728276011329854,0.0084064909337701,0.424689520465442
20200823,3,443,8870,20,5.70155280902691,3.50781632125467,0.0483354760954854,-0.0483354760954854,0.00241677380477427,3.10893933597373,0,0,1,-0.731509350976921,0.0155472561127818,0.785435539645501
20200823,3,444,8890,20,5.71215288145868,3.50130684788197,0.0765822015768067,-0.0765822015768067,0.00382911007884034,3.10893933597373,0,0,1,-0.72090927854515,0.024632903154677,1.24443550951881
20200823,3,445,8910,20,5.73749631902911,3.48584101634498,0.0889405795095438,-0.0889405795095438,0.00444702897547719,3.10893933597373,0,0,1,-0.695565840974723,0.0286080138265829,1.4452550736329
20200823,3,446,8930,20,5.77163880843727,3.4652203063648,0.0935683760228262,-0.0935683760228262,0.00467841880114131,3.10970975731274,0,0,1,-0.659829579558846,0.0300891026253471,1.52007855190338
20200823,3,447,8950,20,5.81066862382613,3.44194468739652,0.138519037732049,-0.138519037732049,0.00692595188660245,3.10970975731274,0,0,1,-0.620799764169988,0.0445440406154657,2.25033101178774
20200823,3,448,8970,20,5.85352634376159,3.41674382678999,0.0690420554843053,-0.0137639886423821,0.00345210277421527,3.10970975731274,0,0,1,-0.577942044234534,0.0222020898644792,1.12163267315244
20200823,3,449,8990,20,5.80241439524616,3.44684102817367,0.138814540049503,-0.138814540049503,0.00694072700247517,3.1104805605802,0,0,1,-0.62746022074225,0.0446280043697204,2.25457279671463
20200823,3,450,9010,20,5.83183625595484,3.42945156931973,0.0956558482117908,-0.0956558482117908,0.00478279241058954,3.1104805605802,0,0,1,-0.59803836003357,0.0307527555143917,1.55360579048894
20200823,3,451,9030,20,5.840451985257,3.42439250429347,0.0877130077035391,-0.0877130077035391,0.00438565038517695,3.1104805605802,0,0,1,-0.589422630731406,0.0281991820862491,1.42460120543494
20200823,3,452,9050,20,5.85462944376559,3.41610006100341,0.0447274227041824,-0.0447274227041824,0.00223637113520912,3.1104805605802,0,0,1,-0.575245172222822,0.0143795859942103,0.72644573443131
20200823,3,453,9070,20,5.83251396274727,3.42905308546908,0.00782241817663052,-0.00649901640605921,0.000391120908831526,3.1104805605802,1,0,0,-0.59736065324114,0.00251485840347815,0.12704873148928
20200823,3,454,9090,20,5.80070600506542,3.44785617173757,0.0107038478575049,0.0107038478575049,0.000535192392875245,3.1104805605802,1,0,0,-0.629168610922989,0.00344121998161864,0.173847812996367
20200823,3,455,9110,20,5.76625803286197,3.46845387182117,0.0126293992734285,0.0126293992734285,0.000631469963671427,3.1104805605802,1,0,0,-0.663616583126441,0.00406027269017003,0.205121884426266
20200823,3,456,9130,20,5.72027985849127,3.49633243386016,0.00520859169976227,-0.0029744037515683,0.000260429584988113,3.11134088550323,1,0,0,-0.707816816221111,0.00167406654925882,0.0845725672736932
20200823,3,457,9150,20,5.68706467164429,3.51675269312832,0.0217001340056406,-0.0217001340056406,0.00108500670028203,3.11220168647088,1,0,0,-0.739254061792054,0.00697259888392638,0.352250386010296
20200823,3,458,9170,20,5.67836994394111,3.52213754958679,0.0310769313565548,-0.0310769313565548,0.00155384656782774,3.11198048033139,0,0,1,-0.748405585791716,0.00998622309907465,0.504496386497015
20200823,3,459,9190,20,5.68897752514476,3.51557022533519,0.0385647688474018,-0.0385647688474018,0.00192823844237009,3.1104805605802,0,0,1,-0.740897090843646,0.0123983314141685,0.626354261764893
20200823,3,460,9210,20,5.72114566041591,3.49580332106875,0.018971464678529,-0.018971464678529,0.000948573233926449,3.10970975731274,1,0,0,-0.710322727580206,0.0061007187676972,0.308203666471557
20200823,3,461,9230,20,5.72966296212007,3.49060671320877,0.00489842038292276,-0.00431605298068116,0.000244921019146138,3.10893933597373,1,0,0,-0.703399197883755,0.00157559214045859,0.0795977151289675
20200823,3,462,9250,20,5.74430243246752,3.48171083175522,0.0190720549716993,0.0190720549716993,0.000953602748584965,3.10588020027452,1,0,0,-0.695095970031161,0.00614062801585638,0.310219851297828
20200823,3,463,9270,20,5.74349659367454,3.48219933168003,0.0357364617029157,0.0357364617029157,0.00178682308514578,3.10217546385291,0,0,1,-0.703591984339027,0.0115198067031743,0.58197186235846
20200823,3,464,9290,20,5.73023956258203,3.49025547388948,0.0412950923920298,0.0412950923920298,0.00206475461960149,3.09847955502227,0,0,1,-0.724539190946416,0.0133275342498534,0.67329688143952
20200823,3,465,9310,20,5.71258943591056,3.50103927901342,0.0389625897184026,0.0389625897184026,0.00194812948592013,3.07603673289947,0,0,1,-0.789283505362164,0.0126664903905996,0.639901449052226
20200823,3,466,9330,20,5.69389223296139,3.51253574562264,0.038990639598186,0.038990639598186,0.0019495319799093,3.07209910280901,0,0,1,-0.816314414250201,0.0126918560545571,0.641182903079508
20200823,3,467,9350,20,5.6708566745292,3.52680399944342,0.038862102701502,0.038862102701502,0.0019431051350751,3.0681715409392,0,0,1,-0.847683678621251,0.0126662092334009,0.639887245204647
20200823,3,468,9370,20,5.6497364006259,3.53998816613538,0.0341707743313544,0.0341707743313544,0.00170853871656772,3.06806924560677,0,0,1,-0.869021293203332,0.0111375499038309,0.562660539942628
20200823,3,469,9390,20,5.62704264038757,3.55426487378146,0.023597969454288,0.023597969454288,0.0011798984727144,3.04838036427793,1,0,0,-0.933818410407639,0.00774114993352465,0.391076999787505
20200823,3,470,9410,20,5.59897934584433,3.57207961748321,0.0137647896928455,0.0137647896928455,0.000688239484642275,3.0403183621438,1,0,0,-0.979279118475687,0.00452741721532729,0.228721670108556
20200823,3,471,9430,20,5.59129753213801,3.57698725296637,0.0131040863363094,0.0131040863363094,0.000655204316815468,3.03229889042288,1,0,0,-1.00435834570681,0.00432150220339324,0.218319000509091
20200823,3,472,9450,20,5.66901532072325,3.52794954123504,0.0160592303580372,0.0160592303580372,0.000802961517901859,3.03229889042288,1,0,0,-0.926640557121573,0.00529605785523259,0.267552809919854
20200823,3,473,9470,20,6.42987461598841,3.1104805605802,0.0271755851420667,0.0271755851420667,0.00135877925710334,3.03229889042288,1,1,0,-0.165781261856409,0.00896204039380724,0.452755456137866
20200823,3,474,9490,20,7.60497888239979,2.62985608629184,0.0990321301244688,0.0990321301244688,0.00495160650622344,3.03229889042288,0,0,1,1.00932300455497,0.0326590925575473,1.64991248624126
20200823,3,475,9510,20,9.53601756736452,2.09731157254227,0.21888090968545,0.21888090968545,0.0109440454842725,3.03229889042288,0,0,1,2.9403616895197,0.0721831579257428,3.64663817122762
20200823,3,476,9530,20,15.6919808051457,1.27453635384525,0.599830978040964,0.599830978040964,0.0299915489020482,3.03229889042288,0,0,1,9.09632492730088,0.197813935801465,9.99340940218317
20200823,3,477,9550,20,32.8370125456136,0.609068805276308,1.3081286606455,1.3081286606455,0.0654064330322748,3.03229889042288,0,0,1,26.2413566677687,0.431398324478187,21.7939148445701
20200823,3,478,9570,20,14.3086780789458,1.39775315998118,0.401913832287209,0.401913832287209,0.0200956916143604,3.03229889042288,0,0,1,7.71302220110101,0.132544266515613,6.69603541244942
20200823,3,479,9590,20,9.29411763320877,2.15189873738397,0.0727701762029745,-0.0684923150999658,0.00363850881014872,3.03229889042288,0,0,1,2.69846175536395,0.0239983520202476,1.21237846941554
20200823,3,480,9610,20,8.85649631104252,2.25822936041462,0.0666488534541139,-0.0666488534541139,0.00333244267270569,3.03229889042288,0,0,1,2.2608404331977,0.0219796451018122,1.11039493313329
20200823,3,481,9630,20,8.58320161811616,2.33013284434411,0.00768240951950723,-0.00170186083515038,0.000384120475975361,3.03038391910104,1,0,0,1.98337778921564,0.0025351274705108,0.128072709320957
20200823,3,482,9650,20,8.31403957717339,2.40556949655508,0.00652077884321498,0.00193426060741841,0.000326038942160749,3.03038391910104,1,0,0,1.71421574827286,0.00215179957962203,0.108707276175885
20200823,3,483,9670,20,7.66074603922152,2.61071178937455,0.0491503212839971,-0.0491503212839971,0.00245751606419986,3.03038391910104,0,0,1,1.060922210321,0.0162191730804121,0.819380273188144
20200823,3,484,9690,20,7.18965539461624,2.78177449436261,0.106072695595006,-0.106072695595006,0.00530363477975031,3.03038391910104,0,0,1,0.589831565715713,0.0350030551991817,1.76832769397862
20200823,3,485,9710,20,7.0107249960929,2.85277200448542,0.103126422071191,-0.103126422071191,0.00515632110355955,3.03038391910104,0,0,1,0.410901167192378,0.034030810888735,1.71921065177494
20200823,3,486,9730,20,7.13274467543079,2.80396970732618,0.0980372080622942,-0.0980372080622942,0.00490186040311471,3.03038391910104,0,0,1,0.53292084653026,0.0323514150944204,1.63436885509923
20200823,3,487,9750,20,8.00140694041283,2.49956040843088,0.0646494074265455,-0.0646494074265455,0.00323247037132727,3.03229889042288,0,0,1,1.40575106256802,0.021320262204604,1.07708341128372
20200823,3,488,9770,20,8.68281931454931,2.30339930792837,0.0272479063987514,-0.0272479063987514,0.00136239531993757,3.03038391910104,1,0,0,2.08299548564878,0.00899156909690654,0.454247223732456
20200823,3,489,9790,20,10.1034952087175,1.9795129890044,0.0292034083337855,0.0270686944787814,0.00146017041668928,3.03038391910104,1,0,0,3.50367137981698,0.00963686751032149,0.486847208186064
20200823,3,490,9810,20,11.7229853121016,1.70605007747933,0.103963160225303,0.103963160225303,0.00519815801126514,3.02834742806461,0,0,1,5.11872325991635,0.0343299976950612,1.73432534140101
20200823,3,491,9830,20,12.3183866996515,1.62358923190533,0.109018534695208,0.109018534695208,0.0054509267347604,3.02834742806461,0,0,1,5.71412464746618,0.0359993485836203,1.8186596770871
20200823,3,492,9850,20,9.19111065358766,2.17601558220749,0.068409185661555,0.068409185661555,0.00342045928307775,3.02822350131711,0,0,1,2.58657832917334,0.02259053389943,1.14125656999961
20200823,3,493,9870,20,7.97449847195594,2.5079947121859,0.0369231533816202,0.0369231533816202,0.00184615766908101,3.02834742806461,0,0,1,1.37023641977066,0.0121925090362625,0.615956271965988
20200823,3,494,9890,20,7.36701878310078,2.71480236291484,0.0195873248406502,0.0195873248406502,0.000979366242032508,3.02847136495566,1,0,0,0.763027003144543,0.00646772661194931,0.326744623288194
20200823,3,495,9910,20,7.01498118211975,2.85104114761951,0.0141589763914291,-0.00878183843827596,0.000707948819571455,3.02847136495566,1,1,0,0.410989402163523,0.0046752881850796,0.236191998897302
20200823,3,496,9930,20,6.80204939885607,2.94029031946805,0.0658781123035315,-0.0658781123035315,0.00329390561517657,3.02847136495566,0,0,1,0.198057618899838,0.0217529256065778,1.09894123688002
20200823,3,497,9950,20,6.72471994897751,2.97410154649503,0.0965436480724391,-0.0965436480724391,0.00482718240362196,3.02847136495566,0,0,1,0.120728169021277,0.0318786729138688,1.610486280129
20200823,3,498,9970,20,6.71641476365039,2.9777791729363,0.0879754534070024,-0.0879754534070024,0.00439877267035012,3.02866570502749,0,0,1,0.112846741335944,0.0290475945433548,1.46746235670529
20200823,3,499,9990,20,6.68843268906676,2.99023716463395,0.0650531275235094,-0.0650531275235094,0.00325265637617547,3.02886007004293,0,0,1,0.0852884243940935,0.021477759295294,1.08504004437199
20200823,3,500,10010,20,6.63855471308216,3.01270394903688,0.0558915522723117,-0.0558915522723117,0.00279457761361558,3.03057850471934,0,0,1,0.0391546418234157,0.0184425357024328,0.931702859771045
20200823,3,501,10030,20,6.60549506073085,3.02778214442979,0.0322470797516046,-0.0322470797516046,0.00161235398758023,3.02886007004293,0,0,1,0.002350796058181,0.0106466059857125,0.53785842705108
20200823,3,502,10050,20,6.59565587784482,3.03229889042288,0.0111438070951029,0.0095402347402157,0.000557190354755145,3.02886007004293,1,1,0,-0.00748838682784481,0.00367920829533236,0.185870801378052
20200823,3,503,10070,20,6.58083005026538,3.03913029925359,0.0365786558895491,0.0365786558895491,0.00182893279447746,3.02886007004293,0,0,1,-0.0223142144072881,0.0120767070923256,0.610106045941001
20200823,3,504,10090,20,6.57090840259343,3.04371918989258,0.0479473683326764,0.0479473683326764,0.00239736841663382,3.02886007004293,0,0,1,-0.0322358620792329,0.015830169510603,0.799728109066026
20200823,3,505,10110,20,6.55077250063414,3.0530750378011,0.0403769238992991,0.0403769238992991,0.00201884619496496,3.02886007004293,0,0,1,-0.0523717640385257,0.0133307326735391,0.673458463368532
20200823,3,506,10130,20,6.53187051610212,3.06191005328363,0.0344482338520776,0.0344482338520776,0.00172241169260388,3.02886007004293,0,0,1,-0.0712737485705475,0.0113733328894224,0.574572116826927
20200823,3,507,10150,20,6.53531098370422,3.06029813269329,0.0437283406504424,0.0437283406504424,0.00218641703252212,3.02886007004293,0,0,1,-0.0678332809684434,0.0144372270884811,0.72935771862041
20200823,3,508,10170,20,6.54180300691633,3.05726112187343,0.0479037441628092,0.0479037441628092,0.00239518720814046,3.02886007004293,0,0,1,-0.0613412577563395,0.01581576667625,0.799000488842213
20200823,3,509,10190,20,6.5222042084315,3.06644799225164,0.0399207790986646,0.0399207790986646,0.00199603895493323,3.02886007004293,0,0,1,-0.0809400562411611,0.0131801331773306,0.665850291500982
20200823,3,510,10210,20,6.5171059028462,3.06884686211182,0.0357030399549233,0.0357030399549233,0.00178515199774616,3.02886007004293,0,0,1,-0.0860383618264677,0.0117876161754865,0.595501392963849
20200823,3,511,10230,20,6.51854035315046,3.0681715409392,0.0255316151031162,0.0255316151031162,0.00127658075515581,3.02886007004293,1,1,0,-0.0846039115222084,0.00842944689179859,0.425849237984173
20200823,3,512,10250,20,6.50187294127272,3.07603673289947,0.0120436668516544,-0.00879182980917539,0.000602183342582719,3.02886007004293,1,1,0,-0.101271323399942,0.0039763034848565,0.200879824116034
20200823,3,513,10270,20,6.518975034508,3.06796695709534,0.018491115083542,-0.018491115083542,0.000924555754177097,3.02886007004293,1,1,0,-0.0841692301646617,0.00610497502556461,0.308418689377895
20200823,3,514,10290,20,6.56086105079521,3.04838036427793,0.0170969462439826,-0.0170969462439826,0.000854847312199132,3.02886007004293,1,1,0,-0.0422832138774538,0.00564468012671854,0.285164941600884
20200823,3,515,10310,20,6.55699581547924,3.05017733163495,0.0612921374519417,-0.0612921374519417,0.00306460687259708,3.02886007004293,0,0,1,-0.0461484491934243,0.0202360412942659,1.02230939652325
20200823,3,516,10330,20,6.61263413853703,3.02451331511662,0.0445963963394295,-0.0445963963394295,0.00222981981697147,3.02886007004293,0,0,1,0.00948987386436784,0.0147238219356886,0.743836272060527
20200823,3,517,10350,20,6.61232931716677,3.02465274197347,0.033441702785933,-0.033441702785933,0.00167208513929665,3.02886007004293,0,0,1,0.00918505249410373,0.0110410193975911,0.557783892274977
20200823,3,518,10370,20,6.60654854543782,3.02729933223772,0.01433460801602,-0.0135248718051067,0.000716730400801001,3.02886007004293,1,1,0,0.00340428076515309,0.00473267423536567,0.23909109845851
20200823,3,519,10390,20,6.63157342781278,3.01587552602827,0.0246900960927017,0.0246900960927017,0.00123450480463508,3.02886007004293,1,1,0,0.0284291631401175,0.00815161332043699,0.411813297528119
20200823,3,520,10410,20,6.62259326425101,3.01996502004142,0.0294095210126849,0.0294095210126849,0.00147047605063424,3.02886007004293,1,1,0,0.0194489995783442,0.00970976550008402,0.490529959117345
20200823,3,521,10430,20,6.60453232441432,3.02822350131711,0.0265577243055959,0.0265577243055959,0.00132788621527979,3.02886007004293,1,1,0,0.00138805974165734,0.00876822424656267,0.442964011969277
20200823,3,522,10450,20,6.60399177995623,3.02847136495566,0.0247174160733898,0.0247174160733898,0.00123587080366949,3.02886007004293,1,1,0,0.000847515283567191,0.00816063320912659,0.412268975436109
20200823,3,523,10470,20,7.36477699241732,2.71562873126936,0.0514305424527207,0.0514305424527207,0.00257152712263604,3.02886007004293,0,0,1,0.761632727744654,0.0169801645712843,0.85782498381509
20200823,3,524,10490,20,8.4454325591405,2.36814394762456,0.0246349740693446,-0.0235890463310322,0.00123174870346723,3.02866570502749,1,0,0,1.84186453682605,0.00813393634974347,0.410920270429623
20200823,3,525,10510,20,9.56920137130101,2.09003857521297,0.124482869667805,-0.124482869667805,0.00622414348339026,3.02866570502749,0,0,1,2.96563334898656,0.0411015548732128,2.076419253528
20200823,3,526,10530,20,9.55918999705636,2.09222748016921,0.144772820954294,-0.144772820954294,0.00723864104771472,3.02866570502749,0,0,1,2.95562197474192,0.0478008585477017,2.4148629736707
20200823,3,527,10550,20,9.0842976267113,2.20160113878175,0.0524750651361132,-0.0524750651361132,0.00262375325680566,3.02866570502749,0,0,1,2.48072960439686,0.0173261331050852,0.875303050689082
20200823,3,528,10570,20,9.21969773176124,2.16926851420533,0.0924298354400309,-0.0924298354400309,0.00462149177200154,3.02866570502749,0,0,1,2.6161297094468,0.0305183352809787,1.54176305880697
20200823,3,529,10590,20,9.74109595980326,2.05315706595338,0.282181032990427,-0.282181032990427,0.0141090516495214,3.02866570502749,0,0,1,3.13752793748881,0.0931700822979622,4.70688160905468
20200823,3,530,10610,20,10.5975654815152,1.88722589493644,0.278116948274512,-0.278116948274512,0.0139058474137256,3.02866570502749,0,0,1,3.99399745920073,0.0918282093044626,4.6390912072539
20200823,3,531,10630,20,9.28086408391164,2.15497175900571,0.102034773189474,-0.102034773189474,0.00510173865947371,3.02866570502749,0,0,1,2.67729606159719,0.033689678269906,1.7019768916428
20200823,3,532,10650,20,8.07080236551792,2.47806836225466,0.00858293915889487,-0.00858293915889487,0.000429146957944744,3.02866570502749,1,0,0,1.46723434320347,0.00283390112835743,0.143166527000445
20200823,3,533,10670,20,7.79578721512507,2.56548818587516,0.0172234049646083,-0.0172234049646083,0.000861170248230417,3.02886007004293,1,0,0,1.19264295045241,0.00568643138550942,0.287274183401585
20200823,3,534,10690,20,7.86266954262783,2.54366534057791,0.0113111720763391,-0.00947011491758669,0.000565558603816954,3.03116925688751,1,0,0,1.26455564497746,0.00373162008378038,0.188518605019082
20200823,3,535,10710,20,7.15443730789275,2.79546792281429,0.0362707256035986,0.035766996469532,0.00181353628017993,3.03120900682036,0,0,1,0.556409934986733,0.0119657620183853,0.604501185289763
20200823,3,536,10730,20,7.09702213787068,2.81808336108708,0.0333041958238702,0.0154123855925735,0.00166520979119351,3.03124875779577,0,0,1,0.499081289709012,0.0109869557020744,0.555052635546761
20200823,3,537,10750,20,6.91034529046419,2.89421138298236,0.0115255067616071,0.0107964755261372,0.000576275338080354,3.03177373317423,1,1,0,0.313546927460948,0.00380157220688762,0.192052533010203
20200823,3,538,10770,20,6.76822369410638,2.95498507494892,0.0220337620249848,-0.0220337620249848,0.00110168810124924,3.03229889042288,1,1,0,0.172567816261562,0.00726635560055624,0.367090751639893
20200823,3,539,10790,20,6.69422513268364,2.98764974341134,0.0368896688560024,-0.0368896688560024,0.00184448344280012,3.03229889042288,0,0,1,0.0985692548388215,0.0121655780610921,0.614595739608203
20200823,3,540,10810,20,6.67692765715083,2.9953896502953,0.0165054940901761,-0.0165054940901761,0.000825274704508807,3.03229889042288,1,1,0,0.0812717793060074,0.00544322795563016,0.274987731322507
20200823,3,541,10830,20,6.64678474807351,3.00897362530007,0.00328986404052649,0.000923329610413748,0.000164493202026325,3.03229889042288,1,1,0,0.0511288702286947,0.00108494055481044,0.0548103706512079
20200823,3,542,10850,20,6.6222061400822,3.02014156263516,0.00445876036047961,0.00318657980152517,0.00022293801802398,3.03229889042288,1,1,0,0.0265502622373788,0.00147042244897494,0.0742846224015052
20200823,3,543,10870,20,6.59344798938218,3.03331428900435,0.0117395372632782,-0.0117395372632782,0.000586976863163912,3.03276172991766,1,1,0,-0.00120130426444121,0.0038709065560508,0.195555251532102
20200823,3,544,10890,20,6.58688681467811,3.03633576265989,0.0229518466004051,-0.0229518466004051,0.00114759233002025,3.03276172991766,1,1,0,-0.00776247896851601,0.00756796894856235,0.382328028303825
20200823,3,545,10910,20,6.58539202740394,3.03702496628501,0.0429256571825967,-0.0429256571825967,0.00214628285912983,3.03322471072641,0,0,1,-0.00825068204449053,0.0141518223265156,0.714939287380476
20200823,3,546,10930,20,6.59172645582385,3.03410648697806,0.052306401550848,-0.052306401550848,0.0026153200775424,3.03326949920402,0,0,1,-0.00181889359146226,0.0172442315345122,0.871165445711443
20200823,3,547,10950,20,6.61410894362416,3.02383891321892,0.0312639366453153,-0.0312639366453153,0.00156319683226577,3.03322471072641,0,0,1,0.0204662341757285,0.0103071613965021,0.520709944889841
20200823,3,548,10970,20,6.60314426467266,3.02886007004293,0.02020342368464,-0.02020342368464,0.001010171184232,3.03331428900435,1,1,0,0.00969627529048012,0.00666051116360629,0.336483952033254
20200823,3,549,10990,20,6.58927485155982,3.03523535602185,0.0154806056817413,-0.0154806056817413,0.000774030284087064,3.03427451844552,1,1,0,-0.00208656891118153,0.00510191335280768,0.257744777497596
20200823,3,550,11010,20,6.58574453294841,3.03686240787814,0.0116572491084594,-0.0116572491084594,0.00058286245542297,3.03427451844552,1,1,0,-0.00561688752259215,0.00384185710211596,0.194087695240355
20200823,3,551,11030,20,6.71363104786178,2.97901386856369,0.00302233579284636,-0.000739086396997157,0.000151116789642318,3.03523535602185,1,1,0,0.124356196301961,0.000995750061638583,0.050304534854363
20200823,3,552,11050,20,7.02339093789669,2.84762733227398,0.0167515265733671,0.0167515265733671,0.000837576328668355,3.03523535602185,1,1,0,0.434116086336872,0.00551902063875619,0.278816719958214
20200823,3,553,11070,20,7.29850203516435,2.7402883363791,0.0381569175690074,0.0381569175690074,0.00190784587845037,3.03633576265988,0,0,1,0.711615220486236,0.0125667648612027,0.634863391247679
20200823,3,554,11090,20,7.51467428933029,2.66145933009991,0.0470109049753746,0.0470109049753746,0.00235054524876873,3.03659906243465,0,0,1,0.928358615517025,0.0154814330139728,0.782110206817689
20200823,3,555,11110,20,7.55111040399242,2.64861708145938,0.0427097637458522,0.0427097637458522,0.00213548818729261,3.03633576265988,0,0,1,0.964223589314314,0.0140662189837785,0.710614671691999
20200823,3,556,11130,20,7.2635155488606,2.75348760052387,0.0192185700643291,0.0180563517024618,0.000960928503216456,3.03633576265988,1,0,0,0.676628734182485,0.00632952728768485,0.319762898664576
20200823,3,557,11150,20,7.22066218292912,2.76982906737881,0.0411449322603914,0.0411449322603914,0.00205724661301957,3.03633576265988,0,0,1,0.633775368251007,0.0135508505898398,0.684578652881148
20200823,3,558,11170,20,7.97699640075462,2.50720935490306,0.0169412635038562,0.01161489436329,0.000847063175192811,3.03633576265988,1,0,0,1.3901095860765,0.0055795092598769,0.281872559035394
20200823,3,559,11190,20,8.71701294145714,2.29436392194421,0.100992693512416,-0.100992693512416,0.00504963467562079,3.03633576265988,0,0,1,2.13012612677903,0.033261372063788,1.68033918826315
20200823,3,560,11210,20,9.25843487357088,2.16019232981721,0.272671621781385,-0.272671621781385,0.0136335810890693,3.03633576265988,0,0,1,2.67154805889277,0.0898028555124352,4.53677187597934
20200823,3,561,11230,20,10.7819229751076,1.8549566757409,0.398348292340895,-0.398348292340895,0.0199174146170447,3.03633576265988,0,0,1,4.19503616042948,0.131193755723489,6.62780863563977
20200823,3,562,11250,20,12.3560550825086,1.61863959544112,0.555771709386054,-0.555771709386054,0.0277885854693027,3.03523535602185,0,0,1,5.76678023094883,0.183106627393297,9.25040738095803
20200823,3,563,11270,20,11.0390842778761,1.81174447957453,0.398199790774383,-0.398199790774383,0.0199099895387192,3.03427451844552,0,0,1,4.4477228574051,0.131233936927495,6.62983855946831
20200823,3,564,11290,20,8.87823516429489,2.25269996005883,0.0784849099508421,-0.0674051242970486,0.0039242454975421,3.03331428900435,0,0,1,2.28478717491271,0.0258743085856111,1.30715036656442
20200823,3,565,11310,20,7.99739559787758,2.50081414070698,0.0192099394455664,0.00359197386109713,0.000960496972278322,3.03326949920402,1,0,0,1.40385024846228,0.00633308034469321,0.319942396399001
20200823,3,566,11330,20,7.41241581137274,2.69817567024699,0.0412875776173956,0.0412875776173956,0.00206437888086978,3.03326949920402,0,0,1,0.818870461957431,0.0136115757693901,0.687646442710053
20200823,3,567,11350,20,7.08678525610685,2.8221540906387,0.0322173855917344,0.0322173855917344,0.00161086927958672,3.03326949920402,0,0,1,0.493239906691542,0.010621339646935,0.536581990856255
20200823,3,568,11370,20,6.93540503890836,2.88375370837001,0.0266480342241213,0.0266480342241213,0.00133240171120606,3.03326949920402,1,1,0,0.341859689493049,0.00878525110647574,0.443824195966201
20200823,3,569,11390,20,6.80904939250468,2.93726757541453,0.0127416254448709,0.0025841396455367,0.000637081272243543,3.03331428900435,1,1,0,0.215601403122491,0.00420056223354723,0.212209205327766
20200823,3,570,11410,20,6.99316378191088,2.85993587791176,0.0656872885686203,-0.0656872885686203,0.00328436442843101,3.03427451844552,0,0,1,0.401802361439877,0.0216484329843275,1.09366234917464
20200823,3,571,11430,20,7.44701620561409,2.68563938197457,0.158636641548352,-0.158636641548352,0.00793183207741758,3.03523535602185,0,0,1,0.85774135405427,0.0522650216345232,2.64038909337491
20200823,3,572,11450,20,7.46265013004631,2.68001308536166,0.211934534028353,-0.211934534028353,0.0105967267014176,3.03578545962246,0,0,1,0.874569296927348,0.0698120920754096,3.52685373002578
20200823,3,573,11470,20,7.44535880315016,2.68623722896174,0.104872781833671,-0.104872781833671,0.00524363909168357,3.03633576265988,0,0,1,0.858471988472046,0.0345392571939412,1.74489697193417
20200823,3,574,11490,20,7.18074002857338,2.78522825229943,0.0306924574233717,-0.0306924574233717,0.00153462287116858,3.03633576265988,0,0,1,0.593853213895271,0.0101083871556038,0.510668021605437
20200823,3,575,11510,20,6.9740500322705,2.86777409216388,0.013046871861832,0.0125607384013386,0.000652343593091598,3.03633576265988,1,1,0,0.387163217592387,0.00429691341197479,0.217076793490896
20200823,3,576,11530,20,6.85440875881977,2.91783007166962,0.0408445811297452,0.0408445811297452,0.00204222905648726,3.03633576265988,0,0,1,0.267521944141662,0.0134519316447284,0.679581343100496
20200823,3,577,11550,20,6.77951311908328,2.9500643554628,0.0533479326471039,0.0533479326471039,0.00266739663235519,3.03633576265988,0,0,1,0.192626304405166,0.0175698397071772,0.887614922645183
20200823,3,578,11570,20,6.72757149137306,2.9728409464911,0.0542840462765982,0.0542840462765982,0.00271420231382991,3.03633576265988,0,0,1,0.140684676694945,0.017878143433335,0.903190192118644
20200823,3,579,11590,20,6.69506039177577,2.98727701165595,0.0561272650957858,0.0561272650957858,0.00280636325478929,3.03633576265988,0,0,1,0.108173577097658,0.0184851971201687,0.933858082108569
20200823,3,580,11610,20,6.66794149155612,2.99942643847832,0.0564741024668356,0.0564741024668356,0.00282370512334178,3.03633576265988,0,0,1,0.0810546768780105,0.018599426045479,0.939628840430384
20200823,3,581,11630,20,6.64419535960951,3.01014628822946,0.0494904433613867,0.0494904433613867,0.00247452216806933,3.03633576265988,0,0,1,0.0573085449314013,0.0162993974414846,0.823433146819004
20200823,3,582,11650,20,6.61570462229793,3.02310957665657,0.0319770627497275,0.0319770627497275,0.00159885313748637,3.03633576265988,0,0,1,0.0288178076198156,0.0105314646499157,0.532041574446285
20200823,3,583,11670,20,6.59794084816167,3.03124875779576,0.0069599621271069,0.0069599621271069,0.000347998106355345,3.03633576265988,1,1,0,0.0110540334835596,0.00229222413828497,0.115801417946807
20200823,3,584,11690,20,6.59811389765036,3.03116925688751,0.00263445594235936,-0.00256825576057897,0.000131722797117968,3.03633576265988,1,1,0,0.0112270829722538,0.000867643155528863,0.0438326715105874
20200823,3,585,11710,20,6.59364270944843,3.03322471072641,0.00860557831334909,-0.00860557831334909,0.000430278915667455,3.03633576265988,1,1,0,0.00675589477032101,0.00283419851624395,0.143181550810012
20200823,3,586,11730,20,6.5732271706529,3.04264548915833,0.0120970060518146,-0.0120970060518146,0.000604850302590732,3.03633576265988,1,1,0,-0.0136596440252115,0.00398408048298896,0.201272712139533
20200823,3,587,11750,20,6.50269030995514,3.07565008430149,0.0188319743873942,-0.0188319743873942,0.000941598719369712,3.03633576265988,1,1,0,-0.0841965047229687,0.00620220418933415,0.31333063269192
20200823,3,588,11770,20,6.46335839572021,3.09436654684711,0.0233779177371576,-0.0233779177371576,0.00116889588685788,3.03686240787814,1,1,0,-0.122386137228204,0.00769804969646018,0.388899608631663
20200823,3,589,11790,20,6.44567040250877,3.10285800406668,0.0236604221406016,-0.0236604221406016,0.00118302110703008,3.04264548915833,1,1,0,-0.127556768144131,0.00777626648418599,0.392851061185806
20200823,3,590,11810,20,6.46630308892964,3.09295740161641,0.0299530023962115,0.0088053667146537,0.00149765011981058,3.07068905579778,0,0,1,-0.0468930167580757,0.00975448892803298,0.492789352640618
20200823,3,591,11830,20,6.62255257579091,3.01998357447717,0.0235524403406997,-0.0145793905570307,0.00117762201703499,3.08870824573126,1,1,0,0.147353751932769,0.0076253366996544,0.385226203403686
20200823,3,592,11850,20,6.46765913877698,3.09230891283209,0.0142663850159771,0.0108883281010866,0.000713319250798856,3.09333738766408,1,1,0,0.00215037152838704,0.0046119718698872,0.232993306868898
20200823,3,593,11870,20,6.46276609712459,3.09465013887759,0.019094830875684,0.019094830875684,0.000954741543784199,3.09436654684711,1,1,0,-0.000592298595621266,0.00617083677276047,0.311745974692778
20200823,3,594,11890,20,6.45595757008505,3.09791379247502,0.0148045298034212,0.0148045298034212,0.000740226490171059,3.09465013887759,1,1,0,-0.0068085270395386,0.00478391066487104,0.241679523860789
20200823,3,595,11910,20,6.44433031016069,3.10350324043233,0.00507758138289711,0.00507758138289711,0.000253879069144856,3.09483708465176,1,1,0,-0.0180453991088152,0.00164066192953367,0.0828849913226607
20200823,3,596,11930,20,6.46198532141443,3.09502405301383,0.00136162168709282,0.00136162168709282,6.80810843546409e-05,3.09483708465176,1,1,0,-0.000390387855078167,0.00043996554579416,0.0222267243415489
20200823,3,597,11950,20,6.43756230472536,3.1067660479681,0.00225083202374616,-0.00222248066616277,0.000112541601187308,3.09483708465176,1,1,0,-0.0248134045441484,0.000727286109795157,0.0367419404414395
20200823,3,598,11970,20,6.43774632245913,3.10667724359171,0.00495095179220524,-0.00495095179220524,0.000247547589610262,3.09483708465176,1,1,0,-0.0246293868103757,0.00159974552998557,0.0808179259751627
20200823,3,599,11990,20,6.44560935621666,3.10288739119916,0.00389147496323039,-0.00389147496323039,0.00019457374816152,3.09646824854146,1,1,0,-0.013362089533075,0.00125674628346776,0.0634898652336123
20200823,3,600,12010,20,6.43690680256623,3.10708242537029,0.0045158416341792,-0.0045158416341792,0.00022579208170896,3.10038392712685,1,1,0,-0.0139071837306801,0.00145654271868325,0.0735834289965272
20200823,3,601,12030,20,6.43383868680576,3.10856410512983,0.00387333409262416,-0.00387333409262416,0.000193666704631208,3.10287269756334,1,1,0,-0.011801192556959,0.00124830583467567,0.0630634601880038
20200823,3,602,12050,20,6.43101843491058,3.10992733148309,0.00378158352711147,-0.00378158352711147,0.000189079176355573,3.10038392712685,1,1,0,-0.0197955513863235,0.00121971459535203,0.0616190525494857
20200823,3,603,12070,20,6.43348915388924,3.10873299411866,0.00370276907798699,-0.00370276907798699,0.000185138453899349,3.10285800406668,1,1,0,-0.0121812486195267,0.00119334145266527,0.0602867014639914
20200823,3,604,12090,20,6.48273850893929,3.08511595407115,0.00542688823947852,-0.00542688823947852,0.000271344411973926,3.10288739119916,1,1,0,0.0371291527226276,0.00174898008057625,0.0883571418295007
20200823,3,605,12110,20,6.92680086489418,2.8873357831553,0.0174584507198227,-0.0174584507198227,0.000872922535991134,3.10319528526093,1,1,0,0.481831031705497,0.00562595941117342,0.284219185307293
20200823,3,606,12130,20,7.43641916302295,2.68946647056268,0.024079425723984,-0.024079425723984,0.0012039712861992,3.10319528526093,1,0,0,0.991449329834269,0.00775955861957921,0.392006992588842
20200823,3,607,12150,20,8.07541378646056,2.47665327484921,0.0310127337508411,-0.0310127337508411,0.00155063668754205,3.10319528526093,0,0,1,1.63044395327188,0.00999380667344415,0.504879502899301
20200823,3,608,12170,20,8.48529689418501,2.35701829286681,0.0428212799003364,-0.0428212799003364,0.00214106399501682,3.10319528526093,0,0,1,2.04032706099633,0.0137990928588098,0.697119663274037
20200823,3,609,12190,20,8.80535657679411,2.27134470087317,0.0429024400143008,-0.0429024400143008,0.00214512200071504,3.10319528526093,0,0,1,2.36038674360543,0.0138252465831178,0.69844092951012
20200823,3,610,12210,20,8.25010888499219,2.42421042907471,0.0185492643050703,0.00628448410605804,0.000927463215253517,3.10319528526093,1,0,0,1.80513905180351,0.00597747244370109,0.301977356034848
20200823,3,611,12230,20,7.90990973802491,2.52847385904481,0.0452165023870733,0.0452165023870733,0.00226082511935367,3.10319528526093,0,0,1,1.46493990483623,0.0145709496923496,0.736113282738628
20200823,3,612,12250,20,8.31402168344357,2.40557467390634,0.0558737044873399,0.0558737044873399,0.00279368522436699,3.10319528526093,0,0,1,1.86905185025489,0.0180052169944702,0.909609851661194
20200823,3,613,12270,20,8.65196497538091,2.31161361111722,0.0586725955148215,0.0586725955148215,0.00293362977574107,3.10319528526093,0,0,1,2.20699514219223,0.0189071554063953,0.955175093409219
20200823,3,614,12290,20,9.13897996039941,2.18842803974437,0.0810506190451867,0.0810506190451867,0.00405253095225934,3.10319528526093,0,0,1,2.69401012721073,0.0261184397353748,1.3194836863456
20200823,3,615,12310,20,12.1031451897425,1.65246303224968,0.304889391225285,0.304889391225285,0.0152444695612642,3.10319528526093,0,0,1,5.65817535655378,0.098250146445311,4.96352258133057
20200823,3,616,12330,20,16.3092629927824,1.2262969828159,0.655248559523193,0.655248559523193,0.0327624279761596,3.10319528526093,0,0,1,9.86429315959367,0.211152859968366,10.6672816935586
20200823,3,617,12350,20,14.615387284849,1.36842080269285,0.603360988635476,0.603360988635476,0.0301680494317738,3.10319528526093,0,0,1,8.17041745166034,0.194432168513927,9.82256509401881
20200823,3,618,12370,20,11.3760293386213,1.75808266704276,0.463259315696157,0.463259315696157,0.0231629657848079,3.10319528526093,0,0,1,4.93105950543259,0.149284615730268,7.54174510706601
20200823,3,619,12390,20,12.0075758043567,1.66561513546667,0.344649894141247,0.344649894141247,0.0172324947070623,3.10319528526093,0,0,1,5.56260597116807,0.1110629085376,5.61081356536685
20200823,3,620,12410,20,12.1812199504457,1.64187167470597,0.451432730434871,0.451432730434871,0.0225716365217435,3.10319528526093,0,0,1,5.73625011725699,0.145473516468337,7.34921127448981
20200823,3,621,12430,20,10.0405860336114,1.99191560463194,0.309307882437,0.309307882437,0.01546539412185,3.10319528526093,0,0,1,3.59561620042268,0.0996739985736969,5.03545450659903
20200823,3,622,12450,20,8.582248128012,2.33039172273767,0.172636931897851,0.172636931897851,0.00863184659489253,3.10319528526093,0,0,1,2.13727829482332,0.0556319909087948,2.81048581717771
20200823,3,623,12470,20,7.75889409090269,2.57768694425795,0.089680138733452,0.089680138733452,0.0044840069366726,3.10319528526093,0,0,1,1.31392425771401,0.0288992894386637,1.45997009575003
20200823,3,624,12490,20,7.24743223010137,2.75959807073909,0.0184907135903409,0.0132447139357848,0.000924535679517047,3.10319528526093,1,0,0,0.802462396912689,0.00595860456419396,0.301024165129961
20200823,3,625,12510,20,6.94783532264682,2.87859442131695,0.0568781477304076,-0.0568781477304076,0.00284390738652038,3.10319528526093,0,0,1,0.502865489458146,0.0183288973145063,0.92596193494817
20200823,3,626,12530,20,6.80670225126232,2.93828042739653,0.155072433414516,-0.155072433414516,0.00775362167072581,3.10285800406668,0,0,1,0.361031848753555,0.049977289715248,2.52481461891167
20200823,3,627,12550,20,6.96521598386425,2.87141131679654,0.239145853826637,-0.239145853826637,0.0119572926913319,3.10285800406668,0,0,1,0.519545581355487,0.0770727675946521,3.89365752828307
20200823,3,628,12570,20,7.27763001182211,2.7481474006663,0.261906303044715,-0.261906303044715,0.0130953151522357,3.10285800406668,0,0,1,0.831959609313344,0.0844080852882904,4.26423219235111
20200823,3,629,12590,20,7.41999847233274,2.69541834470382,0.207609145901532,-0.207609145901532,0.0103804572950766,3.10285800406668,0,0,1,0.974328069823969,0.0669090063513814,3.38019204993584
20200823,3,630,12610,20,7.27475801429591,2.74923234019568,0.175202931739242,-0.175202931739242,0.00876014658696211,3.10285800406668,0,0,1,0.829087611787145,0.0564650175772199,2.85256969012013
20200823,3,631,12630,20,7.12628258318455,2.80651233887255,0.161884421218424,-0.161884421218424,0.00809422106092118,3.10285800406668,0,0,1,0.68061218067578,0.0521726811237427,2.6357241210872
20200823,3,632,12650,20,7.02130846510408,2.84847191935806,0.156345143369507,-0.156345143369507,0.00781725716847533,3.10285800406668,0,0,1,0.575638062595317,0.0503874631596409,2.54553626897699
20200823,3,633,12670,20,6.95509797768136,2.87558853436418,0.154760807729942,-0.154760807729942,0.0077380403864971,3.10285800406668,0,0,1,0.509427575172595,0.0498768578926619,2.51974087971304
20200823,3,634,12690,20,6.9078286036256,2.89526581326915,0.155616691112305,-0.155616691112305,0.00778083455561526,3.10319528526093,0,0,1,0.462858770436925,0.0501472439879724,2.53340057935022
20200823,3,635,12710,20,6.81386110659241,2.93519337819346,0.154772359607534,-0.154772359607534,0.00773861798037669,3.10319528526093,0,0,1,0.368891273403734,0.0498751594340993,2.51965507487983
20200823,3,636,12730,20,6.74504652638825,2.96513892406156,0.117709155909778,-0.117709155909778,0.00588545779548892,3.10350324043233,0,0,1,0.300716216227556,0.0379278340606408,1.91608529485234
20200823,3,637,12750,20,6.64502608645034,3.00976997528743,0.0521682766626042,-0.0521682766626042,0.00260841383313021,3.10350324043233,0,0,1,0.200695776289649,0.0168094803262835,0.849202145733003
20200823,3,638,12770,20,6.52370190142028,3.06574400581452,0.0152478037874205,-0.0152478037874205,0.000762390189371025,3.10508943090064,1,1,0,0.0826635851103674,0.00491058442171754,0.248078985595124
20200823,3,639,12790,20,6.43141375242612,3.10973617464051,0.00200564081725156,-0.000372054162532809,0.000100282040862578,3.10667724359171,1,1,0,-0.00633257003300969,0.000645590339771759,0.0326147323508537
20200823,3,640,12810,20,6.3781621310809,3.1356995305183,0.00868712752686944,0.00868712752686944,0.000434356376343472,3.10672164514529,1,1,0,-0.0594921825113479,0.00279623619980385,0.141263723491608
20200823,3,641,12830,20,6.35397709981044,3.1476348884853,0.0170801992491174,0.0170801992491174,0.000854009962455871,3.10672164514529,1,1,0,-0.0836772137818107,0.00549782091865479,0.277745726242192
20200823,3,642,12850,20,6.3364061190714,3.15636334290565,0.0299067669565841,0.0299067669565841,0.0014953383478292,3.10672164514529,1,1,0,-0.101248194520848,0.00962647136518257,0.486322002850268
20200823,3,643,12870,20,6.3441887570425,3.15249132173102,0.0528179844398068,0.0528179844398068,0.00264089922199034,3.1067660479681,0,0,1,-0.0933735476828597,0.0170009532820635,0.858875213653137
20200823,3,644,12890,20,6.34348827643953,3.15283943603748,0.0589077303705312,0.0589077303705312,0.00294538651852656,3.10692422861503,0,0,1,-0.0937462772062645,0.0189601438709017,0.957852030285582
20200823,3,645,12910,20,6.33093870249922,3.15908918721717,0.0494302189665593,0.0494302189665593,0.00247151094832797,3.10856410512983,0,0,1,-0.102899984306533,0.0159013027542165,0.803321706365702
20200823,3,646,12930,20,6.31879407114684,3.16516091121325,0.0456167642852327,0.0456167642852327,0.00228083821426164,3.10923450346167,0,0,1,-0.113657382010842,0.0146713810857448,0.741187000254859
20200823,3,647,12950,20,6.31185458516302,3.16864080598642,0.0450962184543724,0.0450962184543724,0.00225481092271862,3.10973617464051,0,0,1,-0.119559167263105,0.0145016219774932,0.732610899376856
20200823,3,648,12970,20,6.30093899950225,3.17413007832323,0.040175856311385,0.040175856311385,0.00200879281556925,3.10923450346167,0,0,1,-0.131512453655431,0.0129214622656011,0.652782434017257
20200823,3,649,12990,20,6.27661476168578,3.18643102362847,0.0293979942857616,0.0293979942857616,0.00146989971428808,3.10973617464051,1,1,0,-0.154798990740346,0.00945353323715958,0.477585300314227
20200823,3,650,13010,20,6.26002674955453,3.19487452692167,0.0254721779822485,0.0254721779822485,0.00127360889911243,3.10983175012427,1,1,0,-0.171189344113827,0.00819085404901107,0.413795709254026
20200823,3,651,13030,20,6.26804769478258,3.19078618636672,0.0388698983115,0.0388698983115,0.001943494915575,3.10992733148309,0,0,1,-0.162970740128003,0.0124986516302178,0.631422362686269
20200823,3,652,13050,20,6.29355149756975,3.17785593837168,0.0618203714866348,0.0618203714866348,0.00309101857433174,3.12276025729549,0,0,1,-0.11103878542599,0.0197967075257244,1.00011458908741
20200823,3,653,13070,20,6.30857459965955,3.17028826148451,0.0628946813991895,0.0628946813991895,0.00314473406995947,3.12266388550007,0,0,1,-0.0962133420939608,0.0201413548512979,1.01752590952784
20200823,3,654,13090,20,6.26487127480141,3.19240398129872,0.0192748932217234,0.0191599067248345,0.000963744661086172,3.1356995305183,1,1,0,-0.113290856279491,0.00614691970137122,0.310537702458945
20200823,3,655,13110,20,6.2601140168299,3.19482998971446,0.0152075072133028,-0.0152075072133028,0.000760375360665142,3.1476348884853,1,1,0,-0.0938630829805334,0.00483140762892641,0.244079034316122
20200823,3,656,13130,20,6.19123043242143,3.23037564476143,0.0337390966784261,-0.0337390966784261,0.0016869548339213,3.1476348884853,0,0,1,-0.162746667389001,0.0107188723831505,0.541509270419079
20200823,3,657,13150,20,6.20676835279846,3.222288776249,0.071230570876097,-0.071230570876097,0.00356152854380485,3.1476348884853,0,0,1,-0.147208747011973,0.0226298708076572,1.14324384064835
20200823,3,658,13170,20,6.22910545151717,3.21073389360085,0.0996731036964151,-0.0996731036964151,0.00498365518482076,3.1476348884853,0,0,1,-0.124871648293265,0.0316660309177026,1.59974376840871
20200823,3,659,13190,20,6.27974859131609,3.1848408752632,0.111613041498491,-0.111613041498491,0.00558065207492455,3.1476348884853,0,0,1,-0.0742285084943433,0.0354593354860802,1.79137862661715
20200823,3,660,13210,20,6.51088199510377,3.07178044618842,0.126145488154478,-0.126145488154478,0.00630727440772389,3.1476348884853,0,0,1,0.156904895293337,0.040076277148898,2.02462300364043
20200823,3,661,13230,20,7.04120911585596,2.84042125023135,0.147220532843392,-0.147220532843392,0.00736102664216959,3.1476348884853,0,0,1,0.687232016045527,0.0467717947154401,2.36287545249276
20200823,3,662,13250,20,6.97880860062924,2.86581867257353,0.159748208952281,-0.159748208952281,0.00798741044761407,3.1476348884853,0,0,1,0.6248315008188,0.0507518230709264,2.56394345423654
20200823,3,663,13270,20,6.88829638233528,2.90347553152461,0.163390773375082,-0.163390773375082,0.00816953866875412,3.1476348884853,0,0,1,0.534319282524848,0.0519090616172795,2.62240626436586
20200823,3,664,13290,20,6.84608144220601,2.92137921069712,0.163205076130976,-0.163205076130976,0.00816025380654878,3.1476348884853,0,0,1,0.492104342395578,0.0518500658154519,2.61942584138259
20200823,3,665,13310,20,6.84535922381201,2.92168743028543,0.155765308831538,-0.155765308831538,0.00778826544157691,3.1476348884853,0,0,1,0.491382124001575,0.0494864602630247,2.50001828874998
20200823,3,666,13330,20,7.06685195928549,2.83011447179405,0.121439915775103,-0.121439915775103,0.00607199578875517,3.1476348884853,0,0,1,0.71287485947505,0.0385813221918958,1.94909901761479
20200823,3,667,13350,20,7.00684825267035,2.85435038390875,0.0509280207358015,-0.0509280207358015,0.00254640103679007,3.1476348884853,0,0,1,0.652871152859916,0.0161797738746977,0.817389855317789
20200823,3,668,13370,20,7.30145037480997,2.73918180270047,0.0591560200800046,-0.0591560200800046,0.00295780100400023,3.1476348884853,0,0,1,0.947473274999538,0.0187937998452138,0.949448456778128
20200823,3,669,13390,20,7.81326092285235,2.55975068508255,0.0497475463088011,-0.0497475463088011,0.00248737731544005,3.1476348884853,0,0,1,1.45928382304191,0.0158047385008941,0.798443353821141
20200823,3,670,13410,20,8.18731541583111,2.44280316369975,0.0679674286954082,-0.0679674286954082,0.00339837143477041,3.1476348884853,0,0,1,1.83333831602067,0.0215931742731811,1.09087072116681
20200823,3,671,13430,20,9.01012095271653,2.21972602864671,0.0330440109470217,-0.0330440109470217,0.00165220054735108,3.1476348884853,0,0,1,2.6561438529061,0.0104980444421631,0.530353210999972
20200823,3,672,13450,20,10.5354936673657,1.89834483617518,0.0629780440985972,0.0614826060217469,0.00314890220492986,3.1476348884853,0,0,1,4.18151656755526,0.0200080524996669,1.01079157623265
20200823,3,673,13470,20,11.2064572096924,1.78468534932718,0.304898739241335,0.304898739241335,0.0152449369620667,3.1476348884853,0,0,1,4.85248010988198,0.0968659803450257,4.89359556398101
20200823,3,674,13490,20,13.9816028615196,1.430451157717,0.324648675908279,0.324648675908279,0.0162324337954139,3.1476348884853,0,0,1,7.62762576170917,0.103140512610249,5.21058015598932
20200823,3,675,13510,20,44.7111674105681,0.447315540127738,1.70011295218695,1.70011295218695,0.0850056476093473,3.1476348884853,0,0,1,38.3571903107577,0.540123938264349,27.2866500589347
20200823,3,676,13530,20,25.2398183055748,0.792398731158162,0.808638934820076,0.808638934820076,0.0404319467410038,3.1476348884853,0,0,1,18.8858412057643,0.256903663693093,12.978577458681
20200823,3,677,13550,20,13.5499182510084,1.47602366519898,0.0903656048662472,0.0903656048662472,0.00451828024331236,3.1476348884853,0,0,1,7.19594115119799,0.0287090491965327,1.45035930358474
20200823,3,678,13570,20,12.3580569850728,1.61837738927388,0.277199787405242,0.277199787405242,0.0138599893702621,3.1476348884853,0,0,1,6.0040798852624,0.0880660550622615,4.44903003980304
20200823,3,679,13590,20,11.3958005623044,1.75503246925512,0.187069861403572,0.187069861403572,0.0093534930701786,3.1476348884853,0,0,1,5.04182346249399,0.0594318807711504,3.00245335942326
20200823,3,680,13610,20,12.176390948106,1.64252282020486,0.193742758237701,-0.190774365060222,0.00968713791188504,3.1476348884853,0,0,1,5.82241384829558,0.0615518524548231,3.10955271453259
20200823,3,681,13630,20,13.2234018801773,1.51247010271851,0.528179312928136,-0.528179312928136,0.0264089656464068,3.1476348884853,0,0,1,6.8694247803669,0.167801962946949,8.47722738756822
20200823,3,682,13650,20,15.1311725496125,1.32177463011696,0.672189942622988,-0.672189942622988,0.0336094971311494,3.1476348884853,0,0,1,8.77719544980209,0.213553975107468,10.7885842019466
20200823,3,683,13670,20,14.218979301153,1.40657072328519,0.414682853596784,-0.414682853596784,0.0207341426798392,3.1476348884853,0,0,1,7.86500220134258,0.1317442677719,6.65562008511283
20200823,3,684,13690,20,9.72742398569153,2.05604279503174,0.0354044891952723,-0.0310550664001756,0.00177022445976362,3.1476348884853,0,0,1,3.37344688588109,0.0112479656788623,0.56823866081605
20200823,3,685,13710,20,8.11074359495069,2.46586515352932,0.0310002319333251,0.0310002319333251,0.00155001159666625,3.1476348884853,0,0,1,1.75676649514025,0.00984873818965798,0.497550753567484
20200823,3,686,13730,20,7.42322364527081,2.69424726449426,0.0472744940786701,0.0472744940786701,0.00236372470393351,3.1476348884853,0,0,1,1.06924654546037,0.0150190526390497,0.758751102377349
20200823,3,687,13750,20,7.08337877371196,2.82351129862271,0.058950015860256,0.058950015860256,0.0029475007930128,3.1476348884853,0,0,1,0.729401673901521,0.0187283525404764,0.946142108780653
20200823,3,688,13770,20,6.89354755012209,2.90126380569403,0.0624639002925684,0.0624639002925684,0.00312319501462842,3.1476348884853,0,0,1,0.539570450311658,0.0198447096011911,1.0025396173866
20200823,3,689,13790,20,6.78737102051855,2.94664899554467,0.0647766887323814,0.0647766887323814,0.00323883443661907,3.15199307302908,0,0,1,0.442179411077632,0.0205510250916036,1.03822213810587
20200823,3,690,13810,20,6.75581423202857,2.96041295883806,0.0938537035983494,0.0938537035983494,0.00469268517991747,3.18643102362847,0,0,1,0.479199470342792,0.0294541770722141,1.48800259645232
20200823,3,691,13830,20,6.81473842691594,2.9348155053181,0.125703223502546,0.125703223502546,0.00628516117512731,3.17132591614316,0,0,1,0.508227986537349,0.0396374345704026,2.00245301075168
20200823,3,692,13850,20,6.84271510703365,2.92281640944571,0.127724861037262,0.127724861037262,0.00638624305186308,3.19240398129872,0,0,1,0.577843832232247,0.0400089906495171,2.0212237409301
20200823,3,693,13870,20,6.85304127381005,2.91841230789505,0.113834132763119,0.113834132763119,0.00569170663815593,3.08070506232859,0,0,1,0.361020909847412,0.0369506754006096,1.86671998344991
20200823,3,694,13890,20,6.8185792708764,2.93316235031897,0.0874174261030436,0.0874174261030436,0.00437087130515218,3.08070506232859,0,0,1,0.32655890691376,0.0283757855213079,1.43352307649132
20200823,3,695,13910,20,6.781451285804,2.94922121491415,0.0746922086318416,0.0746922086318416,0.00373461043159208,3.08070506232859,0,0,1,0.289430921841358,0.0242451669733631,1.22484737289835
20200823,3,696,13930,20,6.7623253975753,2.95756249871845,0.0637375903799072,0.0637375903799072,0.00318687951899536,3.08070506232859,0,0,1,0.270305033612658,0.0206892867348133,1.04520701103515
20200823,3,697,13950,20,6.71386065000752,2.97891199156444,0.0281769671969655,0.0281769671969655,0.00140884835984828,3.08070506232859,1,1,0,0.22184028604488,0.00914627224187038,0.462062708810214
20200823,3,698,13970,20,6.73060568472101,2.97150077375674,0.0178157329209082,-0.0171437912369025,0.000890786646045412,3.08070506232859,1,1,0,0.238585320758375,0.00578300504607279,0.292153011192797
20200823,3,699,13990,20,7.22259611843674,2.76908741289674,0.0493258947006112,-0.0493258947006112,0.00246629473503056,3.08070506232859,0,0,1,0.730575754474103,0.0160112356433522,0.808875432211395
20200823,3,700,14010,20,7.73435622387115,2.58586486335766,0.0676814975417841,-0.0676814975417841,0.0033840748770892,3.04916333989371,0,0,1,1.17517989562066,0.0221967438268307,1.12136259540142
20200823,3,701,14030,20,8.03528732137511,2.4890211388953,0.0636628465874348,-0.0636628465874348,0.00318314232937174,3.04916333989371,0,0,1,1.47611099312462,0.0208787918162672,1.05478066344285
20200823,3,702,14050,20,7.53168072676999,2.65544978943593,0.0518790914052718,-0.0518790914052718,0.00259395457026359,3.13396724462526,0,0,1,1.14999309608402,0.0165538077956125,0.836285764177097
20200823,3,703,14070,20,7.17455582707862,2.78762901593362,0.0319876862254087,-0.0319876862254087,0.00159938431127044,3.1483922736432,0,0,1,0.822107255968149,0.0101600065827864,0.513275795758717
20200823,3,704,14090,20,7.13986543754072,2.80117323988236,0.00771043438458998,-0.00771043438458998,0.000385521719229499,3.1483922736432,1,1,0,0.787416866430249,0.00244900689445148,0.123721963398909
20200823,3,705,14110,20,7.46390169846109,2.67956369309146,0.0128263557628379,0.0124540061648954,0.000641317788141897,3.13396724462526,1,0,0,1.08221406777511,0.00409268979592403,0.206759571923464
20200823,3,706,14130,20,7.19139538650415,2.78110143095919,0.0323885164213729,0.0323885164213729,0.00161942582106864,3.04916333989371,0,0,1,0.632219058253668,0.0106220995109111,0.536620378605692
20200823,3,707,14150,20,6.98343603982266,2.86391969310682,0.0377811521098112,0.0377811521098112,0.00188905760549056,3.12479056676619,0,0,1,0.583007091812306,0.0120907789826409,0.610816947124044
20200823,3,708,14170,20,6.871864664241,2.91041820192904,0.0389531680325536,0.0389531680325536,0.00194765840162768,3.14027182093121,0,0,1,0.502989248204813,0.0124043937129629,0.626660524483569
20200823,3,709,14190,20,7.15330504143185,2.79591040563212,0.0337628351444776,0.0337628351444776,0.00168814175722388,3.13914049242708,0,0,1,0.782134318666067,0.0107554393395032,0.543356605208429
20200823,3,710,14210,20,7.17523028315827,2.787366984854,0.0387794327503678,0.0387794327503678,0.00193897163751839,3.14139911599707,0,0,1,0.8086403461607,0.0123446373155483,0.623641676790438
20200823,3,711,14230,20,7.56827564462037,2.64260988092,0.0254514520635346,0.0254514520635346,0.00127257260317673,3.14366099208382,1,0,0,1.20626649339101,0.00809611854701412,0.409009743833839
20200823,3,712,14250,20,8.02956257559799,2.49079570794808,0.00845005924375588,0.00634307159804437,0.000422502962187794,3.14602485403041,1,0,0,1.67233371442808,0.00268594802515002,0.135692048892093
20200823,3,713,14270,20,8.3822713932741,2.38598812441791,0.0249335641216989,-0.0249335641216989,0.00124667820608495,3.1483922736432,1,0,0,2.02982282216362,0.00791945918887888,0.400085047586229
20200823,3,714,14290,20,8.65896992616672,2.30974355732101,0.0441221140278127,-0.0441221140278127,0.00220610570139064,3.14904186128185,0,0,1,2.30783174477119,0.0140112821522964,0.707839304799697
20200823,3,715,14310,20,8.46320285711136,2.36317152473719,0.0663473494673872,-0.0663473494673872,0.00331736747336936,3.1483922736432,0,0,1,2.11075428600088,0.0210734062660535,1.06461243724794
20200823,3,716,14330,20,8.44405062419264,2.3685315129091,0.110488861564682,-0.110488861564682,0.00552444307823408,3.14602485403041,0,0,1,2.08682176302273,0.03512014897884,1.77424318256053
20200823,3,717,14350,20,7.73833209537042,2.58453627390395,0.132086257990908,-0.132086257990908,0.00660431289954542,3.14578204576953,0,0,1,1.38061254932109,0.0419883692096657,2.12122043850009
20200823,3,718,14370,20,7.36276875052681,2.71636943623538,0.116445689192167,-0.116445689192167,0.00582228445960837,3.14658076784889,0,0,1,1.00666303591879,0.0370070555257903,1.8695682644408
20200823,3,719,14390,20,7.62566396480634,2.62272243994795,0.0954407893810833,-0.0954407893810833,0.00477203946905416,3.1465840793426,0,0,1,1.2695649394218,0.0303315554183517,1.53232708237916
20200823,3,720,14410,20,7.96237216441023,2.51181426678282,0.0418922601917023,-0.0418922601917023,0.00209461300958511,3.14653852403816,0,0,1,1.60618111599024,0.0133137604614289,0.672601040136999
20200823,3,721,14430,20,7.52888689218435,2.65643517911815,0.0574708591238582,0.0574708591238582,0.00287354295619291,3.14649297005278,0,0,1,1.17260382072891,0.018265052447549,0.922736540887093
20200823,3,722,14450,20,7.75373981615212,2.57940045374455,0.12521635222539,0.12521635222539,0.00626081761126951,3.14613746774974,0,0,1,1.39673850739973,0.0398000257487003,2.01066699326675
20200823,3,723,14470,20,8.63323857854448,2.3166277426532,0.153765085917012,0.153765085917012,0.00768825429585061,3.14578204576953,0,0,1,2.27551903249514,0.0488797646117272,2.4693684864427
20200823,3,724,14490,20,10.6572895164336,1.87664977752175,0.145166114534528,0.145166114534528,0.0072583057267264,3.14613746774974,0,0,1,4.3002882076812,0.0461410590041247,2.33101116465979
20200823,3,725,14510,20,13.1884805920145,1.51647491615599,0.0853301808121999,0.0853301808121999,0.00426650904061,3.14649297005278,0,0,1,6.83219752055902,0.0271191391890409,1.37003826071625
20200823,3,726,14530,20,14.4114041415596,1.38778982280595,0.0605242926993518,-0.0450890335264535,0.00302621463496759,3.14649297005278,0,0,1,8.05512107010418,0.0192354768548352,0.971761642968956
20200823,3,727,14550,20,12.1953956607849,1.63996319236376,0.193104651595093,-0.193104651595093,0.00965523257975464,3.14649297005278,0,0,1,5.83911258932949,0.0613713913976594,3.10043595934505
20200823,3,728,14570,20,11.3851243911768,1.75667821561085,0.255483897019408,-0.255483897019408,0.0127741948509704,3.14649297005278,0,0,1,5.02884131972132,0.0811963984826963,4.10198022061892
20200823,3,729,14590,20,10.84296488778,1.84451395047308,0.374337273442872,-0.374337273442872,0.0187168636721436,3.14649297005278,0,0,1,4.48668181632456,0.118969683709986,6.01025782609865
20200823,3,730,14610,20,9.70781749976959,2.06019530141298,0.427474928126527,-0.427474928126527,0.0213737464063263,3.14613746774974,0,0,1,3.3508161910172,0.135872933877958,6.86419715282843
20200823,3,731,14630,20,9.13531775413321,2.18930534637957,0.340567374049215,-0.340567374049215,0.0170283687024608,3.14578204576953,0,0,1,2.77759820808387,0.10826159253697,5.46929321420572
20200823,3,732,14650,20,8.40265169233862,2.38020100467042,0.264188079536454,-0.264188079536454,0.0132094039768227,3.14549622064147,0,0,1,2.04435443267084,0.0839893171076763,4.24307634275675
20200823,3,733,14670,20,7.89151313820003,2.53436820667345,0.229292278267747,-0.229292278267747,0.0114646139133874,3.14521044744872,0,0,1,1.53263816491381,0.0729020464922279,3.68295587417574
20200823,3,734,14690,20,7.59926533691305,2.6318333566866,0.219814442597452,-0.219814442597452,0.0109907221298726,3.1450297060492,0,0,1,1.24002492607315,0.0698926443125983,3.53092316770836
20200823,3,735,14710,20,7.44566075834791,2.68612828990045,0.213605290511218,-0.213605290511218,0.0106802645255609,3.1450297060492,0,0,1,1.08642034750801,0.0679183697694066,3.43118432118834
20200823,3,736,14730,20,7.33850140549293,2.72535207052353,0.188457792194692,-0.188457792194692,0.00942288960973458,3.1450297060492,0,0,1,0.979260994653033,0.0599224203931076,3.02723504758061
20200823,3,737,14750,20,7.22291106356715,2.76896667063801,0.168214822194789,-0.168214822194789,0.00841074110973947,3.14484898542131,0,0,1,0.863305215173568,0.0534889983508235,2.70222346502911
20200823,3,738,14770,20,7.11955170513647,2.8091656368716,0.112679465055704,-0.112679465055704,0.0056339732527852,3.14484898542131,0,0,1,0.759945856742888,0.0358298492481058,1.81009669972997
20200823,3,739,14790,20,6.94370451354735,2.88030689684152,0.0741180769138531,-0.0741180769138531,0.00370590384569265,3.14484898542131,0,0,1,0.584098665153761,0.0235680877706513,1.19064184717041
20200823,3,740,14810,20,6.81083481857877,2.9364975855006,0.0378675774321011,-0.0378675774321011,0.00189337887160505,3.14425487653773,0,0,1,0.450027318767297,0.01204341852649,0.608424332944096
20200823,3,741,14830,20,6.7074259662395,2.98176977288546,0.00805263597617793,-0.00379105105601987,0.000402631798808897,3.1436147590325,1,1,0,0.345323249125613,0.00256158486119853,0.129409316551306
20200823,3,742,14850,20,6.65232135507449,3.00646931085849,0.038442199970784,0.038442199970784,0.0019221099985392,3.14356852734105,0,0,1,0.29012507207608,0.0122288410882202,0.617791739564179
20200823,3,743,14870,20,6.63030432689175,3.01645279220176,0.0744649498974177,0.0744649498974177,0.00372324749487089,3.14355650929443,0,0,1,0.268083720751292,0.0236881219336284,1.19670588167849
20200823,3,744,14890,20,6.60986375963694,3.02578097329778,0.0916562304733013,0.0916562304733013,0.00458281152366507,3.14355650929443,0,0,1,0.247643153496483,0.0291568579099198,1.47298225878055
20200823,3,745,14910,20,6.60450352779571,3.0282367048224,0.10009638025121,0.10009638025121,0.00500481901256048,3.14355650929443,0,0,1,0.24228292165526,0.0318417626517158,1.60862160179205
20200823,3,746,14930,20,6.59594425919295,3.03216631525129,0.103834587934345,0.103834587934345,0.00519172939671723,3.14355650929443,0,0,1,0.233723653052493,0.0330309277492995,1.6686973169776
20200823,3,747,14950,20,6.57177069689169,3.04331981781707,0.0909066536325952,0.0909066536325952,0.00454533268162976,3.14355650929443,0,0,1,0.209550090751236,0.0289184092488285,1.4609360139999
20200823,3,748,14970,20,6.51119695531361,3.07163185774599,0.0649218838369079,0.0649218838369079,0.0032460941918454,3.14356852734105,0,0,1,0.149000672315196,0.0206522884016215,1.04333788341638
20200823,3,749,14990,20,6.45674390353452,3.09753651357485,0.051487492215869,0.051487492215869,0.00257437461079345,3.14356852734105,0,0,1,0.0945476205361047,0.0163786765798356,0.827438268517756
20200823,3,750,15010,20,6.41092669026148,3.11967379542509,0.0270959186358561,0.0270959186358561,0.0013547959317928,3.14356852734105,1,1,0,0.048730407263065,0.00861947764147355,0.43544944675011
20200823,3,751,15030,20,6.35244857111047,3.1483922736432,0.00834710480840601,-0.00681574842032853,0.000417355240420301,3.14356852734105,1,1,0,-0.00974771188793966,0.00265529595929195,0.134143529866366
20200823,3,752,15050,20,6.33457425306005,3.15727611691323,0.0209566840328019,-0.0209566840328019,0.00104783420164009,3.14356852734105,1,1,0,-0.0276220299383567,0.00666652686287322,0.336787860579288
20200823,3,753,15070,20,6.33845487168037,3.15534312460883,0.0267622413644901,-0.0267622413644901,0.00133811206822451,3.14356852734105,1,1,0,-0.0237414113180421,0.00851333162669327,0.430087030913168
20200823,3,754,15090,20,6.34533621213268,3.1519212428427,0.037783854825929,-0.037783854825929,0.00188919274129645,3.14356852734105,0,0,1,-0.0168600708657323,0.0120194150365439,0.607211694910576
20200823,3,755,15110,20,6.35660639806702,3.14633292476341,0.0412042819992686,-0.0412042819992686,0.00206021409996343,3.1436147590325,0,0,1,-0.00549631904686976,0.0131072937232137,0.662170497745944
20200823,3,756,15130,20,6.37144170538159,3.13900698221992,0.0352288047296467,-0.0352288047296467,0.00176144023648234,3.1436147590325,0,0,1,0.00933898826770019,0.011206463714558,0.566142013182973
20200823,3,757,15150,20,6.38993120575924,3.12992415035298,0.00806646292760016,-0.00790303954973588,0.000403323146380008,3.1436147590325,1,1,0,0.0278284886453548,0.00256598328545917,0.129631521595571
20200823,3,758,15170,20,6.38530226096191,3.13219314961405,0.00794303767838209,0.00794303767838209,0.000397151883919105,3.1436147590325,1,1,0,0.0231995438480226,0.00252672107978863,0.127648024863106
20200823,3,759,15190,20,6.37117072276578,3.13914049242708,0.0158045271935058,0.0158045271935058,0.000790226359675288,3.1436147590325,1,1,0,0.00906800565189769,0.00502750127002516,0.253985535739921
20200823,3,760,15210,20,6.36200915122936,3.14366099208382,0.0207479639837902,0.0207479639837902,0.00103739819918951,3.1436147590325,1,1,0,-9.35658845264697e-05,0.00660003390179263,0.333428686819616
20200823,3,761,15230,20,6.34982779168058,3.14969171702634,0.0233564990917981,0.0233564990917981,0.0011678249545899,3.1436147590325,1,1,0,-0.012274925433303,0.00742982231670983,0.375348965660733
20200823,3,762,15250,20,6.34229665385192,3.1534318073648,0.0223272997929538,0.0223272997929538,0.00111636498964769,3.1436147590325,1,1,0,-0.0198060632619672,0.00710242873392839,0.358809291167495
20200823,3,763,15270,20,6.32331221350887,3.16289933577419,0.0177527866763454,0.0177527866763454,0.000887639333817272,3.1436147590325,1,1,0,-0.0387905036050142,0.00564725261749602,0.285294901876021
20200823,3,764,15290,20,6.33490478168187,3.15711138355739,0.0232252945830826,0.0232252945830826,0.00116126472915413,3.1436147590325,1,1,0,-0.0271979354320138,0.00738808548864,0.37324045288907
20200823,3,765,15310,20,6.36219628299841,3.14356852734105,0.0274888931538555,0.0274888931538555,0.00137444465769277,3.1436147590325,1,1,0,9.35658845264697e-05,0.00874435809122985,0.441758311975844
20200823,3,766,15330,20,6.3669572566605,3.14121788379809,0.0222582887573782,0.0222582887573782,0.00111291443786891,3.1436147590325,1,1,0,0.00485453954661352,0.00708047596908105,0.357700254204349
20200823,3,767,15350,20,6.35771954604934,3.14578204576953,0.0169491591074213,0.0169491591074213,0.000847457955371065,3.1436147590325,1,1,0,-0.00438317106454633,0.00539161456050603,0.272380261904226
20200823,3,768,15370,20,6.3544918831667,3.1473798956264,0.0119999709060063,0.0119999709060063,0.000599998545300313,3.1436147590325,1,1,0,-0.00761083394718298,0.0038172523753195,0.192844683178997
20200823,3,769,15390,20,6.35609902538454,3.1465840793426,0.00834081432536209,0.00834081432536209,0.000417040716268104,3.1436147590325,1,1,0,-0.00600369172934734,0.00265325587411643,0.134040466316815
20200823,3,770,15410,20,6.35628307145544,3.14649297005278,0.00452705379282734,0.00452705379282734,0.000226352689641367,3.1436147590325,1,1,0,-0.00581964565844828,0.00144007906179338,0.0727516975874584
20200823,3,771,15430,20,6.35887497328622,3.14521044744872,0.00310157344246274,0.00310157344246274,0.000155078672123137,3.14356852734105,1,1,0,-0.00332130971219158,0.00098664095135415,0.0498443495393438
20200823,3,772,15450,20,6.3622449292825,3.14354449133971,0.00460530170177855,0.00460530170177855,0.000230265085088928,3.14356852734105,1,1,0,4.86462840854074e-05,0.00146499166845709,0.0740102635052605
20200823,3,773,15470,20,6.35960584839358,3.14484898542131,0.00980356103678899,0.00980356103678899,0.000490178051839449,3.14355650929443,1,1,0,-0.00261475774686915,0.00311862090209073,0.157550353156503
20200823,3,774,15490,20,6.34698469688192,3.15110260307156,0.00331950952389044,-0.000808055164712007,0.000165975476194522,3.14355650929443,1,1,0,-0.0152359092585357,0.00105597259475876,0.0533469313683806
20200823,3,775,15510,20,6.34249147015089,3.15333494638885,0.00880463358948935,-0.00880463358948935,0.000440231679474468,3.14355650929443,1,1,0,-0.0197291359895644,0.00280085106262828,0.141496862847299
20200823,3,776,15530,20,6.35195650015339,3.14863617210178,0.0399521008360394,-0.0399521008360394,0.00199760504180197,3.14355650929443,0,0,1,-0.0102641059870621,0.0127092039598826,0.642059306046191
20200823,3,777,15550,20,6.14792204176501,3.25313168646787,0.0507134794469047,-0.0197203870681663,0.00253567397234524,3.14355650929443,0,0,1,-0.21429856437544,0.0161325171973089,0.815002483961875
20200823,3,778,15570,20,6.45784066159013,3.09701044792817,0.106389333430216,0.099699184935961,0.00531946667151078,3.14355650929443,0,0,1,0.0956200554496718,0.0338436204711633,1.70975393442396
20200823,3,779,15590,20,6.42728573697423,3.11173344681816,0.0911220461506375,-0.0911220461506375,0.00455610230753188,3.14355650929443,0,0,1,0.0650651308337729,0.0289869279846634,1.46439752835754
20200823,3,780,15610,20,6.38176672232112,3.13392840419052,0.0146798889572114,-0.0146798889572114,0.000733994447860569,3.14354449133971,1,1,0,0.0195217930386207,0.00466985245402241,0.235917389903579
20200823,3,781,15630,20,6.39006913693538,3.12985659018892,0.0103056290412475,-0.0103056290412475,0.000515281452062373,3.14238075691597,1,1,0,0.0254680439638832,0.00327956089298412,0.165680918941289
20200823,3,782,15650,20,6.39221284307041,3.12880695480617,0.00905695444424119,-0.00905695444424119,0.00045284772221206,3.14238075691597,1,1,0,0.027611750098913,0.00288219510774053,0.14560630206321
20200823,3,783,15670,20,6.39867607431188,3.12564658184401,0.0102724026166745,-0.0102724026166745,0.000513620130833727,3.14238075691597,1,1,0,0.0340749813403818,0.00326898724607651,0.165146746351305
20200823,3,784,15690,20,6.40661503122101,3.12177333935863,0.011097149138171,-0.011097149138171,0.000554857456908549,3.14238075691597,1,1,0,0.0420139382495108,0.00353144637668353,0.178405981768013
20200823,3,785,15710,20,6.46398450947981,3.09406682065355,0.00728075227042195,-0.00728075227042195,0.000364037613521098,3.14238075691597,1,1,0,0.0993834165083172,0.00231695419289911,0.117050761474078
20200823,3,786,15730,20,6.62655238397292,3.01816070274677,0.00799259971663044,-0.00799259971663044,0.000399629985831522,3.14238075691597,1,1,0,0.261951291001424,0.00254348544460749,0.128494947807759
20200823,3,787,15750,20,6.55771791380994,3.04984146358017,0.00459984178424921,-0.00256937422065109,0.000229992089212461,3.14238075691597,1,1,0,0.193116820838441,0.00146380790237643,0.0739504605442985
20200823,3,788,15770,20,6.52045323400034,3.06727144298984,0.0126487495106415,0.0126487495106415,0.000632437475532077,3.14238075691597,1,1,0,0.155852141028845,0.00402521224800759,0.203350657586603
20200823,3,789,15790,20,6.4852037504179,3.08394319896445,0.01555488120465,0.01555488120465,0.000777744060232501,3.14238075691597,1,1,0,0.120602657446398,0.00495003069580787,0.25007178132399
20200823,3,790,15810,20,6.45378794977023,3.09895524235686,0.0104511464245499,0.0104511464245499,0.000522557321227495,3.14238075691597,1,1,0,0.0891868567987331,0.00332586889782477,0.168020364082481
20200823,3,791,15830,20,6.43583683069483,3.10759898458158,0.00929961003211206,0.00929961003211206,0.000464980501605603,3.14238075691597,1,1,0,0.0712357377233275,0.00295941540872946,0.149507412866226
20200823,3,792,15850,20,6.42615735839718,3.11227984074583,0.00549651805494697,0.00543770924626967,0.000274825902747349,3.14238075691597,1,1,0,0.0615562654256792,0.00174915724100265,0.0883660918393359
20200823,3,793,15870,20,6.69653448536883,2.98661942885499,0.00757609222558737,-0.00757609222558737,0.000378804611279369,3.14238075691597,1,1,0,0.331933392397332,0.00241094024297131,0.121798865153731
20200823,3,794,15890,20,7.4445309389821,2.68653595020651,0.00422254973649965,-0.00422254973649965,0.000211127486824982,3.14238075691597,1,0,0,1.0799298460106,0.00134374223340261,0.0678848343772594
20200823,3,795,15910,20,8.62400794947462,2.31910732424805,0.00745017047811318,-0.00745017047811318,0.000372508523905659,3.14238075691597,1,0,0,2.25940685650312,0.00237086815839116,0.11977445395547
20200823,3,796,15930,20,9.98880163924241,2.00224218302896,0.0454833503383067,-0.0454833503383067,0.00227416751691534,3.14238075691597,0,0,1,3.62420054627091,0.0144741690637596,0.731223999080318
20200823,3,797,15950,20,10.7373604731129,1.8626551702424,0.0163221337571124,-0.0112056311461218,0.000816106687855618,3.14238075691597,1,0,0,4.37275938014136,0.00519419351750721,0.262406701147246
20200823,3,798,15970,20,11.3233620804331,1.7662598668076,0.0265608287296923,-0.0260848582928411,0.00132804143648462,3.14238075691597,1,0,0,4.95876098746157,0.00845245397816142,0.42701153846742
20200823,3,799,15990,20,13.3160331507715,1.50194879913176,0.0343304392571962,-0.0343304392571962,0.00171652196285981,3.14238075691597,0,0,1,6.95143205780005,0.0109249775609271,0.551921547052102
20200823,3,800,16010,20,15.9178566063138,1.25645056961168,0.0169249693227453,0.0157318116429586,0.000846248466137267,3.14238075691597,1,0,0,9.55325551334226,0.0053860339125027,0.272098331816739
20200823,3,801,16030,20,22.7379371349271,0.879587267803578,0.38117730293592,-0.0770837424589418,0.019058865146796,3.14354449133971,0,0,1,16.3756922056446,0.121257168138082,6.125819797496
20200823,3,802,16050,20,51.7939541069154,0.386145455485308,3.02160613987657,1.97960597207933,0.151080306993829,3.14238075691597,0,0,1,45.4293530139439,0.961565887019392,48.5775763837112
20200823,3,803,16070,20,22.5896622756218,0.885360735188304,0.546514448661005,0.456968348883264,0.0273257224330502,3.14121788379809,0,0,1,16.2227050189613,0.1739817067386,8.78942333807266
20200823,3,804,16090,20,15.0970788072918,1.32475959457402,0.377464896425325,0.377464896425325,0.0188732448212662,3.14017884453706,0,0,1,8.7280148175787,0.120204903960167,6.07266021252261
20200823,3,805,16110,20,9.88374564340484,2.02352435216152,0.0847454099842014,-0.0255895034467989,0.00423727049921007,3.14017884453706,0,0,1,3.5146816536917,0.0269874469511927,1.36338526914327
20200823,3,806,16130,20,8.25169340999673,2.42374492195389,0.18585169877901,-0.18585169877901,0.00929258493895048,3.14017884453706,0,0,1,1.88262942028359,0.0591850681060202,2.98998457152772
20200823,3,807,16150,20,7.74921095124773,2.58090793060418,0.0995558535976391,-0.0995558535976391,0.00497779267988196,3.14017884453706,0,0,1,1.38014696153459,0.0317038801056938,1.60165588056402
20200823,3,808,16170,20,7.3263200068377,2.72988348602489,0.0147019940486757,-0.00649714118603795,0.000735099702433786,3.14121788379809,1,0,0,0.959362750177206,0.00468034838477976,0.236447636332832
20200823,3,809,16190,20,7.04193246796785,2.84012948022087,0.0319475866138478,0.0319475866138478,0.00159737933069239,3.14238075691597,0,0,1,0.677331374996356,0.0101666822340149,0.513613044575298
20200823,3,810,16210,20,6.87162726179031,2.91051875168055,0.0447677439162115,0.0447677439162115,0.00223838719581057,3.14238075691597,0,0,1,0.507026168818811,0.0142464415929494,0.719719380668527
20200823,3,811,16230,20,6.78026129934187,2.94973882524871,0.0536882256991099,0.0536882256991099,0.00268441128495549,3.13789539449259,0,0,1,0.40656253452562,0.0171096288911796,0.864365422669648
20200823,3,812,16250,20,6.75768691520807,2.95959257227356,0.0748153391449034,0.0748153391449034,0.00374076695724517,3.13392840419052,0,0,1,0.375920192886952,0.0238727020837057,1.20603073030336
20200823,3,813,16270,20,7.10202772910452,2.81609714336074,0.0986440955876701,0.0986440955876701,0.00493220477938351,3.13189117373519,0,0,1,0.716109799476272,0.0314966549332633,1.59118702265395
20200823,3,814,16290,20,7.41634077338767,2.69674771037581,0.102825452456895,0.102825452456895,0.00514127262284476,3.12985659018892,0,0,1,1.02627163645229,0.0328530875118111,1.6597129636043
20200823,3,815,16310,20,7.14351759295641,2.79974112749722,0.0734294331176299,0.0734294331176299,0.0036714716558815,3.12933168448079,0,0,1,0.752376602953518,0.023464892993538,1.18542852561305
20200823,3,816,16330,20,7.03146530982394,2.84435734498429,0.0206912301577962,0.00831632858658815,0.00103456150788981,3.12564658184401,1,0,0,0.632789235512064,0.00661982396793854,0.334428465891253
20200823,3,817,16350,20,7.41441402122018,2.69744850270833,0.0568666210257825,-0.0568666210257825,0.00284333105128913,3.12370875994509,0,0,1,1.01176846845374,0.0182048409105791,0.919694699890212
20200823,3,818,16370,20,7.78395982471648,2.56938633425289,0.0991579760805193,-0.0991579760805193,0.00495789880402597,3.12177333935863,0,0,1,1.37734479349547,0.0317633490011454,1.60466020387691
20200823,3,819,16390,20,7.46408551215882,2.67949770503305,0.104798988500341,-0.104798988500341,0.00523994942501707,3.11968279336997,0,0,1,1.05317731261221,0.0335928347340515,1.69708442995739
20200823,3,820,16410,20,7.12023730294277,2.80889514619605,0.0448284714678599,-0.0448284714678599,0.002241423573393,3.11759504544338,0,0,1,0.705035935070555,0.0143791835740118,0.726425404469321
20200823,3,821,16430,20,6.86888604958585,2.91168027182601,0.00784536861136535,0.00285095962912925,0.000392268430568268,3.10759898458158,1,1,0,0.433049218891028,0.00252457561297011,0.127539637513198
20200823,3,822,16450,20,6.69286598329472,2.98825645843196,0.0174840340623516,0.0174840340623516,0.000874201703117581,3.10327109448696,1,1,0,0.248053593062195,0.00563406596781456,0.284628722375693
20200823,3,823,16470,20,6.59481679369765,3.03268470158459,0.0195052077364479,0.0195052077364479,0.000975260386822396,3.10327109448696,1,1,0,0.150004403465118,0.00628537022469595,0.317532117467801
20200823,3,824,16490,20,6.54539677850789,3.05558252261664,0.0311462803903572,0.0311462803903572,0.00155731401951786,3.09650910218326,0,0,1,0.0865105488828704,0.0100585140758659,0.508148471595225
20200823,3,825,16510,20,6.52654226917366,3.0644097862454,0.0328701160441969,0.0328701160441969,0.00164350580220984,3.09406682065355,0,0,1,0.0625577596938456,0.0106235960467246,0.536695982455387
20200823,3,826,16530,20,6.55415650030955,3.05149869385258,0.0231413905615386,-0.0215380012869678,0.00115706952807693,3.08394319896445,1,1,0,0.0689527498916505,0.00750383164297877,0.37908786046604
20200823,3,827,16550,20,7.00401431940918,2.85550529852245,0.0785641131826825,-0.0785641131826825,0.00392820565913413,3.08394319896445,0,0,1,0.518810568991285,0.0254752140730294,1.28698841569764
20200823,3,828,16570,20,7.47517720463384,2.67552185754233,0.134663418593456,-0.134663418593456,0.0067331709296728,3.08394319896445,0,0,1,0.989973454215942,0.0436659853653188,2.20597232918581
20200823,3,829,16590,20,7.37609030079147,2.7114635510704,0.111248412884573,-0.111248412884573,0.00556242064422864,3.08394319896445,0,0,1,0.89088655037358,0.0360734312233535,1.8224022756328
20200823,3,830,16610,20,7.09271756096223,2.81979365850946,0.0183455873183702,-0.013153777061129,0.000917279365918512,3.08394319896445,1,1,0,0.607513810544333,0.00594874358403568,0.300525995921461
20200823,3,831,16630,20,6.84080391207863,2.9236329906616,0.0225698732230816,0.0225698732230816,0.00112849366115408,3.05149869385258,1,1,0,0.28664741176908,0.00739632406481112,0.373656659483593
20200823,3,832,16650,20,6.70775111224884,2.98162523703042,0.0526314847575995,0.0526314847575995,0.00263157423787997,3.04984146358017,0,0,1,0.150033198438904,0.0172571215212662,0.871816638026586
20200823,3,833,16670,20,6.67205282846407,2.99757818383522,0.0765418285169427,0.0765418285169427,0.00382709142584713,3.03268470158459,0,0,1,0.077236034766428,0.0252389668061929,1.27505338367839
20200823,3,834,16690,20,6.67626720717362,2.9956859693258,0.0880459830227494,0.0880459830227494,0.00440229915113747,3.01816070274677,0,0,1,0.0497148232007021,0.029172065934932,1.47375055662331
20200823,3,835,16710,20,6.68129184621648,2.99343307556992,0.0794981273814748,0.0794981273814748,0.00397490636907374,3.00313413822181,0,0,1,0.0215826625826594,0.026471720450205,1.337331159037
20200823,3,836,16730,20,6.6527291734501,3.00628501154332,0.0580904437102571,0.0580904437102571,0.00290452218551286,2.98743771938226,0,0,1,-0.0419710608816786,0.0194449053559748,0.982341811367576
20200823,3,837,16750,20,6.63552182768854,3.01408095992459,0.0420869387083537,0.0420869387083537,0.00210434693541768,2.95479058184305,0,0,1,-0.133147371035193,0.0142436282851903,0.719577254502863
20200823,3,838,16770,20,6.9659374138746,2.8711139379697,0.0148626814002542,0.0125752773802344,0.00074313407001271,2.92421226297166,1,1,0,0.126488631974097,0.00508262740993719,0.256770466349945
20200823,3,839,16790,20,7.39917285117554,2.70300483611793,0.0471327077110905,-0.0471327077110905,0.00235663538555452,2.92421226297166,0,0,1,0.559724069275034,0.0161180870171145,0.814273482246978
20200823,3,840,16810,20,7.80178987801264,2.5635143105257,0.131040379898021,-0.131040379898021,0.00655201899490106,2.92421226297166,0,0,1,0.96234109611214,0.044812198333665,2.26387813551015
20200823,3,841,16830,20,8.40914884535778,2.37836199213442,0.297237026010692,-0.297237026010692,0.0148618513005346,2.92421226297166,0,0,1,1.56970006345728,0.101646870774228,5.1351225078357
20200823,3,842,16850,20,9.33006734657829,2.14360724923757,0.51115823531897,-0.51115823531897,0.0255579117659485,2.92421226297166,0,0,1,2.49061856467779,0.174802028495537,8.83086536856144
20200823,3,843,16870,20,10.0810881266816,1.9839128225718,0.563671312022135,-0.563671312022135,0.0281835656011067,2.92421226297166,0,0,1,3.24163934478111,0.192760053420102,9.73809111278761
20200823,3,844,16890,20,9.58165798554364,2.08732142497416,0.371110953997369,-0.371110953997369,0.0185555476998685,2.92421226297166,0,0,1,2.74220920364314,0.126909718113362,6.41138231785336
20200823,3,845,16910,20,8.28295876364245,2.41459610879494,0.145010115045255,-0.145010115045255,0.00725050575226277,2.92479176487476,0,0,1,1.44486511192008,0.0495796373563246,2.50472552454951
20200823,3,846,16930,20,7.35064292509014,2.72085043496447,0.0569626161374584,-0.0569626161374584,0.00284813080687292,2.9338440614767,0,0,1,0.533648026617811,0.0194156931806346,0.980866034514343
20200823,3,847,16950,20,6.84776076074741,2.92066278288278,0.0271518091261749,-0.0271518091261749,0.00135759045630874,2.94295256616901,1,1,0,0.0518646155251181,0.00922604374881916,0.466092704595588
20200823,3,848,16970,20,6.55179420057993,3.05259893514813,0.0311152778103765,-0.0311152778103765,0.00155576389051883,2.9484445979806,0,0,1,-0.231443311733528,0.01055311598247,0.533135383279527
20200823,3,849,16990,20,6.35917893507485,3.14506010983391,0.0646520058996842,-0.0646520058996842,0.00323260029498421,2.95395716617937,0,0,1,-0.411399944329787,0.0218865752827773,1.10569311674793
20200823,3,850,17010,20,6.27281062302154,3.18836343099518,0.0863698569267517,-0.0863698569267517,0.00431849284633758,2.95916280478451,0,0,1,-0.485857729954205,0.029187260933094,1.47451819635953
20200823,3,851,17030,20,6.25158639196252,3.19918797342598,0.0724462244658002,-0.0724462244658002,0.00362231122329001,2.96438682315005,0,0,1,-0.495171434584336,0.0244388565959204,1.23463242513609
20200823,3,852,17050,20,6.21666941587955,3.21715675421199,0.0522148726697025,-0.0522148726697025,0.00261074363348512,2.97129396929996,0,0,1,-0.514404724425731,0.0175731089583184,0.887780082723312
20200823,3,853,17070,20,6.1763580575107,3.23815423486972,0.0438314273423909,-0.0438314273423909,0.00219157136711954,2.96438682315005,0,0,1,-0.570399769036158,0.0147860012735498,0.746977524859958
20200823,3,854,17090,20,6.1472981054294,3.25346187170192,0.0449909065308991,-0.0449909065308991,0.00224954532654495,2.96438682315005,0,0,1,-0.599459721117455,0.0151771375380391,0.766737431093284
20200823,3,855,17110,20,6.13158841238237,3.2617975400324,0.0553428082540467,-0.0553428082540467,0.00276714041270234,2.96438682315005,0,0,1,-0.615169414164484,0.0186692262365536,0.94315509293091
20200823,3,856,17130,20,6.13865726961285,3.2580414774095,0.0587359640130043,-0.0587359640130043,0.00293679820065022,2.96438682315005,0,0,1,-0.608100556934005,0.0198138662452256,1.00098143453031
20200823,3,857,17150,20,6.15614523098611,3.24878625334125,0.0660414398441003,-0.0660414398441003,0.00330207199220501,2.96438682315005,0,0,1,-0.590612595560742,0.0222782800572303,1.12548174367171
20200823,3,858,17170,20,6.18550830929416,3.2333640179496,0.0864670507814644,-0.0864670507814644,0.00432335253907322,2.96438682315005,0,0,1,-0.561249517252691,0.0291686125799135,1.47357609575749
20200823,3,859,17190,20,6.25902083329584,3.19538799002024,0.0919851319669976,-0.0919851319669976,0.00459925659834988,2.96438682315005,0,0,1,-0.487736993251019,0.0310300704512143,1.56761552992302
20200823,3,860,17210,20,6.33491186426363,3.15710785383196,0.047631524439364,-0.047631524439364,0.0023815762219682,2.96438682315005,0,0,1,-0.411845962283223,0.0160679180150818,0.811738982467779
20200823,3,861,17230,20,6.38044027297201,3.13457992620374,0.0124796443565559,-0.0116493067267737,0.000623982217827794,2.96438682315005,1,1,0,-0.366317553574845,0.00420985691175574,0.212678765393
20200823,3,862,17250,20,6.41520136787221,3.11759504544338,0.0190312502205776,0.0190312502205776,0.000951562511028881,2.96438682315005,1,1,0,-0.33155645867464,0.00641996181873268,0.324331582307586
20200823,3,863,17270,20,6.4609445797314,3.09552260558648,0.0404948667907122,0.0404948667907122,0.00202474333953561,2.96438682315005,0,0,1,-0.285813246815451,0.0136604529727605,0.690115681804533
20200823,3,864,17290,20,6.4994215836241,3.07719690785898,0.0385990240588797,0.0385990240588797,0.00192995120294398,2.96438682315005,0,0,1,-0.247336242922756,0.0130209133833158,0.657806628752583
20200823,3,865,17310,20,6.54804151217286,3.05434838230941,0.0496906612003988,0.0496906612003988,0.00248453306001994,2.95916280478451,0,0,1,-0.210626840802888,0.0167921349646788,0.848325871273157
20200823,3,866,17330,20,6.6231670844345,3.01970337529355,0.0753304201665472,0.0753304201665472,0.00376652100832736,2.95395716617937,0,0,1,-0.147411794970139,0.0255015275878151,1.28831775442698
20200823,3,867,17350,20,6.68447007944178,2.99200980216972,0.0901396960179783,0.0901396960179783,0.00450698480089892,2.9484445979806,0,0,1,-0.0987674328716821,0.0305719483688842,1.5444715511818
20200823,3,868,17370,20,6.77476918011234,2.95213009746678,0.0986345409040868,0.0986345409040868,0.00493172704520434,2.95395716617937,0,0,1,0.00419030070770532,0.0333906469712491,1.68687005814577
20200823,3,869,17390,20,6.82903840596009,2.92867001341578,0.0750454038476498,0.0750454038476498,0.00375227019238249,2.95916280478451,0,0,1,0.0703700529843445,0.0253603498010698,1.28118556014691
20200823,3,870,17410,20,6.83484110245627,2.92618360839618,0.0475829820747696,0.0475829820747696,0.00237914910373848,2.96438682315005,0,0,1,0.0880832759094119,0.0160515428361695,0.81091172089876
20200823,3,871,17430,20,6.84941269711544,2.91995837955899,0.0590087997773224,0.0590087997773224,0.00295043998886612,2.97129396929996,0,0,1,0.118338556810158,0.0198596303115793,1.00329340031335
20200823,3,872,17450,20,7.23313610276,2.76505235293007,0.197366180300678,0.197366180300678,0.00986830901503388,2.98243786297415,0,0,1,0.527212653928927,0.0661761248242267,3.34316743327028
20200823,3,873,17470,20,7.98970788855513,2.50322042795194,0.290467823956456,0.290467823956456,0.0145233911978228,2.98243786297415,0,0,1,1.28378443972406,0.0973927495900269,4.92020754510583
20200823,3,874,17490,20,8.19616912267884,2.4401643866352,0.175982626165872,0.175982626165872,0.00879913130829362,2.98243786297415,0,0,1,1.49024567384777,0.0590063009696298,2.98095339192772
20200823,3,875,17510,20,7.925371581935,2.52354098394425,0.132088444376662,0.132088444376662,0.00660442221883309,2.9866542354829,0,0,1,1.22891513833656,0.0442262257235496,2.23427524546288
20200823,3,876,17530,20,7.76175314787815,2.57673744822295,0.128900388509005,0.128900388509005,0.00644501942545024,2.98243786297415,0,0,1,1.05582969904708,0.0432198068932985,2.18343173254244
20200823,3,877,17550,20,7.58830112882788,2.63563604823485,0.101938344960577,0.101938344960577,0.00509691724802885,2.97823337850703,0,0,1,0.872910674764171,0.0342277894325656,1.7291618578109
20200823,3,878,17570,20,7.40674586982732,2.70024115198464,0.0797669410937734,0.0797669410937734,0.00398834705468867,2.97823337850703,0,0,1,0.69135541576361,0.0267833077385494,1.35307231157171
20200823,3,879,17590,20,7.26161284416776,2.75420907575143,0.0445167613420956,0.0445167613420956,0.00222583806710478,2.97823337850703,0,0,1,0.546222390104049,0.0149473717081271,0.755129836331874
20200823,3,880,17610,20,7.13481932134073,2.80315437563761,0.00409219684139928,0.00402507400145693,0.000204609842069964,2.97823337850703,1,1,0,0.41942886727702,0.00137403498024412,0.0694152008798891
20200823,3,881,17630,20,7.09518568249132,2.81881276896723,0.0115484527733858,0.0115484527733858,0.000577422638669291,2.98243786297415,1,1,0,0.389262233660247,0.00387215201253831,0.195618171045442
20200823,3,882,17650,20,7.07528895874657,2.82673967333528,0.0220645407603451,0.0220645407603451,0.00110322703801725,2.9866542354829,1,1,0,0.378832515148134,0.00738771180748266,0.373221574801558
20200823,3,883,17670,20,7.05785284530339,2.83372300873472,0.0250023820027956,0.0250023820027956,0.00125011910013978,2.9866542354829,1,1,0,0.361396401704952,0.00837136810339652,0.422915141820861
20200823,3,884,17690,20,6.99651145094867,2.85856746468816,0.0180744897931505,-0.0153660776508594,0.000903724489657524,2.9866542354829,1,1,0,0.300055007350239,0.00605175168200483,0.305729886590615
20200823,3,885,17710,20,6.94248557643095,2.88081261096141,0.0342710898852774,-0.0342710898852774,0.00171355449426387,2.9866542354829,0,0,1,0.246029132832519,0.0114747430345703,0.579695280136386
20200823,3,886,17730,20,6.96665939894228,2.87081639200511,0.0114257058039798,0.00801790664448283,0.000571285290198992,2.9866542354829,1,1,0,0.270202955343849,0.00382558706268604,0.193265745237924
20200823,3,887,17750,20,6.9030881124163,2.89725405127407,0.00639551263962059,0.00623568457941803,0.00031977563198103,2.9866542354829,1,1,0,0.206631668817864,0.00214136359128513,0.108180057992067
20200823,3,888,17770,20,6.83809365172237,2.92479176487476,0.00563194612849527,-0.00563194612849527,0.000281597306424763,2.9866542354829,1,1,0,0.14163720812394,0.00188570409710807,0.0952643350299065
20200823,3,889,17790,20,6.79589614522229,2.94295256616901,0.00242202379532161,-0.00239133382996617,0.000121101189766081,2.98686657984678,1,1,0,0.0999157706901306,0.000810891190006171,0.0409656054287717
20200823,3,890,17810,20,6.77057887940464,2.95395716617937,0.00363120157819334,0.00363120157819334,0.000181560078909667,2.98686657984678,1,1,0,0.0745985048724824,0.00121572272517764,0.0614173863080684
20200823,3,891,17830,20,6.74675782654685,2.96438682315005,0.00256960298268185,0.00212886131424474,0.000128480149134093,2.98686657984678,1,1,0,0.0507774520146986,0.000860300557118848,0.0434617290302722
20200823,3,892,17850,20,6.71539045406371,2.97823337850703,0.00576251439468258,-0.00576251439468258,0.000288125719734129,2.98686657984678,1,1,0,0.0194100795315526,0.00192928416473768,0.0974659668605103
20200823,3,893,17870,20,6.69481994892794,2.98738429899114,0.00590989496201646,0.00324867229857853,0.000295494748100823,2.98686657984678,1,1,0,-0.00116042560421281,0.00197862703406043,0.0999587310443016
20200823,3,894,17890,20,6.69645644359844,2.9866542354829,0.0245954371732422,0.0245954371732422,0.00122977185866211,2.98686657984678,1,1,0,0.000476069066279727,0.00823452823075344,0.416002095657938
20200823,3,895,17910,20,6.66204002077211,3.00208343655102,0.0119070904343071,0.0119070904343071,0.000595354521715355,2.98686657984678,1,1,0,-0.0339403537600456,0.003986482193295,0.201394044715302
20200823,3,896,17930,20,6.63657743599015,3.01360154279826,0.0106185221725866,0.0106185221725866,0.000530926108629328,2.98686657984678,1,1,0,-0.0594029385420081,0.00355507080370871,0.17959946983142
20200823,3,897,17950,20,6.61761024119187,3.02223903660997,0.00556290274507132,0.00505358358109189,0.000278145137253566,2.98686657984678,1,1,0,-0.0783701333402869,0.00186245438032143,0.0940897770424101
20200823,3,898,17970,20,6.58156464648891,3.03879108908692,0.0115929026022195,-0.0115929026022195,0.000579645130110977,2.98707895440721,1,1,0,-0.113939658976961,0.00388101646430038,0.196065996398217
20200823,3,899,17990,20,6.55900547650344,3.04924276578922,0.0162139263445615,-0.0162139263445615,0.000810696317228076,2.98707895440721,1,1,0,-0.136498828962432,0.00542802068242591,0.274219471460505
20200823,3,900,18010,20,6.56179597736991,3.04794603016846,0.0106786903141368,-0.0106786903141368,0.000533934515706839,2.98707895440721,1,1,0,-0.133708328095964,0.00357496084875198,0.180604299760817
20200823,3,901,18030,20,6.56040706014937,3.04859131706755,0.0106731284043436,-0.0106731284043436,0.000533656420217179,2.98707895440721,1,1,0,-0.135097245316502,0.00357309885920363,0.180510233466732
20200823,3,902,18050,20,6.56383097220896,3.04700107066732,0.0114240622997665,-0.0114240622997665,0.000571203114988323,2.98707895440721,1,1,0,-0.131673333256914,0.00382449291569984,0.19321046976537
20200823,3,903,18070,20,6.84398612325822,2.92227360485626,0.0177725316257667,-0.0177725316257667,0.000888626581288333,2.98707895440721,1,1,0,0.148481817792343,0.00594980310096746,0.300579521910036
20200823,3,904,18090,20,7.42302105270574,2.6943207971517,0.00827541511080148,-0.00380790818811174,0.000413770755540074,2.98707895440721,1,0,0,0.72751674723986,0.00277040387519443,0.13995869412355
20200823,3,905,18110,20,8.50491366864662,2.3515817772178,0.0201362768646184,0.0201362768646184,0.00100681384323092,2.98707895440721,1,0,0,1.80940936318075,0.00674112642215527,0.340556573506957
20200823,3,906,18130,20,10.1768108775004,1.96525220334175,0.0318796963301288,-0.0224221554490863,0.00159398481650644,2.98707895440721,0,0,1,3.48130657203455,0.0106725322017661,0.539168199743399
20200823,3,907,18150,20,11.2672115677851,1.77506207988349,0.274600422648609,-0.274600422648609,0.0137300211324304,2.98707895440721,0,0,1,4.57170726231925,0.0919294156063254,4.64420407255582
20200823,3,908,18170,20,13.3712643934332,1.49574486088408,0.367011868570206,-0.367011868570206,0.0183505934285103,2.98707895440721,0,0,1,6.67576008796732,0.122866477308444,6.20712087130033
20200823,3,909,18190,20,13.7955618038759,1.44974161142034,0.349305282092554,-0.349305282092554,0.0174652641046277,2.98707895440721,0,0,1,7.10005749841002,0.116938751008633,5.90765665257333
20200823,3,910,18210,20,12.0544648208961,1.65913628660897,0.286781117264035,-0.286781117264035,0.0143390558632018,2.98707895440721,0,0,1,5.35896051543023,0.0960072102683831,4.85021115365894
20200823,3,911,18230,20,12.7918916022008,1.56349042205447,0.0784148466592636,-0.0711671235747798,0.00392074233296318,2.98707895440721,0,0,1,6.09638729673497,0.0262513471709773,1.32619806878377
20200823,3,912,18250,20,10.8578009591656,1.84199361134144,0.0193678929571713,0.00399321857999957,0.000968394647858563,2.98686657984678,1,0,0,4.16182058463346,0.00648435155686292,0.327584502845402
20200823,3,913,18270,20,8.69295735705782,2.30071300001972,0.0396058309198753,-0.0396058309198753,0.00198029154599377,2.9866542354829,0,0,1,1.99650091345939,0.0132609360833735,0.669932392783185
20200823,3,914,18290,20,7.73148667479654,2.58682460970888,0.00432987333373522,-0.00416952701111097,0.000216493666686761,2.9866542354829,1,0,0,1.03503023119811,0.00144974040928281,0.073239781505548
20200823,3,915,18310,20,7.23798791863919,2.76319886476961,0.0105118547755588,-0.0105118547755588,0.00052559273877794,2.9866542354829,1,1,0,0.541531475040757,0.00351960888229809,0.177807960565864
20200823,3,916,18330,20,6.97768050607738,2.86628199479476,0.00727854731127446,-0.000425505309142026,0.000363927365563723,2.9866542354829,1,1,0,0.281224062478942,0.002437023752131,0.123116584173992
20200823,3,917,18350,20,6.82545631481935,2.93020701877122,0.0186056519142761,0.0186056519142761,0.000930282595713805,2.9866542354829,1,1,0,0.128999871220913,0.00622959688243519,0.31471449068796
20200823,3,918,18370,20,6.69550430546587,2.98707895440721,0.0167512768989102,0.0167512768989102,0.000837563844945508,2.9866542354829,1,1,0,-0.000952138132560343,0.00560870980641043,0.28334774841017
20200823,3,919,18390,20,6.62329595537176,3.01964462025575,0.0123889285815693,0.0123889285815693,0.000619446429078465,2.9866542354829,1,1,0,-0.0731604882266756,0.00414809603146653,0.209558652751448
20200823,3,920,18410,20,6.60760788822608,3.02681399052711,0.0138512463118388,0.0138512463118388,0.000692562315591938,2.9866542354829,1,1,0,-0.0888485553723504,0.00463771338083908,0.234293748400131
20200823,3,921,18430,20,6.6086571718406,3.0263334108508,0.00555835643629323,0.00555835643629323,0.000277917821814662,2.9866542354829,1,1,0,-0.08779927175783,0.00186106458868163,0.0940195658270881
20200823,3,922,18450,20,6.60372755062872,3.02859254060169,0.000831242534029863,-0.000259869202668783,4.15621267014932e-05,2.9866542354829,1,1,0,-0.0927288929697161,0.000278318971159869,0.0140604624842331
20200823,3,923,18470,20,6.59749515164367,3.0314535350613,0.00196730746129132,-0.00196730746129132,9.83653730645662e-05,2.9866542354829,1,1,0,-0.0989612919547644,0.000658699436285178,0.033276993924188
20200823,3,924,18490,20,6.59312482549194,3.03346296776775,0.000452070574702468,-0.00040941050463692,2.26035287351234e-05,2.9866542354829,1,1,0,-0.103331618106494,0.000151363545646379,0.00764677106333128
20200823,3,925,18510,20,6.58918115831693,3.03527851480541,0.00139478344961002,-0.000771752559963667,6.97391724805008e-05,2.9866542354829,1,1,0,-0.107275285281502,0.000467005330928272,0.023592753695838
20200823,3,926,18530,20,6.82593810913932,2.93000019634251,0.00475906966770498,0.00475906966770498,0.000237953483385249,2.9866542354829,1,1,0,0.12948166554088,0.00159344513709185,0.080499634923895
20200823,3,927,18550,20,7.86797163749088,2.54195120692861,0.000942117402500031,0.000942117402500031,4.71058701250016e-05,2.9866542354829,1,0,0,1.17151519389245,0.000315442407529878,0.0159359102203003
20200823,3,928,18570,20,9.28462317822232,2.15409926887623,0.000738079774355427,0.000738079774355427,3.69039887177713e-05,2.9866542354829,1,0,0,2.58816673462388,0.000247125953043604,0.0124846149623557
20200823,3,929,18590,20,11.0043757184349,1.81745884652915,0.000870744510663624,0.000345262834834159,4.35372255331812e-05,2.9866542354829,1,0,0,4.30791927483642,0.000291545134458069,0.0147286381823887
20200823,3,930,18610,20,16.2956077446024,1.22732458423495,1.09220369053357,-1.07899040409027,0.0546101845266786,2.9866542354829,0,0,1,9.59915130100399,0.365694722059776,18.4746188834178
20200823,3,931,18630,20,92.4143252590593,0.216416664233984,1.59867590965909,-1.59867590965909,0.0799337954829545,2.98686657984678,0,0,1,85.7183448845271,0.535235125815731,27.0396709768413
20200823,3,932,18650,20,67.2109203726259,0.297570690731766,0.951010931380018,-0.951010931380018,0.0475505465690009,2.98707895440721,0,0,1,60.51541606716,0.318374889280001,16.0840569652436
20200823,3,933,18670,20,13.6120414720062,1.46928732483888,0.0798395624734141,-0.0637493883511855,0.00399197812367071,2.98723161889636,0,0,1,6.91687934480933,0.0267269407461987,1.35022469404138
20200823,3,934,18690,20,9.9861998563083,2.00276384288123,0.106339882456761,-0.106339882456761,0.00531699412283806,2.99471583072217,0,0,1,3.30776987145828,0.035509172979233,1.79389637882019
20200823,3,935,18710,20,10.6887421626589,1.87112755604397,0.050652768615601,-0.0197646098095759,0.00253263843078005,3.00208343655102,0,0,1,4.02670214188674,0.0168725385840022,0.852387800894345
20200823,3,936,18730,20,11.4646638947906,1.74449073985393,0.173089706997272,0.173089706997272,0.00865448534986361,3.00208343655102,0,0,1,4.80262387401854,0.0576565277599773,2.91276387722288
20200823,3,937,18750,20,11.7145419914896,1.70727972246202,0.189724426079487,0.189724426079487,0.00948622130397434,3.00783146293604,0,0,1,5.06523326310844,0.0630768141158716,3.18659261639667
20200823,3,938,18770,20,11.5012745296463,1.73893771063781,0.301918230142163,0.301918230142163,0.0150959115071082,3.01360154279826,0,0,1,4.86469709365611,0.100185185683778,5.06127929013342
20200823,3,939,18790,20,11.5097819141747,1.73765238552168,0.166797470703807,0.166797470703807,0.00833987353519035,3.01662005506462,0,0,1,4.87984521849376,0.0552928335882969,2.79335184761308
20200823,3,940,18810,20,10.5162006157689,1.90182754501757,0.0158379331683493,-0.000728646492185492,0.000791896658417464,3.01964462025575,1,0,0,3.89290466039711,0.0052449659347688,0.264971685004313
20200823,3,941,18830,20,8.67562090086449,2.3053105049815,0.0140168114714196,0.0123822636926877,0.00070084057357098,3.0209412714049,1,0,0,2.05516780258267,0.0046398821466996,0.234403312799898
20200823,3,942,18850,20,7.72261889270703,2.58979502651455,0.0227953714550235,0.0227953714550235,0.00113976857275118,3.02428483795709,1,0,0,1.1094851861908,0.00753744196608871,0.380785828395429
20200823,3,943,18870,20,7.8148583170323,2.55922745987735,0.00628361991074788,0.000669999605932059,0.000314180995537394,3.0263334108508,1,0,0,1.2062011451917,0.00207631448941422,0.104893826900175
20200823,3,944,18890,20,8.36423500030469,2.39113319978115,0.00733932036278473,0.0030514650346392,0.000366966018139236,3.02657368161154,1,0,0,1.75610247027134,0.00242496008188269,0.122507136739483
20200823,3,945,18910,20,9.81862628279032,2.03694482547474,0.0213953022656923,0.0213953022656923,0.00106976511328461,3.02681399052711,1,0,0,3.21101839456423,0.00706858840108848,0.357099703321699
20200823,3,946,18930,20,9.57585239069431,2.08858691466837,0.00397935011742585,0.00397935011742585,0.000198967505871292,3.02770300437299,1,0,0,2.97018467126691,0.00131431323074898,0.0663981035732638
20200823,3,947,18950,20,8.34172461635444,2.39758574153705,0.00382991487955415,0.00382991487955415,0.000191495743977708,3.02859254060169,1,0,0,1.73799706572572,0.00126458572033373,0.0638859076143822
20200823,3,948,18970,20,9.06774248609236,2.20562064159574,0.0202992870663994,0.0202992870663994,0.00101496435331997,3.03002236248273,1,0,0,2.46713113495616,0.00669938523152241,0.338447840341932
20200823,3,949,18990,20,10.7127050536747,1.86694209350416,0.0632686934886767,0.0632686934886767,0.00316343467443383,3.02859254060169,0,0,1,4.10897750304594,0.0208904607141729,1.05537016727923
20200823,3,950,19010,20,12.7972148689814,1.56284005580598,0.0433253452857478,0.0416965589034199,0.00216626726428739,3.02681399052711,0,0,1,6.18960698075534,0.0143138446635113,0.723124532466151
20200823,3,951,19030,20,14.2845688101761,1.40011226560457,0.0262764290675912,-0.0262764290675912,0.00131382145337956,3.0263334108508,1,0,0,7.67591163833549,0.00868259557039489,0.43863811645517
20200823,3,952,19050,20,14.653178935303,1.36489154253179,0.058873832187336,-0.058873832187336,0.0029436916093668,3.02298531557956,0,0,1,8.03720237169682,0.0194753946980549,0.983882109711955
20200823,3,953,19070,20,17.2110984469855,1.16204088086562,0.13706690763382,-0.13706690763382,0.00685334538169101,3.01964462025575,0,0,1,10.5878024916137,0.0453917347473198,2.29315587381338
20200823,3,954,19090,20,20.62428413012,0.969730627924762,0.165212057746118,-0.165212057746118,0.0082606028873059,3.02298531557956,0,0,1,14.0083075665138,0.0546519551036734,2.76097515459625
20200823,3,955,19110,20,12.9589464965711,1.54333533248956,0.0299187297503038,-0.0271702611525748,0.00149593648751519,3.02298531557956,0,0,1,6.34296993296493,0.00989708074204385,0.499992982501361
20200823,3,956,19130,20,13.568862797455,1.47396287356898,0.0293795684386626,0.0293795684386626,0.00146897842193313,3.02298531557956,1,0,0,6.95288623384886,0.00971872681195278,0.490982677768952
20200823,3,957,19150,20,14.8887540818878,1.34329574455999,0.0586067980574923,0.0586067980574923,0.00293033990287461,3.02298531557956,0,0,1,8.2727775182816,0.0193870601208185,0.979419514136391
20200823,3,958,19170,20,11.4499958571814,1.74672552282681,0.0266551316142063,-0.0139667300417964,0.00133275658071031,3.02298531557956,1,0,0,4.83401929357524,0.00881748630297136,0.445452693546189
20200823,3,959,19190,20,11.6126920332063,1.7222535431759,0.0430827634879012,-0.0430827634879012,0.00215413817439506,3.02298531557956,0,0,1,4.99671546960008,0.0142517276765671,0.719986429587564
20200823,3,960,19210,20,14.0311786866059,1.42539699954729,0.0368882192934136,-0.0368882192934136,0.00184441096467068,3.02298531557956,0,0,1,7.41520212299974,0.0122025797159195,0.616465035033476
20200823,3,961,19230,20,11.5345978467913,1.7339139401001,0.0527065285940993,-0.0527065285940993,0.00263532642970497,3.02298531557956,0,0,1,4.91862128318508,0.01743525789638,0.880815952047209
20200823,3,962,19250,20,9.0882138592724,2.20065243948839,0.0560584776605178,-0.0560584776605178,0.00280292388302589,3.02298531557956,0,0,1,2.47223729566622,0.0185440787196713,0.936832735677343
20200823,3,963,19270,20,8.15410189955583,2.45275325797553,0.0240829322251198,-0.0240829322251198,0.00120414661125599,3.02298531557956,1,1,0,1.53812533594964,0.00796660575921543,0.40246685641771
20200823,3,964,19290,20,8.32329529189974,2.4028944424769,0.00247294337980195,-0.00092681208145704,0.000123647168990098,3.02298531557956,1,1,0,1.70731872829356,0.000818046772194738,0.0413270999919914
20200823,3,965,19310,20,8.62901371147836,2.31776199096727,0.0191141326807912,0.0191141326807912,0.000955706634039561,3.02298531557956,1,1,0,2.01303714787218,0.00632293269248869,0.319429744737024
20200823,3,966,19330,20,8.88907415648373,2.24995310511747,0.0478383955435414,0.0478383955435414,0.00239191977717707,3.0263334108508,0,0,1,2.28041698464312,0.0158073777899086,0.798576688692349
20200823,3,967,19350,20,9.04863168599604,2.21027893432248,0.0513736050240943,0.0513736050240943,0.00256868025120471,3.02657368161154,0,0,1,2.4404991559627,0.0169741795272401,0.857522623947561
20200823,3,968,19370,20,9.11666443141348,2.19378481575845,0.0231505494543002,0.0224528391441645,0.00115752747271501,3.02770300437299,1,1,0,2.51099671198608,0.00764624186086394,0.386282316228797
20200823,3,969,19390,20,9.17708186021355,2.17934200703911,0.128835475640509,-0.128835475640509,0.00644177378202543,3.02859254060169,0,0,1,2.57335430958483,0.0425397189992791,2.14907421002074
20200823,3,970,19410,20,9.79049576786019,2.04279747156984,0.386076735178308,-0.386076735178308,0.0193038367589154,3.03002236248273,0,0,1,3.189884416724,0.127417124031377,6.43701607844394
20200823,3,971,19430,20,10.1603561034517,1.96843494424428,0.523864215951814,-0.523864215951814,0.0261932107975907,3.03002236248273,0,0,1,3.55974475231551,0.17289120451328,8.73433199606252
20200823,3,972,19450,20,10.0608871259719,1.98789627093326,0.388710439627644,-0.388710439627644,0.0194355219813822,3.0314535350613,0,0,1,3.46339197432826,0.128225762041833,6.47786785495761
20200823,3,973,19470,20,8.97713866387676,2.22788137165334,0.207149896758875,-0.207149896758875,0.0103574948379438,2.67021983764944,0,0,1,1.48711865952919,0.0775778435311255,3.91917357998043
20200823,3,974,19490,20,8.17958203435774,2.44511271064847,0.0935547385880258,-0.0935547385880258,0.00467773692940129,2.45275325797553,0,0,1,0.02548013480191,0.0381427435816535,1.92694236020117
20200823,4,0,10,20,7.56801591954173,2.64270057206897,0.0656247791231858,-0.0656247791231858,0.00328123895615929,2.95813047283964,0,0,1,0.806988918321884,0.0221845451800474,1.12074632905515
20200823,4,1,30,20,7.31643423328936,2.73357203280816,0.0785342854622241,-0.0785342854622241,0.00392671427311121,2.95813047283964,0,0,1,0.555407232069519,0.0265486212265802,1.34121612769985
20200823,4,2,50,20,7.1731157166001,2.78818867423479,0.0330329723657388,-0.0330329723657388,0.00165164861828694,2.95813047283964,1,1,0,0.412088715380255,0.0111668409047655,0.564140299004862
20200823,4,3,70,20,7.06195857094018,2.83207552113086,0.00319963129814342,-0.00313646499011673,0.000159981564907171,2.95813047283964,1,1,0,0.300931569720341,0.00108163968003479,0.0546436129711445
20200823,4,4,90,20,6.97295178886257,2.86822576802333,0.000249962092660261,1.52206751602213e-05,1.2498104633013e-05,2.95813047283964,1,1,0,0.211924787642726,8.4500022887872e-05,0.00426887680987186
20200823,4,5,110,20,6.91807651502992,2.89097698710745,0.00260625909821939,0.00260625909821939,0.000130312954910969,2.95813047283964,1,1,0,0.15704951381008,0.000881049406761808,0.04450994511407
20200823,4,6,130,20,6.87776507352601,2.90792136488992,0.00411209623951594,0.00411209623951594,0.000205604811975797,2.95813047283964,1,1,0,0.11673807230617,0.00139009968534909,0.0702267775485848
20200823,4,7,150,20,6.84931040920669,2.92000198634835,0.00195737086500847,0.00195737086500847,9.78685432504234e-05,2.95813047283964,1,1,0,0.0882834079868502,0.000661691863486165,0.0334281690676607
20200823,4,8,170,20,6.83598775062189,2.92569277909846,0.00402828827255528,0.00402828827255528,0.000201414413627764,2.95813047283964,1,1,0,0.0749607494020452,0.00136176828897217,0.0687954969778659
20200823,4,9,190,20,6.81666333568321,2.93398676377428,0.0042630153640971,0.0042630153640971,0.000213150768204855,2.95813047283964,1,1,0,0.0556363344633652,0.00144111809916378,0.0728041889641883
20200823,4,10,210,20,6.79072907345333,2.94519186138422,0.00303972846626799,0.00303972846626799,0.000151986423313399,2.95813047283964,1,1,0,0.0297020722334906,0.00102758431184072,0.0519127769329231
20200823,4,11,230,20,6.75992416662963,2.95861307124272,0.000778167613177261,0.000671421149691809,3.8908380658863e-05,2.95813047283964,1,1,0,-0.00110283459021332,0.000263060612208313,0.0132896218091787
20200823,4,12,250,20,6.73434239365817,2.96985196636784,0.00388931576887281,-0.00388931576887281,0.000194465788443641,2.95813047283964,1,1,0,-0.0266846075616769,0.00131478844648096,0.0664221111101686
20200823,4,13,270,20,6.71646082217246,2.97775875264183,0.00693809475298623,-0.00692978167677252,0.000346904737649312,2.95813047283964,1,1,0,-0.0445661790473793,0.00234543229809808,0.118489453662768
20200823,4,14,290,20,6.73448553620838,2.96978884169678,0.00997724539450047,0.00997724539450047,0.000498862269725023,2.95813047283964,1,1,0,-0.0265414650114622,0.0033728212755007,0.170392362448625
20200823,4,15,310,20,6.74338597704262,2.96586908536581,0.0146146319703194,0.0146146319703194,0.000730731598515972,2.95813047283964,1,1,0,-0.0176410241772231,0.00494049606821103,0.249590099198378
20200823,4,16,330,20,6.74249369135711,2.96626158147349,0.0163042454373576,0.0163042454373576,0.000815212271867882,2.95813047283964,1,1,0,-0.0185333098627325,0.00551167218182453,0.278445481509847
20200823,4,17,350,20,6.75033449370382,2.96281614172667,0.0294392559769929,0.0294392559769929,0.00147196279884964,2.95813047283964,1,1,0,-0.0106925075160262,0.00995198022781358,0.502766462716713
20200823,4,18,370,20,6.76536595527301,2.95623328172096,0.038567476469136,0.038567476469136,0.0019283738234568,2.95813047283964,1,1,0,0.00433895405316775,0.013037787488837,0.658659095713948
20200823,4,19,390,20,6.76102700121984,2.95813047283964,0.0359428513025996,0.0359428513025996,0.00179714256512998,2.95813047283964,1,1,0,0,0.0121505294078853,0.613835493107684
20200823,4,20,410,20,6.73305433742254,2.97042010916789,0.0236246165847311,0.0236246165847311,0.00118123082923656,2.95813047283964,1,1,0,-0.0279726637972999,0.00798633353114166,0.403463488432805
20200823,4,21,430,20,6.67477981933732,2.99635351896681,0.0181310491113294,0.0181310491113294,0.000906552455566472,2.95813047283964,1,1,0,-0.086247181882527,0.00612922563010707,0.309643811452644
20200823,4,22,450,20,6.80083307175548,2.94081618957271,0.011211861475009,0.011211861475009,0.000560593073750448,2.95813047283964,1,1,0,0.0398060705356329,0.00379018490832361,0.191477255358131
20200823,4,23,470,20,7.87972088821201,2.5381609683561,0.0301481468035937,0.0301481468035937,0.00150740734017969,2.95813047283964,1,1,0,1.11869388699216,0.0101916217287918,0.514872968860107
20200823,4,24,490,20,9.4114126709481,2.12507948586057,0.0468751182848995,0.0468751182848995,0.00234375591424497,2.95813047283964,0,0,1,2.65038566972825,0.015846197020479,0.800537806660076
20200823,4,25,510,20,10.7679012270796,1.85737216363976,0.0392572334434858,-0.0207287316040944,0.00196286167217429,2.95813047283964,0,0,1,4.00687422585975,0.0132709607652299,0.670438832076818
20200823,4,26,530,20,10.5312255993064,1.8991141924941,0.0766679454638616,-0.0762689219576763,0.00383339727319308,2.95813047283964,0,0,1,3.77019859808655,0.0259177024704609,1.30934259258277
20200823,4,27,550,20,9.60234000550832,2.08282564338767,0.0546618301200836,0.0546618301200836,0.00273309150600418,2.95813047283964,0,0,1,2.84131300428848,0.0184785054688989,0.933520024982082
20200823,4,28,570,20,9.40755151004049,2.12595168664816,0.0349656271297295,0.0349656271297295,0.00174828135648647,2.95813047283964,1,0,0,2.64652450882065,0.0118201774569343,0.597146364107307
20200823,4,29,590,20,9.42146082161725,2.12281305189007,0.0501745610784283,0.0501745610784283,0.00250872805392141,2.95813047283964,0,0,1,2.6604338203974,0.0169615781112804,0.856886010009204
20200823,4,30,610,20,10.146814508908,1.9710619507671,0.0331593450163844,0.0331593450163844,0.00165796725081922,2.95813047283964,1,0,0,3.38578750768812,0.011209561349927,0.566298503362977
20200823,4,31,630,20,9.01250095448771,2.2191398481951,0.0223449618331939,0.00653236070048459,0.00111724809165969,2.95813047283964,1,0,0,2.25147395326786,0.00755374451477253,0.381609420740611
20200823,4,32,650,20,9.16058830912965,2.18326589134756,0.0532913271293219,0.019234186151228,0.00266456635646609,2.95813047283964,0,0,1,2.39956130790981,0.0180152050826092,0.910114442268088
20200823,4,33,670,20,8.17040100671716,2.44786026824844,0.112377310735246,0.112377310735246,0.00561886553676228,2.95813047283964,0,0,1,1.40937400549731,0.0379893016102734,1.91919058865249
20200823,4,34,690,20,9.24972798125896,2.16222574766765,0.0313385848057927,0.0129516160164537,0.00156692924028964,2.95718157299278,1,0,0,2.48653150301253,0.0105974503195882,0.535375120230321
20200823,4,35,710,20,9.64675445143473,2.07323614389557,0.00538499957179714,0.00463610594438035,0.000269249978589857,2.95623328172096,1,0,0,2.88138849616172,0.00182157463860981,0.0920245636208958
20200823,4,36,730,20,10.4709912850508,1.91003883543992,0.00268376340777767,0.00268376340777767,0.000134188170388884,2.95623328172096,1,0,0,3.70562532977777,0.000907832079549327,0.0458629853483992
20200823,4,37,750,20,12.1551381613056,1.64539470753755,0.00154737800121127,0.00154584633351118,7.73689000605637e-05,2.95623328172096,1,0,0,5.3897722060326,0.000523428922466658,0.026443230574022
20200823,4,38,770,20,10.818823474187,1.84862984849681,0.00501592196820517,-0.00468440719559011,0.000250796098410259,2.95623328172096,1,0,0,4.05345751891394,0.00169672738590006,0.0857173754846742
20200823,4,39,790,20,10.702189810877,1.86877642365055,0.0138721666324499,0.00418444143484151,0.000693608331622496,2.95623328172096,1,0,0,3.93682385560396,0.00469251419305255,0.23706224370256
20200823,4,40,810,20,12.2542583395125,1.63208571631889,0.208315669341488,0.208315669341488,0.0104157834670744,2.95623328172096,0,0,1,5.48889238423948,0.0704665868656406,3.55991830843314
20200823,4,41,830,20,15.8393591993727,1.26267734371427,0.490869864121974,0.490869864121974,0.0245434932060987,2.95623328172096,0,0,1,9.07399324409965,0.166045713360015,8.38850299581318
20200823,4,42,850,20,25.3633636471669,0.788538944527338,0.658910788350598,0.658910788350598,0.0329455394175299,2.95070224244055,0,0,1,18.5853161328037,0.223306431558342,11.2812708753889
20200823,4,43,870,20,20.8490244134753,0.959277499194323,0.346472502531965,0.339930567540328,0.0173236251265982,2.9517305624815,0,0,1,14.0733382264589,0.117379447479342,5.92992030268494
20200823,4,44,890,20,15.4853736604101,1.29154132399995,0.1242587491717,0.0493934967089345,0.006212937458585,2.95398020624099,0,0,1,8.71484758926542,0.0420648550417412,2.1250844444929
20200823,4,45,910,20,14.7128683412016,1.35935424257093,0.0930107535239609,-0.032740641798222,0.00465053767619804,2.95623328172096,0,0,1,7.9475023859286,0.0314625892682647,1.58946605119909
20200823,4,46,930,20,13.0171071534999,1.53643968388342,0.139905082134987,-0.139245910667521,0.00699525410674936,2.95813047283964,0,0,1,6.25608015228002,0.0472951018961264,2.38931253276475
20200823,4,47,950,20,16.0526609277531,1.24589936148358,0.0472967609999877,-0.0199927513915295,0.00236483804999938,2.95623328172096,0,0,1,9.28729497248008,0.0159989948332,0.808257035803832
20200823,4,48,970,20,17.153090564297,1.16597064097759,0.264489365133596,0.234395091878688,0.0132244682566798,2.95813047283964,0,0,1,10.3920635630772,0.0894109869601867,4.51697497512605
20200823,4,49,990,20,14.8230355161211,1.34925130404286,0.364689695935024,0.364689695935024,0.0182344847967512,2.95837175235964,0,0,1,8.0625599321964,0.123273789253883,6.22769796061751
20200823,4,50,1010,20,10.9513793516903,1.82625396835634,0.172739452134171,0.172739452134171,0.00863697260670856,2.95813047283964,0,0,1,4.19035235047042,0.0583948050027527,2.95006108133278
20200823,4,51,1030,20,9.33263117395944,2.14301836504644,0.146220615416906,0.146220615416906,0.0073110307708453,2.95837175235964,0,0,1,2.57215559003471,0.0494260450196221,2.49696615665924
20200823,4,52,1050,20,8.63335072733304,2.31659764923952,0.135601534969248,0.135601534969248,0.00678007674846241,2.95861307124272,0,0,1,1.87342656070341,0.0458328046635347,2.31543839010761
20200823,4,53,1070,20,8.07105775932484,2.47798994833027,0.171897072458488,0.171897072458488,0.00859485362292442,2.96071311480078,0,0,1,1.31592842915812,0.0580593477967065,2.93311403873262
20200823,4,54,1090,20,8.12837724038172,2.46051572270048,0.0350338589535532,0.0127178071696356,0.00175169294767766,2.96281614172667,1,0,0,1.37804274667791,0.0118245133270862,0.597365408965636
20200823,4,55,1110,20,9.07069957116266,2.20490160026725,0.069376701365364,0.058491025489593,0.0034688350682682,2.96554610608378,0,0,1,2.32657916818857,0.0233942413584596,1.18185925880982
20200823,4,56,1130,20,8.64793807079184,2.31269001191734,0.0517932081748128,0.0465396078995117,0.00258966040874064,2.96554610608378,0,0,1,1.90381766781775,0.017464981599362,0.882317570887379
20200823,4,57,1150,20,8.03731429117443,2.48839342041924,0.0507929779362095,-0.0507929779362095,0.00253964889681047,2.96586908536581,0,0,1,1.2939283141318,0.0171258327573635,0.865184029650079
20200823,4,58,1170,20,7.34830393191294,2.72171649203866,0.0591647433966261,-0.0591647433966261,0.00295823716983131,2.96626158147349,0,0,1,0.605810240555826,0.0199458954551257,1.00765144967476
20200823,4,59,1190,20,6.97148021153498,2.86883120845815,0.0480167478929449,-0.0480167478929449,0.00240083739464724,2.96771517696869,0,0,1,0.232289013130084,0.016179702238808,0.817386236327195
20200823,4,60,1210,20,6.74077735786193,2.96701684957352,0.0508748734377057,-0.0508748734377057,0.00254374367188529,2.96978884169678,0,0,1,0.00629182165354703,0.0171308049661331,0.8654352218508
20200823,4,61,1230,20,6.58142020369905,3.03885778160147,0.0488034796840048,0.0245580079172011,0.00244017398420024,2.97013601059855,0,0,1,-0.152278161841301,0.0164313955690433,0.830101591707232
20200823,4,62,1250,20,6.31895432453848,3.16508064037332,0.0695123683116874,-0.0695123683116874,0.00347561841558437,2.97042010916789,0,0,1,-0.414100012884063,0.023401527648276,1.18222735662287
20200823,4,63,1270,20,7.355523614905,2.71904503976748,0.0600158027295674,-0.0581068651150224,0.00300079013647837,2.97775875264183,0,0,1,0.63906279273253,0.0201546893872185,1.01819956012836
20200823,4,64,1290,20,8.14568113142559,2.45528884292329,0.0530380372782338,0.0506740030085947,0.00265190186391169,2.97518883128481,0,0,1,1.42341873594491,0.0178267801762787,0.900595359485068
20200823,4,65,1310,20,9.43202545575423,2.12043532895668,0.00908291950420947,0.00908291950420947,0.000454145975210474,2.99132632735955,1,0,0,2.74602807155908,0.00303641880229998,0.153397565671638
20200823,4,66,1330,20,10.925027458593,1.83065901443287,0.0496606805387649,0.0496606805387649,0.00248303402693825,2.99635351896681,0,0,1,4.25024763925572,0.0165737054137353,0.837290976692706
20200823,4,67,1350,20,12.8064892727651,1.56170825384072,0.148637790238545,0.148637790238545,0.00743188951192723,2.99635351896681,0,0,1,6.13170945342782,0.0496062261337566,2.50606876933813
20200823,4,68,1370,20,11.5279033352149,1.73492086274743,0.101842410010477,-0.0865897064747832,0.00509212050052385,3.02421269401746,0,0,1,4.91461186945116,0.0336756770487549,1.70126956061212
20200823,4,69,1390,20,10.3824072554712,1.92633553162352,0.0634984006478785,-0.0228728876365142,0.00317492003239393,3.02985225161039,0,0,1,3.78142531340791,0.0209575898013273,1.05876147764374
20200823,4,70,1410,20,8.18334521352426,2.44398830528949,0.0341712056850519,0.00341455600612037,0.00170856028425259,3.03238513391054,1,0,0,1.58787692147121,0.0112687551798491,0.569288930574784
20200823,4,71,1430,20,8.05416919339007,2.48318597732137,0.0309664406558999,-0.0309664406558999,0.00154832203279499,3.04688743374881,1,0,0,1.49009341610002,0.0101633031509141,0.513442335870205
20200823,4,72,1450,20,8.33476078282297,2.3995889649548,0.124442428275246,-0.124442428275246,0.00622212141376232,3.04180674433064,0,0,1,1.7597211169151,0.040910695101582,2.06677716320415
20200823,4,73,1470,20,8.70570539003631,2.29734399499551,0.28062708295435,-0.28062708295435,0.0140313541477175,3.04688743374881,0,0,1,2.14162961274627,0.0921028718836108,4.65296695159803
20200823,4,74,1490,20,8.82110090807168,2.26729069403334,0.36835297957169,-0.36835297957169,0.0184176489785845,3.04180674433064,0,0,1,2.24606124216382,0.121096772586961,6.11771673639391
20200823,4,75,1510,20,9.29835923334963,2.15091711323302,0.384977125790007,-0.384977125790007,0.0192488562895003,3.04180674433064,0,0,1,2.72331956744176,0.126561993626825,6.39381554158428
20200823,4,76,1530,20,9.91269598794941,2.01761458480251,0.404169982930741,-0.404169982930741,0.020208499146537,3.04180674433064,0,0,1,3.33765632204154,0.132871683476946,6.71257626800928
20200823,4,77,1550,20,8.78673871632259,2.27615736005069,0.356675611992585,-0.356675611992585,0.0178337805996292,3.04180674433064,0,0,1,2.21169905041472,0.11725781483566,5.92377551414892
20200823,4,78,1570,20,8.47070665808087,2.36107810213454,0.241297146943225,-0.241297146943225,0.0120648573471613,3.04180674433064,0,0,1,1.89566699217301,0.0793269156211052,4.00753537005493
20200823,4,79,1590,20,8.51200487904453,2.34962271335599,0.247609498430876,-0.247609498430876,0.0123804749215438,3.04180674433064,0,0,1,1.93696521313666,0.081402113691928,4.11237279633801
20200823,4,80,1610,20,8.21626583613886,2.43419582555751,0.141129780542608,-0.141129780542608,0.00705648902713041,3.04180674433064,0,0,1,1.64122617023099,0.0463966952554261,2.34392571340957
20200823,4,81,1630,20,7.86298619498325,2.54356290397158,0.0455218220568668,-0.0455218220568668,0.00227609110284334,3.04180674433064,0,0,1,1.28794652907539,0.014965389284415,0.756040070565627
20200823,4,82,1650,20,7.61460051109452,2.62653306248435,0.012466255914652,0.0112650357552481,0.000623312795732598,3.04180674433064,1,1,0,1.03956084518666,0.00409830635620976,0.207043316272111
20200823,4,83,1670,20,7.97290777558987,2.50849508898531,0.0160861828191146,0.0160861828191146,0.000804309140955731,3.04180674433064,1,0,0,1.39786810968201,0.00528836450543621,0.267164147746595
20200823,4,84,1690,20,7.32960505577989,2.72865998205847,0.0224952009542535,0.0224952009542535,0.00112476004771267,3.04180674433064,1,1,0,0.754565389872028,0.00739534192833925,0.373607042696927
20200823,4,85,1710,20,6.825641825925,2.93012737996835,0.0129434893981711,0.0129434893981711,0.000647174469908554,3.04180674433064,1,1,0,0.250602160017139,0.00425519781041164,0.214969353066186
20200823,4,86,1730,20,7.27014256744815,2.75097768915144,0.0106908510402851,0.00524463514120355,0.000534542552014256,3.04180674433064,1,1,0,0.695102901540282,0.00351463848260935,0.177556859758528
20200823,4,87,1750,20,7.28410791969543,2.74570341632668,0.039238041721104,0.039238041721104,0.0019619020860552,3.04180674433064,0,0,1,0.709068253787565,0.0128995840364403,0.651677162540235
20200823,4,88,1770,20,7.26168448153066,2.75418190515822,0.0526931668609265,0.0526931668609265,0.00263465834304632,3.04180674433064,0,0,1,0.6866448156228,0.0173229831116447,0.875143915419171
20200823,4,89,1790,20,7.10098687634297,2.81650992295596,0.0515825349758987,0.0515825349758987,0.00257912674879494,3.04180674433064,0,0,1,0.525947210435107,0.0169578606767307,0.856698208046564
20200823,4,90,1810,20,7.43595619128428,2.6896339200387,0.0679810210878636,0.0679810210878636,0.00339905105439318,3.04180674433064,0,0,1,0.860916525376411,0.0223488955090811,1.12904918252583
20200823,4,91,1830,20,6.4682352601742,3.09203348294128,0.0582284028610774,0.0582284028610774,0.00291142014305387,3.04180674433064,0,0,1,-0.106804405733668,0.0191427029247023,0.967074774665614
20200823,4,92,1850,20,6.80967184303472,2.93699908909076,0.0339541850639876,0.0339541850639876,0.00169770925319938,3.04180674433064,1,1,0,0.234632177126856,0.0111625056809648,0.563921286799706
20200823,4,93,1870,20,6.77568618701639,2.9517305624815,0.0350986873432593,0.0350986873432593,0.00175493436716297,3.04180674433064,1,1,0,0.200646521108525,0.0115387630751614,0.582929523836048
20200823,4,94,1890,20,6.73588870545268,2.96917019781073,0.034205872930403,0.034205872930403,0.00171029364652015,3.04180674433064,1,1,0,0.160849039544815,0.0112452485662202,0.568101394354441
20200823,4,95,1910,20,6.71147045353882,2.97997288946633,0.0344941351878947,0.0344941351878947,0.00172470675939473,3.04180674433064,1,1,0,0.136430787630958,0.0113400153550798,0.572888940363103
20200823,4,96,1930,20,6.69721494905298,2.98631597643855,0.0328701119831813,0.0328701119831813,0.00164350559915906,3.04180674433064,1,1,0,0.122175283145112,0.0108061145056125,0.54591667601134
20200823,4,97,1950,20,7.02030007463213,2.84888107166103,0.0291113695751844,0.0291113695751844,0.00145556847875922,3.04180674433064,1,1,0,0.445260408724267,0.00957042048428704,0.483490355029944
20200823,4,98,1970,20,6.74412040297409,2.96554610608378,0.0137860034961957,0.0137860034961957,0.000689300174809786,3.04180674433064,1,1,0,0.169080737066225,0.00453217599109157,0.228962079836379
20200823,4,99,1990,20,6.43482643105369,3.10808694131708,0.00611096097021317,0.00125434586613975,0.000305548048510659,3.04180674433064,1,1,0,-0.140213234854172,0.00200899053879832,0.101492672181975
20200823,4,100,2010,20,6.39578128240714,3.12706127944274,0.00456579144755296,0.00173482423012945,0.000228289572377648,3.04180674433064,1,1,0,-0.179258383500723,0.00150101299369618,0.0758300334262469
20200823,4,101,2030,20,6.61329146576372,3.02421269401746,0.00531529744800983,-0.0045362134605738,0.000265764872400491,3.04180674433064,1,1,0,0.0382517998558578,0.00174741457783817,0.0882780538232972
20200823,4,102,2050,20,6.60649559207354,3.02732359709676,0.015405728625606,-0.015405728625606,0.000770286431280301,3.04180674433064,1,1,0,0.0314559261656777,0.00506466383977859,0.255862960464719
20200823,4,103,2070,20,6.59546829205306,3.03238513391054,0.0182752864139068,-0.0182752864139068,0.00091376432069534,3.04180674433064,1,1,0,0.0204286261451907,0.00600803665386322,0.303521436657717
20200823,4,104,2090,20,6.57503966590787,3.04180674433064,0.0180524443402231,-0.0180524443402231,0.000902622217011154,3.04180674433064,1,1,0,8.88178419700125e-16,0.00593477688017804,0.299820408678161
20200823,4,105,2110,20,6.55311188867222,3.05198512397937,0.0171306468225544,-0.0171306468225544,0.000856532341127721,3.04180674433064,1,1,0,-0.0219277772356454,0.0056317341180477,0.284510919101165
20200823,4,106,2130,20,6.93656781072639,2.88327030683286,0.0141001514557333,-0.0141001514557333,0.000705007572786664,3.04180674433064,1,1,0,0.361528144818522,0.00463545275583775,0.23417954334652
20200823,4,107,2150,20,6.52688040898556,3.06425102756073,0.0113949201122502,-0.0113949201122502,0.000569746005612512,3.04180674433064,1,1,0,-0.0481592569223031,0.00374610258639483,0.189250250022798
20200823,4,108,2170,20,6.46104198194337,3.09547593962303,0.0119898554188343,-0.0119898554188343,0.000599492770941714,3.04180674433064,1,1,0,-0.113997683964498,0.00394168874836679,0.199131113987555
20200823,4,109,2190,20,6.12055031671605,3.26768002304912,0.016007919271427,-0.016007919271427,0.000800395963571352,3.04180674433064,1,1,0,-0.454489349191816,0.00526263520891419,0.265864323279057
20200823,4,110,2210,20,6.49134591349446,3.08102514740791,0.0230734339067927,-0.0230734339067927,0.00115367169533963,3.04180674433064,1,1,0,-0.0836937524134092,0.00758543715829326,0.38321050895746
20200823,4,111,2230,20,6.47909062131805,3.0868529503499,0.0106458857304295,-0.00813376417837817,0.000532294286521475,3.04180674433064,1,1,0,-0.0959490445898146,0.00349985604781483,0.176810062409472
20200823,4,112,2250,20,6.48635723784128,3.08339477254204,0.0295818268636426,0.0295818268636426,0.00147909134318213,3.04180674433064,1,1,0,-0.0886824280665897,0.00972508425092345,0.491303850744586
20200823,4,113,2270,20,6.47871392963634,3.08703242915413,0.0322870764286814,0.0322870764286814,0.00161435382143407,3.03708863224383,1,1,0,-0.106540049344119,0.010630929926081,0.537066484455754
20200823,4,114,2290,20,6.46206446018527,3.09498614927567,0.0149525530458151,0.0149525530458151,0.000747627652290757,3.03708863224383,1,1,0,-0.123189518795186,0.00492331797204352,0.248722274861046
20200823,4,115,2310,20,6.42752837761464,3.11161597818139,0.010933192326977,-0.0105382205277817,0.000546659616348851,3.03708863224383,1,1,0,-0.157725601365826,0.00359989241370921,0.181863823437171
20200823,4,116,2330,20,6.40769581169343,3.12124679256807,0.0195617013205883,-0.0195617013205883,0.000978085066029417,3.03708863224383,1,1,0,-0.177558167287032,0.00644093857285159,0.32539131195196
20200823,4,117,2350,20,6.78280295528998,2.94863349736583,0.0119622815411248,-0.0119622815411248,0.000598114077056238,3.03708863224383,1,1,0,0.19754897630952,0.00393873310581882,0.198981797176741
20200823,4,118,2370,20,6.38890236791144,3.13042817815638,0.0228982137678705,-0.0228982137678705,0.00114491068839353,3.03708863224383,1,1,0,-0.196351611069019,0.00753952766632073,0.380891196382899
20200823,4,119,2390,20,6.18612067645154,3.23304394563999,0.0241971298674233,-0.0241971298674233,0.00120985649337116,3.03708863224383,1,1,0,-0.399133302528924,0.0079672122869678,0.402497497737891
20200823,4,120,2410,20,6.11173190919976,3.27239484603288,0.0146484511256904,-0.0146484511256904,0.000732422556284521,3.03708863224383,1,1,0,-0.473522069780699,0.00482318855306768,0.243663812862531
20200823,4,121,2430,20,6.46050691938149,3.09573230855927,0.00757448770967417,-0.00192374026810857,0.000378724385483709,3.03708863224383,1,1,0,-0.124747059598974,0.00249399626644352,0.125994792212723
20200823,4,122,2450,20,6.89593791631205,2.90025812916483,0.00832758979903307,0.0034701903144766,0.000416379489951654,3.03708863224383,1,1,0,0.310683937331589,0.00274196469296998,0.138521968293892
20200823,4,123,2470,20,7.53137236322277,2.65555851383263,0.0248675233580518,-0.0248675233580518,0.00124337616790259,3.03708863224383,1,1,0,0.946118384242311,0.00818794785705001,0.413648890649206
20200823,4,124,2490,20,7.29999598940435,2.73972753259443,0.0109886644619826,0.00150212854152247,0.000549433223099132,3.03708863224383,1,1,0,0.71474201042389,0.00361815731859762,0.182786552523483
20200823,4,125,2510,20,7.11376965140153,2.81144891949934,0.042183035425778,0.042183035425778,0.0021091517712889,3.03708863224383,0,0,1,0.528515672421065,0.0138893000941539,0.701676864111177
20200823,4,126,2530,20,7.43102111967346,2.69142015315371,0.0603419586193548,0.0603419586193548,0.00301709793096774,3.03708863224383,0,0,1,0.845767140692999,0.019868356154879,1.00373422327216
20200823,4,127,2550,20,8.21534650967214,2.43446822072002,0.0175122399143411,0.010675680159113,0.000875611995717055,3.03708863224383,1,0,0,1.63009253069168,0.00576612737883876,0.291300364296409
20200823,4,128,2570,20,8.9502487649147,2.2345747615866,0.0178239763083777,0.00832505264087011,0.000891198815418883,3.03708863224383,1,0,0,2.36499478593424,0.00586877054529987,0.296485818903671
20200823,4,129,2590,20,11.1921462655089,1.78696735420931,0.0312443563939358,0.0312443563939358,0.00156221781969679,3.03238513391054,1,0,0,4.59667797345583,0.0103035580950904,0.520527908846425
20200823,4,130,2610,20,13.3193277482799,1.50157728512859,0.027183305984715,0.027183305984715,0.00135916529923575,3.03238513391054,1,0,0,6.72385945622682,0.0089643316347682,0.452871207886443
20200823,4,131,2630,20,17.6169341762075,1.13527131338272,0.387709049251612,0.387709049251612,0.0193854524625806,3.03238513391054,0,0,1,11.0214658841544,0.127856137044052,6.45919468153766
20200823,4,132,2650,20,32.011527460905,0.624774935354947,1.44073321121163,1.44073321121163,0.0720366605605813,3.03238513391054,0,0,1,25.4160591688519,0.475115510592703,24.0024737966162
20200823,4,133,2670,20,18.1538860976646,1.10169249120567,0.554134522200921,0.554134522200921,0.027706726110046,3.03238513391054,0,0,1,11.5584178056115,0.182738833535407,9.23182671533096
20200823,4,134,2690,20,12.6211239198979,1.58464492757804,0.121810888222731,0.0714166169167233,0.00609054441113654,3.03238513391054,0,0,1,6.0256556278448,0.040169992544992,2.0293574340872
20200823,4,135,2710,20,12.385902120508,1.61473906425313,0.0544008058872952,-0.0544008058872952,0.00272004029436476,3.03708863224383,0,0,1,5.80064814152757,0.0179121561714527,0.904908489747786
20200823,4,136,2730,20,11.2186087309467,1.78275225383605,0.210103276326655,-0.210103276326655,0.0105051638163327,3.04180674433064,0,0,1,4.64356906503883,0.0690718687892478,3.48945821328591
20200823,4,137,2750,20,10.5658048790965,1.89289885899447,0.267203847356748,-0.267203847356748,0.0133601923678374,3.04180674433064,0,0,1,3.99076521318864,0.0878437947626904,4.43780161871902
20200823,4,138,2770,20,9.02905198539065,2.21507197348744,0.136863186925161,-0.136863186925161,0.00684315934625805,3.03708863224383,0,0,1,2.44379800641019,0.0450639423137432,2.27659604968169
20200823,4,139,2790,20,8.05498032158425,2.48293592305964,0.0947584760040869,0.0815417132289903,0.00473792380020435,3.03238513391054,0,0,1,1.4595120295312,0.0312488261944113,1.57866690348772
20200823,4,140,2810,20,7.69755888784243,2.59822630673058,0.0509559027892307,0.0419681383955029,0.00254779513946154,3.02576734594876,0,0,1,1.0876653589238,0.0168406546053371,0.850777046571709
20200823,4,141,2830,20,8.48159880452954,2.35804598412732,0.0466574224728289,0.0294605108555522,0.00233287112364145,3.02576734594876,0,0,1,1.87170527561091,0.0154200297439587,0.77900816037492
20200823,4,142,2850,20,8.57351239325681,2.33276620859967,0.0540771124981877,0.0428559119541469,0.00270385562490939,3.02576734594876,0,0,1,1.96361886433817,0.0178721977982188,0.902889823160148
20200823,4,143,2870,20,8.94044391798479,2.23702538525716,0.046248138021009,0.0442945720117647,0.00231240690105045,3.02576734594876,0,0,1,2.33055038906616,0.0152847634114802,0.772174608262865
20200823,4,144,2890,20,8.69751436667025,2.29950755547378,0.13024445540908,0.13024445540908,0.00651222277045399,3.03238513391054,0,0,1,2.10204607461719,0.0429511587933152,2.16985983510572
20200823,4,145,2910,20,7.77467975298919,2.5724532244959,0.0819877987994266,0.0819877987994266,0.00409938993997133,3.03238513391054,0,0,1,1.17921146093613,0.0270373963658422,1.36590867553508
20200823,4,146,2930,20,7.2977728037049,2.74056216025888,0.112676012122549,0.112676012122549,0.00563380060612745,3.04180674433064,0,0,1,0.722733137797037,0.0370424624551038,1.87135699554748
20200823,4,147,2950,20,6.63494001112576,3.01434526408123,0.0443619999923303,0.0358225591765169,0.00221809999961652,3.04180674433064,0,0,1,0.0599003452178986,0.0145840954804288,0.736777397941927
20200823,4,148,2970,20,6.85221881579241,2.91876259904393,0.0423730771130544,0.0318072622936973,0.00211865385565272,3.04180674433064,0,0,1,0.277179149884547,0.0139302331392453,0.703744770378846
20200823,4,149,2990,20,7.69358549965659,2.59956817284902,0.0779804489334051,0.0779804489334051,0.00389902244667025,3.04180674433064,0,0,1,1.11854583374873,0.025636227245122,1.29512267854088
20200823,4,150,3010,20,8.29624612038083,2.4107288657779,0.0633325497852057,0.0633325497852057,0.00316662748926028,3.03624058844421,0,0,1,1.70915283267527,0.0208588706791703,1.05377426276658
20200823,4,151,3030,20,9.47396351700445,2.1110488724284,0.0875727659984591,0.0875727659984591,0.00437863829992296,3.03238513391054,0,0,1,2.87849522495139,0.028879170069511,1.45895368054125
20200823,4,152,3050,20,10.8047157983387,1.85104359737764,0.107389628641983,0.107389628641983,0.00536948143209913,3.03624058844421,0,0,1,4.21762251063319,0.0353692750998398,1.7868288444849
20200823,4,153,3070,20,11.1787803953544,1.789103935552,0.0392840313767868,0.00561707002027712,0.00196420156883934,3.04180674433064,0,0,1,4.60374072944649,0.0129147032269571,0.652440972531942
20200823,4,154,3090,20,13.154750186651,1.52036334527245,0.0996075222797974,-0.0996075222797974,0.00498037611398987,3.04180674433064,0,0,1,6.57971052074311,0.0327461705006235,1.65431159761597
20200823,4,155,3110,20,15.4117165940975,1.29771397481185,0.319427760185611,-0.319427760185611,0.0159713880092806,3.04272643513166,0,0,1,8.83866429170257,0.104980768726844,5.30354849365214
20200823,4,156,3130,20,16.355718249898,1.2228139232054,0.249128516772444,-0.249128516772444,0.0124564258386222,3.04272643513166,0,0,1,9.78266594750312,0.0818767385381668,4.13635048214511
20200823,4,157,3150,20,11.9764874413827,1.66993871098578,0.181637215780901,-0.181637215780901,0.00908186078904507,3.05856229017093,0,0,1,5.43746743702559,0.0593864693763521,3.00015921033864
20200823,4,158,3170,20,9.31080415512906,2.14804217409971,0.0572735948893146,-0.0572735948893146,0.00286367974446573,3.05856229017093,0,0,1,2.77178415077196,0.0187256591351336,0.946006039993752
20200823,4,159,3190,20,8.33608893154155,2.39920665005448,0.0817920079836313,0.0760730565963261,0.00408960039918156,3.05062381172213,0,0,1,1.78005277816555,0.0268115680698952,1.35450000199117
20200823,4,160,3210,20,7.54147714390092,2.65200034666614,0.0477706774461724,-0.0133256259650696,0.00238853387230862,3.0440678576633,0,0,1,0.971321373670321,0.0156930396035397,0.792800410585055
20200823,4,161,3230,20,7.66360459154816,2.60973798440189,0.0529080783034396,-0.00263878544784961,0.00264540391517198,3.0440678576633,0,0,1,1.09344882131757,0.0173807157978578,0.878060526763453
20200823,4,162,3250,20,7.42091411804427,2.69508576461883,0.0952743101374584,0.0952743101374584,0.00476371550687292,3.03948005180805,0,0,1,0.840841322994037,0.0313455948101334,1.5835555802651
20200823,4,163,3270,20,7.15417584302622,2.79557008925014,0.0171361359047638,0.0171361359047638,0.000856806795238192,3.03624058844421,1,1,0,0.567082555320667,0.005643866289774,0.285123827178179
20200823,4,164,3290,20,7.91129109763574,2.52803237210889,0.00536807964952661,-0.00487390399852661,0.000268403982476331,3.03405014752658,1,0,0,1.31944223966468,0.00176927848536148,0.0893826017820983
20200823,4,165,3310,20,9.28815147425507,2.15328098981117,0.0477211569543208,-0.0477211569543208,0.00238605784771604,3.03186286483856,0,0,1,2.69154704601851,0.0157398797642722,0.79516673983667
20200823,4,166,3330,20,11.1803279264509,1.78885629576957,0.118516863091856,-0.118516863091856,0.0059258431545928,3.03145806633765,0,0,1,4.5828426364227,0.0390956630434403,1.97508312576636
20200823,4,167,3350,20,13.3760397358417,1.49521086920885,0.165202107623507,-0.165202107623507,0.00826010538117536,3.03105337591548,0,0,1,6.77767358402184,0.0545031997576125,2.75346014778985
20200823,4,168,3370,20,31.5747530185631,0.633417464524324,0.601389510066488,-0.601389510066488,0.0300694755033244,3.03105337591548,0,0,1,24.9763868667433,0.198409409364112,10.0234922731174
20200823,4,169,3390,20,21.3701521776375,0.935884772076109,0.405925745082845,-0.405925745082845,0.0202962872541422,3.03105337591548,0,0,1,14.7717860258176,0.133922334825345,6.76565437406364
20200823,4,170,3410,20,15.3691226339045,1.30131045710311,0.217089672091179,-0.217089672091179,0.010854483604559,3.03095225428698,0,0,1,8.77053634086337,0.071624246731082,3.61840240328196
20200823,4,171,3430,20,13.2020693604552,1.51491402248703,0.218240828124359,-0.218240828124359,0.010912041406218,3.03085113940546,0,0,1,6.60326292619288,0.0720064490422879,3.63771097299857
20200823,4,172,3450,20,14.3055610414513,1.39805771629989,0.111291077398114,-0.111291077398114,0.00556455386990572,3.03015778578094,0,0,1,7.70524468371889,0.0367278159310217,1.8554612927529
20200823,4,173,3470,20,11.2857161649256,1.77215160364897,0.118721674099514,-0.118721674099514,0.00593608370497572,3.03105337591548,0,0,1,4.68735001310574,0.0391684537932811,1.97876045901845
20200823,4,174,3490,20,9.5247967587095,2.0997823372674,0.074135329643674,-0.074135329643674,0.0037067664821837,3.03105337591548,0,0,1,2.92643060688965,0.0244586024887413,1.23562997260498
20200823,4,175,3510,20,8.28472532462911,2.41408124184194,0.0761199891766146,-0.0761199891766146,0.00380599945883073,3.03095225428698,0,0,1,1.68613903158803,0.0251142158603622,1.26875106089236
20200823,4,176,3530,20,7.83495888825678,2.55266176699108,0.0458551192632029,-0.0458551192632029,0.00229275596316014,3.03095225428698,0,0,1,1.2363725952157,0.0151289480717967,0.764302935954804
20200823,4,177,3550,20,7.65782169668341,2.61170875898847,0.0294958895183402,-0.0294754251693571,0.00147479447591701,3.03095225428698,1,1,0,1.05923540364233,0.00973155861383867,0.491630930628862
20200823,4,178,3570,20,8.00524210576668,2.49836291466972,0.0302459666156621,0.0302459666156621,0.0015122983307831,3.03095225428698,1,0,0,1.4066558127256,0.00997903103649429,0.504133048972182
20200823,4,179,3590,20,6.94829982358988,2.87840198433851,0.0380999169954789,0.0380999169954789,0.00190499584977395,3.03095225428698,1,1,0,0.349713530548797,0.0125702795026185,0.63504094825562
20200823,4,180,3610,20,7.44569131692288,2.68611726550403,0.0328931339032924,0.0328319836352251,0.00164465669516462,3.03105337591548,1,1,0,0.84732516510303,0.0108520470687381,0.548237154122986
20200823,4,181,3630,20,7.41790501256128,2.69617903789986,0.066728723016527,0.066728723016527,0.00333643615082635,3.03105337591548,0,0,1,0.819538860741432,0.0220150273653207,1.11218241814229
20200823,4,182,3650,20,7.4465431227793,2.68581000206916,0.0849068502728785,0.0849068502728785,0.00424534251364393,3.03015778578094,0,0,1,0.846226765046936,0.0280206036369807,1.41557955816467
20200823,4,183,3670,20,7.48403155134065,2.67235645157286,0.0934797053985,0.0934797053985,0.004673985269925,3.03015778578094,0,0,1,0.883715193608282,0.0308497814328861,1.55850746600643
20200823,4,184,3690,20,7.53829213951053,2.65312084353614,0.0932128010456088,0.0932128010456088,0.00466064005228044,3.03015778578094,0,0,1,0.937975781778164,0.0307616987745692,1.55405759718285
20200823,4,185,3710,20,7.72662677448352,2.58845167286301,0.104951281448721,0.104951281448721,0.00524756407243605,3.03015778578094,0,0,1,1.12631041675115,0.0346355829855484,1.74976327757446
20200823,4,186,3730,20,7.61185814957776,2.62747933644946,0.0321144059388717,0.0135278137923237,0.00160572029694359,3.03015778578094,1,1,0,1.01154179184539,0.0105982619418596,0.535416122769425
20200823,4,187,3750,20,6.73626979744586,2.96900222250351,0.0264625423691253,-0.0234481313501738,0.00132312711845626,2.99736095096932,1,1,0,0.063733413887463,0.0088286138379722,0.446014848140859
20200823,4,188,3770,20,7.09067787949743,2.82060479123296,0.0296199023195303,0.0184023748269017,0.00148099511597651,2.97285460686554,1,1,0,0.363137301558709,0.00996345473846106,0.503346146256831
20200823,4,189,3790,20,7.02860864807985,2.84551338698646,0.0235172497614423,-0.0235172497614423,0.00117586248807212,2.98086888512815,1,1,0,0.319155542046929,0.00788939422286307,0.398566188397459
20200823,4,190,3810,20,6.98210702172764,2.86446482956533,0.0341568077676087,-0.0341568077676087,0.00170784038838043,2.97685635200633,1,1,0,0.263610179741819,0.0114741202559498,0.579663817834719
20200823,4,191,3830,20,6.93009210410855,2.88596452969837,0.042309294014616,-0.042309294014616,0.0021154647007308,2.97285460686554,0,0,1,0.202551526169827,0.0142318746153635,0.71898346805358
20200823,4,192,3850,20,6.86493466831894,2.91335620312575,0.0412801063120676,-0.0412801063120676,0.00206400531560338,2.97285460686554,0,0,1,0.137394090380212,0.013885679513803,0.701493955148905
20200823,4,193,3870,20,6.77328490191553,2.9527770187762,0.0255826156560897,-0.0152837892637973,0.00127913078280449,2.97092716584382,1,1,0,0.0413797142232406,0.00861098715249841,0.435020513712559
20200823,4,194,3890,20,7.12896214595298,2.80545745517161,0.047889226520298,-0.047889226520298,0.0023944613260149,2.97092716584382,0,0,1,0.397056958260692,0.0161192866223283,0.814334085388882
20200823,4,195,3910,20,6.61753218917806,3.02227468310723,0.0240168693170517,-0.0240168693170517,0.00120084346585258,2.97092716584382,1,1,0,-0.114372998514226,0.0080839643573794,0.408395723428859
20200823,4,196,3930,20,6.16130892634601,3.2460634970727,0.0255733946330938,-0.013714432831148,0.00127866973165469,2.97092716584382,1,1,0,-0.570596261346281,0.00860788339987133,0.434863714493333
20200823,4,197,3950,20,6.58709328770556,3.03624058844421,0.0292293283843654,0.0292293283843654,0.00146146641921827,2.97092716584382,1,1,0,-0.144811899986734,0.00983845336917356,0.49703117226846
20200823,4,198,3970,20,6.59836615181985,3.03105337591548,0.0191591678084414,0.0191591678084414,0.000957958390422071,2.97092716584382,1,1,0,-0.133539035872444,0.0064488850580757,0.325792762334266
20200823,4,199,3990,20,6.59660442823656,3.03186286483856,0.0131953586727812,-0.0126326657537854,0.000659767933639058,2.97092716584382,1,1,0,-0.13530075945573,0.0044414951751378,0.224380954067467
20200823,4,200,4010,20,6.60182628120242,3.02946474931438,0.0251821674432266,-0.0251821674432266,0.00125910837216133,2.97092716584382,1,1,0,-0.13007890648987,0.00847619818241967,0.428211077585432
20200823,4,201,4030,20,6.59880643426231,3.03085113940546,0.0052748521401196,-0.0052748521401196,0.00026374260700598,2.97092716584382,1,1,0,-0.133098753429976,0.00177549022431905,0.0896964141040204
20200823,4,202,4050,20,6.5730523023949,3.04272643513166,0.0110890589738513,-0.0110890589738513,0.000554452948692564,2.97092716584382,1,1,0,-0.158852885297391,0.00373252468163476,0.188564304613838
20200823,4,203,4070,20,6.5390200043571,3.05856229017093,0.0336588166554664,-0.0336588166554664,0.00168294083277332,2.97092716584382,1,1,0,-0.192885183335192,0.0113293981227259,0.572352565869564
20200823,4,204,4090,20,6.97930080262768,2.86561656612795,0.011516526769542,-0.00277093504633077,0.000575826338477098,2.97092716584382,1,1,0,0.247395614935386,0.00387640831520383,0.195833196214946
20200823,4,205,4110,20,6.49816580358993,3.07779158065664,0.021354403998135,-0.0124161556535995,0.00106772019990675,2.97092716584382,1,1,0,-0.233739384102363,0.0071877911527561,0.363121735563537
20200823,4,206,4130,20,6.50525200707671,3.07443892692291,0.0237901665449631,-0.0153655149536676,0.00118950832724815,2.97092716584382,1,1,0,-0.226653180615584,0.00800765727900502,0.404540747936915
20200823,4,207,4150,20,6.09221485061744,3.28287831115691,0.0273771940954595,0.0273771940954595,0.00136885970477297,2.97092716584382,1,1,0,-0.639690337074852,0.00921503374778413,0.465536487727369
20200823,4,208,4170,20,6.53468294316008,3.06059225427826,0.0298099498024119,0.0279872442467591,0.00149049749012059,2.97092716584382,1,1,0,-0.197222244532212,0.0100338877859852,0.50690437018327
20200823,4,209,4190,20,6.57905998060824,3.03994796505123,0.0516184575878277,0.0516184575878277,0.00258092287939138,2.97092716584382,0,0,1,-0.152845207084055,0.0173745281208086,0.877747930030817
20200823,4,210,4210,20,6.5672592380663,3.0454104634811,0.0205693191433534,0.0205693191433534,0.00102846595716767,2.97092716584382,1,1,0,-0.164645949625991,0.00692353531242196,0.349771731739603
20200823,4,211,4230,20,6.5452405048959,3.05565547744805,0.00898212867973141,0.00618356452915196,0.00044910643398657,2.97092716584382,1,1,0,-0.18666468279639,0.00302334193278018,0.152736932181481
20200823,4,212,4250,20,6.72754057793873,2.97285460686554,0.0348106682122813,-0.0348106682122813,0.00174053341061407,2.97092716584382,1,1,0,-0.00436460975356479,0.0117171058962646,0.591939267350847
20200823,4,213,4270,20,7.47350217443386,2.67612152016468,0.0523202992250582,-0.0523202992250582,0.00261601496125291,2.97092716584382,0,0,1,0.741596986741571,0.0176107646887391,0.889682421549482
20200823,4,214,4290,20,8.59518533088317,2.32688409034514,0.0719672305166494,-0.0719672305166494,0.00359836152583247,2.97285460686554,0,0,1,1.86764475294444,0.0242081231791315,1.22297594862247
20200823,4,215,4310,20,9.13258737004844,2.18995988646029,0.155054879587106,-0.155054879587106,0.00775274397935532,2.97285460686554,0,0,1,2.40504679210972,0.0521568997114831,2.63492685615732
20200823,4,216,4330,20,7.97811339671421,2.5068583267113,0.140055346865242,-0.140055346865242,0.0070027673432621,2.97285460686554,0,0,1,1.25057281877548,0.0471114014596599,2.3800321266016
20200823,4,217,4350,20,9.13315919848083,2.1898227727517,0.0790220363785012,-0.0730788505088154,0.00395110181892506,2.97285460686554,0,0,1,2.4056186205421,0.0265811978143858,1.34286187210885
20200823,4,218,4370,20,12.1305185694528,1.64873413164416,0.314551344932945,0.314551344932945,0.0157275672466472,2.97285460686554,0,0,1,5.40297799151404,0.105807846844079,5.34533185031826
20200823,4,219,4390,20,23.0104036922123,0.869172060930371,1.26077413469148,1.26077413469148,0.0630387067345741,2.97285460686554,0,0,1,16.2828631142736,0.424095457537627,21.4249795678365
20200823,4,220,4410,20,25.4011833899795,0.787364891349504,0.968031587259056,0.968031587259056,0.0484015793629528,2.97285460686554,0,0,1,18.6736428120407,0.325623589200587,16.4502557653761
20200823,4,221,4430,20,20.7584897823929,0.963461225245961,0.363251921449578,0.363251921449578,0.0181625960724789,2.97092716584382,0,0,1,14.0265845947006,0.12226887472228,6.17693044371926
20200823,4,222,4450,20,10.1946960170953,1.96180444875083,0.0892759242002236,0.0892759242002236,0.00446379621001118,2.96604169389043,0,0,1,3.45170247078181,0.0300993490361642,1.52059619277526
20200823,4,223,4470,20,8.17431019986816,2.44668963019321,0.0638998969412769,0.0638998969412769,0.00319499484706384,2.96308706355428,0,0,1,1.42459290468696,0.0215653119772416,1.08946313919297
20200823,4,224,4490,20,7.33445762489191,2.72685466640688,0.0393273744700409,-0.00843509226762324,0.00196636872350205,2.9527770187762,0,0,1,0.561172722976381,0.0133187755864953,0.672854400436355
20200823,4,225,4510,20,7.2478823772276,2.75942667927929,0.186542553324386,-0.186542553324386,0.00932712766621929,2.9527770187762,0,0,1,0.474597475312067,0.0631752929998418,3.19156769462357
20200823,4,226,4530,20,8.41579501378692,2.37648373887857,0.152381656191069,-0.152381656191069,0.00761908280955347,2.9527770187762,0,0,1,1.64251011187139,0.0516062185603927,2.60710686374569
20200823,4,227,4550,20,9.36472067420709,2.13567501859241,0.221040146279275,-0.221040146279275,0.0110520073139638,2.9527770187762,0,0,1,2.59143577229156,0.0748583942755308,3.78178907443732
20200823,4,228,4570,20,10.7655025910994,1.85778600030577,0.0568576799170203,0.00235373468575469,0.00284288399585101,2.96308706355428,0,0,1,4.01578529591825,0.0191886632749894,0.969396656563498
20200823,4,229,4590,20,8.83253907703102,2.26435454466428,0.0131823402645036,-0.0121332126075946,0.000659117013225179,2.96308706355428,1,0,0,2.08282178184982,0.00444885350371417,0.224752691223808
20200823,4,230,4610,20,7.77607658969328,2.57199112808493,0.00241998974453046,0.0023863327756779,0.000120999487226523,2.96604169389043,1,1,0,1.03308304337975,0.000815898761475691,0.0412185841261665
20200823,4,231,4630,20,7.24590413346641,2.7601800453896,0.00194961845525401,-0.00194961845525401,9.74809227627005e-05,2.96604169389043,1,1,0,0.502910587152883,0.000657313233077577,0.0332069639937281
20200823,4,232,4650,20,6.93539169715586,2.88375925590501,0.00319930320318544,0.00263889683539258,0.000159965160159272,2.96308706355428,1,1,0,0.185674401974667,0.00107971960815347,0.0545466124018272
20200823,4,233,4670,20,6.75868904877825,2.95915374352299,0.0632503364367823,0.0632503364367823,0.00316251682183911,2.9527770187762,0,0,1,-0.014595853137279,0.0214206274414168,1.08215378661978
20200823,4,234,4690,20,6.36145630049305,3.14393419608178,0.0516820852471096,-0.0245994734521994,0.00258410426235548,2.94077968091481,0,0,1,-0.439461201010659,0.0175742799035637,0.887839237985437
20200823,4,235,4710,20,7.07796093946445,2.82567255895499,0.0474608096852121,-0.030168430684233,0.0023730404842606,2.92887944057144,0,0,1,0.249410838372569,0.0162044258386929,0.818635253766456
20200823,4,236,4730,20,7.62994961022105,2.62124929019296,0.0456195995065308,0.0433960715475196,0.00228097997532654,2.92887944057144,0,0,1,0.801399509129169,0.0155757860411046,0.786876849898942
20200823,4,237,4750,20,7.07078290893242,2.82854109051125,0.0100358464810089,0.00995034776218264,0.000501792324050443,2.94077968091481,1,1,0,0.26986540742871,0.00341264819875488,0.172404388283386
20200823,4,238,4770,20,6.82855010109188,2.92887944057144,0.00992969397577279,-0.00992969397577279,0.00049648469878864,2.92887944057144,1,1,0,0,0.00339027064010374,0.17127389106075
20200823,4,239,4790,20,6.70945310603292,2.98086888512815,0.00566492221970383,-0.00403077456079734,0.000283246110985191,2.94077968091481,1,1,0,-0.0914643954707808,0.00192633343343205,0.0973168981619196
20200823,4,240,4810,20,6.86437362208335,2.91359432063227,0.00299073177016589,0.00100200798997823,0.000149536588508294,2.9527770187762,1,1,0,0.0910887201678188,0.00101285391722719,0.0511686086141828
20200823,4,241,4830,20,7.28719536727795,2.74454011344433,0.00711765231029702,-0.00711765231029702,0.000355882615514851,2.9527770187762,1,1,0,0.513910465362415,0.00241049434652095,0.121776338804607
20200823,4,242,4850,20,6.94024846923912,2.88174120690994,0.0488782541009618,0.0485738357693234,0.00244391270504809,2.94077968091481,0,0,1,0.139330967735417,0.0166208486879088,0.839672619004541
20200823,4,243,4870,20,6.7497172951812,2.96308706355428,0.0364153800910818,-0.0349975041519291,0.00182076900455409,2.92887944057144,1,1,0,-0.0788328059106789,0.0124332123701128,0.628116421097493
20200823,4,244,4890,20,7.38246696847591,2.70912150171516,0.0442948448294637,-0.0182789005674202,0.00221474224147318,2.91359432063227,0,0,1,0.518093346392562,0.0152028182220823,0.768034799695411
20200823,4,245,4910,20,8.16581091682065,2.44923623675908,0.0511550652402398,0.0511550652402398,0.00255775326201199,2.89860001780126,0,0,1,1.26592825720104,0.017648197380142,0.891573492614315
20200823,4,246,4930,20,9.42527959739346,2.12195296631104,0.0220956798847048,0.0220956798847048,0.00110478399423524,2.87465928554456,1,0,0,2.46793334750168,0.00768636477923301,0.388309295511363
20200823,4,247,4950,20,10.8884513589801,1.83680849926425,0.0388430732614248,0.0365379797184346,0.00194215366307124,2.86135762822992,1,0,0,3.89876233769814,0.0135750501364116,0.685801195546097
20200823,4,248,4970,20,24.049833176859,0.831606600050939,2.67037475657319,2.67037475657319,0.133518737828659,2.85711133098615,0,0,1,17.0497559369228,0.93464147777941,47.2173757317354
20200823,4,249,4990,20,13.119361874391,1.52446439022618,0.275166477105007,0.0336894127164168,0.0137583238552503,2.85658601351676,0,0,1,6.11799734156603,0.096327040671269,4.86636874206318
20200823,4,250,5010,20,25.8854166974743,0.772635813969781,2.89518363473671,2.87799703704092,0.144759181736836,2.8544460403042,0,0,1,18.8788032538835,1.01427162884052,51.2402303253068
20200823,4,251,5030,20,10.9593710286963,1.82492224669021,0.0797779094413729,-0.0247659128545243,0.00398889547206864,2.85135109724649,0,0,1,3.94515239412908,0.0279789849515247,1.41347701386789
20200823,4,252,5050,20,11.1176695482377,1.7989381599465,0.25587996158625,-0.25587996158625,0.0127939980793125,2.84987071677635,0,0,1,4.09980734057126,0.0897865156057642,4.53594639633709
20200823,4,253,5070,20,13.3467632140951,1.49849065868485,0.0748444800550866,-0.0184438740427289,0.00374222400275433,2.84978013237349,0,0,1,6.32867793347987,0.0262632471904951,1.32679924870799
20200823,4,254,5090,20,14.3040159628772,1.39820873046461,0.184070011423743,-0.184070011423743,0.00920350057118713,2.84968955372898,0,0,1,7.28570760931325,0.0645930049407932,3.26318942229857
20200823,4,255,5110,20,11.5125449121897,1.73723535087569,0.186733704839263,-0.186733704839263,0.00933668524196317,2.84531343080851,0,0,1,4.48344232424847,0.0656285183970759,3.31550277357069
20200823,4,256,5130,20,9.04573615000254,2.21098644359579,0.0983892245738764,-0.0983892245738764,0.00491946122869382,2.84095072765758,0,0,1,2.00583932768404,0.0346324994714007,1.7496075007878
20200823,4,257,5150,20,9.11386894798352,2.19445771210317,0.0922028909241776,-0.0922028909241776,0.00461014454620888,2.84025372650967,0,0,1,2.07224452783794,0.0324629064169854,1.64000131181502
20200823,4,258,5170,20,11.2083793005222,1.7843792990721,0.159638126855571,-0.159638126855571,0.00798190634277854,2.84025372650967,0,0,1,4.16675488037663,0.0562055866226243,2.83946343584958
20200823,4,259,5190,20,12.5776179204022,1.59012621679006,0.199073308857978,-0.199073308857978,0.00995366544289888,2.84025372650967,0,0,1,5.53599350025661,0.070089973652676,3.54089209570359
20200823,4,260,5210,20,16.9139570043917,1.18245541210771,0.0819741178877228,-0.0548677368877838,0.00409870589438614,2.84025372650967,0,0,1,9.87233258424612,0.0288615475169041,1.45806340260306
20200823,4,261,5230,20,17.1210540276834,1.16815237938398,0.203108928167526,-0.203108928167526,0.0101554464083763,2.83955706728353,0,0,1,10.0777020097107,0.0715283839538503,3.61355948877533
20200823,4,262,5250,20,20.0861409600889,0.995711423102126,0.177015613037574,-0.177015613037574,0.00885078065187872,2.83769022659541,0,0,1,13.0381553087461,0.0623801750376232,3.15139894065138
20200823,4,263,5270,20,16.3741215584864,1.22143957027327,0.0805935113704537,0.069336958969749,0.00402967556852269,2.83582583896905,0,0,1,9.3215022737736,0.0284197676256992,1.43574501891297
20200823,4,264,5290,20,10.8215499922321,1.84816408133366,0.110868574130911,0.110868574130911,0.00554342870654554,2.83582583896905,0,0,1,3.7689307075193,0.0390956921992137,1.97508459869382
20200823,4,265,5310,20,8.923844717478,2.24118646538398,0.106425615120551,0.106425615120551,0.00532128075602756,2.83582583896905,0,0,1,1.87122543276519,0.0375289672793312,1.89593484879601
20200823,4,266,5330,20,8.16372933897082,2.44986074005748,0.0946864912237369,0.0946864912237369,0.00473432456118684,2.83582583896905,0,0,1,1.11111005425801,0.0333893887003159,1.68680649125639
20200823,4,267,5350,20,8.18537697388865,2.44338166266502,0.129021876461478,0.129021876461478,0.00645109382307391,2.83582583896905,0,0,1,1.13275768917583,0.0454971087041028,2.29847928586821
20200823,4,268,5370,20,7.61035292594352,2.62799901589589,0.0437974551206811,0.0182863966190875,0.00218987275603406,2.83582583896905,0,0,1,0.557733641230698,0.015444338830273,0.780236236904246
20200823,4,269,5390,20,7.10144878503206,2.81632672506976,0.0856026069615058,0.070504529553846,0.00428013034807529,2.83582583896905,0,0,1,0.0488295003192434,0.0301861298339204,1.52498029259468
20200823,4,270,5410,20,7.34270562098072,2.72379161474932,0.0698127700017275,0.0698127700017275,0.00349063850008637,2.83582583896905,0,0,1,0.290086336267905,0.0246181444016702,1.24368990855564
20200823,4,271,5430,20,7.26126243052022,2.75434198823842,0.0378825089992699,0.0378825089992699,0.00189412544996349,2.83582583896905,1,1,0,0.2086431458074,0.0133585456760779,0.674863555077305
20200823,4,272,5450,20,7.20371223722304,2.77634632553143,0.0324532712640462,0.0324532712640462,0.00162266356320231,2.83582583896905,1,1,0,0.151092952510226,0.0114440283384414,0.57814359707707
20200823,4,273,5470,20,7.14892270615701,2.79762431656661,0.0205992457561067,0.0205992457561067,0.00102996228780534,2.83582583896905,1,1,0,0.0963034214441905,0.00726393189350286,0.366968307805199
20200823,4,274,5490,20,7.11659343995552,2.81033336648285,0.0212660723349616,0.0212660723349616,0.00106330361674808,2.83582583896905,1,1,0,0.063974155242704,0.00749907559298241,0.378847588441936
20200823,4,275,5510,20,7.10166241877232,2.81624200372192,0.0519760791466103,0.0519760791466103,0.00259880395733052,2.83582583896905,0,0,1,0.0490431340595023,0.0183283749066572,0.925935543301444
20200823,4,276,5530,20,7.26832222627854,2.75166666767885,0.075234453977851,-0.0228137955953973,0.00376172269889255,2.83582583896905,0,0,1,0.215702941565723,0.0265299980499515,1.34027529899804
20200823,4,277,5550,20,7.08333542038417,2.82352857983327,0.073387102076302,-0.073387102076302,0.0036693551038151,2.83582583896905,0,0,1,0.030716135671355,0.0258785645676258,1.30736537553489
20200823,4,278,5570,20,6.78083984734258,2.94948715059802,0.0841312879434593,-0.06033338555967,0.00420656439717297,2.8321787804073,0,0,1,-0.28086124948004,0.0297055004173713,1.50069926046796
20200823,4,279,5590,20,7.0986251717336,2.81744697263902,0.0583395586957341,-0.00247821043744931,0.0029169779347867,2.8321787804073,0,0,1,0.0369240749109849,0.0205988262814906,1.04063701781855
20200823,4,280,5610,20,7.09752194229759,2.81788491287505,0.0417261009072442,-0.0417261009072442,0.00208630504536221,2.8321787804073,0,0,1,0.0358208454749729,0.0147328626271409,0.744293000908244
20200823,4,281,5630,20,7.1175742047717,2.80994611711836,0.0114358537188526,-0.00362027445229689,0.000571792685942629,2.83582583896905,1,1,0,0.0649549200588808,0.00403263612373673,0.203725706135188
20200823,4,282,5650,20,7.10673760702275,2.81423081953052,0.0256721463772027,0.0256721463772027,0.00128360731886013,2.83769022659541,1,1,0,0.058751955680008,0.00904684596528475,0.457039769029813
20200823,4,283,5670,20,7.08505712884062,2.82284244661733,0.0366229730419226,0.0366229730419226,0.00183114865209613,2.83582583896905,1,1,0,0.0324378441277986,0.0129143942969491,0.652425365623184
20200823,4,284,5690,20,7.0398968223185,2.84095072765758,0.01786820805158,0.01786820805158,0.000893410402579002,2.83582583896905,1,1,0,-0.0127224623943221,0.00630088343439172,0.318315833008385
20200823,4,285,5710,20,7.00007723993622,2.85711133098615,0.0120081626245946,-0.0120081626245946,0.000600408131229728,2.83582583896905,1,1,0,-0.052542044776601,0.00423444996500917,0.213921187715853
20200823,4,286,5730,20,6.97367529762823,2.86792819373194,0.053197862285494,0.0265298550391936,0.0026598931142747,2.83582583896905,0,0,1,-0.0789439870845854,0.0187592134730086,0.947701179591702
20200823,4,287,5750,20,7.22654371837962,2.76757476041182,0.102851669560223,-0.102851669560223,0.00514258347801115,2.83582583896905,0,0,1,0.173924433666798,0.036268683410267,1.83226626743192
20200823,4,288,5770,20,7.01812899925335,2.84976237999156,0.0940880122594358,-0.0940880122594358,0.00470440061297179,2.83582583896905,0,0,1,-0.0344902854594693,0.0331783464860597,1.67614479929995
20200823,4,289,5790,20,6.67706107231561,2.99532979905244,0.0506716936559187,0.0038964597951213,0.00253358468279594,2.83582583896905,0,0,1,-0.375558212397209,0.0178684081933396,0.902698375207421
20200823,4,290,5810,20,7.01849767840258,2.84961268300256,0.0412854606894709,-0.0412854606894709,0.00206427303447354,2.82931924808047,0,0,1,-0.0503405283741358,0.0145920120953055,0.737177339297027
20200823,4,291,5830,20,7.01830835356395,2.84968955372898,0.0385531327371528,-0.0385531327371528,0.00192765663685764,2.82284244661733,1,1,0,-0.0667487752766647,0.0136575573969251,0.6899693995183
20200823,4,292,5850,20,7.01786220766644,2.84987071677635,0.0302367371328365,-0.0302367371328365,0.00151183685664182,2.82931924808047,1,1,0,-0.0509759991102783,0.0106869301346429,0.53989557234837
20200823,4,293,5870,20,7.05261928471282,2.83582583896905,0.0140664178108816,0.0108363681885017,0.000703320890544079,2.82931924808047,1,1,0,-0.0162189220638993,0.00497166158270221,0.25116455725806
20200823,4,294,5890,20,7.04335201797267,2.83955706728353,0.0168253332774438,0.0168253332774438,0.000841266663872191,2.82284244661733,1,1,0,-0.0417051108679516,0.00596042237412363,0.301115999503353
20200823,4,295,5910,20,7.01057506146799,2.85283301649894,0.00636947150869815,-0.00530906765891661,0.000318473575434908,2.82284244661733,1,1,0,-0.0744820673726281,0.00225640347598245,0.113991785364572
20200823,4,296,5930,20,7.00265182571366,2.8560608891849,0.019336400280801,-0.019336400280801,0.000966820014040048,2.82284244661733,1,1,0,-0.0824053031269614,0.00684997503278023,0.346055522427956
20200823,4,297,5950,20,7.24532990861098,2.76039880202422,0.0317713247395907,0.0103790068315207,0.00158856623697953,2.82284244661733,1,1,0,0.160272779770366,0.0112550825419474,0.568598199319644
20200823,4,298,5970,20,7.03367657298077,2.84346312948596,0.070724375903667,-0.070724375903667,0.00353621879518335,2.82284244661733,0,0,1,-0.0513805558598506,0.025054312183954,1.26572477277662
20200823,4,299,5990,20,6.68345625296934,2.99246366595343,0.0657211573419498,-0.0657211573419498,0.00328605786709749,2.82284244661733,0,0,1,-0.401600875871281,0.0232819077170619,1.17618424878802
20200823,4,300,6010,20,6.85266594623045,2.9185721523463,0.0402067848605956,0.0359751719498634,0.00201033924302978,2.82284244661733,0,0,1,-0.232391182610172,0.0142433683852162,0.719564124554081
20200823,4,301,6030,20,7.29676857462573,2.74093933437184,0.0341260814765516,0.0341260814765516,0.00170630407382758,2.82284244661733,1,1,0,0.211711445785113,0.0120892618422419,0.610740302346382
20200823,4,302,6050,20,7.7880152259545,2.56804839483975,0.058148661636302,0.058148661636302,0.0029074330818151,2.82284244661733,0,0,1,0.702958097113878,0.0205993294829411,1.04066243917264
20200823,4,303,6070,20,7.68121258393739,2.60375556351911,0.0488955357675284,0.0488955357675284,0.00244477678837642,2.82284244661733,0,0,1,0.596155455096778,0.0173213832129104,0.875063089753433
20200823,4,304,6090,20,8.07718401151124,2.47611048250194,0.0330836164292109,-0.0330836164292109,0.00165418082146055,2.82284244661733,1,1,0,0.992126882670618,0.0117199656214805,0.592083738491085
20200823,4,305,6110,20,8.00158059339446,2.49950616213384,0.0353111093711932,-0.00808835049588775,0.00176555546855966,2.82284244661733,1,1,0,0.916523464553848,0.0125090613588821,0.631948254251426
20200823,4,306,6130,20,8.6672048792002,2.30754900556194,0.0692704509467852,-0.0547986903706104,0.00346352254733926,2.82173656075497,0,0,1,1.57937099769538,0.0245488724603871,1.24019034283232
20200823,4,307,6150,20,8.05214805813739,2.48380927121531,0.106842798208394,-0.106842798208394,0.0053421399104197,2.82063154104412,0,0,1,0.961537423968366,0.0378790340580407,1.91361995588198
20200823,4,308,6170,20,7.1354768637857,2.80289606172012,0.0522299490513135,-0.0516573486791574,0.00261149745256568,2.82063154104412,0,0,1,0.0448662296166731,0.0185171116082675,0.935470377744568
20200823,4,309,6190,20,7.29170929712836,2.74284110693722,0.0812807490077208,-0.0812807490077208,0.00406403745038604,2.82063154104412,0,0,1,0.201098662959339,0.0288165071633684,1.45578799824048
20200823,4,310,6210,20,7.14117117188107,2.80066105665575,0.131305609463063,-0.131305609463063,0.00656528047315316,2.82063154104412,0,0,1,0.0505605377120446,0.046551847539242,2.35176388864012
20200823,4,311,6230,20,7.13847786652968,2.80171772945804,0.167002619545262,-0.167002619545262,0.00835013097726308,2.82063154104412,0,0,1,0.0478672323606588,0.0592075275040858,2.99111920321525
20200823,4,312,6250,20,7.1898550128667,2.78169726151761,0.182554644613751,-0.182554644613751,0.00912773223068753,2.82063154104412,0,0,1,0.0992443786976764,0.0647211952207604,3.26966549762613
20200823,4,313,6270,20,7.23820437227005,2.76311623316704,0.182266828813643,-0.182266828813643,0.00911334144068214,2.82063154104412,0,0,1,0.147593738101023,0.0646191557321141,3.26451054036238
20200823,4,314,6290,20,7.24544096843556,2.76035648998165,0.108311170320169,-0.108311170320169,0.00541555851600843,2.82063154104412,0,0,1,0.154830334266535,0.038399616803574,1.93991939976469
20200823,4,315,6310,20,7.52541347514716,2.65766127881882,0.0549080719711773,-0.0549080719711773,0.00274540359855886,2.82063154104412,0,0,1,0.434802840978136,0.0194665879510274,0.983437199558427
20200823,4,316,6330,20,8.12346354454712,2.46200403194091,0.0228829105443504,0.00829346393514303,0.00114414552721752,2.82063154104412,1,1,0,1.0328529103781,0.00811269044232547,0.409846943365538
20200823,4,317,6350,20,8.5928092971867,2.32752750681294,0.108896640345971,-0.105014170039322,0.00544483201729856,2.82063154104412,0,0,1,1.50219866301768,0.0386071838031211,1.95040552652038
20200823,4,318,6370,20,9.83183560874886,2.03420813730887,0.358696683250757,-0.358696683250757,0.0179348341625378,2.82063154104412,0,0,1,2.74122497457984,0.127168925834949,6.42447729456229
20200823,4,319,6390,20,11.2104889078159,1.78404351179153,0.416706715883888,-0.416706715883888,0.0208353357941944,2.82063154104412,0,0,1,4.11987827364692,0.147735253548797,7.46347250949109
20200823,4,320,6410,20,10.4489862236483,1.91406128517385,0.273409519296997,-0.273409519296997,0.0136704759648499,2.82063154104412,0,0,1,3.35837558947924,0.0969320222505164,4.89693195075576
20200823,4,321,6430,20,8.61213840634673,2.3223035971253,0.0933412257296596,-0.0933412257296596,0.00466706128648298,2.82063154104412,0,0,1,1.52152777217771,0.0330923143882548,1.67179852323194
20200823,4,322,6450,20,7.70513787002528,2.59567062100271,0.0140053317323578,-0.00521716749447703,0.000700266586617892,2.82173656075497,1,1,0,0.617303988520461,0.00496337323871603,0.250745836431418
20200823,4,323,6470,20,7.18987741383717,2.78168859478874,0.0720841831503931,-0.0463039708301657,0.00360420915751966,2.82284244661733,0,0,1,0.104820284996549,0.0255360277853173,1.29006067813303
20200823,4,324,6490,20,6.92948176093978,2.88621872312823,0.114877767637106,0.114877767637106,0.00574388838185532,2.82931924808047,0,0,1,-0.139356445836938,0.0406026176491198,2.05121332490548
20200823,4,325,6510,20,6.64256134396283,3.01088675954453,0.108539567640533,0.108539567640533,0.00542697838202667,2.83582583896905,0,0,1,-0.410057940749994,0.0382744123948009,1.93359416837612
20200823,4,326,6530,20,6.57496205671714,3.04184264904883,0.0534189058352944,-0.0118708718196454,0.00267094529176472,2.83582583896905,0,0,1,-0.477657227995678,0.0188371602731128,0.951638992576795
20200823,4,327,6550,20,6.40908701764374,3.12056927062177,0.0425804114600346,0.0425804114600346,0.00212902057300173,2.83582583896905,0,0,1,-0.643532267069077,0.0150151715507023,0.758555032749472
20200823,4,328,6570,20,6.2790936360916,3.18517307737569,0.023051194444148,0.023051194444148,0.0011525597222074,2.83582583896905,1,1,0,-0.773525648621217,0.00812856492362314,0.410648910072343
20200823,4,329,6590,20,6.17499582968776,3.23886858414466,0.019151595401573,-0.0180704729605364,0.000957579770078651,2.83582583896905,1,1,0,-0.877623455025059,0.00675344555310756,0.341178926621699
20200823,4,330,6610,20,6.09278436649265,3.28257144795576,0.0780866702955971,-0.0780866702955971,0.00390433351477986,2.83582583896905,0,0,1,-0.959834918220167,0.027535777840287,1.39108652810857
20200823,4,331,6630,20,6.08871719089666,3.2847641585164,0.120868965204733,-0.120868965204733,0.00604344826023663,2.83582583896905,0,0,1,-0.963902093816159,0.042622139746309,2.15323804339763
20200823,4,332,6650,20,6.13473639389986,3.26012377970914,0.172132953913399,-0.172132953913399,0.00860664769566997,2.82931924808047,0,0,1,-0.934101812876861,0.0608390000634187,3.07353995455304
20200823,4,333,6670,20,6.05189524153866,3.30474986789677,0.0970719259818218,-0.0430189971695961,0.00485359629909109,2.83769022659541,0,0,1,-0.996090409804084,0.0342080770734043,1.72816600443695
20200823,4,334,6690,20,6.10062435244436,3.27835297578789,0.0511519964683387,0.0225064653861888,0.00255759982341694,2.83955706728353,0,0,1,-0.94272766552831,0.0180140758774302,0.910057395682329
20200823,4,335,6710,20,6.0994697906799,3.27897353152898,0.0657978217534571,0.015192905981371,0.00328989108767285,2.82063154104412,0,0,1,-0.99114084348912,0.023327336731511,1.17847928800398
20200823,4,336,6730,20,6.02145108207787,3.32145852011114,0.0475557234847852,-0.00565575043306445,0.00237778617423926,2.79019014348139,0,0,1,-1.14651918931213,0.0170439006086692,0.861044879889039
20200823,4,337,6750,20,6.0177631511815,3.32349404546992,0.0440400296010354,0.0440400296010354,0.00220200148005177,2.79019014348139,0,0,1,-1.15020712020851,0.0157838811465679,0.797389656163372
20200823,4,338,6770,20,6.06247278468481,3.29898388171318,0.0685261165608113,0.0685261165608113,0.00342630582804057,2.79019014348139,0,0,1,-1.10549748670519,0.0245596583160851,1.24073523604879
20200823,4,339,6790,20,6.08165843103825,3.28857666486634,0.071051671394024,0.071051671394024,0.0035525835697012,2.79019014348139,0,0,1,-1.08631184035175,0.0254648134142468,1.286462982336
20200823,4,340,6810,20,6.1052460977844,3.27587122282557,0.072267376032416,0.072267376032416,0.0036133688016208,2.79019014348139,0,0,1,-1.0627241736056,0.025900520149586,1.30847455481643
20200823,4,341,6830,20,6.12188924131806,3.26696534543868,0.0648701974649017,0.0648701974649017,0.00324350987324509,2.79019014348139,0,0,1,-1.04608103007195,0.0232493823463807,1.17454109182915
20200823,4,342,6850,20,6.11917886881474,3.26841238485874,0.0517433648036666,0.0517433648036666,0.00258716824018333,2.76039880202422,0,0,1,-1.12615103979624,0.0187448874292087,0.946977438768157
20200823,4,343,6870,20,6.14353916172468,3.25545251255229,0.0491083174795725,-0.018106676751247,0.00245541587397863,2.74093933437184,0,0,1,-1.15322941290106,0.0179166013868844,0.905133058646382
20200823,4,344,6890,20,6.14733649684649,3.25344155314415,0.0676620397722784,0.0541457902243252,0.00338310198861392,2.71993026234474,0,0,1,-1.20579320536831,0.024876387718099,1.25673616425038
20200823,4,345,6910,20,6.06559030420749,3.29728830945385,0.0615821104032622,-0.0575444804341731,0.00307910552016311,2.69924080606891,0,0,1,-1.34390052559638,0.0228146041156471,1.15257642669433
20200823,4,346,6930,20,6.04213616990864,3.31008759776137,0.199065321750807,-0.199065321750807,0.00995326608754036,2.65509114361101,0,0,1,-1.49056192526837,0.0749749484984052,3.78767730502137
20200823,4,347,6950,20,6.14910265818435,3.2525070911575,0.154987143816609,-0.154987143816609,0.00774935719083046,2.61236249118978,0,0,1,-1.5068027023658,0.0593283452580967,2.99722282414566
20200823,4,348,6970,20,6.17221577877081,3.24032741512206,0.126912392482409,-0.126912392482409,0.00634561962412045,2.60398980717546,0,0,1,-1.50830583651691,0.048737668685451,2.46218990845269
20200823,4,349,6990,20,6.18378517223209,3.23426500807447,0.0297444216463507,-0.01334712468014,0.00148722108231754,2.60398980717546,1,0,0,-1.49673644305562,0.0114226336694514,0.577062754691648
20200823,4,350,7010,20,6.20353046829223,3.22397062482806,0.0925473812572553,0.0925473812572553,0.00462736906286276,2.59567062100271,0,0,1,-1.50160740173305,0.0356545166048473,1.80123902810764
20200823,4,351,7030,20,6.57202611190405,3.04320154233313,0.145201550198737,0.145201550198737,0.00726007750993687,2.60398980717546,0,0,1,-1.10849550338366,0.0557611822437344,2.81701246504018
20200823,4,352,7050,20,7.88817938085913,2.5354392990264,0.149499616115006,0.149499616115006,0.00747498080575031,2.60398980717546,0,0,1,0.207657765571412,0.057411751652426,2.9003979746654
20200823,4,353,7070,20,8.08092050710957,2.47496556641091,0.12677394345285,0.12677394345285,0.00633869717264251,2.61236249118978,0,0,1,0.425015146559417,0.0485284656629379,2.45162113106258
20200823,4,354,7090,20,7.57434246134653,2.64049323120313,0.0786105221540844,0.0786105221540844,0.00393052610770422,2.63015008928443,0,0,1,-0.0297863225896435,0.0298882267116063,1.50993045370738
20200823,4,355,7110,20,7.32771976634103,2.72936201679921,0.075454510062111,0.075454510062111,0.00377272550310555,2.66578223319308,0,0,1,-0.174768528077494,0.0283048289251036,1.42993840328424
20200823,4,356,7130,20,7.09061063416902,2.82063154104412,0.0163696738271509,0.0126616597789931,0.000818483691357543,2.66578223319308,1,1,0,-0.411877660249503,0.00614066431358244,0.310221685031308
20200823,4,357,7150,20,7.40949082980387,2.69924080606891,0.0123955186817442,-0.0123955186817442,0.00061977593408721,2.68361841093281,1,1,0,-0.0431335517109801,0.00461895723745448,0.233346202319068
20200823,4,358,7170,20,8.7721290796253,2.27994821080019,0.0279561891818238,-0.0279561891818238,0.00139780945909119,2.69924080606891,1,1,0,1.36263824982143,0.0103570563689493,0.523230600903056
20200823,4,359,7190,20,10.5234074204309,1.90052510569633,0.0519022986589451,-0.0519022986589451,0.00259511493294725,2.70238521312705,0,0,1,3.12253803184467,0.0192061066671123,0.970277883450474
20200823,4,360,7210,20,13.2703983349311,1.50711376518027,0.0702241318845397,0.0627474484010307,0.00351120659422699,2.70238521312705,0,0,1,5.86952894634487,0.0259859814002166,1.31279199211989
20200823,4,361,7230,20,25.2065408067119,0.793444850420509,0.999960911511752,0.999960911511752,0.0499980455755876,2.70553695471206,0,0,1,17.8142928593434,0.369597949778577,18.6718069754796
20200823,4,362,7250,20,16.3239526376556,1.2251934592033,0.550854029897459,0.550854029897459,0.0275427014948729,2.72433343529536,0,0,1,8.98270734774792,0.202197727620568,10.2148752266447
20200823,4,363,7270,20,9.66375915379649,2.06958800211229,0.157438975784581,0.157438975784581,0.00787194878922907,2.72433343529536,0,0,1,2.32251386388884,0.0577899069713221,2.9195020934123
20200823,4,364,7290,20,8.14316755326945,2.45604672495902,0.0923113775841639,0.0923113775841639,0.00461556887920819,2.72433343529536,0,0,1,0.801922263361803,0.0338840232947315,1.71179505430404
20200823,4,365,7310,20,8.04539674719081,2.48589356478701,0.0558856120765972,0.0558856120765972,0.00279428060382986,2.72433343529536,0,0,1,0.70415145728316,0.0205134993215463,1.03632636477829
20200823,4,366,7330,20,8.40931686956901,2.37831447074785,0.0608195731759137,0.0608195731759137,0.00304097865879569,2.72433343529536,0,0,1,1.06807157966136,0.0223245702555935,1.12782028924322
20200823,4,367,7350,20,8.68017715782662,2.30410043900621,0.0309672173042669,0.0309672173042669,0.00154836086521335,2.7433929168538,1,0,0,1.38993452537989,0.0112879263899904,0.570257445512324
20200823,4,368,7370,20,8.07262317594768,2.47750942464277,0.00597275586236599,0.0040277898647858,0.000298637793118299,2.7433929168538,1,1,0,0.782380543500949,0.00217714197105083,0.10998755449274
20200823,4,369,7390,20,7.65590536055015,2.61236249118978,0.0148635591647752,-0.0148635591647752,0.000743177958238759,2.7433929168538,1,1,0,0.365662728103416,0.00541794763464692,0.273710588757295
20200823,4,370,7410,20,8.03785864128076,2.48822489826882,0.0428077249621555,-0.0428077249621555,0.00214038624810778,2.7433929168538,0,0,1,0.747616008834029,0.015603935075858,0.788298917699311
20200823,4,371,7430,20,9.104620840189,2.19668675401807,0.0486138186951683,-0.0486138186951683,0.00243069093475841,2.7433929168538,0,0,1,1.81437820774227,0.0177203266788776,0.89521740986027
20200823,4,372,7450,20,11.1956859318238,1.78640238050532,0.0674071751229892,-0.0674071751229892,0.00337035875614946,2.7433929168538,0,0,1,3.90544329937711,0.0245707330907209,1.24129472523
20200823,4,373,7470,20,14.2307759200889,1.40540474478042,0.104357525098846,-0.104357525098846,0.00521787625494228,2.76256643329632,0,0,1,6.99113101636954,0.0377755712373314,1.90839309296627
20200823,4,374,7490,20,17.845348421567,1.12074023591655,0.233556921743981,-0.233556921743981,0.0116778460871991,2.78200984263565,0,0,1,10.6563012465749,0.0839525864231708,4.2412207365458
20200823,4,375,7510,20,15.0433004787801,1.32949548061024,0.334256763816934,-0.334256763816934,0.0167128381908467,2.79403556547168,0,0,1,7.885195461379,0.119632250908913,6.04373021644622
20200823,4,376,7530,20,12.8653536163147,1.55456278905834,0.26626634660773,-0.26626634660773,0.0133133173303865,2.80616570624188,0,0,1,5.73819075650454,0.0948861808179974,4.79357759948481
20200823,4,377,7550,20,11.6906319778714,1.71077149959532,0.125738638800984,-0.125738638800984,0.00628693194004919,2.81338002866194,0,0,1,4.58174523088178,0.0446930871478412,2.25786072910502
20200823,4,378,7570,20,11.29560220145,1.77060059687943,0.151867762157915,0.151667564776645,0.00759338810789573,2.81338002866194,0,0,1,4.18671545446046,0.0539805360849683,2.72705557705412
20200823,4,379,7590,20,11.5503079393402,1.73155556588065,0.352159318791072,0.352159318791072,0.0176079659395536,2.80616570624188,0,0,1,4.42314507953006,0.125494840881188,6.33990379750719
20200823,4,380,7610,20,12.3203313880463,1.62333295834923,0.538687496854178,0.538687496854178,0.0269343748427089,2.79403556547168,0,0,1,5.16222637064516,0.192799083702157,9.74006289291562
20200823,4,381,7630,20,12.6505871389404,1.5809542893418,0.59833404731393,0.59833404731393,0.0299167023656965,2.79403556547168,0,0,1,5.4924821215393,0.214146897307988,10.818538180009
20200823,4,382,7650,20,11.8436977045567,1.68866180975772,0.364275857767622,0.364275857767622,0.0182137928883811,2.80616570624188,0,0,1,4.71653484474655,0.129812668210344,6.5580371461682
20200823,4,383,7670,20,9.9671673551511,2.00658815964035,0.181593423120238,0.181593423120238,0.00907967115601192,2.81338002866194,0,0,1,2.85828060816152,0.0645463539479967,3.26083264966703
20200823,4,384,7690,20,9.76711549043239,2.04768746920127,0.14138301998277,0.14138301998277,0.0070691509991385,2.82063154104412,0,0,1,2.67650485626336,0.050124597249038,2.53225648334465
20200823,4,385,7710,20,11.3640208618131,1.75994045093729,0.17791387022483,0.17791387022483,0.00889569351124151,2.82557842389777,0,0,1,4.2858241177953,0.0629654688470495,3.18096753820475
20200823,4,386,7730,20,11.1749766374064,1.78971291385552,0.316203412489085,0.316203412489085,0.0158101706244542,2.82557842389777,0,0,1,4.09677989338866,0.111907498236377,5.65348159379744
20200823,4,387,7750,20,10.2650870193411,1.94835172486281,0.123463318052493,0.09548191480118,0.00617316590262465,2.83054268913114,0,0,1,3.19930416547459,0.0436182497888385,2.20356076421248
20200823,4,388,7770,20,9.73044140861975,2.05540521340408,0.214166282177454,-0.214166282177454,0.0107083141088727,2.83054268913114,0,0,1,2.66465855475326,0.0756626222242895,3.82241805799231
20200823,4,389,7790,20,10.8235013998947,1.84783086924113,0.356350671597852,-0.356350671597852,0.0178175335798926,2.83054268913114,0,0,1,3.75771854602817,0.125894823266996,6.36011060305321
20200823,4,390,7810,20,12.5354972805635,1.5954692145329,0.439385855252316,-0.439385855252316,0.0219692927626158,2.83054268913114,0,0,1,5.46971442669701,0.155230252113664,7.84211412957726
20200823,4,391,7830,20,13.6524411175496,1.46493948062452,0.438829541764312,-0.438829541764312,0.0219414770882156,2.83054268913114,0,0,1,6.58665826368315,0.155033712598418,7.8321851029311
20200823,4,392,7850,20,15.9395188769759,1.25474301667219,0.245084622050948,-0.245084622050948,0.0122542311025474,2.83054268913114,0,0,1,8.87373602310936,0.0865857360116971,4.37424544862545
20200823,4,393,7870,20,22.085084033597,0.90558858501851,0.25189828754661,-0.25189828754661,0.0125949143773305,2.83054268913114,0,0,1,15.0193011797305,0.0889929300532583,4.49585505853666
20200823,4,394,7890,20,23.7659624457315,0.841539661844923,0.219443119591759,-0.219443119591759,0.0109721559795879,2.83054268913114,0,0,1,16.700179591865,0.0775268715905211,3.91659851635602
20200823,4,395,7910,20,14.4276684736583,1.38622536527753,0.1368032000852,-0.1368032000852,0.00684016000426001,2.83054268913114,0,0,1,7.36188561979179,0.0483310852758037,2.44164962420892
20200823,4,396,7930,20,12.2191621251259,1.63677343791639,0.0964889444997105,-0.0964889444997105,0.00482444722498553,2.83054268913114,0,0,1,5.15337927125938,0.0340884964816865,1.72212488400351
20200823,4,397,7950,20,15.1239489491136,1.32240594485557,0.0802143983708023,-0.0802143983708023,0.00401071991854011,2.83054268913114,0,0,1,8.05816609524709,0.0283388760320816,1.43165843720203
20200823,4,398,7970,20,12.0290488026631,1.66264185374095,0.0349750471448265,-0.0341148351110785,0.00174875235724133,2.83054268913114,1,0,0,4.96326594879656,0.0123563044214544,0.624231090096361
20200823,4,399,7990,20,9.03895166957864,2.21264597169069,0.0200449466865984,0.0200449466865984,0.00100224733432992,2.83054268913114,1,0,0,1.97316881571214,0.00708166203024175,0.357760173111006
20200823,4,400,8010,20,8.04369188558485,2.48642045027136,0.0177676050439492,0.0177676050439492,0.000888380252197458,2.83054268913114,1,1,0,0.977909031718355,0.00627710195369039,0.317114410712855
20200823,4,401,8030,20,7.5523522073222,2.64818157985395,0.00448803122567076,0.00448803122567076,0.000224401561283538,2.83054268913114,1,1,0,0.486569353455707,0.0015855727040981,0.0801019256038765
20200823,4,402,8050,20,7.29024263244673,2.7433929168538,0.0079848781142501,-0.00428170866611746,0.000399243905712505,2.83054268913114,1,1,0,0.22445977858024,0.00282097074349411,0.142513293803585
20200823,4,403,8070,20,7.12716285981014,2.80616570624188,0.027541419398718,-0.027541419398718,0.0013770709699359,2.83054268913114,1,1,0,0.0613800059436471,0.00973008444793038,0.491556456889747
20200823,4,404,8090,20,7.06180995601835,2.83213512181183,0.0213374790782419,-0.0213374790782419,0.0010668739539121,2.83054268913114,1,1,0,-0.00397289784814348,0.00753829969078884,0.380829159994126
20200823,4,405,8110,20,7.45262438151485,2.68361841093281,0.028660901396487,-0.028660901396487,0.00143304506982435,2.83054268913114,1,1,0,0.386841527648357,0.0101255852831828,0.511536857914423
20200823,4,406,8130,20,7.70793486812681,2.59472872334486,0.0361118754645169,-0.0361118754645169,0.00180559377322584,2.83054268913114,1,1,0,0.642152014260319,0.0127579335239073,0.644521086513355
20200823,4,407,8150,20,7.39224794736856,2.70553695471206,0.0343887309803388,-0.0343887309803388,0.00171943654901694,2.83133868156312,1,1,0,0.328451542426137,0.0121457497134725,0.613594026585667
20200823,4,408,8170,20,7.18904717499208,2.78200984263565,0.0266142753897298,-0.0266142753897298,0.00133071376948649,2.83213512181183,1,1,0,0.127237218973732,0.0093972477459704,0.474741800160522
20200823,4,409,8190,20,7.04805733178819,2.8376613666004,0.0320311153634177,-0.0320311153634177,0.00160155576817088,2.8348955510423,1,1,0,-0.00687631211508322,0.0112988696714561,0.570810291758706
20200823,4,410,8210,20,6.95037141094053,2.87754406455432,0.0366994920189695,-0.0366994920189695,0.00183497460094848,2.8348955510423,1,1,0,-0.104562232962736,0.0129456240479394,0.654003068861886
20200823,4,411,8230,20,6.92877479917297,2.88651321188664,0.00704326755970621,-0.00667903506046299,0.000352163377985311,2.8348955510423,1,1,0,-0.126158844730299,0.00248448926349919,0.125514505663519
20200823,4,412,8250,20,6.9019014237565,2.89775219494726,0.0166356716910502,0.0166356716910502,0.00083178358455251,2.8348955510423,1,1,0,-0.153032220146771,0.00586817799510596,0.296455883719099
20200823,4,413,8270,20,7.01656772597471,2.85039648743955,0.0563902580884301,0.0563902580884301,0.00281951290442151,2.8348955510423,0,0,1,-0.0383659179285596,0.0198914764488227,1.00490224291619
20200823,4,414,8290,20,7.47719546075723,2.67479967655875,0.0863708322762957,0.0863708322762957,0.00431854161381478,2.8348955510423,0,0,1,0.42226181685396,0.0304670245238982,1.53917087843219
20200823,4,415,8310,20,7.87813233128327,2.5386727664604,0.109696527771186,0.109696527771186,0.00548482638855928,2.8348955510423,0,0,1,0.823198687379999,0.0386950862196153,1.95484628966434
20200823,4,416,8330,20,8.38540736581081,2.38509581317951,0.116338661131645,0.116338661131645,0.00581693305658227,2.8348955510423,0,0,1,1.33047372190754,0.0410380767252153,2.07321238582952
20200823,4,417,8350,20,9.93109585710863,2.01387644301954,0.0638853384118366,-0.0260638512736217,0.00319426692059183,2.8348955510423,0,0,1,2.87616221320536,0.0225353411656906,1.13846827512013
20200823,4,418,8370,20,11.1340274143222,1.79629519990881,0.371149337743117,-0.371149337743117,0.0185574668871559,2.8348955510423,0,0,1,4.07909377041892,0.130921697487817,6.61406446074484
20200823,4,419,8390,20,16.8654068497272,1.18585932602768,1.12307347393611,-1.12307347393611,0.0561536736968057,2.8376613666004,0,0,1,9.81734951793896,0.395774311605613,19.9942168417885
20200823,4,420,8410,20,28.630109087454,0.6985652740235,0.868098753196674,-0.833061273373941,0.0434049376598337,2.8574635578852,0,0,1,21.6308947160896,0.303800463456882,15.3477680710255
20200823,4,421,8430,20,10.3642782027823,1.92970505120472,0.11967389390941,0.11967389390941,0.00598369469547052,2.8574635578852,0,0,1,3.36506383141796,0.041881161906394,2.11580440717673
20200823,4,422,8450,20,8.31646420611423,2.4048681632389,0.0383008634871333,0.0383008634871333,0.00191504317435667,2.8574635578852,1,0,0,1.31724983474987,0.0134037977077404,0.677149653257657
20200823,4,423,8470,20,7.50980625532156,2.66318455097662,0.00575144234700335,0.00575144234700335,0.000287572117350168,2.8574635578852,1,1,0,0.510591883957205,0.00201277889656097,0.101684057131325
20200823,4,424,8490,20,7.06578285386649,2.83054268913114,0.0137892565920897,0.0137892565920897,0.000689462829604486,2.8574635578852,1,1,0,0.0665684825021353,0.00482569814548925,0.243790595560625
20200823,4,425,8510,20,6.8265431412251,2.9297405123277,0.0302701710332227,0.0302701710332227,0.00151350855166114,2.8574635578852,1,1,0,-0.172671230139257,0.0105933708059695,0.535169026308835
20200823,4,426,8530,20,6.64824763667548,3.0083115270359,0.0327918992956146,0.0327918992956146,0.00163959496478073,2.8574635578852,1,1,0,-0.350966734688881,0.0114758766407099,0.579752549055321
20200823,4,427,8550,20,6.53688511546534,3.0595611895768,0.0179247106631865,0.0133413888617542,0.000896235533159326,2.8574635578852,1,1,0,-0.462329255899021,0.00627294462381616,0.316904385573398
20200823,4,428,8570,20,6.42850767022537,3.11114196730807,0.0542306680913188,-0.0542306680913188,0.00271153340456594,2.8574635578852,0,0,1,-0.570706701138987,0.0189786035736725,0.958784600412573
20200823,4,429,8590,20,6.39396474025079,3.12794968575562,0.0874375231508745,-0.0874375231508745,0.00437187615754373,2.8574635578852,0,0,1,-0.605249631113565,0.0305996984317052,1.54587346322396
20200823,4,430,8610,20,6.39551575831683,3.127191106361,0.0598207364788645,-0.0598207364788645,0.00299103682394322,2.8574635578852,0,0,1,-0.603698613047526,0.0209349079234234,1.05761560644419
20200823,4,431,8630,20,6.34740856998269,3.15089217583713,0.0428753976202875,-0.0428753976202875,0.00214376988101438,2.8574635578852,0,0,1,-0.651805801381669,0.0150047049600939,0.7580262685622
20200823,4,432,8650,20,6.3069455789514,3.17110711510614,0.0286380977847086,-0.0286380977847086,0.00143190488923543,2.8574635578852,1,1,0,-0.69226879241296,0.0100222092791635,0.506314380911775
20200823,4,433,8670,20,6.30404751088645,3.17256492205397,0.00595410397191967,-0.00254291505774353,0.000297705198595983,2.8574635578852,1,1,0,-0.695166860477911,0.00208370250444289,0.10526706379348
20200823,4,434,8690,20,6.30568657548019,3.17174026342674,0.0166971918270534,0.0166971918270534,0.000834859591352672,2.8574635578852,1,1,0,-0.693527795884164,0.005843361249867,0.295202160647477
20200823,4,435,8710,20,6.31265266189484,3.16824021076374,0.0272065098180379,0.0272065098180379,0.0013603254909019,2.8574635578852,1,1,0,-0.686561709469514,0.00952120972565383,0.481004264977586
20200823,4,436,8730,20,6.31485694838739,3.16713429353413,0.0301173203818119,0.0301173203818119,0.00150586601909059,2.8574635578852,1,1,0,-0.684357422976972,0.0105398790821681,0.53246666515612
20200823,4,437,8750,20,6.30345186250588,3.17286471543691,0.0241736040529671,0.0241736040529671,0.00120868020264836,2.8574635578852,1,1,0,-0.695762508858478,0.00845981184475996,0.427383252284993
20200823,6,0,10,20,6.4571054068752,3.09736309689246,0.00301132658405769,0.00301132658405769,0.000150566329202885,3.15172096908848,1,1,0,0.111365985093757,0.000955454690815669,0.0482688434051502
20200823,6,1,30,20,6.42085638173622,3.11484929905751,0.00904051407801703,-0.00883964580599304,0.000452025703900851,3.15172096908848,1,1,0,0.0751169599547765,0.00286843732890214,0.144911269552787
20200823,6,2,50,20,6.40243312181636,3.12381240373286,0.0252068830710681,-0.0252068830710681,0.0012603441535534,3.15172096908848,0,0,1,0.056693700034911,0.0079978155802156,0.404043552808487
20200823,6,3,70,20,6.3998658013815,3.12506552804322,0.0308773738583361,-0.0308773738583361,0.0015438686929168,3.15172096908848,0,0,1,0.0541263796000564,0.00979698842669635,0.494936394949896
20200823,6,4,90,20,6.39699442080541,3.12646825749176,0.0365598328066509,-0.0365598328066509,0.00182799164033254,3.15172096908848,0,0,1,0.0512549990239677,0.0115999586147452,0.586021075895664
20200823,6,5,110,20,6.40834547558369,3.12093036747186,0.0404519141679165,-0.0404519141679165,0.00202259570839583,3.15172096908848,0,0,1,0.0626060538022415,0.0128348653210934,0.648407622323945
20200823,6,6,130,20,6.42869876793984,3.11104948636585,0.0422812588670605,-0.0422812588670605,0.00211406294335303,3.15172096908848,0,0,1,0.0829593461583897,0.0134152925597626,0.677730364428537
20200823,6,7,150,20,6.45340047044063,3.0991413118725,0.0487302802032458,-0.0487302802032458,0.00243651401016229,3.15172096908848,0,0,1,0.107661048659182,0.0154614830060097,0.781102347607242
20200823,6,8,170,20,6.48279287571118,3.08509008130326,0.05076673907222,-0.05076673907222,0.002538336953611,3.15172096908848,0,0,1,0.137053453929738,0.0161076248722939,0.813744942657523
20200823,6,9,190,20,6.49890979856005,3.07743923518239,0.0618099621078354,-0.0618099621078354,0.00309049810539177,3.15172096908848,0,0,1,0.153170376778604,0.0196114956603254,0.990757826685534
20200823,6,10,210,20,6.52633146910325,3.06450876647675,0.0720568013517565,-0.0720568013517565,0.00360284006758783,3.15172096908848,0,0,1,0.180592047321809,0.0228626842472658,1.15500539833089
20200823,6,11,230,20,6.55815332286987,3.04963897843851,0.072272866875672,-0.072272866875672,0.0036136433437836,3.15172096908848,0,0,1,0.212413901088425,0.0229312390229057,1.15846873339203
20200823,6,12,250,20,6.58415901165053,3.03759371008665,0.0712252595603609,-0.0712252595603609,0.00356126297801804,3.15172096908848,0,0,1,0.238419589869082,0.0225988468709399,1.14167653498999
20200823,6,13,270,20,6.61001738851503,3.02571064862101,0.0736760825051318,-0.0736760825051318,0.00368380412525659,3.15172096908848,0,0,1,0.264277966733587,0.0233764610597618,1.18096101165924
20200823,6,14,290,20,6.64287718964786,3.01074360236068,0.0515608408612275,-0.0515608408612275,0.00257804204306137,3.15172096908848,0,0,1,0.297137767866417,0.0163595830236645,0.82647367659966
20200823,6,15,310,20,6.66182028874277,3.00218245661719,0.010666970705472,-0.00149104192771177,0.000533348535273598,3.15172096908848,1,1,0,0.316080866961329,0.00338449082583506,0.170981899245202
20200823,6,16,330,20,6.64443410116124,3.01003813048648,0.0331025203915795,0.0331025203915795,0.00165512601957897,3.15172096908848,0,0,1,0.298694679379793,0.0105029984304585,0.530603482716216
20200823,6,17,350,20,6.61555737898669,3.02317686239514,0.0450183157968576,0.0450183157968576,0.00225091578984288,3.15172096908848,0,0,1,0.269817957205248,0.0142837250627163,0.72160291316994
20200823,6,18,370,20,6.58627188779663,3.03661924996704,0.0504177803884225,0.0504177803884225,0.00252088901942113,3.15172096908848,0,0,1,0.240532466015182,0.0159969048284766,0.808151450356735
20200823,6,19,390,20,6.56148869809975,3.04808876768958,0.0534303335132021,0.0534303335132021,0.0026715166756601,3.15172096908848,0,0,1,0.215749276318306,0.0169527486846828,0.856439954101068
20200823,6,20,410,20,6.53643919120597,3.05976991676259,0.0530451074496992,0.0530451074496992,0.00265225537248496,3.15172096908848,0,0,1,0.190699769424526,0.0168305214738094,0.850265128483267
20200823,6,21,430,20,6.5049497513246,3.07458178226933,0.048288517603214,0.048288517603214,0.0024144258801607,3.15172096908848,0,0,1,0.159210329543157,0.0153213174887051,0.774021292408488
20200823,6,22,450,20,6.47418389034991,3.08919245092976,0.0452738473341265,0.0452738473341265,0.00226369236670632,3.15172096908848,0,0,1,0.12844446856846,0.0143648018901941,0.725698852754443
20200823,6,23,470,20,6.45090104625177,3.10034208502094,0.0449817317483466,0.0449817317483466,0.00224908658741733,3.15172096908848,0,0,1,0.105161624470327,0.0142721174207741,0.721016503938191
20200823,6,24,490,20,6.43833731328903,3.10639207404046,0.0506037016857739,0.0506037016857739,0.00253018508428869,3.15172096908848,0,0,1,0.0925978915075802,0.0160558952337742,0.811131600711414
20200823,6,25,510,20,6.41369137997569,3.11832902693796,0.040035428911119,0.040035428911119,0.00200177144555595,3.15172096908848,0,0,1,0.0679519581942429,0.0127027199754608,0.641731740090733
20200823,6,26,530,20,6.38226212951676,3.1336851408067,0.0279158246047322,0.0279158246047322,0.00139579123023661,3.15172096908848,0,0,1,0.0365227077353154,0.00885732743428928,0.447465437161511
20200823,6,27,550,20,6.36467452740857,3.14234450070822,0.0199343077772507,0.0199343077772507,0.000996715388862536,3.15172096908848,0,0,1,0.0189351056271221,0.00632489613540122,0.319528936377811
20200823,6,28,570,20,6.34573942178145,3.15172096908848,0.0169866055154044,0.0169866055154044,0.000849330275770221,3.15172096908848,1,1,0,0,0.0053896286130676,0.272279933351927
20200823,6,29,590,20,6.33202156527844,3.15854893951558,0.0158262121585222,0.0158262121585222,0.000791310607926112,3.15172096908848,1,1,0,-0.0137178565030069,0.00502145091959057,0.253679876643283
20200823,6,30,610,20,6.31828419432483,3.16541633533425,0.0114005952165049,0.0114005952165049,0.000570029760825243,3.15172096908848,1,1,0,-0.0274552274566133,0.0036172603248574,0.182741237082784
20200823,6,31,630,20,6.30887557747315,3.17013701639849,0.00837005897931749,0.00837005897931749,0.000418502948965874,3.15172096908848,1,1,0,-0.0368638443083,0.00265571066138454,0.13416448030029
20200823,6,32,650,20,6.44158674787201,3.1048250660611,0.0120647440119286,0.0120647440119286,0.000603237200596429,3.15172096908848,1,1,0,0.0958473260905635,0.00382798608450984,0.193386941993618
20200823,6,33,670,20,7.42450762708671,2.69378132592043,0.0223414747729907,0.0223414747729907,0.00111707373864954,3.15172096908848,0,0,1,1.07876820530527,0.00708865886038515,0.358113647641793
20200823,6,34,690,20,8.71880301145922,2.29389286278332,0.0218451786144551,0.0218451786144551,0.00109225893072276,3.15172096908848,0,0,1,2.37306358967777,0.00693119055548025,0.350158468789471
20200823,6,35,710,20,10.0919206907952,1.98178331090552,0.0465778757336296,-0.0444159555974913,0.00232889378668148,3.15172096908848,0,0,1,3.74618126901373,0.0147785531112865,0.746601249374166
20200823,6,36,730,20,10.3054493665083,1.94072080592604,0.197468690543467,-0.197468690543467,0.00987343452717334,3.15172096908848,0,0,1,3.95970994472685,0.0626542427074619,3.16524463063022
20200823,6,37,750,20,10.8676305879461,1.84032755237219,0.306708333948866,-0.306708333948866,0.0153354166974433,3.15172096908848,0,0,1,4.52189116616466,0.0973145582864114,4.91625737998954
20200823,6,38,770,20,11.8596584479141,1.68638920655574,0.369036085164561,-0.369036085164561,0.018451804258228,3.15172096908848,0,0,1,5.51391902613267,0.117090341684432,5.91531489807901
20200823,6,39,790,20,12.4225283780866,1.60997820985301,0.350463054008165,-0.350463054008165,0.0175231527004083,3.15172096908848,0,0,1,6.07678895630511,0.111197360884877,5.61760599556634
20200823,6,40,810,20,12.5174403252597,1.59777074867621,0.350559907258297,-0.350559907258297,0.0175279953629149,3.15513126023024,0,0,1,6.17855983172977,0.111107867896664,5.6130848779504
20200823,6,41,830,20,12.3925555249655,1.61387213151548,0.333604861660922,-0.333604861660922,0.0166802430830461,3.15513126023024,0,0,1,6.05367503143553,0.105734067506459,5.34160457436432
20200823,6,42,850,20,10.1119049957803,1.97786668371054,0.188372190638361,-0.188372190638361,0.00941860953191805,3.15513126023024,0,0,1,3.77302450225032,0.0597034402380505,3.01617233689962
20200823,6,43,870,20,8.56122390457426,2.33611458162121,0.0466248253974839,-0.0466248253974839,0.0023312412698742,3.15513126023024,0,0,1,2.22234341104432,0.0147774598113175,0.746546016692273
20200823,6,44,890,20,7.86219914901443,2.54381752750528,0.0244610095502576,0.0242300398157262,0.00122305047751288,3.15513126023024,0,0,1,1.52331865548449,0.00775277081450887,0.391664077845574
20200823,6,45,910,20,7.51444434927265,2.6615407700685,0.0672815996283831,0.0672815996283831,0.00336407998141915,3.15513126023024,0,0,1,1.17556385574271,0.0213245009728924,1.07729755062985
20200823,6,46,930,20,7.36723305740117,2.71472340350464,0.0933322095949227,0.0933322095949227,0.00466661047974613,3.15513126023024,0,0,1,1.02835256387122,0.0295810861409652,1.49441394596489
20200823,6,47,950,20,7.24547531298043,2.760343405514,0.0927050850775692,0.0927050850775692,0.00463525425387846,3.15513126023024,0,0,1,0.906594819450491,0.0293823227724619,1.4843725719456
20200823,6,48,970,20,7.06574668976936,2.83055717649182,0.0670008187365201,0.0670008187365201,0.00335004093682601,3.15513126023024,0,0,1,0.726866196239414,0.0212355091469731,1.07280175135132
20200823,6,49,990,20,6.9072241983842,2.8955191587206,0.0248966107985575,0.0248877726876254,0.00124483053992787,3.15513126023024,0,0,1,0.568343704854258,0.00789083202729915,0.398638825182688
20200823,6,50,1010,20,6.807931099999,2.93775006036753,0.0204533147532621,-0.0204533147532621,0.00102266573766311,3.15513126023024,0,0,1,0.469050606469055,0.00648255589587407,0.327493787419634
20200823,6,51,1030,20,6.75558903604997,2.96051164351082,0.0435978775381356,-0.0435978775381356,0.00217989387690678,3.15854893951558,0,0,1,0.42356747077153,0.0138031350385922,0.697323871118537
20200823,6,52,1050,20,6.74713364794195,2.96422170414551,0.0254330075510538,-0.0254330075510538,0.00127165037755269,3.16541633533425,0,0,1,0.428849453617119,0.00803464848119836,0.405904322918032
20200823,6,53,1070,20,6.72510704353164,2.97393035836306,0.0140798378926781,-0.0140798378926781,0.000703991894633906,3.16541633533425,1,0,0,0.406822849206804,0.0044480208607982,0.224710626737748
20200823,6,54,1090,20,6.70298637932109,2.98374468754712,0.0190895804690925,-0.0190895804690925,0.000954479023454624,3.16541633533425,0,0,1,0.384702184996257,0.00603066972770795,0.304664842313359
20200823,6,55,1110,20,6.68809774426825,2.99038691788561,0.0308878302341628,-0.0308878302341628,0.00154439151170814,3.16777491715419,0,0,1,0.374517858369258,0.00975063918427365,0.492594866517461
20200823,6,56,1130,20,6.67474773517478,2.99636792183223,0.034318549092611,-0.034318549092611,0.00171592745463055,3.16777491715419,0,0,1,0.361167849275787,0.0108336450632173,0.547307498817125
20200823,6,57,1150,20,6.68762258512925,2.99059938646545,0.00809920858613049,-0.00745249088495328,0.000404960429306524,3.16777491715419,1,0,0,0.374042699230258,0.00255675002105469,0.129165064108951
20200823,6,58,1170,20,6.69615066777141,2.98679061931209,0.0115866213440683,0.0115866213440683,0.000579331067203415,3.17013701639849,1,0,0,0.38727509029826,0.00365492762115108,0.184644160208048
20200823,6,59,1190,20,6.71162799005282,2.97990294301794,0.0221481626345461,0.0221481626345461,0.00110740813172731,3.17013701639849,0,0,1,0.402752412579673,0.00698650011654956,0.352952665696687
20200823,6,60,1210,20,6.72140819653157,2.97556693704759,0.0286604634122601,0.0286604634122601,0.00143302317061301,3.17013701639849,0,0,1,0.412532619058425,0.00904076488303352,0.4567325573852
20200823,6,61,1230,20,6.73280999548552,2.97052790935885,0.0293388608048206,0.0293388608048206,0.00146694304024103,3.17775187554187,0,0,1,0.43905240102589,0.00923258390015669,0.466423108060862
20200823,6,62,1250,20,6.69783129900293,2.98604116872536,0.0360860457532753,-0.0309894991179966,0.00180430228766376,3.17775187554187,0,0,1,0.404073704543293,0.0113558412256847,0.573688451294727
20200823,6,63,1270,20,6.65976810032191,3.00310757052235,0.134471276955344,-0.134471276955344,0.00672356384776718,3.17775187554187,0,0,1,0.366010505862278,0.0423164810287189,2.13779639774285
20200823,6,64,1290,20,6.75802394913194,2.95944497245663,0.188916370676607,-0.188916370676607,0.00944581853383034,3.17775187554187,0,0,1,0.464266354672304,0.0594496921331823,3.00335317586983
20200823,6,65,1310,20,6.8643040327708,2.9136238582263,0.176539633206688,-0.176539633206688,0.00882698166033442,3.17775187554187,0,0,1,0.570546438311169,0.0555548828608857,2.80659037731481
20200823,6,66,1330,20,6.82466410777414,2.93054715721723,0.0895623450145192,-0.0895623450145192,0.00447811725072596,3.17775187554187,0,0,1,0.530906513314505,0.0281841844556372,1.42384353655707
20200823,6,67,1350,20,6.70765552084833,2.98166772843912,0.0155945860195984,-0.00723457686101501,0.000779729300979919,3.17775187554187,1,0,0,0.413897926388699,0.00490742720966507,0.247919485646437
20200823,6,68,1370,20,6.60916189679853,3.02610229743169,0.0260299425124876,0.0260299425124876,0.00130149712562438,3.17775187554187,0,0,1,0.315404302338891,0.00819130741856584,0.413818613138694
20200823,6,69,1390,20,6.40006256894594,3.12496944905554,0.0448026250072521,-0.029895103483415,0.0022401312503626,3.17775187554187,0,0,1,0.106304974486306,0.014098843069556,0.712262815662368
20200823,6,70,1410,20,6.45219573640094,3.09971997395666,0.13195811375335,0.13195811375335,0.00659790568766748,3.17775187554187,0,0,1,0.158438141941303,0.0415256190292856,2.09784265176967
20200823,6,71,1430,20,6.58455525288468,3.03741091567848,0.0561749372005146,-0.0256577670847755,0.00280874686002573,3.17775187554187,0,0,1,0.290797658425049,0.0176775718812016,0.893057470039281
20200823,6,72,1450,20,6.46587218781656,3.09316352365971,0.0276479817084176,0.0253585207050275,0.00138239908542088,3.17775187554187,0,0,1,0.172114593356923,0.00870048474244172,0.439541863804444
20200823,6,73,1470,20,6.46162572236437,3.0951962956904,0.0326015243277302,0.0326015243277302,0.00163007621638651,3.17775187554187,0,0,1,0.16786812790474,0.0102593045664306,0.518292254277413
20200823,6,74,1490,20,6.50622229008013,3.07398043108571,0.060569979513665,0.060569979513665,0.00302849897568325,3.17775187554187,0,0,1,0.212464695620497,0.0190606384280197,0.962928938784988
20200823,6,75,1510,20,6.56018669838522,3.04869372161664,0.0741342590743308,0.0741342590743308,0.00370671295371654,3.18207422526435,0,0,1,0.274978188411354,0.0232974638007296,1.17697013028902
20200823,6,76,1530,20,6.5914699165163,3.03422457407957,0.075993439383766,0.075993439383766,0.0037996719691883,3.18207422526435,0,0,1,0.306261406542434,0.0238817305958515,1.20648684386179
20200823,6,77,1550,20,6.6633847985189,3.00147756804402,0.0917723748636786,0.0917723748636786,0.00458861874318393,3.18640834944533,0,0,1,0.386725373030798,0.0288011970843768,1.45501454470839
20200823,6,78,1570,20,6.6810279401667,2.99355131861654,0.0692833328231142,0.0692833328231142,0.00346416664115571,3.20089962773464,0,0,1,0.432784531748894,0.021644956381262,1.09348671383519
20200823,6,79,1590,20,6.70910052809859,2.98102553632002,0.100829207506134,0.100829207506134,0.00504146037530671,3.22641765802008,0,0,1,0.510275044272929,0.0312511330501485,1.57878344408291
20200823,6,80,1610,20,7.42359775806403,2.69411148769134,0.226404967430891,0.226404967430891,0.0113202483715446,3.24863167935186,0,0,1,1.26715960992954,0.0696924089209344,3.52080742819993
20200823,6,81,1630,20,8.61907780896126,2.32043386117317,0.311124819332357,0.311124819332357,0.0155562409666178,3.25995568626727,0,0,1,2.48402508899608,0.0954383584546827,4.82147319320914
20200823,6,82,1650,20,9.47043744451071,2.11183486688806,0.358985521185944,0.358985521185944,0.0179492760592972,3.27097251762881,0,0,1,3.35604794957897,0.109748864978596,5.5444290854048
20200823,6,83,1670,20,8.70622571696163,2.2972066944044,0.401467404820462,0.401467404820462,0.0200733702410231,3.27097251762881,0,0,1,2.59183622202988,0.122736404129587,6.20054967335465
20200823,6,84,1690,20,8.78255238875522,2.27724232258575,0.262008417334318,0.262008417334318,0.0131004208667159,3.27097251762881,0,0,1,2.66816289382348,0.0801010757266322,4.04664534906638
20200823,6,85,1710,20,7.98792418363314,2.50377939752846,0.213157226769251,0.213157226769251,0.0106578613384626,3.2718206277132,0,0,1,1.87511963970593,0.0651494232183001,3.29129924996796
20200823,6,86,1730,20,7.41704450129691,2.69649184341592,0.187214837529025,0.187214837529025,0.00936074187645123,3.27266917771401,0,0,1,1.30582490837423,0.0572055491596606,2.88998078175325
20200823,6,87,1750,20,7.03586793458635,2.84257751651159,0.148644015238095,0.148644015238095,0.00743220076190475,3.28158720918099,0,0,1,0.941256173531998,0.0452963781740218,2.288338532344
20200823,6,88,1770,20,6.70325456681167,2.98362531225079,0.0926596127752302,0.0926596127752302,0.00463298063876151,3.29055397676889,0,0,1,0.625250637625641,0.0281592745262352,1.42258510589249
20200823,6,89,1790,20,6.45837750435624,3.09675301366478,0.0488486596302448,0.0488486596302448,0.00244243298151224,3.28158720918099,0,0,1,0.363765743301884,0.0148856807747115,0.752013257353116
20200823,6,90,1810,20,6.29375759445963,3.17775187554187,0.0101468582194999,0.0053738884768564,0.000507342910974994,3.28158720918099,1,1,0,0.199145833405283,0.00309205807211575,0.156208419213653
20200823,6,91,1830,20,6.2244003527212,3.21316092581614,0.0179886216845017,-0.0179886216845017,0.000899431084225084,3.28158720918099,0,0,1,0.129788591666853,0.00548168326417606,0.276930464226685
20200823,6,92,1850,20,6.2043861546249,3.22352598654607,0.0272643384029136,-0.0272643384029136,0.00136321692014568,3.28158720918099,0,0,1,0.109774393570548,0.00830827787438814,0.41972787149431
20200823,6,93,1870,20,6.19548489451836,3.228157334012,0.0353090350326251,-0.0353090350326251,0.00176545175163126,3.28158720918099,0,0,1,0.100873133464007,0.0107597430090659,0.543574023317509
20200823,6,94,1890,20,6.18992464552196,3.23105710413919,0.0407502981249863,-0.0407502981249863,0.00203751490624931,3.28158720918099,0,0,1,0.0953128844676039,0.0124178623109506,0.627340947797629
20200823,6,95,1910,20,6.18979679805909,3.23112384016731,0.0399325658399254,-0.0399325658399254,0.00199662829199627,3.28158720918099,0,0,1,0.0951850370047405,0.0121686742708543,0.614752157767642
20200823,6,96,1930,20,6.1891801407512,3.23144577232689,0.0396669674541368,-0.0396669674541368,0.00198334837270684,3.28158720918099,0,0,1,0.0945683796968533,0.0120877383185671,0.610663335090491
20200823,6,97,1950,20,6.19422687353426,3.22881295895908,0.0411019169603751,-0.0411019169603751,0.00205509584801876,3.28158720918099,0,0,1,0.0996151124799107,0.0125250113254291,0.632754034415542
20200823,6,98,1970,20,6.20142873493137,3.22506326442875,0.0382413012619735,-0.0382413012619735,0.00191206506309868,3.28158720918099,0,0,1,0.106816973877017,0.0116532942214623,0.588715550132167
20200823,6,99,1990,20,6.20548133701743,3.22295707839687,0.0402162709431302,-0.0402162709431302,0.00201081354715651,3.28158720918099,0,0,1,0.11086957596308,0.0122551278937875,0.619119728964143
20200823,6,100,2010,20,6.2117513446824,3.21970389512148,0.0398427079630078,-0.0398427079630078,0.00199213539815039,3.28158720918099,0,0,1,0.117139583628046,0.0121412918271801,0.613368817564837
20200823,6,101,2030,20,6.22430197245342,3.21321171249612,0.0250374701130091,-0.0250374701130091,0.00125187350565046,3.28158720918099,0,0,1,0.129690211399066,0.00762968299088961,0.385445774727206
20200823,6,102,2050,20,6.22800731666598,3.21130001669724,0.0208743130842438,-0.0208743130842438,0.00104371565421219,3.28158720918099,0,0,1,0.133395555611629,0.00636104170135814,0.321354982845253
20200823,6,103,2070,20,6.23929822792456,3.2054887055227,0.0210394113029292,-0.0210394113029292,0.00105197056514646,3.28158720918099,0,0,1,0.144686466870213,0.00641135217862462,0.323896629845532
20200823,6,104,2090,20,6.2535679718892,3.198174240674,0.0187959354699407,-0.0187959354699407,0.000939796773497036,3.28158720918099,0,0,1,0.158956210834845,0.00572769646875597,0.289358863984008
20200823,6,105,2110,20,6.27665942548811,3.18640834944533,0.00803380568890857,0.00545024620131023,0.000401690284445428,3.28158720918099,1,1,0,0.182047664433754,0.00244814633188238,0.123678488433232
20200823,6,106,2130,20,6.27459067425423,3.18745891776871,0.0222539279107706,0.0222539279107706,0.00111269639553853,3.28158720918099,0,0,1,0.179978913199876,0.00678145253873191,0.342593818208235
20200823,6,107,2150,20,6.24966318476402,3.2001724586947,0.019209122279389,0.019209122279389,0.000960456113969448,3.28158720918099,0,0,1,0.155051423709666,0.00585360712817476,0.295719774617391
20200823,6,108,2170,20,6.21982739134751,3.21552331626152,0.0099850044586397,0.0099850044586397,0.000499250222931985,3.28158720918099,1,1,0,0.125215630293156,0.00304273628039028,0.153716719854027
20200823,6,109,2190,20,6.17782357630381,3.23738607180589,0.00468103483876559,0.00468103483876559,0.000234051741938279,3.28158720918099,1,1,0,0.0832118152494568,0.0014264544991123,0.0720633950558592
20200823,6,110,2210,20,6.11438949493174,3.27097251762881,0.00305812376713008,-0.00275412112212294,0.000152906188356504,3.28158720918099,1,1,0,0.0197777338773912,0.000931903853895542,0.0470790730578118
20200823,6,111,2230,20,6.07205045257706,3.29378027343494,0.012349129144774,-0.012349129144774,0.000617456457238699,3.28158720918099,1,1,0,-0.0225613084772922,0.00376315738622593,0.190111845523104
20200823,6,112,2250,20,6.04983692668873,3.30587423138142,0.0195462526345846,-0.0195462526345846,0.000977312631729232,3.28158720918099,0,0,1,-0.0447748343656249,0.00595634105956396,0.300909814599703
20200823,6,113,2270,20,6.03979569773753,3.31137028484124,0.0224208343472431,-0.0224208343472431,0.00112104171736215,3.28158720918099,0,0,1,-0.05481606331682,0.00683231403526795,0.345163302282413
20200823,6,114,2290,20,6.0341245337612,3.31448247183151,0.0217709930959472,-0.0217709930959472,0.00108854965479736,3.28158720918099,0,0,1,-0.0604872272931507,0.00663428752861965,0.33515915396292
20200823,6,115,2310,20,6.02627811981631,3.3187980379189,0.0206945805923367,-0.0206945805923367,0.00103472902961683,3.28158720918099,0,0,1,-0.0683336412380404,0.00630627171340712,0.318588044761091
20200823,6,116,2330,20,6.01787977889865,3.32342963548871,0.0218528192912479,-0.0218528192912479,0.0010926409645624,3.28158720918099,0,0,1,-0.0767319821557058,0.00665922247323175,0.336418848376864
20200823,6,117,2350,20,6.01285524717082,3.32620679824455,0.0204964060642084,-0.0204964060642084,0.00102482030321042,3.28158720918099,0,0,1,-0.0817565138835326,0.00624588187291352,0.315537196005972
20200823,6,118,2370,20,6.00765232873164,3.32908745473666,0.0209779386943338,-0.0209779386943338,0.00104889693471669,3.28158720918099,0,0,1,-0.0869594323227139,0.00639261959445818,0.322950273958231
20200823,6,119,2390,20,6.0002976073896,3.3331680040952,0.0236942745935572,-0.0236942745935572,0.00118471372967786,3.28158720918099,0,0,1,-0.0943141536647536,0.00722037023037724,0.364767605756122
20200823,6,120,2410,20,6.00514044276701,3.33047997638245,0.0424536007090347,-0.0424536007090347,0.00212268003545173,3.28158720918099,0,0,1,-0.0894713182873366,0.0129369107090194,0.653562877614821
20200823,6,121,2430,20,6.05404222864968,3.30357788146134,0.0499317643928318,-0.0499317643928318,0.00249658821964159,3.28158720918099,0,0,1,-0.0405695324046738,0.0152157359259374,0.768687392257393
20200823,6,122,2450,20,6.10641765339358,3.27524272580425,0.0429423196940217,-0.0429423196940217,0.00214711598470109,3.28158720918099,0,0,1,0.0118058923392264,0.013085838332707,0.661086587755742
20200823,6,123,2470,20,6.13219164222869,3.26147667373474,0.0366511194954427,-0.0366511194954427,0.00183255597477213,3.28158720918099,0,0,1,0.0375798811743389,0.0111687171966367,0.564235087841407
20200823,6,124,2490,20,6.13561767087322,3.25965551845632,0.0258826218796058,-0.0258826218796058,0.00129413109398029,3.28158720918099,0,0,1,0.0410059098188649,0.00788722658571841,0.398456681019558
20200823,6,125,2510,20,6.13505271996519,3.25995568626727,0.00579323243474203,-0.000593750934430237,0.000289661621737102,3.28158720918099,1,1,0,0.0404409589108363,0.00176537512656502,0.0891854070680926
20200823,6,126,2530,20,6.13220242917714,3.2614709365822,0.0178665685970901,0.0178665685970901,0.000893328429854506,3.28158720918099,0,0,1,0.0375906681227898,0.00544448995507549,0.275051486573477
20200823,6,127,2550,20,6.11121959292268,3.27266917771401,0.0126813561655338,0.0126813561655338,0.000634067808276691,3.28158720918099,1,1,0,0.0166078318683285,0.00386439712162908,0.195226399862025
20200823,6,128,2570,20,6.07800392918602,3.29055397676889,0.0153341218234368,0.0153341218234368,0.000766706091171839,3.28158720918099,1,1,0,-0.0166078318683267,0.0046727759605279,0.236065083225998
20200823,6,129,2590,20,6.04698017925932,3.30743601055589,0.0116307893012191,0.0116307893012191,0.000581539465060955,3.28158720918099,1,1,0,-0.0476315817950299,0.00354425726327775,0.179053178003315
20200823,6,130,2610,20,6.01880176920452,3.32292053583339,0.0141689038454334,0.0141689038454334,0.000708445192271668,3.28158720918099,1,1,0,-0.0758099918498365,0.00431769840088132,0.218126835302769
20200823,6,131,2630,20,6.00043669323293,3.33309074363792,0.0213584145567102,0.0213584145567102,0.00106792072783551,3.28158720918099,0,0,1,-0.0941750678214239,0.00650856222774003,0.328807607501786
20200823,6,132,2650,20,5.99297806569962,3.33723897880898,0.031087475535276,0.031087475535276,0.0015543737767638,3.28158720918099,0,0,1,-0.101633695354734,0.00947330470093913,0.478584139608481
20200823,6,133,2670,20,5.98281016277053,3.34291068174865,0.0287061347990872,0.0287061347990872,0.00143530673995436,3.28158720918099,0,0,1,-0.111801598283818,0.00874763733804641,0.441923977027883
20200823,6,134,2690,20,5.96445739995659,3.3531968893173,0.0197261019980216,0.0197261019980216,0.000986305099901079,3.28158720918099,0,0,1,-0.130154361097765,0.006011146661845,0.303678551892698
20200823,6,135,2710,20,5.96127645431,3.35498615997586,0.0131563509710454,0.0131563509710454,0.00065781754855227,3.28158720918099,1,1,0,-0.133335306744356,0.0040091425680346,0.202538829591364
20200823,6,136,2730,20,5.97102165680724,3.34951054434698,0.0121085358089281,0.0121085358089281,0.000605426790446404,3.28158720918099,1,1,0,-0.123590104247113,0.00368984123751204,0.186407969520027
20200823,6,137,2750,20,5.99144826939084,3.33809107593838,0.0159258357837481,0.0159258357837481,0.000796291789187404,3.28158720918099,1,1,0,-0.103163491663508,0.00485308930361257,0.245174376010759
20200823,6,138,2770,20,6.01635913655582,3.32426963651132,0.00587738961392157,0.00538577998966385,0.000293869480696078,3.28158720918099,1,1,0,-0.0782526244985311,0.00179102039326525,0.0904809864130224
20200823,6,139,2790,20,6.26083349258272,3.19446284966598,0.00326181799052041,-0.00308871773827606,0.000163090899526021,3.28158720918099,1,1,0,0.166221731528368,0.000993975714372218,0.0502148961816244
20200823,6,140,2810,20,7.20519447871516,2.77577517984864,0.0128027325752705,0.0128027325752705,0.000640136628763525,3.28158720918099,1,0,0,1.11058271766081,0.00390138422634386,0.197094960226686
20200823,6,141,2830,20,8.25824143538705,2.42182311530622,0.0701313586781051,0.0701313586781051,0.00350656793390525,3.29055397676889,0,0,1,2.18023750620102,0.0213129336802339,1.07671317981318
20200823,6,142,2850,20,8.76945861693207,2.28064249728986,0.117842704400507,0.117842704400507,0.00589213522002536,3.29055397676889,0,0,1,2.69145468774605,0.0358124210186095,1.80921623884734
20200823,6,143,2870,20,10.516010145023,1.90186199178076,0.124238123953832,0.124238123953832,0.00621190619769159,3.29055397676889,0,0,1,4.43800621583694,0.0377559902773045,1.90740387777653
20200823,6,144,2890,20,12.823703114385,1.55961190161717,0.0717482334496936,0.0606290002791577,0.00358741167248468,3.29055397676889,0,0,1,6.74569918519899,0.0218043022409697,1.1015367453264
20200823,6,145,2910,20,13.0369508335961,1.53410105286738,0.270310428121354,-0.270310428121354,0.0135155214060677,3.29055397676889,0,0,1,6.95894690441003,0.0821473922110773,4.15002369959888
20200823,6,146,2930,20,14.3364600749436,1.39504451555338,0.581356948011686,-0.581356948011686,0.0290678474005843,3.29055397676889,0,0,1,8.25845614575758,0.176674490713731,8.92546073395226
20200823,6,147,2950,20,23.4064410413534,0.854465656041638,1.16513505266369,-1.16513505266369,0.0582567526331844,3.29055397676889,0,0,1,17.3284371121674,0.354084771406113,17.8880930173249
20200823,6,148,2970,20,17.2061669288023,1.1623739373655,0.813890310500616,-0.813890310500616,0.0406945155250308,3.29055397676889,0,0,1,11.1281629996163,0.247341425257459,12.4955004545184
20200823,6,149,2990,20,10.476381579002,1.90905608479232,0.0894293571173409,-0.0527780627597542,0.00447146785586705,3.29055397676889,0,0,1,4.39837764981598,0.0271775991971889,1.37299161581083
20200823,6,150,3010,20,8.55257996347632,2.33847565125491,0.117830505291738,0.117830505291738,0.00589152526458688,3.29055397676889,0,0,1,2.47457603429029,0.0358087137070578,1.80902894829085
20200823,6,151,3030,20,8.33528483729242,2.39943809844616,0.181431653752503,0.181431653752503,0.00907158268762513,3.29055397676889,0,0,1,2.2572809081064,0.0551371152193214,2.78548507419134
20200823,6,152,3050,20,8.9303718625149,2.23954839819713,0.241627038712483,0.241627038712483,0.0120813519356242,3.29055397676889,0,0,1,2.85236793332888,0.0734305045346028,3.70965317205787
20200823,6,153,3070,20,8.76422037956627,2.28200560161973,0.201215702216436,0.201215702216436,0.0100607851108218,3.29055397676889,0,0,1,2.68621645038024,0.0611494914342713,3.0892257421706
20200823,6,154,3090,20,8.0397991806858,2.48762432375755,0.139091016773142,0.139091016773142,0.0069545508386571,3.29055397676889,0,0,1,1.96179525149978,0.0422697873230818,2.13543746729113
20200823,6,155,3110,20,7.56110922504877,2.64511454665185,0.0645697602279692,0.0645697602279692,0.00322848801139846,3.29055397676889,0,0,1,1.48310529586274,0.0196227628186098,0.991327034942165
20200823,6,156,3130,20,7.1588193684081,2.79375675942601,0.0742683130929031,-0.0742683130929031,0.00371341565464516,3.29216633466587,0,0,1,1.08379217752656,0.0225591010730145,1.13966860754506
20200823,6,157,3150,20,7.42579081033932,2.69331583811288,0.166279869659784,-0.166279869659784,0.00831399348298919,3.29216633466587,0,0,1,1.35076361945778,0.0505077364739713,2.55161238522932
20200823,6,158,3170,20,8.02790537255055,2.49130988369458,0.182284352053906,-0.182284352053906,0.00911421760269529,3.29216633466587,0,0,1,1.95287818166901,0.0553691197599851,2.79720576691516
20200823,6,159,3190,20,7.65726411485571,2.61189893674928,0.146573660200286,-0.146573660200286,0.00732868301001432,3.29378027343494,0,0,1,1.58521366227865,0.0445001329877513,2.24811283187108
20200823,6,160,3210,20,7.21185192630583,2.77321278977572,0.0582225563752596,-0.0582225563752596,0.00291112781876298,3.30059401738956,0,0,1,1.15233661038764,0.0176400236043898,0.89116055968761
20200823,6,161,3230,20,6.89825032540807,2.89928591404327,0.0110606754358856,0.00608842235528773,0.00055303377179428,3.30743601055589,1,0,0,0.85127014614875,0.00334418425650103,0.168945642055735
20200823,6,162,3250,20,6.70487518626555,2.98290414726415,0.0189623245907745,0.0189623245907745,0.000948116229538725,3.31516019192545,0,0,1,0.671984212033635,0.00571988184370697,0.288964075077338
20200823,6,163,3270,20,6.584461044916,3.03745437380064,0.0196636726848165,0.0196636726848165,0.000983183634240823,3.31516019192545,0,0,1,0.551570070684079,0.005931439673024,0.299651815514008
20200823,6,164,3290,20,6.5257582261595,3.06477796247905,0.0300677600961399,0.0300677600961399,0.00150338800480699,3.31516019192545,0,0,1,0.492867251927578,0.00906977592496864,0.458198173131972
20200823,6,165,3310,20,6.48666417411641,3.08324887232571,0.0285768054261025,0.0285768054261025,0.00142884027130513,3.31516019192545,0,0,1,0.453773199884495,0.00862003757637577,0.435477734234982
20200823,6,166,3330,20,6.45351807379961,3.09908483578859,0.0191683968442521,0.0191683968442521,0.000958419842212605,3.31516019192545,0,0,1,0.420627099567696,0.00578204241560921,0.292104379834816
20200823,6,167,3350,20,6.45547813003509,3.09814387054415,0.0290229061804703,0.0290229061804703,0.00145114530902351,3.31516019192545,0,0,1,0.422587155803171,0.00875460143710695,0.442275798009288
20200823,6,168,3370,20,6.48656168151842,3.08329758999813,0.0445903555472811,0.0445903555472811,0.00222951777736406,3.31516019192545,0,0,1,0.453670707286506,0.0134504376759492,0.679505868935421
20200823,6,169,3390,20,6.48108512612339,3.08590299476021,0.0258683488672083,0.0258683488672083,0.00129341744336041,3.31516019192545,0,0,1,0.448194151891471,0.00780304641996317,0.394203963148456
20200823,6,170,3410,20,6.42321245894027,3.1137067515434,0.012344853034958,-0.012344853034958,0.000617242651747898,3.31516019192545,1,0,0,0.390321484708352,0.00372375762264087,0.188121399469546
20200823,6,171,3430,20,6.40426994075483,3.12291645808464,0.0624840515802035,-0.0624840515802035,0.00312420257901017,3.32292053583339,0,0,1,0.385468171550315,0.0188039560098997,0.949961538484184
20200823,6,172,3450,20,6.39048068409784,3.12965502732342,0.0424458137870853,0.0323731819033212,0.00212229068935427,3.3311660195508,0,0,1,0.386576981124506,0.0127420289285999,0.643717598469711
20200823,6,173,3470,20,6.42037588924131,3.11508241028601,0.0090763967576998,-0.0090763967576998,0.00045381983788499,3.33809107593838,1,0,0,0.428927619850469,0.00271903808231126,0.137363733381934
20200823,6,174,3490,20,7.08437158976039,2.82311560688143,0.00342172784033981,-0.00342172784033981,0.00017108639201699,3.34379106043971,1,0,0,1.10313662666135,0.00102330790964249,0.0516967363503313
20200823,6,175,3510,20,8.16538093413988,2.44936521165583,0.0204271851627398,-0.0204271851627398,0.00102135925813699,3.34951054434698,0,0,1,2.19435927733264,0.00609855824971655,0.3080945187484
20200823,6,176,3530,20,9.24166997546649,2.16411103762558,0.167309144764854,-0.167309144764854,0.00836545723824269,3.35224611617206,0,0,1,3.27552091990788,0.0499095648012577,2.52139320782912
20200823,6,177,3550,20,9.88191905733584,2.02389838289082,0.377815578611937,-0.377815578611937,0.0188907789305968,3.35224611617206,0,0,1,3.91577000177722,0.112705202875547,5.69378102471947
20200823,6,178,3570,20,10.6162369720782,1.88390670372204,0.454274991185424,-0.454274991185424,0.0227137495592712,3.35498615997586,0,0,1,4.65496051776825,0.135402940436778,6.84045344207808
20200823,6,179,3590,20,10.0917037093413,1.98182592117593,0.426704366361459,-0.426704366361459,0.0213352183180729,3.415876340381,0,0,1,4.23669082038845,0.124917978240941,6.31076113620045
20200823,6,180,3610,20,8.82959564438715,2.26510938954647,0.212780195805142,-0.212780195805142,0.0106390097902571,3.48858563978269,0,0,1,3.09661326553237,0.0609932556560075,3.08133282962562
20200823,6,181,3630,20,7.71693054107004,2.59170403226498,0.0776335804968373,-0.0776335804968373,0.00388167902484186,3.50572849401433,0,0,1,2.01198218749732,0.0221447783618693,1.11873733968307
20200823,6,182,3650,20,7.08330785913017,2.82353956622408,0.077516622774278,-0.077516622774278,0.0038758311387139,3.52296296140483,0,0,1,1.40626832760336,0.0220032465920014,1.11158726244521
20200823,6,183,3670,20,6.74665608781834,2.96443152573194,0.0961221327252873,-0.0961221327252873,0.00480610663626436,3.53609467247286,0,0,1,1.09069892250477,0.0271831332666405,1.37327119278536
20200823,6,184,3690,20,6.59194976950153,3.03400370138324,0.0859627566627654,-0.0859627566627654,0.00429813783313827,3.53866009838211,0,0,1,0.94009300904463,0.0242924593695981,1.22723654874318
20200823,6,185,3710,20,6.49252662236336,3.08046484262544,0.0724545317979219,-0.0724545317979219,0.00362272658989609,3.53742029189657,0,0,1,0.838688980900315,0.0204823079586836,1.03475060087857
20200823,6,186,3730,20,6.44007094335234,3.10555585115793,0.0280584072598187,-0.0280584072598187,0.00140292036299093,3.53618135386503,0,0,1,0.784252420883149,0.00793466297455332,0.400853131260881
20200823,6,187,3750,20,6.37772823817158,3.13591286005215,0.00833921762239416,0.00756954695887235,0.000416960881119708,3.53485666266871,1,0,0,0.719790191851871,0.00235913883311419,0.119181897374311
20200823,6,188,3770,20,6.309097824839,3.17002534360138,0.0103896133466542,0.0103896133466542,0.00051948066733271,3.5351975529006,1,0,0,0.651705359292009,0.0029389060133654,0.148471293830255
20200823,6,189,3790,20,6.25502482331626,3.19742935718623,0.0165977935356267,-0.0163132522323042,0.000829889676781335,3.53421429919042,1,0,0,0.596058414691469,0.00469631780377006,0.237254399219575
20200823,6,190,3810,20,6.92675690053898,2.88735410917103,0.0768284496310942,-0.0768284496310942,0.00384142248155471,3.53421429919042,0,0,1,1.26779049191418,0.0217384807844542,1.09821149546601
20200823,6,191,3830,20,7.63114357735139,2.62083917007647,0.0368247967449093,-0.00598000892223327,0.00184123983724546,3.53416090148199,0,0,1,1.97209166728885,0.0104196718178472,0.526393885699969
20200823,6,192,3850,20,8.73972198781848,2.28840231163831,0.0461950368561138,-0.0461950368561138,0.00230975184280569,3.53410750538708,0,0,1,3.08058457631819,0.0130712030649034,0.660347225171001
20200823,6,193,3870,20,10.037505025673,1.9925270222875,0.0504127416478001,-0.0504127416478001,0.00252063708239,3.53382021113454,0,0,1,4.37790753483773,0.0142657913068008,0.720696913477572
20200823,6,194,3890,20,11.566723324853,1.72909815842372,0.0448345933807929,-0.0448345933807929,0.00224172966903965,3.53353296358759,0,0,1,5.90666575468276,0.0126883189835231,0.641004212944333
20200823,6,195,3910,20,13.4436296735096,1.48769346416985,0.0661958181233525,-0.0661958181233525,0.00330979090616763,3.53348335767349,0,0,1,7.78349264284634,0.0187338700717518,0.946420850259107
20200823,6,196,3930,20,15.7855001195089,1.26698551509828,0.0728281474879124,-0.0728281474879124,0.00364140737439562,3.53343375315217,0,0,1,10.1252836283527,0.020611154071572,1.0412598083859
20200823,6,197,3950,20,18.5762511212251,1.07664349870616,0.0573254673627441,-0.0573254673627441,0.00286627336813721,3.5333797965357,0,0,1,12.9159481955082,0.0162239755315715,0.819622889363671
20200823,6,198,3970,20,32.0979083690322,0.623093560180259,0.0906833970574931,0.0894634048907173,0.00453416985287465,3.53332584156706,0,0,1,26.4375190087546,0.025665166792903,1.29658468245743
20200823,6,199,3990,20,46.7698982065867,0.42762547636213,0.0300923269439023,0.0254169966278896,0.00150461634719512,3.5332715224747,0,0,1,41.1094218257645,0.00851684529549704,0.43026453878549
20200823,6,200,4010,20,47.7864840660254,0.418528384979453,0.0392293822100346,-0.0392293822100346,0.00196146911050173,3.53288800215992,0,0,1,42.1253931999203,0.0111040548656088,0.560968396117979
20200823,6,201,4030,20,50.3734041696785,0.397034910180613,0.0707633056437235,0.0254664628911682,0.00353816528218618,3.53250456509482,0,0,1,44.7116988182904,0.0200320493122488,1.01200387693081
20200823,6,202,4050,20,40.9617991035577,0.488259803956289,0.278610709888081,-0.278610709888081,0.0139305354944041,3.53246857498423,0,0,1,35.3000360685987,0.0788713909194012,3.98452260900505
20200823,6,203,4070,20,13.6494687014299,1.46525849741718,0.100445257576879,-0.0921306959555243,0.00502226287884394,3.53243258560699,0,0,1,7.98764798289994,0.0284351520213425,1.43652222686572
20200823,6,204,4090,20,8.94448292974789,2.23601522380721,0.152396539667199,0.152396539667199,0.00761982698335995,3.53065343689821,0,0,1,3.27980913566103,0.0431638342281151,2.18060403612033
20200823,6,205,4110,20,7.70972165999706,2.59412737346573,0.116081419494135,0.116081419494135,0.00580407097470675,3.52887607946304,0,0,1,2.04219479035328,0.03289472820247,1.66181661958717
20200823,6,206,4130,20,7.14988247469,2.79724877587826,0.129212306934805,0.129212306934805,0.00646061534674025,3.52613724537972,0,0,1,1.47795350306365,0.0366441513597099,1.85123462232046
20200823,6,207,4150,20,6.86627817972999,2.91278615233537,0.137183866399741,0.137183866399741,0.00685919331998704,3.52454938868554,0,0,1,1.1917939281534,0.0389223844727858,1.96632922432781
20200823,6,208,4170,20,6.71688744432481,2.97756962071745,0.140705241718037,0.140705241718037,0.00703526208590186,3.52296296140483,0,0,1,1.039847912798,0.0399394609763167,2.01771115478658
20200823,6,209,4190,20,6.6640979991605,3.001156345918,0.142960793310988,0.142960793310988,0.00714803966554938,3.52212676908719,0,0,1,0.985710674906613,0.0405893378301196,2.05054243856212
20200823,6,210,4210,20,6.63424767560036,3.01465983453657,0.126291303724219,0.126291303724219,0.00631456518621096,3.52296296140483,0,0,1,0.957208144073547,0.0358480361865226,1.8110154900095
20200823,6,211,4230,20,6.49284780896483,3.08031245894683,0.0844376081817513,0.0844376081817513,0.00422188040908757,3.52296296140483,0,0,1,0.815808277438009,0.0239677819797687,1.21083409424951
20200823,6,212,4250,20,6.29450632786643,3.17737388100762,0.0496903847715039,0.0496903847715039,0.00248451923857519,3.52296296140483,0,0,1,0.617466796339613,0.0141047139342303,0.712559407275073
20200823,6,213,4270,20,6.1609593102487,3.24624770151138,0.0241774458267742,0.0241774458267742,0.00120887229133871,3.52381064511314,0,0,1,0.485285440616622,0.00686116487567338,0.346620824769898
20200823,6,214,4290,20,6.06420506477207,3.29804150525568,0.00710417033702475,-0.00428230668931766,0.000355208516851238,3.52465873685333,1,0,0,0.389896857034728,0.00201556260262718,0.101824687842009
20200823,6,215,4310,20,5.99769797253521,3.33461272834752,0.021103609166323,-0.021103609166323,0.00105518045831615,3.52539783609946,0,0,1,0.324579382853358,0.00598616387354236,0.30241644045194
20200823,6,216,4330,20,5.93084058181717,3.37220326935042,0.0293749933315002,-0.0293749933315002,0.00146874966657501,3.52613724537972,0,0,1,0.258911610190808,0.00833064378591336,0.420857780313014
20200823,6,217,4350,20,5.84256216821132,3.42315570193119,0.0309118675402799,-0.0309118675402799,0.001545593377014,3.52750613079856,0,0,1,0.172834247576248,0.0087630939236049,0.442704831960171
20200823,6,218,4370,20,5.78198829530334,3.45901772513892,0.0247848126191025,-0.0247848126191025,0.00123924063095512,3.52887607946304,0,0,1,0.114461425659556,0.00702342957389247,0.354818313760019
20200823,6,219,4390,20,5.7487493235958,3.47901758699232,0.0151148026700944,-0.0151148026700944,0.000755740133504721,3.53065343689821,1,1,0,0.0840755295089366,0.0042810213294039,0.216273937581171
20200823,6,220,4410,20,5.71721543411377,3.49820646615186,0.0153807308729517,-0.0153807308729517,0.000769036543647583,3.53243258560699,1,1,0,0.0553947155838159,0.00435414703613055,0.219968192600073
20200823,6,221,4430,20,5.69268127303167,3.51328294010546,0.015781736881306,-0.015781736881306,0.000789086844065299,3.53246857498423,1,1,0,0.0309182380726716,0.00446762272510136,0.225700897995603
20200823,6,222,4450,20,5.67703953152682,3.52296296140483,0.016169853381598,-0.016169853381598,0.000808492669079899,3.53250456509482,1,1,0,0.0153341801387796,0.00457744727108766,0.231249150427886
20200823,6,223,4470,20,5.66005757017024,3.53353296358759,0.0145783924219773,-0.0145783924219773,0.000728919621098865,3.53288800215992,1,1,0,-0.00103329593491797,0.00412648020912761,0.208466637867247
20200823,6,224,4490,20,5.65185676045689,3.53866009838211,0.00393879154848351,-0.00130708118756981,0.000196939577424176,3.5332715224747,1,1,0,-0.00861962036537989,0.00111477182645867,0.0563174237784841
20200823,6,225,4510,20,5.64356363003139,3.54386010526628,0.0104018137914805,0.0104018137914805,0.000520090689574027,3.53329868181211,1,1,0,-0.0168692405185311,0.0029439384349318,0.148725527935621
20200823,6,226,4530,20,5.63960382457503,3.54634840001497,0.0172283464221575,0.0172283464221575,0.000861417321107874,3.53329868181211,0,0,1,-0.0208290459748923,0.00487599491966007,0.246331550290945
20200823,6,227,4550,20,5.63762767207436,3.54759149829436,0.021775953897934,0.021775953897934,0.0010887976948967,3.53329868181211,0,0,1,-0.0228051984755666,0.00616306626157227,0.311353414384762
20200823,6,228,4570,20,5.64212365182925,3.54476456635539,0.0209956640067833,0.0209956640067833,0.00104978320033917,3.53332584156706,0,0,1,-0.0182657084483253,0.00594218165779797,0.300194492404811
20200823,6,229,4590,20,5.64578794905719,3.54246390060396,0.0248032965099775,0.0248032965099775,0.00124016482549887,3.5333797965357,0,0,1,-0.0145149766597106,0.00701970859014248,0.354630332494484
20200823,6,230,4610,20,5.64758148752571,3.54133889775219,0.0224218262482968,0.0224218262482968,0.00112109131241484,3.53343375315217,0,0,1,-0.0126350036305212,0.00634561953462246,0.320575866725684
20200823,6,231,4630,20,5.63949751655628,3.54641525087733,0.0119565179463779,0.0119565179463779,0.000597825897318893,3.53348335767349,1,1,0,-0.0206395141069606,0.00338377649930414,0.170945812012817
20200823,6,232,4650,20,5.63244702164093,3.55085452613335,0.00462198765087703,0.00462198765087703,0.000231099382543851,3.53353296358759,1,1,0,-0.0276105485293101,0.00130803580962899,0.0660809730385127
20200823,6,233,4670,20,5.64007112401509,3.54605457275905,0.00377272093478025,0.00377272093478025,0.000188636046739012,3.53376877998742,1,1,0,-0.0196087376851892,0.00106761963491954,0.0539353309681296
20200823,6,234,4690,20,5.64893494256171,3.54049041161913,0.0068532305383981,0.0068532305383981,0.000342661526919905,3.53376877998742,1,1,0,-0.010744919138574,0.00193935454328806,0.097974714716323
20200823,6,235,4710,20,5.65581852246919,3.53618135386503,0.00897263588982926,0.00897263588982926,0.000448631794491463,3.53376877998742,1,1,0,-0.00386133923109355,0.00253911233260179,0.128274021519338
20200823,6,236,4730,20,5.66038936027758,3.53332584156706,0.00940449662066664,0.00940449662066664,0.000470224831033332,3.53376877998742,1,1,0,0.000709498577293743,0.00266132200667077,0.134447961191133
20200823,6,237,4750,20,5.66182071852995,3.53243258560699,0.00820457721153343,0.00820457721153343,0.000410228860576671,3.53400462786459,1,1,0,0.00251856529962513,0.00232160907397878,0.117285922521549
20200823,6,238,4770,20,5.65896640862479,3.53421429919042,0.0028930422079338,-0.0019972490336317,0.00014465211039669,3.53400462786459,1,1,0,-0.000335744605535204,0.0008186299998373,0.0413565642083682
20200823,6,239,4790,20,5.6591374115003,3.53410750538708,0.00692968509172691,-0.00692968509172691,0.000346484254586346,3.53405606587713,1,1,0,-8.2370865015946e-05,0.00196083054783315,0.0990596661120509
20200823,6,240,4810,20,5.66021649115623,3.53343375315217,0.0105520041852712,-0.0105520041852712,0.000527600209263559,3.53405606587713,1,1,0,0.00099670879092173,0.00298580554144441,0.150840622275007
20200823,6,241,4830,20,5.66047638082227,3.5332715224747,0.0123934284639013,-0.0123934284639013,0.000619671423195065,3.53405606587713,1,1,0,0.00125659845696191,0.00350685677671198,0.17716373390233
20200823,6,242,4850,20,5.66170535138804,3.53250456509482,0.0121499984540015,-0.0121499984540015,0.000607499922700074,3.53405606587713,1,1,0,0.00248556902272412,0.00343797558032966,0.173683908313846
20200823,6,243,4870,20,5.66752686964378,3.52887607946304,0.0129310595436165,-0.0129310595436165,0.000646552977180823,3.53405606587713,1,1,0,0.00830708727846741,0.0036589853988089,0.18484915604534
20200823,6,244,4890,20,5.67192897162636,3.52613724537972,0.0128673374972243,-0.0128673374972243,0.000643366874861216,3.53405606587713,1,1,0,0.0127091892610451,0.00364095454553314,0.18393825106827
20200823,6,245,4910,20,5.67973511698096,3.52129097362394,0.00529543311892487,-0.00529543311892487,0.000264771655946243,3.53405606587713,1,1,0,0.0205153346156521,0.0014984009931406,0.0756980771472069
20200823,6,246,4930,20,5.68427198239442,3.51848047770143,0.00189913935342836,0.00126736424228651,9.49569676714179e-05,3.53405606587713,1,1,0,0.0250522000291085,0.000537382349919512,0.027148147103462
20200823,6,247,4950,20,5.68608355645938,3.51735949734331,0.00757356174393453,0.00757356174393453,0.000378678087196727,3.53405606587713,1,1,0,0.0268637740940676,0.00214302252221197,0.108263865919222
20200823,6,248,4970,20,5.68310930645293,3.5192003041875,0.00774327003916766,0.00774327003916766,0.000387163501958383,3.53405606587713,1,1,0,0.0238895240876218,0.00219104334929271,0.110689841535677
20200823,6,249,4990,20,5.69776378538336,3.51014902571191,0.00421706804663109,0.00421706804663109,0.000210853402331554,3.53405606587713,1,1,0,0.0385440030180462,0.00119326574565377,0.0602828768034207
20200823,6,250,5010,20,5.71341270049811,3.50053480265067,0.00299396479163168,0.00299396479163168,0.000149698239581584,3.53405606587713,1,1,0,0.0541929181327987,0.000847175238825361,0.0427986479449617
20200823,6,251,5030,20,5.7168004175453,3.49846042178042,0.00186310663584872,0.00186310663584872,9.31553317924361e-05,3.53410750538708,1,1,0,0.0576630060450043,0.000527178823227298,0.0266326727049153
20200823,6,252,5050,20,5.7154801422796,3.49926856574172,0.00286034578554735,-0.00275697427852815,0.000143017289277367,3.53410750538708,1,1,0,0.0563427307793063,0.00080935449224091,0.0408879726278598
20200823,6,253,5070,20,5.71362780727145,3.50040301444679,0.00844334911409348,-0.00844334911409348,0.000422167455704674,3.53410750538708,1,1,0,0.054490395771154,0.00238910364249621,0.120695696726211
20200823,6,254,5090,20,5.70218933621572,3.5074247487673,0.0110793219656174,-0.0110793219656174,0.000553966098280871,3.53410750538708,1,1,0,0.043051924715428,0.00313497027148413,0.158376310848279
20200823,6,255,5110,20,5.6958545074026,3.51132564464332,0.00839785631793912,-0.00839785631793912,0.000419892815896956,3.53410750538708,1,1,0,0.0367170959023042,0.00237623114326267,0.120045387867288
20200823,6,256,5130,20,5.69559628589604,3.51148483777297,0.00285188221604571,0.00129370121480612,0.000142594110802285,3.53410750538708,1,1,0,0.0364588743957484,0.000806959667100832,0.0407669878854327
20200823,6,257,5150,20,5.69163594786437,3.51392818922378,0.00995589293351289,0.00995589293351289,0.000497794646675644,3.53410750538708,1,1,0,0.0324985363640735,0.00281708830824671,0.142317156131345
20200823,6,258,5170,20,5.68767190031599,3.51637723668429,0.0141089191467699,0.0141089191467699,0.000705445957338495,3.53410750538708,1,1,0,0.0285344888156942,0.00399221560896592,0.201683692509024
20200823,6,259,5190,20,5.67994355749101,3.52116175056404,0.0147324029866025,0.0147324029866025,0.000736620149330127,3.53410750538708,1,1,0,0.0208061459907185,0.00416863464513906,0.210596247874113
20200823,6,260,5210,20,5.67430820773734,3.52465873685333,0.0151973475880501,0.0151973475880501,0.000759867379402504,3.53410750538708,1,1,0,0.0151707962370438,0.0043001939145554,0.217242521983179
20200823,6,261,5230,20,5.6728283142038,3.52557822875115,0.0175972540213512,0.0175972540213512,0.000879862701067562,3.53410750538708,0,0,1,0.0136909027035017,0.00497926392859514,0.251548621983415
20200823,6,262,5250,20,5.66758847615552,3.52883772068902,0.0174084244962478,0.0174084244962478,0.00087042122481239,3.53410750538708,0,0,1,0.00845106465521894,0.00492583331709971,0.248849348177859
20200823,6,263,5270,20,5.65930215323033,3.53400462786459,0.0110920022776287,0.0110920022776287,0.000554600113881436,3.53410750538708,1,1,0,0.000164741730031892,0.00313855825288876,0.158557572936608
20200823,6,264,5290,20,5.64911337224885,3.54037858369945,0.00321388147188757,0.00321388147188757,0.000160694073594378,3.53410750538708,1,1,0,-0.0100240392514479,0.000909389843684329,0.0459416824062685
20200823,6,265,5310,20,5.63910289036221,3.54666343013212,0.0026730506065173,-0.00245679754801862,0.000133652530325865,3.53410750538708,1,1,0,-0.0200345211380863,0.000756358034508781,0.0382106319398195
20200823,6,266,5330,20,5.63138784067087,3.55152238948213,0.00698609722293164,-0.00698609722293164,0.000349304861146582,3.53410750538708,1,1,0,-0.0277495708294282,0.00197676420773354,0.0998646224768016
20200823,6,267,5350,20,5.62729360941194,3.5541063587919,0.00560920561840161,-0.00560920561840161,0.000280460280920081,3.53410750538708,1,1,0,-0.0318438020883605,0.00158716326819471,0.0801822796908294
20200823,6,268,5370,20,5.62130657297121,3.55789170015482,0.00324343191955445,-0.00324343191955445,0.000162171595977723,3.53410750538708,1,1,0,-0.0378308385290893,0.000917751345880241,0.046364099129956
20200823,6,269,5390,20,5.61540991516176,3.56162778891697,0.00196307019307436,-0.00196307019307436,9.81535096537178e-05,3.53410750538708,1,1,0,-0.0437274963385335,0.00055546419855141,0.0280616283270913
20200823,6,270,5410,20,5.60779479304847,3.56646431228054,0.000501329944667495,8.03968581882142e-05,2.50664972333747e-05,3.53421429919042,1,1,0,-0.0511716155763233,0.000141850465825554,0.00716617751495473
20200823,6,271,5430,20,5.60266422532823,3.5697302561137,0.00284275526816304,0.00284275526816304,0.000142137763408152,3.53618135386503,1,1,0,-0.0531542971409635,0.00080390539502617,0.0406126883860365
20200823,6,272,5450,20,5.59826008341633,3.57253855697876,0.00110723732799891,0.000107370993003864,5.53618663999456e-05,3.53742029189657,1,1,0,-0.0555775580467071,0.00031300700415366,0.0158128754962835
20200823,6,273,5470,20,5.59521227547566,3.57448457990805,0.00111076839951636,-0.000545512056458186,5.5538419975818e-05,3.53866009838211,1,1,0,-0.0566444849812351,0.000313895194405421,0.0158577461914492
20200823,6,274,5490,20,5.60291225103447,3.56957223385167,0.00764268571311808,0.00764268571311808,0.000382134285655904,3.53951913245372,1,1,0,-0.0475728153184036,0.00215924407444011,0.109083366385142
20200823,6,275,5510,20,5.60334122124186,3.56929896115936,0.0151334557164891,0.0151334557164891,0.000756672785824455,3.54037858369945,1,1,0,-0.045772151006986,0.00427453035281772,0.215946018386889
20200823,6,276,5530,20,5.60687633119187,3.56704853444637,0.0194908598589826,0.0194908598589826,0.000974542992949132,3.53827872405751,0,0,1,-0.0455896161671481,0.00550857108188231,0.278288816302241
20200823,6,277,5550,20,5.6106453876464,3.56465230257401,0.0200057660259092,0.0200057660259092,0.00100028830129546,3.53827872405751,0,0,1,-0.041820559712618,0.00565409556061417,0.285640602151476
20200823,6,278,5570,20,5.60943978478781,3.56541843166546,0.0159675404565157,0.0159675404565157,0.000798377022825787,3.53827872405751,1,1,0,-0.0430261625712083,0.00451279893467663,0.227983165701846
20200823,6,279,5590,20,5.6070552504957,3.56693471109133,0.0163740055788484,0.0163740055788484,0.000818700278942419,3.54037858369945,1,1,0,-0.0420581217531435,0.00462493069363748,0.23364797677667
20200823,6,280,5610,20,5.60645262522348,3.5673181130649,0.0162444781493032,0.0162444781493032,0.00081222390746516,3.54037858369945,1,1,0,-0.0426607470253657,0.00458834493692164,0.231799692207291
20200823,6,281,5630,20,5.60329403764217,3.56932901711791,0.0156695989995335,0.0156695989995335,0.000783479949976673,3.54043449677624,1,1,0,-0.0457301197631068,0.00442589716426091,0.223592954435788
20200823,6,282,5650,20,5.60223128742564,3.57000612325495,0.0155068654789772,0.0155068654789772,0.000775343273948859,3.54635897531264,1,1,0,-0.0373557197630126,0.00437261585387309,0.220901223208497
20200823,6,283,5670,20,5.59747675638846,3.57303850831963,0.013990599469349,0.013990599469349,0.000699529973467452,3.55975876424788,1,1,0,-0.0208814876780261,0.00393020999340247,0.198551216027783
20200823,6,284,5690,20,5.59442260671676,3.57498912863459,0.0176342348586646,0.0176342348586646,0.000881711742933231,3.56352210223177,0,0,1,-0.0180022432580245,0.00494854089655305,0.249996517800113
20200823,6,285,5710,20,5.58597125483038,3.58039794470931,0.0197580119049495,0.0197580119049495,0.000987900595247477,3.56541843166546,0,0,1,-0.0234685299574267,0.00554156890239676,0.279955841066925
20200823,6,286,5730,20,5.57527681800775,3.58726582604857,0.0208996246820569,0.0208996246820569,0.00104498123410284,3.56594129528454,0,0,1,-0.0333404709103888,0.00586089981618423,0.296088195662277
20200823,6,287,5750,20,5.5539886517804,3.60101564010016,0.0128823190657889,0.0128823190657889,0.000644115953289446,3.56646431228054,1,1,0,-0.053806141268069,0.003612070088976,0.1824790303184
20200823,6,288,5770,20,5.52439764449628,3.62030420093404,0.00221226757831201,0.000820027874961182,0.000110613378915601,3.56669949617614,1,1,0,-0.0830273772758128,0.000620256228674096,0.0313348723500222
20200823,6,289,5790,20,5.50126397527038,3.63552814224245,0.00248188872575885,0.0019936313708977,0.000124094436287943,3.56693471109133,1,1,0,-0.105791275225329,0.000695804360545613,0.0351515064425764
20200823,6,290,5810,20,5.48475638865284,3.64647006772754,0.0112717540095482,0.0112717540095482,0.000563587700477408,3.56712640177591,1,1,0,-0.121997549206753,0.00315989755898094,0.15963561843059
20200823,6,291,5830,20,5.4548941051562,3.66643231095818,0.00876625616189073,0.00861563819330002,0.000438312808094536,3.5673181130649,1,1,0,-0.151558520067283,0.00245737999361069,0.124144965992351
20200823,6,292,5850,20,5.41287080220536,3.69489698365818,0.0169347762094879,-0.0169347762094879,0.000846738810474394,3.56830826220883,1,1,0,-0.19202612102731,0.00474588375360963,0.2397584332612
20200823,6,293,5870,20,5.39782565956148,3.70519562160606,0.0355406647649243,-0.0355406647649243,0.00177703323824622,3.56929896115936,0,0,1,-0.205515561680385,0.00995732359538193,0.503036405577313
20200823,6,294,5890,20,5.40914365726076,3.69744293501131,0.0410958745025889,-0.0410958745025889,0.00205479372512944,3.56931398907536,0,0,1,-0.194173972181261,0.0115136619048847,0.581661431828104
20200823,6,295,5910,20,5.42620273577404,3.68581878965623,0.0354028003393631,-0.0354028003393631,0.00177014001696816,3.56932901711791,0,0,1,-0.177091301868131,0.00991861500286948,0.50108087696002
20200823,6,296,5930,20,5.43135120642182,3.68232493902305,0.0397291568835247,-0.0397291568835247,0.00198645784417623,3.56945062134169,0,0,1,-0.171751937916496,0.0111303281927994,0.562295704600617
20200823,6,297,5950,20,5.44079521149933,3.67593324551698,0.0457052823523516,-0.0457052823523516,0.00228526411761758,3.56957223385167,0,0,1,-0.162117039535133,0.012804134321449,0.646855115623444
20200823,6,298,5970,20,5.44927123917296,3.67021554299349,0.0502445836807852,-0.0502445836807852,0.00251222918403926,3.56965124323384,0,0,1,-0.153516999008388,0.0140754881239511,0.711082941595104
20200823,6,299,5990,20,5.45726954041857,3.66483638967666,0.0535733817639781,-0.0535733817639781,0.00267866908819891,3.56986818435481,0,0,1,-0.145178215958367,0.0150071036232562,0.758147447198588
20200823,6,300,6010,20,5.46741948652107,3.65803283419287,0.0462476485280121,-0.0462476485280121,0.00231238242640061,3.57127189117178,0,0,1,-0.13282619889992,0.0129499097064933,0.654219577068519
20200823,6,301,6030,20,5.49129356860794,3.64212908126674,0.0115320829574581,-0.00939299563925395,0.000576604147872906,3.57278851515926,1,1,0,-0.106574851294454,0.00322775415016247,0.163063681744563
20200823,6,302,6050,20,5.48858256834728,3.64392805445621,0.0244654929980348,0.0244654929980348,0.00122327464990174,3.57376139783078,0,0,1,-0.107761947584777,0.0068458663784563,0.345847956340235
20200823,6,303,6070,20,5.4876659388492,3.64453671613147,0.0496881239710441,0.0496881239710441,0.0024844061985522,3.5868208990154,0,0,1,-0.0883024641145767,0.0138529704632545,0.699841518823003
20200823,6,304,6090,20,5.48859967440058,3.64391669760179,0.0642013654268866,0.0642013654268866,0.00321006827134433,3.60012893357431,0,0,1,-0.0667569167155762,0.0178330739291455,0.900913315087234
20200823,6,305,6110,20,5.50102185170863,3.63568815742624,0.0746512851091413,0.0746512851091413,0.00373256425545706,3.60606022396173,0,0,1,-0.0451972233647666,0.0207016190725531,1.04583003134673
20200823,6,306,6130,20,5.51246942516582,3.62813803713721,0.0793237271672777,0.0793237271672777,0.00396618635836389,3.61364611743807,0,0,1,-0.0221068310668215,0.0219511608467946,1.10895593026044
20200823,6,307,6150,20,5.53455152712104,3.61366226368907,0.0857492403003017,0.0857492403003017,0.00428746201501509,3.61641660950847,0,0,1,0.00421524135822438,0.0237111067554677,1.19786705737496
20200823,6,308,6170,20,5.54853840954684,3.60455286127026,0.0780401195011283,0.0780401195011283,0.00390200597505642,3.61847939998244,0,0,1,0.021354808585329,0.0215671034361856,1.08955364233463
20200823,6,309,6190,20,5.54270118167233,3.60834895197537,0.0691082535966802,0.0691082535966802,0.00345541267983401,3.62031384071295,0,0,1,0.0183182469427265,0.0190890228409233,0.964362897710262
20200823,6,310,6210,20,5.53733768310303,3.61184402046298,0.0686807745585664,0.0686807745585664,0.00343403872792832,3.62070961539699,0,0,1,0.013558610914969,0.0189688712584138,0.958292931256823
20200823,6,311,6230,20,5.53535951011054,3.61313478618132,0.0686478065258144,0.0686478065258144,0.00343239032629072,3.62396862031143,0,0,1,0.0165479266147495,0.0189427154918121,0.956971561845617
20200823,6,312,6250,20,5.51930671633454,3.6236435168224,0.0576895048244219,0.0576895048244219,0.00288447524122109,3.62684596985245,0,0,1,0.00487346875615913,0.0159062461720063,0.803571444068051
20200823,6,313,6270,20,5.49999593205712,3.63636632591464,0.0507033799797776,0.0507033799797776,0.00253516899898888,3.63118186627643,0,0,1,-0.00785267936726086,0.013963327050807,0.705416649590067
20200823,6,314,6290,20,5.48629127611821,3.64544990293532,0.046209728640089,0.046209728640089,0.00231048643200445,3.63865353586295,0,0,1,-0.0102474305429041,0.0126996781047278,0.641578067097672
20200823,6,315,6310,20,5.47496343317971,3.65299243439596,0.0433388456054256,0.0433388456054256,0.00216694228027128,3.64195668636801,0,0,1,-0.016590070150186,0.0118998794707374,0.601172849151882
20200823,6,316,6330,20,5.46339901890224,3.66072474860506,0.0405636063281523,0.0405636063281523,0.00202818031640762,3.6442982817821,0,0,1,-0.024625959728156,0.0111307042376115,0.562314702098169
20200823,6,317,6350,20,5.46077617849824,3.66248301454834,0.0427152674146644,0.0427152674146644,0.00213576337073322,3.65220998558741,0,0,1,-0.0153602098598631,0.0116957315113945,0.590859449703719
20200823,6,318,6370,20,5.4574444929367,3.66471890385418,0.0405504687221331,0.0405504687221331,0.00202752343610666,3.66219526585558,0,0,1,-0.00376075367307749,0.01107272162689,0.559385464758039
20200823,6,319,6390,20,5.43838966168414,3.67755921222579,0.0245636051396995,0.0245636051396995,0.00122818025698497,3.66852374564549,0,0,1,-0.0133945945142386,0.00669577378880436,0.338265393005915
20200823,6,320,6410,20,5.41979576214408,3.69017595454335,0.0139931915737455,0.0139931915737455,0.000699659578687273,3.67551160407083,1,1,0,-0.0216235977754868,0.00380714117682209,0.192333873130545
20200823,6,321,6430,20,5.40587900138462,3.69967585195254,0.00688246993811767,0.00688246993811767,0.000344123496905884,3.68529087305938,1,1,0,-0.0211010359867041,0.00186755134809864,0.0943472719731947
20200823,6,322,6450,20,5.39951104674628,3.70403909295674,0.00692619177462519,0.00692619177462519,0.00034630958873126,3.69082975711772,1,1,0,-0.0193246395733695,0.00187659475793163,0.0948041381514375
20200823,6,323,6470,20,5.39348802639461,3.70817547051633,0.00741595032116269,0.00741595032116269,0.000370797516058135,3.69318959892684,1,1,0,-0.0218851799556887,0.00200800693344247,0.101442981188408
20200823,6,324,6490,20,5.38290087705582,3.71546875129141,0.002031502604535,0.000344872499928695,0.00010157513022675,3.6958854285998,1,1,0,-0.0285222815828092,0.000549666012050768,0.0277687083603743
20200823,6,325,6510,20,5.3730968009686,3.72224821938712,0.00297576273373887,-0.00297576273373887,0.000148788136686944,3.69818047028235,1,1,0,-0.0349681003294791,0.000804655899746201,0.0406506033129861
20200823,6,326,6530,20,5.3658363513382,3.72728474937782,0.00216336082914572,0.00164225734723655,0.000108168041457286,3.69958165417716,1,1,0,-0.0401802931162365,0.000584758232516126,0.0295415406157012
20200823,6,327,6550,20,5.35794624524669,3.73277354503939,0.00426425376116062,0.00426425376116062,0.000213212688058031,3.69967585195254,1,1,0,-0.047932756137925,0.00115260199320168,0.0582285749948232
20200823,6,328,6570,20,5.34785919641217,3.73981424443968,0.00218768936732312,0.00218768936732312,0.000109384468366156,3.70094688205412,1,1,0,-0.0561632436233603,0.000591116121642064,0.0298627363328369
20200823,6,329,6590,20,5.34675546280778,3.74058625630454,0.00518375655545085,0.00518375655545085,0.000259187827772542,3.70561813662554,1,1,0,-0.0504547360317247,0.00139889118746902,0.0706709175409906
20200823,6,330,6610,20,5.34934052459766,3.73877862290403,0.006133339282633,0.006133339282633,0.00030666696413165,3.7075863523625,1,1,0,-0.0450045018521914,0.00165426741274004,0.0835723299737267
20200823,6,331,6630,20,5.35230250426002,3.73670957201719,0.0023247665277581,0.0023247665277581,0.000116238326387905,3.70817547051633,1,1,0,-0.0411855221345832,0.000626930021581315,0.0316720272856288
20200823,6,332,6650,20,5.35986740560475,3.73143559094135,0.00478497095815262,0.00478497095815262,0.000239248547907631,3.70950736623054,1,1,0,-0.031684093138665,0.00128992086704357,0.0651658199335523
20200823,6,333,6670,20,5.37698138508222,3.71955909229806,0.00955214078090441,0.00955214078090441,0.00047760703904522,3.70950736623054,1,1,0,-0.0145701136611933,0.00257504294717466,0.130089208806543
20200823,6,334,6690,20,5.38961497109221,3.71084021906429,0.0126901503579053,0.0126901503579053,0.000634507517895266,3.71116295670857,1,1,0,0.000468702576426949,0.00341945382241049,0.172748203208013
20200823,6,335,6710,20,5.40434385729213,3.70072677241175,0.0184556511744375,0.0184556511744375,0.000922782558721875,3.71148575049574,0,0,1,0.0156662913527725,0.00497257767242469,0.251210837413241
20200823,6,336,6730,20,5.42713792659106,3.68518365859232,0.0279738112778225,0.0279738112778225,0.00139869056389113,3.71148575049574,0,0,1,0.0384603606516976,0.00753709246333119,0.380768171782264
20200823,6,337,6750,20,5.43984630066825,3.6765744645291,0.0248346789262221,0.0248346789262221,0.00124173394631111,3.71148575049574,0,0,1,0.0511687347288898,0.00669130385935201,0.338039575573815
20200823,6,338,6770,20,5.45905947475421,3.66363475109428,0.0321942730417359,0.0321942730417359,0.0016097136520868,3.71148575049574,0,0,1,0.0703819088148521,0.00867422784458644,0.438215385319316
20200823,6,339,6790,20,5.49518213666579,3.6395517932978,0.0463068569114881,0.0463068569114881,0.0023153428455744,3.71475606843445,0,0,1,0.11124854007062,0.0124656521339243,0.629755253262503
20200823,6,340,6810,20,5.52096085748008,3.6225578330089,0.0469877361715819,0.0469877361715819,0.0023493868085791,3.71546875129141,0,0,1,0.13805998042426,0.0126465163124438,0.638892373833972
20200823,6,341,6830,20,5.53140098912854,3.61572050901899,0.0388448617574416,0.0388448617574416,0.00194224308787208,3.71725428942138,0,0,1,0.151085723391589,0.0104498801354502,0.527919986901764
20200823,6,342,6850,20,5.53921721281404,3.61061847398463,0.0356112633048798,0.0356112633048798,0.00178056316524399,3.71955909229806,0,0,1,0.162235827731819,0.00957405499448001,0.483673967717228
20200823,6,343,6870,20,5.54475689967603,3.60701115700285,0.0294326631492601,0.0294326631492601,0.001471633157463,3.71917878879694,0,0,1,0.167225692990087,0.00791375322905107,0.399796786840793
20200823,6,344,6890,20,5.55803039895454,3.59839701556184,0.0253309827934717,0.0253309827934717,0.00126654913967358,3.71917878879694,0,0,1,0.180499192268599,0.00681090752339594,0.344081861603611
20200823,6,345,6910,20,5.57847251325802,3.58521081756112,0.0306330867574938,0.0306330867574938,0.00153165433787469,3.71571129780939,0,0,1,0.195923010073784,0.0082442052953774,0.416490973593696
20200823,6,346,6930,20,5.59919967510768,3.57193905566787,0.0363375800058522,0.0363375800058522,0.00181687900029261,3.71571129780939,0,0,1,0.216650171923447,0.00977944116037086,0.494049920417304
20200823,6,347,6950,20,5.60790958551343,3.56639130767457,0.0366465101097987,0.0366465101097987,0.00183232550548994,3.71571129780939,0,0,1,0.225360082329189,0.00986258273924667,0.498250169670136
20200823,6,348,6970,20,5.58679503013173,3.57987001351085,0.0291881975206727,0.0291881975206727,0.00145940987603364,3.71571129780939,0,0,1,0.204245526947489,0.00785534590318702,0.396846093215082
20200823,6,349,6990,20,5.5567245304519,3.59924266362247,0.0163505169919748,0.0163505169919748,0.000817525849598739,3.71571129780939,1,1,0,0.174175027267665,0.00440037335559796,0.222303511058413
20200823,6,350,7010,20,5.53070301409889,3.61617681314942,0.00188467435809074,0.00117614367260317,9.42337179045372e-05,3.71571129780939,1,1,0,0.148153510914653,0.00050721765149027,0.0256242495091117
20200823,6,351,7030,20,5.5231899194132,3.62109583262798,0.00339356692656629,-0.00339356692656629,0.000169678346328315,3.71571129780939,1,1,0,0.140640416228962,0.000913302098730593,0.0461393265520394
20200823,6,352,7050,20,5.52996955742674,3.61665643767243,0.0056627088421096,-0.0056627088421096,0.00028313544210548,3.71725428942138,1,1,0,0.149654291689785,0.0015233579414313,0.0769588831702382
20200823,6,353,7070,20,5.53844949836639,3.61111896134454,0.000810061859535605,-0.000244182965845496,4.05030929767802e-05,3.71725428942138,1,1,0,0.158134232629436,0.000217919409452534,0.0110091226207989
20200823,6,354,7090,20,5.52436822496293,3.62032348054319,0.00496777939639776,-0.00496777939639776,0.000248388969819888,3.71725428942138,1,1,0,0.144052959225974,0.00133641096616262,0.0675144643390253
20200823,6,355,7110,20,5.51443324757838,3.62684596985245,0.00906352205403009,0.00900256015586218,0.000453176102701505,3.71725428942138,1,1,0,0.134117981841428,0.00243823030343208,0.123177538226939
20200823,6,356,7130,20,5.49181343805185,3.64178430778864,0.0134294159132017,0.0134294159132017,0.000671470795660083,3.71725428942138,1,1,0,0.111498172314896,0.00361272457238648,0.182512094321911
20200823,6,357,7150,20,5.46751638806336,3.6579680023756,0.0076560062314647,0.0076560062314647,0.000382800311573235,3.71725428942138,1,1,0,0.0872011223264053,0.00205958636008634,0.104048734544933
20200823,6,358,7170,20,5.44867440724056,3.67061756771935,0.00419490400051106,0.00419490400051106,0.000209745200025553,3.71725428942138,1,1,0,0.0683591415036062,0.00112849530161253,0.0570107232928871
20200823,6,359,7190,20,5.43416431259857,3.68041870828823,0.00232727794325673,0.0013192135554926,0.000116363897162837,3.71725428942138,1,1,0,0.0538490468616146,0.000626074452285855,0.0316288045763347
20200823,6,360,7210,20,5.41787561049523,3.69148379140655,0.00433234737461121,-0.00433234737461121,0.000216617368730561,3.71725428942138,1,1,0,0.0375603447582762,0.00116546973580481,0.0588786435523996
20200823,6,361,7230,20,5.40997551507189,3.69687440253308,0.00783012055430241,-0.00783012055430241,0.000391506027715121,3.71725428942138,1,1,0,0.0296602493349383,0.0021064258575437,0.106415030288392
20200823,6,362,7250,20,5.40615428752426,3.69948746119841,0.0090491639932186,-0.0090491639932186,0.00045245819966093,3.71725428942138,1,1,0,0.0258390217873057,0.00243436775874356,0.122982405410587
20200823,6,363,7270,20,5.40216587868645,3.70221878578506,0.00735623779027033,-0.00735623779027033,0.000367811889513516,3.71725428942138,1,1,0,0.0218506129494926,0.00197894392406913,0.0999747400862303
20200823,6,364,7290,20,5.3992183711739,3.70423987790136,0.00670382030124541,-0.00670382030124541,0.000335191015062271,3.71725428942138,1,1,0,0.018903105436948,0.0018034333352774,0.0911080787910712
20200823,6,365,7310,20,5.3952020265051,3.70699742136544,0.00387885029682513,-0.00387885029682513,0.000193942514841257,3.71725428942138,1,1,0,0.0148867607681495,0.00104347187327583,0.0527154044383113
20200823,6,366,7330,20,5.38867756593936,3.71148575049574,0.00560130483929595,-0.00560130483929595,0.000280065241964797,3.71725428942138,1,1,0,0.00836230020240691,0.00150683929674551,0.0761243738195932
20200823,6,367,7350,20,5.38254950318424,3.71571129780939,0.00894677973779023,-0.00894677973779023,0.000447338986889512,3.71725428942138,1,1,0,0.00223423744728279,0.00240682478012094,0.121590955104438
20200823,6,368,7370,20,5.37808102828967,3.71879856305556,0.0105907061410877,-0.0105907061410877,0.000529535307054385,3.71725428942138,1,1,0,-0.00223423744728279,0.00284906689629141,0.143932690047799
20200823,6,369,7390,20,5.38377586691649,3.71486490046897,0.00355661270017902,-0.00219724928391609,0.000177830635008951,3.71725428942138,1,1,0,0.00346060117954039,0.000956784880254355,0.0483360435626588
20200823,6,370,7410,20,5.38409132627385,3.7146472427765,0.00847470653657911,0.00847470653657911,0.000423735326828956,3.71725428942138,1,1,0,0.00377606053689306,0.00227982964756987,0.115175257714234
20200823,6,371,7430,20,5.37345080663681,3.72200299578397,0.00915684515407835,0.00915684515407835,0.000457842257703918,3.71879856305556,1,1,0,-0.0046302216528602,0.00246231276010675,0.12439416559945
20200823,6,372,7450,20,5.36594018267488,3.72721262614414,0.00983693967746748,0.00983693967746748,0.000491846983873374,3.71879856305556,1,1,0,-0.0121408456147947,0.00264519293279089,0.133633132660946
20200823,6,373,7470,20,5.36178678337365,3.73009983575213,0.00762213721844138,0.00762213721844138,0.000381106860922069,3.71917878879694,1,1,0,-0.0157444233122987,0.00204941403769055,0.10353483656368
20200823,6,374,7490,20,5.36159943892289,3.7302301725132,0.0105800120312886,0.0105800120312886,0.000529000601564431,3.71955909229806,1,1,0,-0.0153819461593239,0.00284442638730924,0.143698255067749
20200823,6,375,7510,20,5.35756811661986,3.73303699825252,0.0099471309817313,0.0099471309817313,0.000497356549086565,3.71955909229806,1,1,0,-0.0194132684623591,0.00267427690618719,0.1351024328496
20200823,6,376,7530,20,5.35357940898757,3.73581831371065,0.00830020053601159,0.00830020053601159,0.00041501002680058,3.71879856305556,1,1,0,-0.0245016193021002,0.00223195755168618,0.112756795884597
20200823,6,377,7550,20,5.34692049113073,3.7404708061725,0.00606501046578836,0.00606501046578836,0.000303250523289418,3.71571129780939,1,1,0,-0.035629012053505,0.00163226095347182,0.082460580409325
20200823,6,378,7570,20,5.33324816057257,3.75005988805382,0.00251518566326894,-0.00144674993934126,0.000125759283163447,3.71528805093374,1,1,0,-0.0499145244777983,0.00067698268042415,0.0342006494954729
20200823,6,379,7590,20,5.31637480749805,3.76196199932943,0.00799030157983682,-0.00799030157983682,0.000399515078991841,3.71306582367258,1,1,0,-0.0700096386085534,0.0021519418074667,0.108714461418292
20200823,6,380,7610,20,5.30365401637891,3.77098504884281,0.00349851388631373,-0.00288302021620743,0.000174925694315686,3.71084021906429,1,1,0,-0.0859609547133013,0.000942782140912523,0.0476286358341384
20200823,6,381,7630,20,5.28639604235786,3.78329581055745,0.000980328431766386,0.0008089366963135,4.90164215883193e-05,3.70561813662554,1,1,0,-0.110814156481638,0.000264551930507094,0.0133649620740003
20200823,6,382,7650,20,5.26796891355207,3.79652961667051,0.00787868507102152,-0.00787868507102152,0.000393934253551076,3.70322905608299,1,1,0,-0.132723211378106,0.00212751762089354,0.107480570111535
20200823,6,383,7670,20,5.26393212678931,3.79944108667655,0.0170370716426551,-0.0170370716426551,0.000851853582132753,3.69948746119841,0,0,1,-0.142222160734947,0.00460525189538988,0.232653818874526
20200823,6,384,7690,20,5.26900270803208,3.79578472592393,0.0222632016041577,-0.0222632016041577,0.00111316008020788,3.69687440253308,0,0,1,-0.140972807039816,0.00602216877828012,0.304235380821703
20200823,6,385,7710,20,5.28828882867219,3.78194169190673,0.010053387326916,-0.00885317274396362,0.000502669366345798,3.69148379140655,1,1,0,-0.129586781823036,0.00272340010006799,0.137584099197346
20200823,6,386,7730,20,5.31108033208966,3.76571219967425,0.0171709779974647,0.0171709779974647,0.000858548899873233,3.68594294560948,0,0,1,-0.114939629457241,0.00465850346867629,0.2353440478061
20200823,6,387,7750,20,5.32525696451694,3.75568730922532,0.0310430569828055,0.0310430569828055,0.00155215284914028,3.68041870828823,0,0,1,-0.10890734808163,0.00843465362049628,0.426112277953077
20200823,6,388,7770,20,5.32144955101057,3.75837444445976,0.0241728760116867,0.0241728760116867,0.00120864380058433,3.67061756771935,0,0,1,-0.127224856229986,0.00658550654371383,0.332694775751999
20200823,6,389,7790,20,5.31666060833049,3.76175977241479,0.0147748946519789,0.0147748946519789,0.000738744732598946,3.67061756771935,1,1,0,-0.132013798910066,0.00402517951799565,0.203349004091324
20200823,6,390,7810,20,5.31371341040494,3.76384619479805,0.0178732287156619,0.0178732287156619,0.000893661435783095,3.67061756771935,0,0,1,-0.134960996835616,0.0048692701938892,0.245991822265853
20200823,6,391,7830,20,5.30765822005969,3.76814014218404,0.00840644367192933,0.00618051262999204,0.000420322183596466,3.67061756771935,1,1,0,-0.141016187180867,0.00229019872455753,0.115699095587641
20200823,6,392,7850,20,5.31149679525879,3.76541693818824,0.0146850720516103,-0.0146850720516103,0.000734253602580517,3.67061756771935,1,1,0,-0.13717761198177,0.00400070881280464,0.202112762699416
20200823,6,393,7870,20,5.35054008374163,3.73794041105734,0.0252990908339523,-0.0252990908339523,0.00126495454169762,3.67061756771935,0,0,1,-0.0981343234989254,0.00689232543767051,0.348195032633352
20200823,6,394,7890,20,5.41549095621531,3.69310929732902,0.0241206141589028,-0.0241206141589028,0.00120603070794514,3.67061756771935,0,0,1,-0.033183451025252,0.00657126865272689,0.331975488341435
20200823,6,395,7910,20,5.495714481307,3.63919924661798,0.0113651849634933,-0.0113651849634933,0.000568259248174663,3.67061756771935,1,1,0,0.0470400740664445,0.00309625962220705,0.156420678324803
20200823,6,396,7930,20,5.57937069072887,3.58463366365558,0.00385634498274388,0.00385634498274388,0.000192817249137194,3.67061756771935,1,1,0,0.130696283488305,0.00105059841064835,0.0530754316795421
20200823,6,397,7950,20,5.64373209310543,3.54375432250455,0.0160098610436297,0.0160098610436297,0.000800493052181486,3.67061756771935,1,1,0,0.195057685864867,0.00436162600659514,0.220346024492739
20200823,6,398,7970,20,5.70417391352839,3.50620445715491,0.0346064154395544,0.0346064154395544,0.00173032077197772,3.67061756771935,0,0,1,0.255499506287833,0.00942795450659173,0.476293082324039
20200823,6,399,7990,20,5.74059189571381,3.48396129934492,0.0374699929292618,0.0374699929292618,0.00187349964646309,3.67061756771935,0,0,1,0.291917488473246,0.0102080895756577,0.515704911943572
20200823,6,400,8010,20,5.78123764441125,3.45946685297293,0.046522614948823,0.046522614948823,0.00232613074744115,3.68041870828823,0,0,1,0.34707333181268,0.0126405766941829,0.638592308842429
20200823,6,401,8030,20,5.84685293178654,3.4206435895231,0.0392505074662196,0.0392505074662196,0.00196252537331098,3.68041870828823,0,0,1,0.412688619187975,0.0106646853462157,0.538771782576342
20200823,6,402,8050,20,5.89296380757651,3.39387796244163,0.0113628769866137,0.0110102358503484,0.000568143849330684,3.68594294560948,1,0,0,0.466943846029607,0.00308275986749839,0.155738680996929
20200823,6,403,8070,20,5.9246607788009,3.37572069468724,0.0103976213573797,-0.0103976213573797,0.000519881067868986,3.69417713045117,1,0,0,0.510735216017338,0.00281459740294312,0.142191317492222
20200823,6,404,8090,20,5.95306125047182,3.35961602921772,0.0244869826454328,-0.0244869826454328,0.00122434913227164,3.69687440253308,0,0,1,0.543085735399927,0.00662369882748908,0.334624220845056
20200823,6,405,8110,20,5.97919860162938,3.34492986979055,0.0258946642565929,-0.0258946642565929,0.00129473321282965,3.69818047028235,0,0,1,0.571133700331302,0.0070020012448489,0.353735770894324
20200823,6,406,8130,20,6.00979765270176,3.32789906678618,0.0182519091913005,-0.0182519091913005,0.000912595459565027,3.69948746119841,0,0,1,0.603643365177503,0.00493363185650264,0.249243324449939
20200823,6,407,8150,20,6.0319539221673,3.3156751954786,0.018917959545646,-0.018917959545646,0.000945897977282298,3.70085261954482,0,0,1,0.62779383906195,0.00511178409151909,0.258243439700769
20200823,6,408,8170,20,6.03024318726966,3.31661582773671,0.0251680825018616,-0.0251680825018616,0.00125840412509308,3.70221878578506,0,0,1,0.628077308583214,0.0067981078261761,0.343435230646982
20200823,6,409,8190,20,6.01869471608097,3.32297963984836,0.0140575022552858,-0.0140575022552858,0.000702875112764292,3.70322905608299,1,0,0,0.618002591150798,0.00379601208631552,0.19177163995291
20200823,6,410,8210,20,6.26910304768444,3.19024904326421,0.00148086966828807,0.000259796278809787,7.40434834144033e-05,3.70423987790136,1,0,0,0.869884676510537,0.000399776935916756,0.0201964263740053
20200823,6,411,8230,20,7.19411912174019,2.78004848982292,0.00570487748003354,-0.00570487748003354,0.000285243874001677,3.70561813662554,1,0,0,1.79690892290068,0.00153952114591834,0.0777754359527094
20200823,6,412,8250,20,8.25858533522432,2.42172226697186,0.016644858012868,-0.016644858012868,0.000832242900643401,3.70699742136544,1,0,0,2.86338330871922,0.00449011858409576,0.226837371661495
20200823,6,413,8270,20,8.72785933909972,2.29151264049393,0.00672735162001326,-0.00672735162001326,0.000336367581000663,3.70924022816661,1,0,0,3.33591954287749,0.00181367374615648,0.0916254165506511
20200823,6,414,8290,20,8.00228208660064,2.49928705131363,0.00787379226911069,-0.00787379226911069,0.000393689613455535,3.71148575049574,1,0,0,2.61360452066128,0.00212146638797118,0.107174866432286
20200823,6,415,8310,20,7.21211319456052,2.77311232650706,0.00874442063328455,0.00782138177767537,0.000437221031664228,3.71306582367258,1,0,0,1.82572874845391,0.00235504056446688,0.118974855963064
20200823,6,416,8330,20,6.80045634713952,2.94097910185287,0.0232996510730603,0.0232996510730603,0.00116498255365302,3.7146472427765,0,0,1,1.41636502086567,0.00627237246238356,0.316875480413522
20200823,6,417,8350,20,6.49290930814868,3.08028328301148,0.0204061443574607,0.0204061443574607,0.00102030721787304,3.7146472427765,0,0,1,1.10881798187484,0.00549342724188482,0.27752376103754
20200823,6,418,8370,20,6.24354179166266,3.20331002295958,0.0202373887074438,0.0202373887074438,0.00101186943537219,3.67653620914159,0,0,1,0.803638887872239,0.00550447147973796,0.278081707523738
20200823,6,419,8390,20,6.09395506281862,3.28194084036279,0.0199107906292463,0.0199107906292463,0.000995539531462315,3.61171037320763,0,0,1,0.556412476800688,0.00551284255153691,0.278504607696484
20200823,6,420,8410,20,5.97568275451522,3.34689788959898,0.0160947858289948,0.0160947858289948,0.000804739291449741,3.56407677720067,1,0,0,0.364131362598073,0.00451583589106521,0.228136590425967
20200823,6,421,8430,20,5.87890394742453,3.40199468793188,0.00755429601949578,-0.00525266658446348,0.000377714800974789,3.54611799955715,1,1,0,0.238933703203202,0.00213030023829979,0.107621145823946
20200823,6,422,8450,20,5.80072230795486,3.44784648156194,0.0125639936799399,-0.0125639936799399,0.000628199683996993,3.54375432250455,1,1,0,0.15699021484943,0.00354539071745252,0.179110439245103
20200823,6,423,8470,20,5.74203164134815,3.48308773779315,0.0105715799697115,-0.0105715799697115,0.000528578998485574,3.5346925878914,1,1,0,0.0838309625924021,0.00299080604800711,0.151093244058689
20200823,6,424,8490,20,5.70791447191323,3.503906741843,0.0128274977873015,-0.0128274977873015,0.000641374889365074,3.50536582960211,1,1,0,0.00237588558252444,0.00365938917957601,0.184869554742217
20200823,6,425,8510,20,5.69026682723734,3.51477366654705,0.0145040675403215,-0.0145040675403215,0.000725203377016077,3.503906741843,1,1,0,-0.0176476446758889,0.00413939885075041,0.209119277804537
20200823,6,426,8530,20,5.67768945543094,3.52255968858409,0.0148333135549212,-0.0148333135549212,0.000741665677746062,3.49820130715492,1,1,0,-0.0395344101864348,0.00424026871311907,0.214215146439412
20200823,6,427,8550,20,5.67266926440607,3.52567707860085,0.0165095061810999,-0.0165095061810999,0.000825475309054995,3.49538073941449,1,1,0,-0.0491680663535599,0.00472323543897121,0.238614257652267
20200823,6,428,8570,20,5.67174531005048,3.52625142820843,0.0201086510410689,-0.0201086510410689,0.00100543255205345,3.49538073941449,0,0,1,-0.0500920207091449,0.00575292150990033,0.290633213853855
20200823,6,429,8590,20,5.68313446021466,3.51918472807778,0.0217769629098477,-0.0217769629098477,0.00108884814549238,3.49538073941449,0,0,1,-0.0387028705449675,0.00623021196640672,0.314745564261818
20200823,6,430,8610,20,5.71261040047511,3.50102643063784,0.0112897486555965,-0.0112897486555965,0.000564487432779826,3.49538073941449,1,1,0,-0.00922693028451338,0.00322990526562427,0.163172354459627
20200823,6,431,8630,20,5.7370216764798,3.48612941136243,0.0059464550200933,-0.0059464550200933,0.000297322751004665,3.49538073941449,1,1,0,0.0151843457201712,0.00170123241598264,0.085944966173884
20200823,6,432,8650,20,5.74685490208094,3.48016442746066,0.00630793560397827,-0.00630793560397827,0.000315396780198913,3.49538073941449,1,1,0,0.025017571321313,0.00180464907094353,0.0911694968311464
20200823,6,433,8670,20,5.74814221653287,3.47938503373764,0.0029363867759264,-0.0029363867759264,0.00014681933879632,3.49199364094751,1,1,0,0.0207549253655088,0.000840891215119639,0.0424811838526071
20200823,6,434,8690,20,5.74035866694794,3.48410285147456,0.002928555834414,-0.002928555834414,0.0001464277917207,3.49538073941449,1,1,0,0.0185213361883134,0.000837836004928198,0.0423268369602656
20200823,6,435,8710,20,5.7373125490094,3.48595267020152,0.00190775693957264,-0.00190775693957264,9.53878469786318e-05,3.49199364094751,1,1,0,0.0099252578420419,0.000546323142517233,0.0275998291371216
20200823,6,436,8730,20,5.73559414396595,3.48699707440784,0.000912228424180128,-0.000717713297972544,4.56114212090064e-05,3.49538073941449,1,1,0,0.013756813206327,0.000260981132582694,0.0131845680820077
20200823,6,437,8750,20,5.73293725157509,3.48861310046697,0.00106995776055214,-0.000565285175871644,5.34978880276071e-05,3.49538073941449,1,1,0,0.0110999208154672,0.000306106212833161,0.0154642527736964
20200823,6,438,8770,20,5.72183733075963,3.49538073941449,0.015501039233967,-0.015501039233967,0.000775051961698352,3.49538073941449,1,1,0,-8.88178419700125e-16,0.00443472124772411,0.224038740412846
20200823,6,439,8790,20,5.7276093940427,3.491858229858,0.0355771784334625,-0.0355771784334625,0.00177885892167312,3.49538073941449,0,0,1,0.00577206328307422,0.0101783413841841,0.514202055963452
20200823,6,440,8810,20,5.78095769138963,3.45963438372655,0.0448137230696473,-0.0448137230696473,0.00224068615348237,3.49538073941449,0,0,1,0.0591203606300033,0.0128208416795116,0.64769915863018
20200823,6,441,8830,20,6.03964612411301,3.31145229190679,0.0364087851117557,-0.0364087851117557,0.00182043925558778,3.49538073941449,0,0,1,0.317808793353378,0.0104162572910025,0.526221386403921
20200823,6,442,8850,20,6.28547815178445,3.18193771691371,0.032270497215258,-0.032270497215258,0.0016135248607629,3.49538073941449,0,0,1,0.563640821024818,0.00923232678242189,0.466410118668694
20200823,6,443,8870,20,6.47607096132742,3.08829228701048,0.041709088452255,-0.041709088452255,0.00208545442261275,3.49538073941449,0,0,1,0.754233630567795,0.0119326309669034,0.602827429798056
20200823,6,444,8890,20,6.64080312916121,3.01168392000293,0.0528963286672398,-0.0528963286672398,0.00264481643336199,3.49538073941449,0,0,1,0.918965798401586,0.0151332094014172,0.764518215082244
20200823,6,445,8910,20,6.71630104823043,2.97782959048113,0.0579472518204235,-0.0579472518204235,0.00289736259102118,3.49199364094751,0,0,1,0.988913757063074,0.0165943176817184,0.838332292775055
20200823,6,446,8930,20,6.48239787532066,3.08527806911431,0.0560685139724312,-0.0560685139724312,0.00280342569862156,3.48861310046697,0,0,1,0.749460623745564,0.0160718636196505,0.811938311406023
20200823,6,447,8950,20,6.31316060898871,3.16798529907886,0.0556753755813272,-0.0556753755813272,0.00278376877906636,3.4878049002466,0,0,1,0.578894911218186,0.0159628698203248,0.806432027662424
20200823,6,448,8970,20,6.20809896795663,3.22159812580805,0.0591743724900745,-0.0591743724900745,0.00295871862450372,3.48699707440784,0,0,1,0.472504823990676,0.0169700092163466,0.857311943016895
20200823,6,449,8990,20,6.07410558293941,3.29266584633873,0.0556850350305913,-0.0556850350305913,0.00278425175152956,3.48699707440784,0,0,1,0.338511438973456,0.0159693380413999,0.806758797265616
20200823,6,450,9010,20,5.9645005024704,3.35317265741135,0.029730358603617,-0.029730358603617,0.00148651793018085,3.48699707440784,0,0,1,0.228906358504447,0.00852606353524568,0.430730237237939
20200823,6,451,9030,20,5.8591557308896,3.41346107162839,0.0193534701442573,-0.0193534701442573,0.000967673507212863,3.48699707440784,0,0,1,0.123561586923643,0.00555018250124109,0.28039099352132
20200823,6,452,9050,20,5.7823940633175,3.4587749954429,0.0244598574642526,-0.0244598574642526,0.00122299287321263,3.48699707440784,0,0,1,0.0467999193515434,0.00701459076171045,0.354371783699303
20200823,6,453,9070,20,5.74328167618705,3.48232963793584,0.0363827852259654,-0.0363827852259654,0.00181913926129827,3.48699707440784,0,0,1,0.00768753222109897,0.0104338444941609,0.527109878514904
20200823,6,454,9090,20,5.73269638271177,3.48875968040354,0.034931393940731,-0.034931393940731,0.00174656969703655,3.48699707440784,0,0,1,-0.0028977612541885,0.0100176149263512,0.506082277706279
20200823,6,455,9110,20,5.71691897415758,3.49838787123043,0.0272603994222237,-0.0272603994222237,0.00136301997111119,3.48699707440784,0,0,1,-0.0186751698083745,0.00781772936441396,0.394945734321108
20200823,6,456,9130,20,5.68610462648803,3.51734646366379,0.0345516833681436,-0.0345516833681436,0.00172758416840718,3.48699707440784,0,0,1,-0.0494895174779222,0.00990872163952452,0.500581071777588
20200823,6,457,9150,20,5.67083630122352,3.52681667000066,0.0350083116981454,-0.0350083116981454,0.00175041558490727,3.48699707440784,0,0,1,-0.0647578427424369,0.0100396733783009,0.507196653901354
20200823,6,458,9170,20,5.65677414644688,3.53558397104512,0.0365190246673613,-0.0365190246673613,0.00182595123336806,3.48699707440784,0,0,1,-0.0788199975190755,0.0104729152012733,0.529083700886035
20200823,6,459,9190,20,5.64554873984798,3.54261399938574,0.0345239562051195,-0.0345239562051195,0.00172619781025597,3.48699707440784,0,0,1,-0.0900454041179719,0.00990077005183102,0.500179363622414
20200823,6,460,9210,20,5.63947046487829,3.54643226248932,0.0312029989834036,-0.0312029989834036,0.00156014994917018,3.48699707440784,0,0,1,-0.0961236790876674,0.00894838691216928,0.452065692642587
20200823,6,461,9230,20,5.63953034525048,3.54639460657281,0.0333717856147907,-0.0333717856147907,0.00166858928073954,3.48699707440784,0,0,1,-0.096063798715476,0.00957035090729405,0.48348684005324
20200823,6,462,9250,20,5.64949377256198,3.54014019754025,0.0261390278387005,-0.0261390278387005,0.00130695139193502,3.48699707440784,0,0,1,-0.0861003714039716,0.00749614275003067,0.378699423449362
20200823,6,463,9270,20,5.64751012818988,3.5413836444788,0.0291719531544297,-0.0291719531544297,0.00145859765772148,3.48699707440784,0,0,1,-0.0880840157760749,0.0083659241840298,0.422640119159977
20200823,6,464,9290,20,5.64395968704912,3.54361141981451,0.0439614797013812,-0.0439614797013812,0.00219807398506906,3.48699707440784,0,0,1,-0.091634456916835,0.012607260276766,0.636909188804841
20200823,6,465,9310,20,5.65267226477363,3.53814958009085,0.0445819560544402,-0.0445819560544402,0.00222909780272201,3.48699707440784,0,0,1,-0.0829218791923259,0.0127852003036197,0.645898583460886
20200823,6,466,9330,20,5.67979735916742,3.52125238547801,0.0237967990363404,-0.0237967990363404,0.00118983995181702,3.48699707440784,0,0,1,-0.0557967847985301,0.00682443905989845,0.344765464523508
20200823,6,467,9350,20,5.68533541029592,3.51782235464609,0.0199411367943649,-0.0199411367943649,0.000997056839718247,3.48699707440784,0,0,1,-0.0502587336700335,0.00571871337108918,0.288905044730474
20200823,6,468,9370,20,5.69027394047043,3.51476927283865,0.0230079866104878,-0.0230079866104878,0.00115039933052439,3.48699707440784,0,0,1,-0.0453202034955202,0.00659822366337803,0.3333372349534
20200823,6,469,9390,20,5.70316270074818,3.50682613304654,0.0056505037088372,-0.0056505037088372,0.00028252518544186,3.48699707440784,1,1,0,-0.0324314432177735,0.00162044979914323,0.0818638898867906
20200823,6,470,9410,20,5.67464475077941,3.52444970185191,0.00315639218863253,-0.00315639218863253,0.000157819609431626,3.48699707440784,1,1,0,-0.0609493931865464,0.000905189227659031,0.0457294704834224
20200823,6,471,9430,20,5.63620839533723,3.54848483185003,0.00996460859833945,-0.00996460859833945,0.000498230429916973,3.48699707440784,1,1,0,-0.0993857486287189,0.00285764753617743,0.144366177440718
20200823,6,472,9450,20,5.61639253204976,3.56100466373578,0.0171459565346669,-0.0171459565346669,0.000857297826733345,3.4878049002466,0,0,1,-0.117873165720765,0.00491597352061024,0.248351238767406
20200823,6,473,9470,20,5.61317327481038,3.56304696485174,0.0289346527728813,-0.0289346527728813,0.00144673263864407,3.48861310046697,0,0,1,-0.119763976764715,0.00829402743715209,0.419007950256795
20200823,6,474,9490,20,5.62968620883112,3.55259587446039,0.0262390760527833,-0.0262390760527833,0.00131195380263917,3.49199364094751,0,0,1,-0.0977010823362434,0.00751406753583425,0.379604969978507
20200823,6,475,9510,20,5.69869075912766,3.50957804965391,0.00769672654087459,-0.000641179990622254,0.000384836327043729,3.4878049002466,1,1,0,-0.0355749386428661,0.00220675374942286,0.111483518986846
20200823,6,476,9530,20,5.82761915319088,3.43193326026618,0.0147879309747687,0.0147879309747687,0.000739396548738436,3.48656318890367,1,1,0,0.091311242968005,0.00424140627131978,0.214272615013467
20200823,6,477,9550,20,5.93733949546913,3.36851211140314,0.00549585629962443,0.00506113275361324,0.000274792814981222,3.48595267020152,1,1,0,0.20002694645973,0.00157657226576938,0.079647230313307
20200823,6,478,9570,20,6.02505015544057,3.31947444154306,0.00547201164694262,-0.00547201164694262,0.000273600582347131,3.45549624965659,1,1,0,0.237169470578692,0.00158356752593392,0.0800006255299574
20200823,6,479,9590,20,6.09450314874857,3.28164569151248,0.0161432224824305,-0.0161432224824305,0.000807161124121527,3.45549624965659,1,1,0,0.306622463886697,0.00467175227987439,0.236013367658911
20200823,6,480,9610,20,6.14042483413186,3.2571036272326,0.0137265973805702,-0.0137265973805702,0.000686329869028508,3.45549624965659,1,0,0,0.352544149269988,0.00397239539239388,0.200682390260819
20200823,6,481,9630,20,6.1793219719525,3.23660105279812,0.0025379007102146,-0.000506985579741892,0.00012689503551073,3.43193326026618,1,0,0,0.351702818761624,0.000739495939387168,0.0373587717346924
20200823,6,482,9650,20,6.19055634802089,3.23072739761006,0.0042623693323411,0.0042623693323411,0.000213118466617055,3.3999269521067,1,1,0,0.308077023690886,0.00125366497350774,0.0633341998008373
20200823,6,483,9670,20,6.17472192482683,3.23901225731083,0.00329123269160729,0.0031086458194499,0.000164561634580365,3.36851211140314,1,1,0,0.237382429357694,0.000977058292432958,0.0493602409078009
20200823,6,484,9690,20,6.14290061174552,3.25579091443528,0.00734456118699383,-0.00734456118699383,0.000367228059349691,3.34381349941716,1,1,0,0.161705786290668,0.0021964625683442,0.110963616355445
20200823,6,485,9710,20,6.12713128918222,3.26417030353358,0.0131352676940583,-0.0131352676940583,0.000656763384702916,3.31947444154306,1,1,0,0.102081133741648,0.00395703233309198,0.199906260203794
20200823,6,486,9730,20,6.11592134989314,3.27015323706696,0.0214381099889396,-0.0214381099889396,0.00107190549944698,3.30605430146504,0,0,1,0.0664139382522535,0.00648450026348314,0.327592015390616
20200823,6,487,9750,20,6.10226091309687,3.27747375682927,0.0314847703488265,-0.0314847703488265,0.00157423851744133,3.29274223570819,0,0,1,0.0282962452556603,0.00956186913369334,0.483058347309769
20200823,6,488,9770,20,6.10174036132003,3.27775336472581,0.0382238545362402,-0.0382238545362402,0.00191119272681201,3.28043281080793,0,0,1,0.00498388025243912,0.0116520766437604,0.588654039033845
20200823,6,489,9790,20,6.10756807480493,3.27462580114406,0.0404369367081564,-0.0404369367081564,0.00202184683540782,3.28043281080793,0,0,1,0.0108115937373441,0.0123267077974986,0.622735891191824
20200823,6,490,9810,20,6.12264747087011,3.26656076397581,0.0251385674540226,-0.0251385674540226,0.00125692837270113,3.28043281080793,0,0,1,0.0258909898025195,0.00766318620250336,0.387138331465373
20200823,6,491,9830,20,6.13861151449055,3.25806576174251,0.00617017652260214,0.00477180964612902,0.000308508826130107,3.28043281080793,1,1,0,0.0418550334229622,0.00188090318517528,0.095021796614937
20200823,6,492,9850,20,6.13244435823799,3.26134226935677,0.0151871448860831,0.0151871448860831,0.000759357244304157,3.28043281080793,1,1,0,0.0356878771704032,0.00462961620065699,0.233884685023302
20200823,6,493,9870,20,6.11741243147571,3.26935615736724,0.0209344008201585,0.0209344008201585,0.00104672004100793,3.28043281080793,0,0,1,0.020655950408127,0.00638159719387841,0.322393430674453
20200823,6,494,9890,20,6.10823231592894,3.27426970121034,0.0231765349601035,0.0231765349601035,0.00115882674800517,3.28043281080793,0,0,1,0.0114758348613577,0.00706508448633501,0.35692268821657
20200823,6,495,9910,20,6.09675648106759,3.28043281080793,0.0154100060696426,0.0154100060696426,0.000770500303482131,3.28043281080793,1,1,0,0,0.00469755271891923,0.237316786192528
20200823,6,496,9930,20,6.08826774514773,3.28500664510685,0.00596447540902028,0.0057660835314064,0.000298223770451014,3.28043281080793,1,1,0,-0.00848873591985466,0.00181819770530563,0.0918539635218898
20200823,6,497,9950,20,6.07396466784121,3.29274223570819,0.00791745226186014,-0.00791745226186014,0.000395872613093007,3.28043281080793,1,1,0,-0.0227918132263767,0.00241353891955195,0.121930148315703
20200823,6,498,9970,20,6.06454422621755,3.29785706130038,0.0172480629910448,-0.0172480629910448,0.00086240314955224,3.28043281080793,0,0,1,-0.0322122548500374,0.00525786199132572,0.265623183961274
20200823,6,499,9990,20,6.0641931681721,3.29804797528053,0.0201667998501268,-0.0201667998501268,0.00100833999250634,3.28043281080793,0,0,1,-0.0325633128954905,0.00614760338443268,0.310572241606589
20200823,6,500,10010,20,6.07003287796215,3.2948750693941,0.0212180228010582,-0.0212180228010582,0.00106090114005291,3.28043281080793,0,0,1,-0.0267236031054381,0.00646805590138956,0.326761258739963
20200823,6,501,10030,20,6.0704291342563,3.29465999152138,0.0189735943844105,-0.0189735943844105,0.000948679719220526,3.28043281080793,0,0,1,-0.0263273468112857,0.00578386922661512,0.292196668935726
20200823,7,0,10,20,6.06997699741734,3.29490540219668,0.0265819188781929,-0.0265819188781929,0.00132909594390964,3.2968342949072,0,0,1,0.00355138697793755,0.00806286167286459,0.407329631876779
20200823,7,1,30,20,6.07613184342027,3.29156781244923,0.038219035379876,-0.038219035379876,0.0019109517689938,3.2968342949072,0,0,1,0.00970623298087148,0.0115926467517385,0.58565168614452
20200823,7,2,50,20,6.08643132911877,3.2859978070098,0.0386880836307817,-0.0386880836307817,0.00193440418153908,3.2968342949072,0,0,1,0.0200057186793696,0.0117349190678298,0.592839175213663
20200823,7,3,70,20,6.08595160443344,3.28625682554402,0.0413024253396697,-0.0413024253396697,0.00206512126698348,3.2968342949072,0,0,1,0.0195259939940371,0.0125279045426917,0.632900197548475
20200823,7,4,90,20,6.09601149238985,3.28083370987204,0.0285092095664981,-0.0285092095664981,0.00142546047832491,3.2968342949072,0,0,1,0.0295858819504495,0.00864744995237942,0.436862586596273
20200823,7,5,110,20,6.09111018773423,3.28347368272443,0.0151282731067579,-0.0151282731067579,0.000756413655337896,3.2968342949072,0,0,1,0.0246845772948312,0.00458872717082789,0.231819002373165
20200823,7,6,130,20,6.07199449010534,3.2938106305253,0.0110885070479034,-0.0110885070479034,0.000554425352395169,3.2968342949072,0,0,1,0.00556887966593678,0.00336338015684694,0.16991540432361
20200823,7,7,150,20,6.05864801151392,3.3010665022942,0.00971440077879225,-0.00971440077879225,0.000485720038939612,3.2968342949072,0,0,1,-0.00777759892547891,0.00294658448372689,0.148859204305794
20200823,7,8,170,20,6.06031920226444,3.3001562017603,0.0036805992016332,-0.00350377153154349,0.00018402996008166,3.2968342949072,1,1,0,-0.00610640817496488,0.00111640406292752,0.0563998831219494
20200823,7,9,190,20,6.0664256104394,3.29683429490721,0.0040635345490633,0.0040635345490633,0.000203176727453165,3.2968342949072,1,1,0,0,0.00123255650286715,0.0622678159380891
20200823,7,10,210,20,6.0587985965919,3.30098445775208,0.0064780060851489,0.0064780060851489,0.000323900304257445,3.2968342949072,1,1,0,-0.00762701384750386,0.00196491710097648,0.0992661156649585
20200823,7,11,230,20,6.05165734001977,3.30487978354945,0.00384978106285279,0.00384978106285279,0.00019248905314264,3.29209518649238,1,1,0,-0.0235011432649488,0.00116940150413895,0.059077273494615
20200823,7,12,250,20,6.03958568345283,3.311485430995,0.00126209419629256,0.00126209419629256,6.31047098146279e-05,3.28736968319599,1,1,0,-0.0443056726772113,0.000383922198572309,0.0193954571166818
20200823,7,13,270,20,6.03515965059833,3.31391399033117,0.000321853407331624,-0.000189472020001186,1.60926703665812e-05,3.2862006994403,1,1,0,-0.0508958978063569,9.79408857731791e-05,0.00494789896767521
20200823,7,14,290,20,6.02580363198469,3.31905936891818,0.00367175264408033,0.00358052769661427,0.000183587632204017,3.28503254676684,1,1,0,-0.0624161086946486,0.00111772184652907,0.0564664565460128
20200823,7,15,310,20,6.02198955000632,3.32116152542626,0.0157115908067878,0.0157115908067878,0.000785579540339392,3.28375903406083,0,0,1,-0.0685913338373894,0.00478463573112983,0.241716153656048
20200823,7,16,330,20,6.01577348243629,3.32459326442264,0.0232892186943034,0.0232892186943034,0.00116446093471517,3.28248650838073,0,0,1,-0.0771685445718049,0.00709499296793519,0.358433641931824
20200823,7,17,350,20,6.00893020358274,3.32837948227045,0.0268262512174796,0.0268262512174796,0.00134131256087398,3.28136587685645,0,0,1,-0.0860926468285754,0.00817533070807062,0.413011481890675
20200823,7,18,370,20,6.00522745404648,3.33043172020462,0.0187865386143493,0.0187865386143493,0.000939326930717464,3.28024601023184,0,0,1,-0.0918762197680536,0.00572717368019038,0.289332453103776
20200823,7,19,390,20,6.00042061882495,3.33309967258871,0.0168761580050081,0.0168761580050081,0.000843807900250405,3.27817684567027,0,0,1,-0.100531508396458,0.00514803160399893,0.260074636428917
20200823,7,20,410,20,5.98896071819759,3.3394775723323,0.00801282715824508,0.00801282715824508,0.000400641357912254,3.27817684567027,0,0,1,-0.111991409023815,0.00244429374480764,0.123483858667946
20200823,7,21,430,20,5.97698862406635,3.34616664978581,0.00432761853973255,-0.00429935660102646,0.000216380926986628,3.27817684567027,1,0,0,-0.123963503155053,0.0013201296767892,0.066691945998016
20200823,7,22,450,20,5.96381728048243,3.35355680085191,0.00966977445127996,-0.00966977445127996,0.000483488722563998,3.27817684567027,0,0,1,-0.137134846738974,0.00294974155041438,0.149018696910752
20200823,7,23,470,20,5.95238079268293,3.36000009014634,0.00981794227722029,-0.00981794227722029,0.000490897113861015,3.27817684567027,0,0,1,-0.148571334538474,0.0029949397910572,0.151302077609751
20200823,7,24,490,20,5.9432169226744,3.36518088776073,0.0101657111846484,-0.0101657111846484,0.00050828555923242,3.27817684567027,0,0,1,-0.157735204547009,0.00310102586383495,0.156661465222371
20200823,7,25,510,20,5.95857301388796,3.3565083373796,0.00342956522009923,-0.000823991103125771,0.000171478261004962,3.27817684567027,1,0,0,-0.142379113333448,0.00104618066125045,0.0528522503440581
20200823,7,26,530,20,5.98445304595953,3.34199296851418,0.00865327546778055,0.00865327546778055,0.000432663773389027,3.27817684567027,0,0,1,-0.116499081261878,0.00263966096862943,0.133353662044077
20200823,7,27,550,20,6.00099819505428,3.3327788727687,0.0125052406113084,0.0125052406113084,0.000625262030565419,3.27817684567027,0,0,1,-0.099953932167125,0.00381469371544887,0.192715421630742
20200823,7,28,570,20,6.02478050991999,3.31962300818584,0.0133501510171223,0.0133501510171223,0.000667507550856113,3.27817684567027,0,0,1,-0.0761716173014122,0.00407243161233195,0.205736143914916
20200823,7,29,590,20,6.04577123852343,3.30809738095295,0.010673839125638,0.010673839125638,0.000533691956281901,3.27817684567027,0,0,1,-0.0551808886979757,0.00325602907595901,0.164492109464563
20200823,7,30,610,20,6.06554658170768,3.29731207741698,0.00488034628393653,0.00488034628393653,0.000244017314196826,3.27817684567027,1,1,0,-0.0354055455137257,0.00148873795212798,0.0752099076736157
20200823,7,31,630,20,6.08389135613004,3.28736968319599,0.00265405989781465,0.00253754005405967,0.000132702994890733,3.27817684567027,1,1,0,-0.0170607710913657,0.000809614618967267,0.0409011140319899
20200823,7,32,650,20,6.09294202700809,3.28248650838073,0.00099393611676758,-0.000934125124327245,4.9696805838379e-05,3.27817684567027,1,1,0,-0.00801010021331194,0.000303197833295767,0.0153173236541864
20200823,7,33,670,20,6.10548352423362,3.27574383267384,0.00339442210562633,0.00339442210562633,0.000169721105281317,3.27817684567027,1,1,0,0.00453139701221517,0.00103546033830042,0.0523106677921048
20200823,7,34,690,20,6.11353093959409,3.27143187752116,0.00256741223036613,0.00256741223036613,0.000128370611518306,3.27817684567027,1,1,0,0.0125788123726807,0.000783182955415324,0.0395658065169499
20200823,7,35,710,20,6.10480058062828,3.27611028990265,0.000792021638352219,0.000764844293116901,3.9601081917611e-05,3.27817684567027,1,1,0,0.00384845340687434,0.000241604304965518,0.0122056655061633
20200823,7,36,730,20,6.09710367381453,3.28024601023184,0.00284900578157537,-0.0023949710269107,0.000142450289078768,3.27817684567027,1,1,0,-0.00384845340687434,0.000869082394178417,0.0439053807511885
20200823,7,37,750,20,6.08821974067934,3.28503254676684,0.00691192212353351,-0.00691192212353351,0.000345596106176676,3.27817684567027,1,1,0,-0.0127323865420692,0.00210846529913802,0.106518061324711
20200823,7,38,770,20,6.09134274077462,3.28334832747511,0.00814034334621402,-0.00814034334621402,0.000407017167310701,3.27817684567027,0,0,1,-0.00960938644678322,0.00248319225271985,0.125448981666616
20200823,7,39,790,20,6.09253132099803,3.28270778536166,0.0102400789457698,-0.0102400789457698,0.000512003947288488,3.27817684567027,0,0,1,-0.00842080622336994,0.00312371157135546,0.157807529891233
20200823,7,40,810,20,6.09573004452869,3.28098519027287,0.0103033672000677,-0.0103033672000677,0.000515168360003386,3.27817684567027,0,0,1,-0.00522208269271118,0.00314301750183982,0.158782850797915
20200823,7,41,830,20,6.09534056120842,3.28119484041347,0.0129479547745776,-0.0129479547745776,0.000647397738728878,3.27817684567027,0,0,1,-0.00561156601298762,0.00394974261125627,0.199537989007748
20200823,7,42,850,20,6.10139356899785,3.27793966637772,0.0120179540566716,-0.0120179540566716,0.000600897702833582,3.27817684567027,0,0,1,0.000441441776445117,0.00366604811834499,0.185205959258071
20200823,7,43,870,20,6.11031888699256,3.27315159321313,0.0099167302405004,-0.0099167302405004,0.00049583651202502,3.27817684567027,0,0,1,0.00936675977115442,0.00302507482279309,0.152824476465344
20200823,7,44,890,20,6.11434184319108,3.2709980097485,0.0101331319992211,-0.0101331319992211,0.000506656599961056,3.27817684567027,0,0,1,0.0133897159696801,0.00309108766130317,0.156159394798366
20200823,7,45,910,20,6.11928693212758,3.26835466645561,0.0104528192169631,-0.0104528192169631,0.000522640960848155,3.27817684567027,0,0,1,0.0183348049061749,0.00318860748185959,0.16108602187193
20200823,7,46,930,20,6.12537381556717,3.26510684934387,0.0106860006590667,-0.0106860006590667,0.000534300032953334,3.27817684567027,0,0,1,0.0244216883457682,0.00325973892262111,0.164679528092899
20200823,7,47,950,20,6.12623855423107,3.26464596880366,0.0116363624912506,-0.0116363624912506,0.000581818124562529,3.27817684567027,0,0,1,0.0252864270096609,0.00354964452470573,0.179325338348279
20200823,7,48,970,20,6.12840163895925,3.26349367718603,0.0116776606907748,-0.0116776606907748,0.000583883034538738,3.27817684567027,0,0,1,0.0274495117378422,0.0035622424416176,0.179961775517404
20200823,7,49,990,20,6.13273220981165,3.26118919198891,0.00816060023516511,-0.00816060023516511,0.000408030011758256,3.27817684567027,0,0,1,0.0317800825902452,0.0024893715682067,0.125761155979488
20200823,7,50,1010,20,6.15290208960056,3.25049866042942,0.00848797290452979,0.00792143477625511,0.000424398645226489,3.27817684567027,0,0,1,0.0519499623791546,0.00258923581738443,0.130806221801727
20200823,7,51,1030,20,6.16955535925382,3.24172470063044,0.0268605451036378,0.0268605451036378,0.00134302725518189,3.27817684567027,0,0,1,0.0686032320324159,0.00819374498941827,0.413941757361958
20200823,7,52,1050,20,6.17804607630063,3.23726947856884,0.0372972473916225,0.0372972473916225,0.00186486236958113,3.27817684567027,0,0,1,0.0770939490792273,0.0113774360406711,0.574779404903478
20200823,7,53,1070,20,6.18625189380782,3.23297536914382,0.0418905185281954,0.0418905185281954,0.00209452592640977,3.27817684567027,0,0,1,0.0852997665864166,0.0127786024062501,0.645565262710043
20200823,7,54,1090,20,6.18753900533801,3.23230285623185,0.0395076260045039,0.0395076260045039,0.00197538130022519,3.27817684567027,0,0,1,0.0865868781166057,0.0120517067456823,0.608843047466244
20200823,7,55,1110,20,6.18555907253187,3.2333374825913,0.0366801306986371,0.0366801306986371,0.00183400653493185,3.27817684567027,0,0,1,0.084606945310469,0.0111891860706305,0.565269159768609
20200823,7,56,1130,20,6.18500542234483,3.23362691449633,0.0329173860959907,0.0329173860959907,0.00164586930479954,3.27817684567027,0,0,1,0.0840532951234252,0.0100413698362451,0.507282357664853
20200823,7,57,1150,20,6.18284343339923,3.23475763464454,0.0305676495721607,0.0305676495721607,0.00152838247860804,3.27817684567027,0,0,1,0.0818913061778233,0.00932458833407162,0.471071102001242
20200823,7,58,1170,20,6.17630737408598,3.23818080750228,0.0274940457249644,0.0274940457249644,0.00137470228624822,3.27817684567027,0,0,1,0.0753552468645751,0.0083869928375822,0.42370449149375
20200823,7,59,1190,20,6.16487888998819,3.24418376368758,0.0193028863394386,0.0193028863394386,0.000965144316971932,3.27592705103993,0,0,1,0.0597368375572378,0.00589234315621009,0.297676689256408
20200823,7,60,1210,20,6.15606062094872,3.24883090526126,0.0100879947857163,0.0100879947857163,0.000504399739285812,3.27358643517553,0,0,1,0.0465533890348695,0.00308163385494213,0.155681795700041
20200823,7,61,1230,20,6.15075967140228,3.25163086650731,0.00640618791112167,0.00640618791112167,0.000320309395556084,3.27217663535694,1,1,0,0.0386201909434902,0.00195777570254023,0.098905337654105
20200823,7,62,1250,20,6.15110456730292,3.25144854573159,0.00511902504289514,0.00511902504289514,0.000255951252144757,3.27143187752116,1,1,0,0.0375736277088379,0.00156476589901482,0.0790507816553667
20200823,7,63,1270,20,6.15088022027589,3.25156713897168,0.00269494342136697,0.00269494342136697,0.000134747171068349,3.27109999328997,1,1,0,0.0367290047746414,0.000823864579772898,0.0416210112006033
20200823,7,64,1290,20,6.14968271222892,3.25220030624167,0.00189052131040358,0.00189052131040358,9.45260655201788e-05,3.27076817639074,1,1,0,0.0349112208205034,0.000578005290637794,0.0292003871343456
20200823,7,65,1310,20,6.15174772444567,3.25110861105771,0.0024509727893248,0.0024509727893248,0.00012254863946624,3.26964188929383,1,1,0,0.0348698897542468,0.000749615056422635,0.0378699818216577
20200823,7,66,1330,20,6.15376850842739,3.25004100700419,0.00463909499593192,0.00463909499593192,0.000231954749796596,3.26964188929383,1,1,0,0.0368906737359671,0.00141883886768219,0.0716786591552827
20200823,7,67,1350,20,6.15145114214312,3.2512653580196,0.00348759421697971,0.00348759421697971,0.000174379710848985,3.26964188929383,1,1,0,0.0345733074516934,0.00106665938811206,0.0538868200306395
20200823,7,68,1370,20,6.14822483632014,3.25297147265201,0.00314744960884456,0.00314744960884456,0.000157372480442228,3.26964188929383,1,1,0,0.0313470016287161,0.000962628237407474,0.0486312455163417
20200823,7,69,1390,20,6.14190858078825,3.25631678442097,0.00155679188083856,0.00129138327955442,7.7839594041928e-05,3.26964188929383,1,1,0,0.0250307460968306,0.000476135287456448,0.0240539921472167
20200823,7,70,1410,20,6.13142440972643,3.26188478622903,0.00891044512538107,-0.00891044512538107,0.000445522256269054,3.26964188929383,0,0,1,0.0145465750350118,0.00272520521423389,0.13767529219042
20200823,7,71,1430,20,6.12414466676228,3.26576217386674,0.0240763107310954,-0.0240763107310954,0.00120381553655477,3.2685163776025,0,0,1,0.00516048878785114,0.00736612822137843,0.372131188467385
20200823,7,72,1450,20,6.13466708465035,3.26016061247111,0.0307519554759735,-0.0307519554759735,0.00153759777379867,3.2685163776025,0,0,1,0.0156829066759201,0.00940853644996279,0.475312096889916
20200823,7,73,1470,20,6.14399504449415,3.25521095885693,0.0362074407727477,-0.0362074407727477,0.00181037203863739,3.2685163776025,0,0,1,0.0250108665197217,0.0110776378606695,0.559633829144888
20200823,7,74,1490,20,6.13147144435823,3.26185976425001,0.0394476189652513,-0.0394476189652513,0.00197238094826257,3.2685163776025,0,0,1,0.0124872663838005,0.0120689678153568,0.609715063561968
20200823,7,75,1510,20,6.1107922056475,3.272898067376,0.0409836506705363,-0.0409836506705363,0.00204918253352682,3.2685163776025,0,0,1,-0.00819197232692659,0.0125389155004321,0.633456462748724
20200823,7,76,1530,20,6.0995920356545,3.27890781598051,0.0422426943365073,-0.0422426943365073,0.00211213471682537,3.2685163776025,0,0,1,-0.0193921423199299,0.0129241189140049,0.652916645871589
20200823,7,77,1550,20,6.08825347029006,3.28501434731612,0.0403865156729447,-0.0403865156729447,0.00201932578364724,3.2685163776025,0,0,1,-0.0307307076843699,0.0123562225203132,0.624226952513078
20200823,7,78,1570,20,6.0793644874546,3.28981755268533,0.03932272687298,-0.03932272687298,0.001966136343649,3.2685163776025,0,0,1,-0.0396196905198281,0.0120307571785287,0.607784691286657
20200823,7,79,1590,20,6.06851521800689,3.29569907654754,0.0409135723962403,-0.0409135723962403,0.00204567861981201,3.26714539072738,0,0,1,-0.0530366592872156,0.0125227277954507,0.632638672219931
20200823,7,80,1610,20,6.05581553921735,3.30261050233125,0.0397017523966148,-0.0397017523966148,0.00198508761983074,3.26577555349737,0,0,1,-0.0683040373964445,0.0121569139538991,0.614158035510497
20200823,7,81,1630,20,6.04410366452669,3.30901008819249,0.0380061255161409,-0.0380061255161409,0.00190030627580704,3.26546020210904,0,0,1,-0.0806073293732661,0.0116388267392125,0.587984663945834
20200823,7,82,1650,20,6.03905918050481,3.31177413603822,0.0401615571857589,-0.0401615571857589,0.00200807785928795,3.26072487268454,0,0,1,-0.0945463154823747,0.0123167573940987,0.622233204389253
20200823,7,83,1670,20,6.03851789672922,3.31207099855298,0.0378675852385417,-0.0378675852385417,0.00189337926192708,3.25297147265201,0,0,1,-0.109706939590922,0.0116409214027536,0.588090484752854
20200823,7,84,1690,20,6.03476713231237,3.31412953664983,0.0363336418966942,-0.0363336418966942,0.00181668209483471,3.25188152849076,0,0,1,-0.11551842537898,0.0111731136507784,0.564457193356764
20200823,7,85,1710,20,6.03584149642893,3.3135396301962,0.0310140303352908,-0.0310140303352908,0.00155070151676454,3.25188152849076,0,0,1,-0.114444061262418,0.00953725714284702,0.481814968274143
20200823,7,86,1730,20,6.04148608440869,3.31044377501988,0.0133386868794511,-0.0133386868794511,0.000666934343972554,3.2521322291233,0,0,1,-0.108325359571722,0.00410152046094598,0.207205690395857
20200823,7,87,1750,20,6.03936098090685,3.31160863926317,0.00780182671744992,0.00752893936735478,0.000390091335872496,3.25163086650731,0,0,1,-0.111398690495434,0.00239935805684799,0.121213741930568
20200823,7,88,1770,20,6.04216140959829,3.31007377065911,0.0279046338812799,0.0279046338812799,0.00139523169406399,3.25163086650731,0,0,1,-0.108598261803991,0.0085817348361111,0.433542708964191
20200823,7,89,1790,20,6.05049524182061,3.30551454065468,0.0437175619457734,0.0437175619457734,0.00218587809728867,3.25163086650731,0,0,1,-0.100264429581671,0.0134448108474047,0.679221605842159
20200823,7,90,1810,20,6.06422777669832,3.29802915333254,0.0519834385916335,0.0519834385916335,0.00259917192958168,3.25163086650731,0,0,1,-0.0865318947039668,0.0159868818835118,0.807645098809546
20200823,7,91,1830,20,6.07322758088958,3.29314186462126,0.0560940448332205,0.0560940448332205,0.00280470224166102,3.25163086650731,0,0,1,-0.0775320905127046,0.0172510494383002,0.871509881019008
20200823,7,92,1850,20,6.0811859355365,3.28883218043481,0.057595942094906,0.057595942094906,0.0028797971047453,3.25163086650731,0,0,1,-0.069573735865788,0.0177129398936885,0.894844235097521
20200823,7,93,1870,20,6.09284409750239,3.28253926736752,0.060006169221655,0.060006169221655,0.00300030846108275,3.25163086650731,0,0,1,-0.0579155738998907,0.0184541762841948,0.93229093309741
20200823,7,94,1890,20,6.10340294149353,3.2768604976138,0.0615621409677318,0.0615621409677318,0.00307810704838659,3.2521322291233,0,0,1,-0.0464085024868837,0.0189297779519646,0.956317967184406
20200823,7,95,1910,20,6.11319466475152,3.27161183256921,0.0609367044927199,0.0609367044927199,0.003046835224636,3.2521322291233,0,0,1,-0.0366167792288934,0.0187374621323891,0.946602318427163
20200823,7,96,1930,20,6.11787132884058,3.26911092518683,0.0552518579552185,0.0552518579552185,0.00276259289776092,3.2521322291233,0,0,1,-0.0319401151398324,0.0169894254177091,0.858292834724374
20200823,7,97,1950,20,6.11926129515916,3.26836835940012,0.0478175035042252,0.0478175035042252,0.00239087517521126,3.2521322291233,0,0,1,-0.0305501488212485,0.0147034315136429,0.742806163465998
20200823,7,98,1970,20,6.1259051703255,3.26482363731029,0.0448104138960472,0.0448104138960472,0.00224052069480236,3.2521322291233,0,0,1,-0.0239062736549158,0.0137787798093705,0.696093463484665
20200823,7,99,1990,20,6.1359313749864,3.25948886611274,0.0444383960816558,0.0444383960816558,0.00222191980408279,3.2521322291233,0,0,1,-0.0138800689940126,0.0136643878387551,0.690314468238194
20200823,7,100,2010,20,6.14278991172125,3.25584958747122,0.0429721068933968,0.0429721068933968,0.00214860534466984,3.25297147265201,0,0,1,-0.00543492459888828,0.0132101087435493,0.66736463428008
20200823,7,101,2030,20,6.14538377842712,3.25447534622791,0.0407379582763113,0.0407379582763113,0.00203689791381557,3.25598308453301,0,0,1,0.0028457244038691,0.0125117229477727,0.632082715695387
20200823,7,102,2050,20,6.14648979624701,3.25388972616725,0.0378378737316471,0.0378378737316471,0.00189189368658235,3.25614992592735,0,0,1,0.00426647884125941,0.0116204335157789,0.587055452304333
20200823,7,103,2070,20,6.13715358118475,3.25883974312064,0.0283584494748921,0.0283584494748921,0.00141792247374461,3.25631678442098,0,0,1,-0.00475499960350501,0.00870875020838451,0.439959428849755
20200823,7,104,2090,20,6.12817365431079,3.26361508798486,0.0220640992797772,0.0220640992797772,0.00110320496398886,3.26072487268454,0,0,1,-0.00543184167639676,0.00676662403032241,0.341844693255236
20200823,7,105,2110,20,6.12020708046646,3.26786328257306,0.0183045440286119,0.0183045440286119,0.000915227201430594,3.26514491161705,0,0,1,-0.00509533071965418,0.00560604338370594,0.283213042765609
20200823,7,106,2130,20,6.1162344532986,3.26998583077757,0.015312217315001,0.015312217315001,0.000765610865750048,3.26514491161705,0,0,1,-0.0090679578875088,0.00468959808200906,0.236914923993249
20200823,7,107,2150,20,6.11658059764056,3.26980077851257,0.0149555524577512,0.0149555524577512,0.00074777762288756,3.26514491161705,0,0,1,-0.0087218135455478,0.00458036407650419,0.231396505216394
20200823,7,108,2170,20,6.1195474213971,3.26821554320662,0.0124164209695837,0.0124164209695837,0.000620821048479186,3.26514491161705,0,0,1,-0.00575498978901035,0.00380271666516465,0.192110350170858
20200823,7,109,2190,20,6.11898417797443,3.2685163776025,0.00601809408068028,0.00601809408068028,0.000300904704034014,3.26514491161705,1,1,0,-0.00631823321168579,0.00184313230915679,0.0931136407208509
20200823,7,110,2210,20,6.11477149140842,3.27076817639074,0.00293434441077299,-0.00279057567994527,0.000146717220538649,3.26546020210904,1,1,0,-0.00993950249153475,0.00089860057362751,0.0453966166989832
20200823,7,111,2230,20,6.1107480213235,3.27292173236564,0.0068425411938802,-0.0068425411938802,0.00034212705969401,3.26577555349737,1,1,0,-0.0133715552902913,0.0020952270239614,0.105849273743681
20200823,7,112,2250,20,6.10378012625472,3.27665800312371,0.0161171689077905,-0.0161171689077905,0.000805858445389524,3.26714539072738,0,0,1,-0.0177717510393904,0.00493310427920756,0.24921667164674
20200823,7,113,2270,20,6.10916278004504,3.27377100923354,0.0232788916090551,-0.0232788916090551,0.00116394458045275,3.2685163776025,0,0,1,-0.00982139792938597,0.00712215847182948,0.359806022502143
20200823,7,114,2290,20,6.11531196176702,3.2704791063874,0.0272616871889592,-0.0272616871889592,0.00136308435944796,3.2685163776025,0,0,1,-0.00367221620740565,0.00834069162870646,0.42136538967953
20200823,7,115,2310,20,6.12341167212583,3.26615309747037,0.030510648312124,-0.030510648312124,0.0015255324156062,3.26951887540547,0,0,1,0.00630369319736612,0.00933184651161869,0.471437779603847
20200823,7,116,2330,20,6.13064221906006,3.26230096054543,0.0323967541264449,-0.0323967541264449,0.00161983770632225,3.27052198835615,0,0,1,0.0154104391775709,0.00990568301995376,0.50042756303077
20200823,7,117,2350,20,6.13366932629128,3.26069093980535,0.0340926884399602,-0.0340926884399602,0.00170463442199801,3.27076817639074,0,0,1,0.0188978348828632,0.0104234499669069,0.52658475491342
20200823,7,118,2370,20,6.13078641481763,3.26222423140717,0.0335004775283898,-0.0335004775283898,0.00167502387641949,3.27184460000601,0,0,1,0.0180266584516744,0.0102390185427292,0.51726741980774
20200823,7,119,2390,20,6.12921430122594,3.26306097602097,0.0326322544348459,-0.0326322544348459,0.00163161272174229,3.27292173236564,0,0,1,0.0184662799024409,0.00997037421095297,0.503695712737972
20200823,7,120,2410,20,6.13762219376406,3.25859092798517,0.018560841693169,-0.018560841693169,0.000928042084658449,3.27537844920767,0,0,1,0.0314575748822108,0.00566677774217478,0.286281296306488
20200823,7,121,2430,20,6.14981144398041,3.2521322291233,0.00538822540109006,0.00377932338401458,0.000269411270054503,3.27553791392776,1,1,0,0.0439440946943819,0.00164498947735547,0.0831036157432081
20200823,7,122,2450,20,6.15119354695094,3.25140151213641,0.0171039943053353,0.0171039943053353,0.000855199715266764,3.27569739417597,0,0,1,0.0456234672607252,0.00522148179369234,0.263785284080208
20200823,7,123,2470,20,6.15417104893299,3.2498284238407,0.0239614196757288,0.0239614196757288,0.00119807098378644,3.27569739417597,0,0,1,0.0486009692427842,0.00731490635195151,0.369543498629182
20200823,7,124,2490,20,6.15367002132916,3.25009302264799,0.0280350557845697,0.0280350557845697,0.00140175278922848,3.27569739417597,0,0,1,0.0480999416389523,0.00855849988903573,0.432368897131261
20200823,7,125,2510,20,6.15383357124392,3.25000664520039,0.0301606553737835,0.0301606553737835,0.00150803276868918,3.2760075677589,0,0,1,0.048841569139995,0.00920652799175806,0.465106783410031
20200823,7,126,2530,20,6.1515906898901,3.25119160363989,0.0297160954402581,0.0297160954402581,0.0014858047720129,3.27631780008764,0,0,1,0.0471767653724546,0.00906996733939033,0.458207843242794
20200823,7,127,2550,20,6.14590108022185,3.2542014163492,0.0286432775602167,0.0286432775602167,0.00143216387801084,3.27631780008764,0,0,1,0.0414871557042025,0.00874252111912054,0.441665509543728
20200823,7,128,2570,20,6.14078271530025,3.25691380516826,0.0233285833554175,0.0233285833554175,0.00116642916777088,3.27631780008764,0,0,1,0.0363687907826025,0.00712036645370407,0.359715491111062
20200823,7,129,2590,20,6.12411957661379,3.26577555349737,0.00724641527610382,0.00724641527610382,0.000362320763805191,3.27631780008764,1,1,0,0.0197056520961487,0.00221175591571428,0.111736224618759
20200823,7,130,2610,20,6.12530241118611,3.26514491161705,0.00385804482574597,-0.00385804482574597,0.000192902241287299,3.27631780008764,1,1,0,0.0208884866684675,0.00117755512778485,0.0594891883522545
20200823,7,131,2630,20,6.13744873704866,3.25868302235588,0.00968446894936209,-0.00968446894936209,0.000484223447468104,3.27631780008764,0,0,1,0.0330348125310129,0.00295590035530223,0.149329835043782
20200823,7,132,2650,20,6.15603474982618,3.24884455867711,0.00667072033091353,-0.00667072033091353,0.000333536016545677,3.27631780008764,1,1,0,0.0516208253085315,0.00203604190372958,0.102859286538797
20200823,7,133,2670,20,6.15919842680501,3.24717578718676,0.00337511035778237,-0.00337511035778237,0.000168755517889118,3.27631780008764,1,1,0,0.0547845022873608,0.00103015353324152,0.0520425720416398
20200823,7,134,2690,20,6.14792956118936,3.25312770761981,0.00220769495294131,-0.00220769495294131,0.000110384747647065,3.27631780008764,1,1,0,0.0435156366717129,0.000673834190591112,0.03404159018667
20200823,7,135,2710,20,6.14253805402325,3.25598308453301,0.00195973358855593,0.00133674486936764,9.79866794277964e-05,3.27695143932706,1,1,0,0.0393044937154059,0.000598035590346853,0.0302123026226556
20200823,7,136,2730,20,6.14922391060736,3.25244295715109,0.00625377807856532,0.00625377807856532,0.000312688903928266,3.27758532370531,1,1,0,0.0471707145093205,0.00190804432559987,0.096392946361319
20200823,7,137,2750,20,6.16289882558192,3.24522608045761,0.0131703805004553,0.0131703805004553,0.000658519025022765,3.27802669890878,0,0,1,0.061667250299819,0.00401777706839288,0.202975037974327
20200823,7,138,2770,20,6.16653620274428,3.24331185976001,0.0157741854190496,0.0157741854190496,0.000788709270952479,3.27846819300363,0,0,1,0.066126248278124,0.00481144988769825,0.243070784427014
20200823,7,139,2790,20,6.16056986539877,3.24645291539201,0.0152187610607784,0.0152187610607784,0.000760938053038921,3.27846819300363,0,0,1,0.0601599109326116,0.00464203407349073,0.234512026502703
20200823,7,140,2810,20,6.14789020493299,3.2531485328011,0.0177915697029065,0.0177915697029065,0.000889578485145325,3.27874758299351,0,0,1,0.04800008111323,0.00542633101590051,0.274134110794316
20200823,7,141,2830,20,6.12812492822195,3.26364103771672,0.0172358412055861,0.0172358412055861,0.000861792060279306,3.27874758299351,0,0,1,0.0282348044021887,0.00525683687728402,0.265571395980507
20200823,7,142,2850,20,6.11226697847121,3.27210837982773,0.00826489518528074,0.00826489518528074,0.000413244759264037,3.27874758299351,0,0,1,0.0123768546514498,0.00252074762575498,0.127346250514086
20200823,7,143,2870,20,6.09924064277993,3.2790967222576,0.00109919092184384,0.000273406824690285,5.49595460921918e-05,3.27874758299351,1,1,0,-0.000649481039829425,0.000335247192417378,0.0169364328715537
20200823,7,144,2890,20,6.09549938428643,3.2811093462757,0.00322622376840825,-0.00322622376840825,0.000161311188420412,3.27902702060649,1,1,0,-0.0038709088869382,0.000983896670607955,0.0497057105658046
20200823,7,145,2910,20,6.10040995446616,3.27846819300363,0.00365797466672039,-0.00365797466672039,0.000182898733336019,3.27902702060649,1,1,0,0.00103966129279343,0.00111556710076875,0.0563576004310316
20200823,7,146,2930,20,6.10441392451764,3.27631780008764,0.00328285476564254,-0.00328285476564254,0.000164142738282127,3.27906187106164,1,1,0,0.00510845654099512,0.00100115670113284,0.0505776741644786
20200823,7,147,2950,20,6.11523177988249,3.27052198835615,0.00464000972108662,-0.00464000972108662,0.000232000486054331,3.27906187106164,1,1,0,0.0159263119058437,0.00141504183316442,0.0714868358628712
20200823,7,148,2970,20,6.11945117710638,3.26826694439894,0.0116457107237871,-0.0116457107237871,0.000582285536189357,3.27906187106164,0,0,1,0.0201457091297357,0.00355153735480346,0.179420962683433
20200823,7,149,2990,20,6.11052705331815,3.27304008729322,0.0107808618238034,-0.0107808618238034,0.000539043091190171,3.27906187106164,0,0,1,0.0112215853415023,0.00328778847357125,0.166096570047281
20200823,7,150,3010,20,6.10616461888185,3.27537844920767,0.00217545638753271,-0.000590897210092429,0.000108772819376636,3.27906187106164,1,1,0,0.00685915090519984,0.00066343865199115,0.0335164154927603
20200823,7,151,3030,20,6.09400818909455,3.28191222909591,0.0042653642371596,0.0042653642371596,0.00021326821185798,3.27906187106164,1,1,0,-0.00529727888209663,0.00130078797073098,0.065714817736585
20200823,7,152,3050,20,6.08232720050239,3.28821507635236,0.00685755316123825,0.00685755316123825,0.000342877658061912,3.27906187106164,1,1,0,-0.0169782674742578,0.00209131557466405,0.105651670303731
20200823,7,153,3070,20,6.07478430521792,3.29229796403159,0.00696785802213124,0.00696785802213124,0.000348392901106562,3.27906187106164,1,1,0,-0.024521162758731,0.0021249547267235,0.107351094649698
20200823,7,154,3090,20,6.06892388164954,3.29547715377903,0.00665379750008329,0.00665379750008329,0.000332689875004164,3.2790967222576,1,1,0,-0.0303167611303934,0.00202915560706678,0.102511396075279
20200823,7,155,3110,20,6.06311159285815,3.2986363014592,0.00698431709212276,0.00698431709212276,0.000349215854606138,3.27960162020179,1,1,0,-0.0351900657345823,0.00212962362535149,0.107586963853036
20200823,7,156,3130,20,6.06415458189338,3.29806896079412,0.00902420883257811,0.00902420883257811,0.000451210441628906,3.28010667365295,0,0,1,-0.0332080925121545,0.00275119370509013,0.138988210958347
20200823,7,157,3150,20,6.06526851392982,3.29746324570247,0.0206810397752484,-0.00709214920470788,0.00103405198876242,3.28060793335106,0,0,1,-0.0311625154161561,0.00630402663024814,0.318474624869521
20200823,7,158,3170,20,5.91154318936856,3.38321134758322,0.0337665118130462,0.0221176172212929,0.00168832559065231,3.2811093462757,0,0,1,-0.183956194917869,0.0102911875982962,0.519902960768463
20200823,7,159,3190,20,6.07461529234479,3.29238956501557,0.0146085369727212,0.0146085369727212,0.000730426848636062,3.28151073857574,0,0,1,-0.0201384943457015,0.00445177180162504,0.224900121411993
20200823,7,160,3210,20,6.0816072848346,3.28860432173465,0.000673536359366912,0.000673536359366912,3.36768179683456e-05,3.2850606295039,1,1,0,-0.00656040996386853,0.00020503011521849,0.0103579652912401
20200823,7,161,3230,20,6.09937029317337,3.27902702060649,0.0019879390535467,-0.00168433122427413,9.93969526773351e-05,3.28840968752487,1,1,0,0.0174030505048668,0.000604529010204623,0.0305403452491573
20200823,7,162,3250,20,6.11866415745192,3.26868732869445,0.0124755914154149,-0.0124755914154149,0.000623779570770745,3.29045010632363,0,0,1,0.0404683624256572,0.00379145436408203,0.191541387296361
20200823,7,163,3270,20,6.12115689200959,3.2673562126969,0.018267292561115,-0.018267292561115,0.00091336462805575,3.29045010632363,0,0,1,0.0429610969833343,0.00555160904157418,0.280463061252643
20200823,7,164,3290,20,6.1374316158508,3.25869211289412,0.00472760243608338,-0.00249631641786211,0.000236380121804169,3.29045010632363,1,1,0,0.0592358208245409,0.0014367646623779,0.07258425665289
20200823,7,165,3310,20,6.32410683617411,3.16250191815219,0.039337607165286,0.039337607165286,0.0019668803582643,3.29229796403159,0,0,1,0.249322530956192,0.0119483739306254,0.603622752337086
20200823,7,166,3330,20,6.07923170597269,3.28988940828666,0.0274779910727841,-0.0221218345389574,0.0013738995536392,3.29388679178384,0,0,1,0.00737761253895997,0.00834211762873097,0.421437430114875
20200823,7,167,3350,20,6.10557007969021,3.27569739417597,0.00515653153829839,0.00515653153829839,0.00025782657691492,3.29547715377903,1,1,0,0.0366461980406712,0.00156472986996291,0.0790489614951001
20200823,7,168,3370,20,6.04106075313894,3.31067685250608,0.0280752827400542,-0.0253804203773082,0.00140376413700271,3.29692453498737,0,0,1,-0.0251988132410474,0.00851559762503384,0.430201507423785
20200823,7,169,3390,20,5.96852907655966,3.35090936869964,0.0330330288506885,0.0330330288506885,0.00165165144253442,3.29637668355989,0,0,1,-0.0987386904241712,0.0100210115595815,0.506253873030548
20200823,7,170,3410,20,6.06359525111043,3.29837318814071,0.00272081930657508,0.00250846409677571,0.000136040965328754,3.29642582690615,1,1,0,-0.00358206462215183,0.000825384658852979,0.0416978044381949
20200823,7,171,3430,20,6.05531495638979,3.30288352365475,0.00578833251867725,0.00578833251867725,0.000289416625933863,3.29637668355989,1,1,0,-0.0119528105940399,0.00175596816575774,0.0887101745714714
20200823,7,172,3450,20,6.05146492925655,3.30498486462468,0.00704331715966076,0.00704331715966076,0.000352165857983038,3.29647497171772,1,1,0,-0.0156219352247726,0.00213662085108769,0.10794045836887
20200823,7,173,3470,20,6.15117919696945,3.25140909727578,0.0381106388486454,0.0381106388486454,0.00190553194243227,3.29700604769954,0,0,1,0.0850696082549129,0.0115591655875902,0.58396024322752
20200823,7,174,3490,20,6.05714471185911,3.30188578140499,0.0264777023054619,-0.0173139677208756,0.0013238851152731,3.29753729482608,0,0,1,-0.00798760108864371,0.00802953839127342,0.405646165066336
20200823,7,175,3510,20,6.10205319609804,3.27758532370531,0.00558352073038929,0.00558352073038929,0.000279176036519465,3.29789373039346,1,1,0,0.0375764012032969,0.00169305659516298,0.085531929931929
20200823,7,176,3530,20,6.09736267440553,3.28010667365295,0.00551134936573822,-0.00550261345264639,0.000275567468286911,3.29825024302444,1,1,0,0.0335413975637948,0.00167099187740358,0.0844172371929169
20200823,7,177,3550,20,6.10793198225974,3.27443070061835,0.0140905158027558,-0.0140905158027558,0.000704525790137789,3.29831171443688,0,0,1,0.0442237182836607,0.00427203885584279,0.215820149856981
20200823,7,178,3570,20,6.09854777266037,3.27946926802139,0.0233977470104663,-0.0233977470104663,0.00116988735052332,3.29837318814072,0,0,1,0.0349525215499407,0.00709372338296735,0.358369503466033
20200823,7,179,3590,20,6.09532984497082,3.28120060910268,0.0284165724069738,-0.0284165724069738,0.00142082862034869,3.29845840963493,0,0,1,0.031891257544884,0.00861510708274139,0.435228649451124
20200823,7,180,3610,20,6.09948245025862,3.2789667259641,0.00775400852053573,-0.0066028765953432,0.000387700426026787,3.29858996784532,0,0,1,0.0362856919588239,0.00235070396627706,0.118755774324817
20200823,7,181,3630,20,6.0817535394981,3.28852523702408,0.0096988381270779,0.0096988381270779,0.000484941906353895,3.29868695310923,0,0,1,0.0187350462916811,0.00294021174635444,0.148537258466551
20200823,7,182,3650,20,6.06372630267356,3.29830190244269,0.0187537558574246,0.0187537558574246,0.00093768779287123,3.29873760631484,0,0,1,0.000800909118879645,0.00568513113062522,0.287208495514974
20200823,7,183,3670,20,6.04937485786309,3.30612674365908,0.0205296783108932,0.0205296783108932,0.00102648391554466,3.30062266330357,0,0,1,-0.0100878678706513,0.00621994102480809,0.314226684113535
20200823,7,184,3690,20,6.03507593395739,3.31395995988494,0.0157232009841655,0.0157232009841655,0.000786160049208276,3.3007208220396,0,0,1,-0.0242065919853758,0.00476356584876201,0.240651719243455
20200823,7,185,3710,20,6.02136162912666,3.32150786347984,0.00242881294301696,0.000543142788858506,0.000121440647150848,3.30160236721127,1,1,0,-0.0363030365590475,0.000735646717223699,0.0371643119621609
20200823,7,186,3730,20,6.01927861040417,3.32265729740944,0.00461529853862134,-0.00461529853862134,0.000230764926931067,3.30187145145989,1,1,0,-0.0378923891382783,0.00139778262311839,0.070614913714164
20200823,7,187,3750,20,6.0225936926372,3.3208283707484,0.00294296918643993,-0.00294296918643993,0.000147148459321997,3.30288352365474,1,1,0,-0.0327212637525927,0.000891030266542201,0.0450141705497914
20200823,7,188,3770,20,6.03369684559061,3.31471741319186,0.00486452232035097,-0.00486452232035097,0.000243226116017549,3.30393386002033,1,1,0,-0.0196930972325617,0.00147234252453257,0.074381623156547
20200823,7,189,3790,20,6.03186706493443,3.31572294029285,0.0082209069931138,-0.0082209069931138,0.00041104534965569,3.30393386002033,0,0,1,-0.0215228778887422,0.00248821778564999,0.125702867763323
20200823,7,190,3810,20,6.02497278564942,3.31951706863091,0.00743266466788137,-0.00743266466788137,0.000371633233394068,3.30393386002033,1,1,0,-0.0284171571737488,0.00224964087744651,0.113650144036228
20200823,7,191,3830,20,6.02021249924383,3.32214186833307,0.00929554236796778,-0.00929554236796778,0.000464777118398389,3.30393386002033,0,0,1,-0.0331774435793477,0.00281347713416714,0.14213472236674
20200823,7,192,3850,20,6.01016050915473,3.32769814874924,0.0127849865943046,-0.0127849865943046,0.000639249329715229,3.30393386002033,0,0,1,-0.0432294336684436,0.00386962546345462,0.19549053170969
20200823,7,193,3870,20,6.00620266788246,3.32989096537616,0.00989916454850985,-0.00989916454850985,0.000494958227425492,3.30393386002033,0,0,1,-0.0471872749407112,0.00299617515601506,0.151364487306697
20200823,7,194,3890,20,6.01472049061363,3.32517529803942,0.00316840920909165,0.000249421062838967,0.000158420460454583,3.30498486462468,1,1,0,-0.036744438642927,0.000958675860517581,0.0484315744455832
20200823,7,195,3910,20,6.02234214379519,3.32096707932909,0.00765525535402077,0.00765525535402077,0.000382762767701039,3.30674511860667,0,0,1,-0.0259014560705273,0.00231504246001469,0.116954182184534
20200823,7,196,3930,20,6.0218282696685,3.32125047483312,0.00413514499068081,0.00413514499068081,0.000206757249534041,3.30850724863068,1,1,0,-0.0231940008063694,0.00124985217801541,0.0631415802759929
20200823,7,197,3950,20,6.02916725512591,3.31720769281965,0.0082567355246304,0.0082567355246304,0.00041283677623152,3.3099412059365,0,0,1,-0.0132361459161521,0.00249452634077658,0.126021571164379
20200823,7,198,3970,20,6.02906307335707,3.31726501392591,0.0147455110031369,0.0147455110031369,0.000737275550156843,3.31137640677906,0,0,1,-0.010721458252192,0.00445298546337101,0.224961434679201
20200823,7,199,3990,20,6.02108146773139,3.32166241350253,0.0123638222072639,0.0123638222072639,0.000618191110363196,3.31137640677906,0,0,1,-0.0187030638778651,0.00373374110594998,0.188625757443941
20200823,7,200,4010,20,6.02063368392373,3.3219094616907,0.0089648661640832,0.0089648661640832,0.00044824330820416,3.31137640677906,0,0,1,-0.0191508476855233,0.00270729299928885,0.136770380731475
20200823,7,201,4030,20,6.03215686573299,3.3155636441775,0.0177796196097976,0.0177796196097976,0.00088898098048988,3.31290148331926,0,0,1,-0.00484728325898232,0.00536678186759235,0.271125733168222
20200823,7,202,4050,20,6.02509291190063,3.31945088522974,0.0176224264331287,0.0176224264331287,0.000881121321656434,3.31442796527512,0,0,1,-0.00913085447405138,0.00531688322019873,0.268604891499512
20200823,7,203,4070,20,6.01690272818269,3.32396930838214,0.0113236541219674,0.0113236541219674,0.000566182706098368,3.31457268291442,0,0,1,-0.0170575777999611,0.00341632397453139,0.172590085676527
20200823,7,204,4090,20,6.01510261594558,3.32496405746787,0.00339813458572787,0.00339813458572787,0.000169906729286393,3.31673138307054,1,1,0,-0.0149304769015544,0.00102454320029437,0.0517591422933955
20200823,7,205,4110,20,6.01667255815732,3.32409646805264,0.00126153710853952,-0.000981064799411859,6.30768554269761e-05,3.31753511330629,1,1,0,-0.0118996549240356,0.000380263377915618,0.0192106162832828
20200823,7,206,4130,20,6.01542304105465,3.32478694573965,0.00422868468540592,-0.00422868468540592,0.000211434234270296,3.31833923316591,1,1,0,-0.011688292260942,0.0012743376696214,0.0643785686663257
20200823,7,207,4150,20,6.01494211444287,3.32505278013843,0.00652345574182678,-0.00652345574182678,0.000326172787091339,3.31833923316591,1,1,0,-0.0121692188727138,0.00196587970169734,0.0993147455203599
20200823,7,208,4170,20,6.01604625479786,3.32444252469798,0.00672885749269588,-0.00672885749269588,0.000336442874634794,3.31889335898373,1,1,0,-0.0100587858667032,0.00202744010273241,0.102424730102657
20200823,7,209,4190,20,6.02150913659989,3.32142649729387,0.00578103209709819,-0.00578103209709819,0.000289051604854909,3.31944766989819,1,1,0,-0.003589611413644,0.00174156446252262,0.0879825104523943
20200823,7,210,4210,20,6.02711133331559,3.31833923316591,0.00565297507215177,-0.00565297507215177,0.000282648753607588,3.31948236890183,1,1,0,0.002075566484109,0.00170296884993606,0.0860326894949232
20200823,7,211,4230,20,6.03367559941671,3.31472908519203,0.00466354533386253,-0.00466354533386253,0.000233177266693126,3.32017259021497,1,1,0,0.00989236027339757,0.00140460931085531,0.070959792780138
20200823,7,212,4250,20,6.03978453160926,3.31137640677906,0.00513228584217293,-0.00513228584217293,0.000256614292108647,3.3210394093784,1,1,0,0.0175735504564045,0.00154538540785746,0.0780716940002619
20200823,7,213,4270,20,6.04676795363957,3.30755209284357,0.00922435815690767,-0.00922435815690767,0.000461217907845384,3.32125047483312,0,0,1,0.0249396839710707,0.00277737503594069,0.140310871855941
20200823,7,214,4290,20,6.05221394763657,3.30457584167363,0.0095021859567452,-0.0095021859567452,0.00047510929783726,3.32133848373131,0,0,1,0.0305452445023784,0.00286095078935469,0.14453305527582
20200823,7,215,4310,20,6.05717099954245,3.30187145145989,0.00698558723435705,-0.00698558723435705,0.000349279361717852,3.32146717988855,1,1,0,0.035735616679176,0.00210316310715178,0.106250198623164
20200823,7,216,4330,20,6.05766466568571,3.30160236721127,0.00506027951388042,-0.00506027951388042,0.000253013975694021,3.32150786347984,1,1,0,0.0363030365590475,0.00152348864487676,0.0769654862087732
20200823,7,217,4350,20,6.05946272573374,3.30062266330357,0.00536907827894474,-0.00536907827894474,0.000268453913947237,3.32208248101918,1,1,0,0.0391426059683226,0.00161617849936632,0.0816481070746389
20200823,7,218,4370,20,6.06328192374144,3.29854363553306,0.00701707850138073,-0.00701707850138073,0.000350853925069036,3.32331731734694,1,1,0,0.0451987585845464,0.00211146809988719,0.106669760531938
20200823,7,219,4390,20,6.06726776698383,3.29637668355989,0.00529533984685943,-0.00529533984685943,0.000264766992342972,3.32397759955215,1,1,0,0.0503800470742135,0.00159307326486583,0.0804808482222159
20200823,7,220,4410,20,6.06708686448133,3.29647497171772,0.00399022830898454,-0.00399022830898454,0.000199511415449227,3.32397759955215,1,1,0,0.0501991445717067,0.00120043778559824,0.0606452027999363
20200823,7,221,4430,20,6.06820441188142,3.29586787828709,0.00517901221570697,-0.00517901221570697,0.000258950610785348,3.3240370327397,1,1,0,0.0514242728479539,0.00155804889196387,0.0787114435741263
20200823,7,222,4450,20,6.06513231294775,3.29753729482608,0.00387455678001436,-0.00387455678001436,0.000193727839000718,3.32426948736918,1,1,0,0.0487729064701625,0.00116553630646855,0.0588820066516385
20200823,7,223,4470,20,6.06382127684174,3.29825024302444,0.00122736547174235,-0.00122736547174235,6.13682735871175e-05,3.32461472629854,1,1,0,0.0480866289154847,0.00036917524970144,0.018650452489467
20200823,7,224,4490,20,6.06292539355468,3.29873760631484,0.00281276207751993,-0.00281276207751993,0.000140638103875997,3.32478694573965,1,1,0,0.0475023525000324,0.000845997690505907,0.0427391591005612
20200823,7,225,4510,20,6.05928252594276,3.3007208220396,0.00507856255918622,-0.00507856255918622,0.000253928127959311,3.32487549924513,1,1,0,0.0440196974426499,0.00152744442922426,0.0771653294216952
20200823,7,226,4530,20,6.04502227047487,3.30850724863068,0.00553670124456586,-0.00553670124456586,0.000276835062228293,3.32500841821129,1,1,0,0.029999905280647,0.00166516909077312,0.0841230744463742
20200823,7,227,4550,20,6.03422376637468,3.31442796527512,0.00447177746894223,-0.00447177746894223,0.000223588873447112,3.32511403796035,1,1,0,0.0193924638464305,0.00134484935490671,0.0679407653125783
20200823,7,228,4570,20,6.03003309284713,3.31673138307054,0.00527656988640055,-0.00527656988640055,0.000263828494320027,3.32517529803942,1,1,0,0.0153126022335073,0.00158685465079441,0.080166688574777
20200823,7,229,4590,20,6.02509874801353,3.31944766989819,0.00516613606448627,-0.00516613606448627,0.000258306803224313,3.32733731130915,1,1,0,0.014286459153368,0.00155263370711689,0.078437872559298
20200823,7,230,4610,20,6.01688771990962,3.32397759955215,0.00572961485388617,-0.00572961485388617,0.000286480742694308,3.3295021378697,1,1,0,0.00998363280291414,0.0017208623441678,0.086936655197688
20200823,7,231,4630,20,6.0069040871067,3.3295021378697,0.00541826106916601,-0.00541826106916601,0.000270913053458301,3.33281250293668,1,1,0,0.00596644588711115,0.00162573233999565,0.0821307598280218
20200823,7,232,4650,20,5.99497119533248,3.33612945723099,0.00396719173016043,-0.00396719173016043,0.000198359586508021,3.33612945723099,1,1,0,0,0.00118916000743365,0.0600754580350434
20200823,7,233,4670,20,5.98766125364318,3.34020231819745,0.002320232163061,-0.002320232163061,0.00011601160815305,3.33816464540055,1,1,0,-0.00365497084465094,0.000695062230156292,0.0351140145804372
20200823,7,234,4690,20,5.98204492052218,3.34333831753543,0.00179965789391983,-0.00179965789391983,8.99828946959913e-05,3.34020231819745,1,1,0,-0.0056163331209973,0.000538787092061842,0.027219113606787
20200823,7,235,4710,20,5.97954521363772,3.34473597664007,0.0023895074465748,-0.0023895074465748,0.00011947537232874,3.34176958214174,1,1,0,-0.00530787344496275,0.000715042550912011,0.0361234051700832
20200823,7,236,4730,20,5.97538354624726,3.34706548043442,0.00170254852122472,-0.00170254852122472,8.51274260612359e-05,3.34403700104788,1,1,0,-0.0054115208326948,0.000509129689860253,0.0257208442315538
20200823,7,237,4750,20,5.96476601103655,3.3530233982346,0.00474983521088415,-0.00474983521088415,0.000237491760544208,3.34590032307184,1,1,0,-0.0126983689059452,0.00141959853918283,0.0717170371810083
20200823,7,238,4770,20,5.956853668132,3.35747713713299,0.00576125043281162,-0.00576125043281162,0.000288062521640581,3.34706548043442,1,1,0,-0.0185298781152596,0.00172128405210162,0.0869579595613756
20200823,7,239,4790,20,5.9453326439168,3.36398334590476,0.00905668444002069,-0.00905668444002069,0.000452834222001034,3.35004179035588,0,0,1,-0.024742134725102,0.0027034541676743,0.136576445881563
20200823,7,240,4810,20,5.92453895842823,3.37579010625765,0.0209881346335394,-0.0209881346335394,0.00104940673167697,3.35004179035588,0,0,1,-0.0455358202136722,0.0062650366613217,0.31650488133006
20200823,7,241,4830,20,5.91007684292549,3.38405075459222,0.0309645507468727,-0.0309645507468727,0.00154822753734363,3.3530233982346,0,0,1,-0.0546891681110537,0.00923481499209813,0.466535821126776
20200823,7,242,4850,20,5.89068470890311,3.39519104965374,0.054728681930001,-0.054728681930001,0.00273643409650005,3.3530233982346,0,0,1,-0.0740813021334361,0.016322189090245,0.824584563558633
20200823,7,243,4870,20,5.88764183138687,3.3969457675534,0.0524885756908863,-0.0524885756908863,0.00262442878454431,3.3530233982346,0,0,1,-0.0771241796496724,0.0156541036124359,0.790833393964087
20200823,7,244,4890,20,5.89226622574984,3.39427976159629,0.016786442069464,-0.016786442069464,0.000839322103473202,3.3530233982346,0,0,1,-0.0724997852867091,0.00500635995510865,0.252917492609364
20200823,7,245,4910,20,5.88417617613527,3.39894649672709,0.0146210262796635,0.0146210262796635,0.000731051313983176,3.35524878971728,0,0,1,-0.0766336634490017,0.00435765786563193,0.220145557033
20200823,7,246,4930,20,5.8863318066492,3.39770177029572,0.0406083607234395,0.0406083607234395,0.00203041803617197,3.35747713713299,0,0,1,-0.0705218614828027,0.0120949031266124,0.611025295736965
20200823,7,247,4950,20,5.91466409539544,3.38142617694384,0.0633132689926871,0.0633132689926871,0.00316566344963436,3.38164451648341,0,0,1,0.000381886691229738,0.0187226270189177,0.945852859791465
20200823,7,248,4970,20,5.91851517063492,3.37922594153872,0.0501932531853962,0.0501932531853962,0.00250966265926981,3.3822204593577,0,0,1,0.00524007803551285,0.0148403256938869,0.749721953207568
20200823,7,249,4990,20,5.91266105352247,3.38257170823025,0.034023932394795,0.034023932394795,0.00170119661973975,3.38279659844817,0,0,1,0.000393077027865729,0.0100579302966082,0.508118979511671
20200823,7,250,5010,20,5.91257104867827,3.38262319984652,0.0159570995089623,0.0159570995089623,0.000797854975448114,3.38345772290422,0,0,1,0.00145832378427713,0.00471621069799134,0.238259373087275
20200823,7,251,5030,20,5.9122679764946,3.38279659844817,0.00731133139698095,0.00731133139698095,0.000365566569849047,3.38411910582747,1,1,0,0.0023105032012154,0.00216048288146561,0.109145949972724
20200823,7,252,5050,20,5.90995747329339,3.38411910582747,0.0026113841073153,-0.00149438203972821,0.000130569205365765,3.3855094282873,1,1,0,0.00242703403603084,0.000771341555127902,0.0389675879916075
20200823,7,253,5070,20,5.90510340522133,3.3869008936094,0.00249087445261848,-0.00225190772447159,0.000124543722630924,3.3869008936094,1,1,0,0,0.000735443560606811,0.0371540486445786
20200823,7,254,5090,20,5.91428220870421,3.38164451648341,0.00581378730114494,0.00581378730114494,0.000290689365057247,3.38734255648403,1,1,0,0.00994874773903121,0.00171632694485422,0.0867075302780541
20200823,7,255,5110,20,5.91541283777633,3.38099817349658,0.00941262066188222,0.00941262066188222,0.000470631033094111,3.38929043633639,0,0,1,0.0144726924346523,0.00277716555682867,0.140300289130719
20200823,7,256,5130,20,5.90931964186416,3.38448437588507,0.0103114494539671,0.0103114494539671,0.000515572472698353,3.39079787783657,0,0,1,0.0110028678898288,0.00304100976391611,0.153629497556487
20200823,7,257,5150,20,5.91621976169063,3.3805370330403,0.015565731135626,0.015565731135626,0.000778286556781302,3.39170625682904,0,0,1,0.0194826961705985,0.00458935118696826,0.231850527193391
20200823,7,258,5170,20,5.90356351670903,3.38778433456224,0.0046854696415091,0.0046854696415091,0.000234273482075455,3.39261512265295,1,1,0,0.00840615964329938,0.00138107904142252,0.0697710614865982
20200823,7,259,5190,20,5.89515735706573,3.39261512265295,0.000234058383980353,-0.000234058383980353,1.17029191990177e-05,3.39303001482199,1,1,0,0.000720846739341141,6.89821142040893e-05,0.00348492387999145
20200823,7,260,5210,20,5.89831677397433,3.39079787783657,0.000451430403452421,-0.000101460011548467,2.25715201726211e-05,3.39344500848003,1,1,0,0.00460111038728428,0.000133030121992348,0.00672058046115707
20200823,7,261,5230,20,5.89371566358705,3.39344500848003,0.00459854862188402,-0.00459854862188402,0.000229927431094201,3.39500818393181,1,1,0,0.00271366404615492,0.00135450295632524,0.068428457905064
20200823,7,262,5250,20,5.88828833549474,3.39657280018703,0.00277820816895188,-0.00277820816895188,0.000138910408447594,3.40339698556207,1,1,0,0.0118066659027827,0.000816304468957817,0.041239080159219
20200823,7,263,5270,20,5.8875470530586,3.39700045193014,0.00144408724098215,-0.00144408724098215,7.22043620491074e-05,3.40561898841143,1,1,0,0.0148995055626528,0.0004240307697062,0.0214217115878523
20200823,7,264,5290,20,5.88716777091076,3.39721930447142,0.00151983125748423,0.000831713477880332,7.59915628742113e-05,3.40561898841143,1,1,0,0.0145202234148201,0.000446271665343621,0.0225453046991033
20200823,7,265,5310,20,5.88646333868246,3.39762584922112,0.00448628878273605,0.00448628878273605,0.000224314439136802,3.40604250686257,1,1,0,0.0145460153655677,0.0013171558410375,0.0665417100804038
20200823,7,266,5330,20,5.88031579168796,3.40117788032247,0.00149537253627893,0.00120279013059813,7.47686268139464e-05,3.40604250686257,1,1,0,0.00839846837106961,0.000439035195029428,0.022179723729373
20200823,7,267,5350,20,5.87118709913784,3.40646613066324,0.00238191927464176,-0.00238191927464176,0.000119095963732088,3.40646613066324,1,1,0,0,0.000699234685823224,0.0353248038634226
20200823,7,268,5370,20,5.85996471948943,3.41298983140338,0.00270122807540457,-0.00270122807540457,0.000135061403770229,3.40765014163567,1,1,0,-0.00918239618249572,0.000792695248376638,0.0400463603137832
20200823,7,269,5390,20,5.85275118579625,3.41719635178359,0.00751284898263099,-0.00751284898263099,0.00037564244913155,3.41104055284827,1,1,0,-0.0105622782725732,0.0022025094296688,0.111269099184904
20200823,7,270,5410,20,5.84646314064616,3.42087164818584,0.0112177638189139,-0.0112177638189139,0.000560888190945693,3.41104055284827,0,0,1,-0.0168503234226591,0.00328866328180909,0.166140764693294
20200823,7,271,5430,20,5.85024435370815,3.41866062181199,0.00964570625074409,-0.00964570625074409,0.000482285312537204,3.41104055284827,0,0,1,-0.013069110360675,0.00282778996652203,0.142857795758145
20200823,7,272,5450,20,5.85760268832178,3.41436609210005,0.00484673360041741,-0.00484673360041741,0.00024233668002087,3.41221306661851,1,1,0,-0.00369600830970196,0.00142040766675233,0.0717579136896718
20200823,7,273,5470,20,5.85494941076331,3.41591337462856,0.00373641240725725,-0.00373406291295635,0.000186820620362863,3.41252863289062,1,1,0,-0.0058072748322493,0.00109491019979876,0.0553140295241735
20200823,7,274,5490,20,5.86160008089632,3.41203762180611,0.00157257883926155,0.00157257883926155,7.86289419630776e-05,3.41298983140339,1,1,0,0.00163536140689846,0.000460762825834416,0.0232773870921386
20200823,7,275,5510,20,5.86275334252332,3.41136644022483,0.00167338943513377,0.00167338943513377,8.36694717566886e-05,3.41336409390315,1,1,0,0.00343114606516703,0.000490246393029894,0.0247668744552377
20200823,7,276,5530,20,5.86331346406882,3.41104055284827,0.00122913953676679,-0.00103584242380026,6.14569768383393e-05,3.41336409390315,1,1,0,0.00399126761067148,0.000360096228516096,0.0181917872528211
20200823,7,277,5550,20,5.86099731236664,3.41238852947437,0.00254155089602178,-0.00254155089602178,0.000127077544801089,3.41373843849386,1,1,0,0.00231763893975767,0.000744506628675132,0.0376119079419008
20200823,7,278,5570,20,5.85578190650358,3.41542774634204,0.000627049468151834,-0.000627049468151834,3.13524734075917e-05,3.41405223644934,1,1,0,-0.00235927437074768,0.00018366721559128,0.00927872786983452
20200823,7,279,5590,20,5.84813782528636,3.41989204042411,0.00118262087664114,0.00115953269413367,5.91310438320571e-05,3.41405223644934,1,1,0,-0.0100033555879699,0.000346398002940658,0.017499763327893
20200823,7,280,5610,20,5.84775575699814,3.42011548209166,0.00135758576876485,0.00135758576876485,6.78792884382422e-05,3.41405223644934,1,1,0,-0.0103854238761878,0.000397646454928514,0.0200887960968319
20200823,7,281,5630,20,5.85620852346051,3.41517893699962,0.00194868417273704,0.00194868417273704,9.74342086368521e-05,3.41405223644934,1,1,0,-0.00193265741381854,0.000570783350041444,0.0288355401948964
20200823,7,282,5650,20,5.85867967342688,3.41373843849386,0.000417111551777902,0.000417111551777902,2.08555775888951e-05,3.41436609210005,1,1,0,0.00107698510510001,0.000122163687351215,0.0061716164578328
20200823,7,283,5670,20,5.85482243035085,3.41598745955503,0.00074218015471596,0.000618266091808409,3.7109007735798e-05,3.41477246617789,1,1,0,-0.00208317554029236,0.000217343955436853,0.0109800511221326
20200823,7,284,5690,20,5.85023924802749,3.41866360538047,0.00422845627201943,0.00422845627201943,0.000211422813600972,3.41530333713931,1,1,0,-0.00575596695455172,0.00123809098478533,0.0625474137501102
20200823,7,285,5710,20,5.84311960551622,3.4228291307128,0.00431148326381424,0.00431148326381424,0.000215574163190712,3.41517893699962,1,1,0,-0.0130889179442875,0.00126244725191531,0.0637778738183187
20200823,7,286,5730,20,5.83942103353911,3.4249970819245,0.00140108901564061,0.00140108901564061,7.00544507820305e-05,3.41517893699962,1,1,0,-0.0167874899213984,0.000410253471776072,0.0207256929877785
20200823,7,287,5750,20,5.83231348348181,3.42917095534108,0.00316241944573026,-0.00236742463765243,0.000158120972286513,3.41530333713931,1,1,0,-0.0236817315002318,0.000925955657098128,0.0467785746851341
20200823,7,288,5770,20,5.82158402297114,3.43549108302532,0.0210341315420061,-0.0210341315420061,0.00105170657710031,3.41530333713931,0,0,1,-0.0344111920109063,0.00615878868306454,0.311137314375911
20200823,7,289,5790,20,5.83041614928902,3.43028687625305,0.0359787054790116,-0.0359787054790116,0.00179893527395058,3.41530333713931,0,0,1,-0.0255790656930222,0.010534556356317,0.532197765099356
20200823,7,290,5810,20,5.84389022430696,3.42237777102869,0.0435050851866213,-0.0435050851866213,0.00217525425933106,3.41530333713931,0,0,1,-0.0121049906750832,0.012738278534012,0.643528131391041
20200823,7,291,5830,20,5.85895330720496,3.41357900487196,0.0488029946777748,-0.0488029946777748,0.00244014973388874,3.41530333713931,0,0,1,0.00295809222291243,0.0142895051654922,0.721894919560653
20200823,7,292,5850,20,5.87759770158277,3.40275075216771,0.0384141581616966,-0.0384141581616966,0.00192070790808483,3.41530333713931,0,0,1,0.0216024866007283,0.0112476563191229,0.568223032197593
20200823,7,293,5870,20,5.89679245235743,3.39167439952959,0.0110584002517333,-0.0108018548107742,0.000552920012586667,3.41530333713931,0,0,1,0.0407972373753873,0.00323789694797533,0.163576088166369
20200823,7,294,5890,20,5.89589684058274,3.39218960927804,0.0100350302978934,0.0100350302978934,0.000501751514894672,3.41530333713931,0,0,1,0.0399016256006925,0.00293825447033319,0.148438378372415
20200823,7,295,5910,20,5.88930267121395,3.3959877962729,0.0133065889761215,0.0133065889761215,0.000665329448806073,3.41530333713931,0,0,1,0.0333074562319107,0.00389616606859501,0.19683134287082
20200823,7,296,5930,20,5.88072721875551,3.40093992732967,0.00569807713799378,0.00569807713799378,0.000284903856899689,3.41530333713931,1,1,0,0.0247320037734662,0.00166839562273451,0.0842860763840726
20200823,7,297,5950,20,5.87264754749594,3.40561898841143,0.00117096654980992,0.00117096654980992,5.85483274904959e-05,3.41530333713931,1,1,0,0.0166523325139005,0.000342858725629546,0.0173209617332809
20200823,7,298,5970,20,5.86051605882449,3.41266874781188,0.000322062802886858,-0.000233686744432765,1.61031401443429e-05,3.41530333713931,1,1,0,0.00452084384244333,9.42999116314572e-05,0.0047639597266224
20200823,7,299,5990,20,5.85132941396046,3.41802667138903,0.00204791004164633,0.00204791004164633,0.000102395502082316,3.41542774634204,1,1,0,-0.0044524925431233,0.000599605728400977,0.0302916248014962
20200823,7,300,6010,20,5.8511698669945,3.41811987254323,0.000738487844374017,0.000738487844374017,3.69243922187008e-05,3.41542774634204,1,1,0,-0.00461203950908384,0.00021622118786291,0.0109233297592799
20200823,7,301,6030,20,5.84702553829766,3.42054261076871,0.00337682188975143,0.00337682188975143,0.000168841094487571,3.41542774634204,1,1,0,-0.00875636820592263,0.000988696626174581,0.049948200665884
20200823,7,302,6050,20,5.8498539372938,3.4188887815637,0.00228482774615026,0.00228482774615026,0.000114241387307513,3.41549824297588,1,1,0,-0.00580710458518663,0.000668958841026813,0.0337952912392405
20200823,7,303,6070,20,5.8555401772544,3.41556874251998,0.00220320778552715,0.00220320778552715,0.000110160389276358,3.41556874251998,1,1,0,8.88178419700125e-16,0.000645048585349697,0.0325873633299949
20200823,7,304,6090,20,5.86529849544809,3.40988613205645,0.00331553049476652,0.00331553049476652,0.000165776524738326,3.41574104988133,1,1,0,0.0100537014392339,0.000970662133442962,0.0490371118262754
20200823,7,305,6110,20,5.867107132206,3.40883497596542,0.00460658092689525,0.00460658092689525,0.000230329046344762,3.41595041669011,1,1,0,0.0122212116489218,0.00134855029053929,0.0681277337624885
20200823,7,306,6130,20,5.86572266197823,3.40963955381671,0.00846006714233275,0.00846006714233275,0.000423003357116638,3.41598745955503,0,0,1,0.0109002316273754,0.0024766095433602,0.125116428202472
20200823,7,307,6150,20,5.85460824694451,3.41611242911734,0.0106156835656942,-0.010353636590118,0.000530784178284712,3.41598745955503,0,0,1,-0.000214183406341384,0.00310764711269667,0.156995965672811
20200823,7,308,6170,20,5.86442048244953,3.41039665553554,0.0201927118946517,-0.0201927118946517,0.00100963559473258,3.41659179873377,0,0,1,0.0106336743759812,0.00591019152540709,0.29857837527678
20200823,7,309,6190,20,5.88006639068271,3.40132214011922,0.0216361078442371,-0.0216361078442371,0.00108180539221185,3.41748366142729,0,0,1,0.0278072487481031,0.00633100549636598,0.319837576641497
20200823,7,310,6210,20,5.87366003568968,3.40503193553517,0.0148424667467472,-0.0148424667467472,0.00074212333733736,3.41777101938766,0,0,1,0.0218929376167134,0.00434273292814287,0.219391560556332
20200823,7,311,6230,20,5.86397530817612,3.4106555619554,0.0104406223131401,-0.0104406223131401,0.000522031115657005,3.41789884060778,0,0,1,0.0124270521594108,0.0030546902644092,0.154320626023752
20200823,7,312,6250,20,5.84846765098564,3.41969917481366,0.0141622513656956,-0.0141622513656956,0.000708112568284781,3.41802667138903,0,0,1,-0.002861762974816,0.00414339989919982,0.209321407725419
20200823,7,313,6270,20,5.85703893127561,3.41469473477517,0.0079550623411961,-0.0079550623411961,0.000397753117059805,3.4180732713308,0,0,1,0.00578929079813406,0.00232735278319498,0.117576090337341
20200823,7,314,6290,20,5.85534726803576,3.41568127123385,0.00780426529852089,-0.00780426529852089,0.000390213264926044,3.41839171734017,0,0,1,0.00464271052476217,0.00228302252750405,0.115336559577144
20200823,7,315,6310,20,5.85176709807297,3.41777101938766,0.00479225663246829,-0.000746922154080957,0.000239612831623414,3.4187761897643,1,1,0,0.00172050541232149,0.00140174622919632,0.0708151520749513
20200823,7,316,6330,20,5.85416185156078,3.41637291675969,0.0146411438729726,0.0146411438729726,0.000732057193648632,3.4188887815637,0,0,1,0.00430791426697397,0.0042824276565897,0.216344984159685
20200823,7,317,6350,20,5.83520654565837,3.42747079190896,0.00838547530306621,0.00838547530306621,0.000419273765153311,3.41939033740416,0,0,1,-0.0137893356317136,0.0024523305255147,0.123889870709291
20200823,7,318,6370,20,5.83107940901732,3.42989669615398,0.00727131046798751,0.00727131046798751,0.000363565523399376,3.41989204042411,1,1,0,-0.0170584162690375,0.00212618128936192,0.107413059660168
20200823,7,319,6390,20,5.83135600235823,3.42973400902155,0.0071399302895671,0.0071399302895671,0.000356996514478355,3.42000375760832,1,1,0,-0.0165907887840149,0.00208769662129266,0.105468843535227
20200823,7,320,6410,20,5.83270849580299,3.42893871936019,0.00977922161993862,0.00977922161993862,0.000488961080996931,3.42011548209166,0,0,1,-0.0150472611951491,0.00285932497634784,0.144450920440764
20200823,7,321,6430,20,5.83350397318054,3.4284711370644,0.0114224593326328,0.0114224593326328,0.00057112296663164,3.42011548209166,0,0,1,-0.0142517838175982,0.00333978761607403,0.168723527129387
20200823,7,322,6450,20,5.82735969886016,3.4320860618767,0.0073140495448766,0.0073140495448766,0.00036570247724383,3.42011548209166,1,1,0,-0.0203960581379752,0.00213853876665109,0.108037350002648
20200823,7,323,6470,20,5.81863592090508,3.43723172782548,0.00200140760284939,-0.000680832928197228,0.000100070380142469,3.42032903309529,1,1,0,-0.0287547267428181,0.000585150604951645,0.0295613629723536
20200823,7,324,6490,20,5.81064888837386,3.44195637771483,0.00422075226643661,-0.00422075226643661,0.000211037613321831,3.42054261076871,1,1,0,-0.0363766499237954,0.00123394231463413,0.062337826093267
20200823,7,325,6510,20,5.81114639050043,3.44166170597497,0.00135659066314527,-0.00135659066314527,6.78295331572637e-05,3.42168548875263,1,1,0,-0.0339261814065139,0.000396468543822774,0.0200292889247445
20200823,7,326,6530,20,5.80811755017794,3.44345647745839,0.00268797337177642,-0.00268797337177642,0.000134398668588821,3.4228291307128,1,1,0,-0.035002055338281,0.000785307495386618,0.0396731366584712
20200823,7,327,6550,20,5.80552720957576,3.44499289694338,0.00264204913522038,-0.0021504616454241,0.000132102456761019,3.42391276314314,1,1,0,-0.035743109951909,0.000771646159814828,0.0389829763884358
20200823,7,328,6570,20,5.81133334715969,3.44155098412571,0.00298975769906976,0.00298975769906976,0.000149487884953488,3.4249970819245,1,1,0,-0.0280876863794211,0.000872922699656674,0.044099390059573
20200823,7,329,6590,20,5.81412452368295,3.43989880480424,0.00297804584551081,0.00297804584551081,0.00014890229227554,3.42708274778422,1,1,0,-0.0217427348275114,0.000868974012207982,0.0438999053765745
20200823,7,330,6610,20,5.49702940108682,3.63832873006751,0.00490918745449613,0.00490918745449613,0.000245459372724807,3.42917095534108,1,0,0,-0.335284082394993,0.00143159600918988,0.0723231402297396
20200823,7,331,6630,20,6.14548807241499,3.25442011510415,0.00431278584005527,0.00431278584005527,0.000215639292002763,3.42945245907053,1,0,0,0.313653329494969,0.00125757271504039,0.0635316159273376
20200823,7,332,6650,20,5.82006336840641,3.43638870129282,0.00154106358832732,-0.00050323644702496,7.70531794163661e-05,3.42973400902155,1,1,0,-0.0112926339518262,0.000449324520290412,0.0226995326062786
20200823,7,333,6670,20,5.81701822409696,3.43818761253835,0.00811626233125256,-0.00811626233125256,0.000405813116562628,3.42981535065857,0,0,1,-0.0141994815908211,0.00236638463050033,0.119547949540614
20200823,7,334,6690,20,5.82207588582764,3.43520084454497,0.0121193151280594,-0.0121193151280594,0.00060596575640297,3.42989669615398,0,0,1,-0.00900352318967546,0.00353343444473096,0.178506417451863
20200823,7,335,6710,20,5.82368991844601,3.43424878042559,0.012146705211653,-0.012146705211653,0.000607335260582652,3.43099102974878,0,0,1,-0.005529635492735,0.00354029057678488,0.17885278402231
20200823,7,336,6730,20,5.82425033948289,3.43391833012722,0.0115807325266629,-0.0115807325266629,0.000579036626333145,3.4320860618767,0,0,1,-0.00310935937727663,0.00337425470045772,0.170464777985906
20200823,7,337,6750,20,5.82626239851493,3.43273245041244,0.011904394663436,-0.011904394663436,0.000595219733171799,3.43423603392705,0,0,1,0.00255086488164125,0.00346638802511873,0.175119283388629
20200823,7,338,6770,20,5.82838579469012,3.43148183811387,0.0163201638666104,-0.0163201638666104,0.00081600819333052,3.43638870129282,0,0,1,0.00832242628371205,0.00474921939432246,0.239926947289936
20200823,7,339,6790,20,5.8310465206132,3.42991604153705,0.0182498292721357,-0.0182498292721357,0.000912491463606787,3.43638870129282,0,0,1,0.0109831522067907,0.00531075814132141,0.268295457178853
20200823,7,340,6810,20,5.82030846165185,3.43624399493147,0.0205211587452354,-0.0205211587452354,0.00102605793726177,3.43423603392705,0,0,1,-0.00340307198143819,0.00597546544340735,0.30187596390833
20200823,7,341,6830,20,5.80937871276001,3.44270893479039,0.0224495372406384,-0.0224495372406384,0.00112247686203192,3.43423603392705,0,0,1,-0.0143328208732783,0.0065369814476518,0.330243324850609
20200823,7,342,6850,20,5.80088775055037,3.44774814822136,0.0216181590352384,-0.0216181590352384,0.00108090795176192,3.43423603392705,0,0,1,-0.022823783082913,0.00629489610547184,0.318013357710679
20200823,7,343,6870,20,5.79306822882745,3.45240194142304,0.0201052085151642,-0.0201052085151642,0.00100526042575821,3.43423603392705,0,0,1,-0.0306433048058352,0.00585434673579319,0.295757139031066
20200823,7,344,6890,20,5.66786232536742,3.5286672208827,0.019836533773569,-0.019836533773569,0.000991826688678449,3.43423603392705,0,0,1,-0.155849208265863,0.00577611252622199,0.291804806338561
20200823,7,345,6910,20,5.90475069462582,3.38710320457778,0.0230548472088601,-0.0230548472088601,0.001152742360443,3.43423603392705,0,0,1,0.0810391609925318,0.00671323897981958,0.339147721156331
20200823,7,346,6930,20,5.78412280384464,3.45774124759354,0.0221865741551269,-0.0221865741551269,0.00110932870775635,3.43423603392705,0,0,1,-0.0395887297886475,0.00646041038995115,0.32637501332412
20200823,7,347,6950,20,5.79229208998413,3.45286454641737,0.0186146158793038,-0.0186146158793038,0.00093073079396519,3.43638870129282,0,0,1,-0.0277712784222786,0.00541691219980461,0.273658279377541
20200823,7,348,6970,20,5.79325340913738,3.45229158601195,0.0154382376142449,-0.0154382376142449,0.000771911880712244,3.43681016286196,0,0,1,-0.0260962355183665,0.00449202512872835,0.226933688844508
20200823,7,349,6990,20,5.80020144880928,3.4481560988034,0.00380446126881893,-0.00196646761230354,0.000190223063440946,3.43723172782548,1,1,0,-0.0184344720958052,0.0011068387499221,0.0559166507928621
20200823,7,350,7010,20,5.80171133777367,3.44725871998912,0.00849378838421895,0.00849378838421895,0.000424689419210948,3.43856474914425,0,0,1,-0.0146688845203471,0.00247015513851609,0.124790356584751
20200823,7,351,7030,20,5.80204320366238,3.44706154331556,0.021128301873506,0.021128301873506,0.0010564150936753,3.43989880480424,0,0,1,-0.0120813200205703,0.00614212890332639,0.310295674989894
20200823,7,352,7050,20,5.80392395388662,3.44594452975334,0.0269460531725053,0.0269460531725053,0.00134730265862526,3.44072469612766,0,0,1,-0.008804981534694,0.00783150514856115,0.395641676446021
20200823,7,353,7070,20,5.8033777090036,3.44626888044374,0.0254507471633767,0.0254507471633767,0.00127253735816884,3.44155098412571,0,0,1,-0.00795563815608968,0.00739513878503305,0.373596780051791
20200823,7,354,7090,20,5.79414157315932,3.45176239611535,0.0179819592373445,0.0179819592373445,0.000899097961867227,3.44160634415982,0,0,1,-0.0170982956707348,0.00522487392198668,0.263956651818546
20200823,7,355,7110,20,5.78534861463049,3.45700861473106,0.00625891938453007,0.00625891938453007,0.000312945969226503,3.44166170597497,1,1,0,-0.0257977758699326,0.00181857483949225,0.0918730160538117
20200823,7,356,7130,20,5.78647802860814,3.45633387029566,0.00279007035134054,-0.00278288949482416,0.000139503517567027,3.44180903553779,1,1,0,-0.0244196108289998,0.000810640660923414,0.0409529488902877
20200823,7,357,7150,20,5.79371733661901,3.45201514640533,0.00801855603187476,-0.00801855603187476,0.000400927801593738,3.44180903553779,0,0,1,-0.017180302818133,0.00232975041586578,0.117697216914082
20200823,7,358,7170,20,5.79971127661429,3.44844752542155,0.00637322795934941,-0.00637322795934941,0.00031866139796747,3.44180903553779,1,1,0,-0.0111863628228548,0.00185170876522891,0.0935469167506783
20200823,7,359,7190,20,5.7978345757374,3.44956375328392,0.00736751494010449,-0.00736751494010449,0.000368375747005224,3.44180903553779,1,1,0,-0.0130630636997466,0.00214059375869855,0.108141166636018
20200823,7,360,7210,20,5.79650558998628,3.45035464721209,0.00823348044161021,-0.00823348044161021,0.00041167402208051,3.44180903553779,0,0,1,-0.014392049450862,0.00239219560312523,0.120851900222674
20200823,7,361,7230,20,5.7937960014583,3.45196827692345,0.00946909706904323,-0.00946909706904323,0.000473454853452162,3.44180903553779,0,0,1,-0.0171016379788398,0.00275119769030522,0.138988412288379
20200823,7,362,7250,20,5.7932025363275,3.4523219021924,0.0113752857179909,-0.0113752857179909,0.000568764285899547,3.44180903553779,0,0,1,-0.0176951031096451,0.00330503104632983,0.166967651692896
20200823,7,363,7270,20,5.78884140977107,3.45492277025273,0.0120219191787527,-0.0120219191787527,0.000601095958937635,3.44180903553779,0,0,1,-0.0220562296660773,0.00349290708886591,0.176459006294977
20200823,7,364,7290,20,5.79370536471288,3.45202227952632,0.00327012785717813,-0.00311205099179446,0.000163506392858907,3.44180903553779,1,1,0,-0.0171922747242661,0.000950118912296703,0.0479992839375457
20200823,7,365,7310,20,5.79215489792023,3.45294633042037,0.00552750897168198,0.00552750897168198,0.000276375448584099,3.44180903553779,1,1,0,-0.0187427415169168,0.00160598944177572,0.0811333636440876
20200823,7,366,7330,20,5.79388313166237,3.45191636515831,0.0145370290200752,0.0145370290200752,0.000726851451003758,3.44195637771483,0,0,1,-0.0167657567114929,0.00422347857578791,0.213366921487064
20200823,7,367,7350,20,5.80712686587322,3.4440439242914,0.0316900796369919,0.0316900796369919,0.00158450398184959,3.44195637771483,0,0,1,-0.00352202250064693,0.00920699630075829,0.465130442024107
20200823,7,368,7370,20,5.82333147195823,3.43446017048975,0.0519646495746148,0.0519646495746148,0.00259823247873074,3.44195637771483,0,0,1,0.0126825835843647,0.0150974166642737,0.762709993257776
20200823,7,369,7390,20,5.83211263723933,3.42928904909956,0.0632107888292179,0.0632107888292179,0.0031605394414609,3.44270626417599,0,0,1,0.0227294179634328,0.0183607847950826,0.927572866184696
20200823,7,370,7410,20,5.83951948424647,3.42493933857998,0.0719879245599167,0.0719879245599167,0.00359939622799583,3.44345647745839,0,0,1,0.0314019340685254,0.0209057164018669,1.05614087300438
20200823,7,371,7430,20,5.85863496381398,3.41376449011255,0.0868239553444944,0.0868239553444944,0.00434119776722472,3.44345647745839,0,0,1,0.0505174136360429,0.0252141869406112,1.27380152373897
20200823,7,372,7450,20,5.9019676992134,3.38870034864229,0.109531212831215,0.109531212831215,0.00547656064156074,3.44345647745839,0,0,1,0.0938501490354602,0.0318085079768627,1.60694160094177
20200823,7,373,7470,20,5.96333974008985,3.35382535151329,0.1259269160101,0.1259269160101,0.006296345800505,3.44422451585718,0,0,1,0.156517360213002,0.036561761705816,1.84707235974513
20200823,7,374,7490,20,6.01833728045631,3.32317699523873,0.129489980765594,0.129489980765594,0.0064744990382797,3.44499289694338,0,0,1,0.21281007088055,0.0375878803351048,1.89891109151164
20200823,7,375,7510,20,6.05498313014277,3.30306452885665,0.13127860136388,0.13127860136388,0.00656393006819398,3.44657377209145,0,0,1,0.252118800950257,0.038089595652037,1.92425736726888
20200823,7,376,7530,20,6.09292511842614,3.28249561766585,0.131802846208947,0.131802846208947,0.00659014231044736,3.4481560988034,0,0,1,0.292723669616862,0.0382241529769161,1.93105510085692
20200823,7,377,7550,20,6.09794588452496,3.27979296286557,0.120873570426536,0.120873570426536,0.00604367852132678,3.44830180595513,0,0,1,0.297989521813179,0.0350530716939538,1.77085448920715
20200823,7,378,7570,20,6.09327019740431,3.28230972073417,0.118123395389452,0.118123395389452,0.0059061697694726,3.44844752542155,0,0,1,0.29355892079002,0.0342540794136086,1.73049000763348
20200823,7,379,7590,20,6.11736461251485,3.26938171366869,0.127848520839105,0.127848520839105,0.00639242604195527,3.44900554903941,0,0,1,0.318591686339004,0.0370682270646716,1.8726586040032
20200823,7,380,7610,20,6.154112803109,3.24985918195978,0.135668894622776,0.135668894622776,0.0067834447311388,3.4507925785093,0,0,1,0.358342832883864,0.0393152852674162,1.98617827328019
20200823,7,381,7630,20,6.19034744184546,3.2308364252391,0.138880539435627,0.138880539435627,0.00694402697178134,3.4507925785093,0,0,1,0.394577471620323,0.0402459829954837,2.03319641377963
20200823,7,382,7650,20,6.21354272884946,3.21877564422951,0.138418732834053,0.138418732834053,0.00692093664170263,3.4507925785093,0,0,1,0.417772758624324,0.0401121567538109,2.02643561395846
20200823,7,383,7670,20,6.22171512502337,3.21454769273527,0.137257039156426,0.137257039156426,0.00686285195782129,3.45202227952632,0,0,1,0.428009760310488,0.0397613422052595,2.00871273010949
20200823,7,384,7690,20,6.20648203717747,3.22243742593597,0.123628487023569,0.123628487023569,0.00618142435117843,3.45202227952632,0,0,1,0.412776672464588,0.0358133514249893,1.80926324226914
20200823,7,385,7710,20,6.12110644666973,3.26738313967425,0.0803218622624043,0.0803218622624043,0.00401609311312022,3.45202227952632,0,0,1,0.32740108195685,0.023268060214671,1.17548468351205
20200823,7,386,7730,20,6.03122570909272,3.31607553168634,0.0489733025117879,0.0489733025117879,0.0024486651255894,3.45202227952632,0,0,1,0.237520344379845,0.0141868442745126,0.716708569524217
20200823,7,387,7750,20,5.95367149859021,3.35927167038623,0.0319971330825512,0.0319971330825512,0.00159985665412756,3.45202227952632,0,0,1,0.159966133877333,0.00926909807979045,0.46826777661056
20200823,7,388,7770,20,5.89719290554649,3.39144408540365,0.0225256897342437,0.0225256897342437,0.00112628448671218,3.45202227952632,0,0,1,0.103487540833612,0.00652536047285726,0.329656242053314
20200823,7,389,7790,20,5.85566361496785,3.41549674214163,0.0118935387851834,0.0118935387851834,0.000594676939259172,3.45202227952632,0,0,1,0.0619582502549747,0.0034453829732569,0.17405812416383
20200823,7,390,7810,20,5.82842913306376,3.43145632268961,0.00438800683238627,-0.00209579703069698,0.000219400341619314,3.45202227952632,1,1,0,0.0347237683508865,0.00127114093625965,0.0642170721311896
20200823,7,391,7830,20,5.81706488995133,3.4381600305936,0.0129404433335299,-0.0129404433335299,0.000647022166676493,3.45202227952632,0,0,1,0.0233595252384475,0.00374865579816175,0.189379236337002
20200823,7,392,7850,20,5.81628847979664,3.43861898691436,0.0189310203061537,-0.0189310203061537,0.000946551015307684,3.45202227952632,0,0,1,0.0225831150837621,0.00548403769536255,0.277049408297337
20200823,7,393,7870,20,5.82537015342223,3.43325822621771,0.0206783763749716,-0.0206783763749716,0.00103391881874858,3.45202227952632,0,0,1,0.0316647887093495,0.00599022100686124,0.302621403737719
20200823,7,394,7890,20,5.82627942135923,3.43272242087801,0.0323698525964033,-0.0323698525964033,0.00161849262982016,3.45202227952632,0,0,1,0.0325740566463537,0.00937706943213733,0.473722407111379
20200823,7,395,7910,20,5.84263964341699,3.42311030982963,0.044926504151263,-0.044926504151263,0.00224632520756315,3.45202227952632,0,0,1,0.0489342787041096,0.0130145464059484,0.657484973904406
20200823,7,396,7930,20,6.3802280743912,3.13468417849755,0.042214817912219,-0.042214817912219,0.00211074089561095,3.45202227952632,0,0,1,0.58652270967832,0.01222901085042,0.617800315821241
20200823,7,397,7950,20,7.43148384465076,2.69125257056115,0.0437776360809707,-0.0437776360809707,0.00218888180404854,3.45202227952632,0,0,1,1.63777847993788,0.0126817362508384,0.640671658301828
20200823,7,398,7970,20,8.67231976585481,2.30618802580888,0.0297434753840468,-0.0297434753840468,0.00148717376920234,3.45202227952632,0,0,1,2.87861440114193,0.00861624664488788,0.435286219262992
20200823,7,399,7990,20,10.1373018482009,1.97291155965229,0.00755406713254065,-0.0069747708918436,0.000377703356627033,3.45202227952632,0,0,1,4.343596483488,0.0021883019635601,0.11055134881602
20200823,7,400,8010,20,11.8478185029398,1.68807447506369,0.0150819472266434,0.0150819472266434,0.00075409736133217,3.45248424314322,0,0,1,6.05488837162329,0.00436843332640743,0.220689925105909
20200823,7,401,8030,20,13.8989017616896,1.438962613228,0.0275988053923148,0.0275988053923148,0.00137994026961574,3.45248424314322,0,0,1,8.10597163037301,0.00799389756727412,0.403845617778234
20200823,7,402,8050,20,15.2019604052934,1.31561979289433,0.0369761719120719,0.0369761719120719,0.00184880859560359,3.45248424314322,0,0,1,9.4090302739769,0.0107100190205091,0.541062005280236
20200823,7,403,8070,20,13.6723531514745,1.46280598360957,0.00870446460109814,0.00283349782160332,0.000435223230054907,3.45248424314322,0,0,1,7.8794230201579,0.00252121776323399,0.127370001501518
20200823,7,404,8090,20,16.0479551414928,1.24626469999838,0.00714374777125465,-0.00714374777125465,0.000357187388562732,3.45248424314322,1,0,0,10.2550250101763,0.00206916158573133,0.104532467653023
20200823,7,405,8110,20,18.9201549955869,1.05707379271813,0.00669759262108792,0.00644234741460189,0.000334879631054396,3.45248424314322,1,0,0,13.1272248642704,0.00193993430509918,0.0980040038415348
20200823,7,406,8130,20,20.5635781322726,0.972593381917901,0.0679184095734927,0.0679184095734927,0.00339592047867464,3.45202227952632,0,0,1,14.7698727675597,0.0196749626954356,0.993964132969409
20200823,7,407,8145,10,9.95001177079257,1.00502393669062,0.0254554761962788,0.0254554761962788,0.00254554761962788,3.4507925785093,0,0,1,7.05212678568,0.00737670422580866,0.372665480157616
