Platform,Replicate,Coefficient_m_per_rad,CalibrationBlocks
A,1,22.5565679403004,6322
A,2,23.0285856309715,6985
A,3,23.4717285474628,6572
A,4,23.4907798310916,5937
A,5,23.3554428603635,5284
A,6,21.5161263351399,5314
A,7,22.4073680638763,5848
A,8,24.9665199652701,5508
A,9,21.812998622257,5896
A,10,23.0233563728244,7167
A,11,20.8874126666896,4450
A,12,22.5298575379866,6918
A,13,24.7176910927907,7411
A,14,23.3208413942532,6564
A,15,21.5055403517321,6359
A,16,24.0597837222205,5089
A,17,25.0951243684022,4781
A,18,23.4291302983386,4800
A,19,23.6385377017457,6157
A,20,23.9416766095585,5260
A,21,21.821033077091,5116
A,22,23.2721598542287,4941
A,23,23.6139958272801,5888
A,24,22.3512830073048,6267
A,25,21.6528164810116,6998
A,26,20.8580588393384,6332
A,27,22.0616054488014,7477
A,28,24.5956729760474,5423
A,29,21.6951478612827,4903
A,30,26.8593410537007,5428
A,31,23.344609866005,5959
A,32,22.9360203789124,6705
A,33,23.3129836866899,5668
A,34,24.5086516737702,6266
A,35,24.1297270677906,6382
A,36,23.1053302728747,5268
A,37,22.7177011272087,6017
A,38,22.0144839187843,5461
A,39,23.1179913545178,6167
A,40,24.487422384854,7303
A,41,21.5191352475466,7210
A,42,24.1585537928398,6696
A,43,23.5876640502426,6175
A,44,23.8234457146753,6773
A,45,23.633234089187,5599
A,46,22.8109303420867,5594
A,47,23.2254143846876,5769
A,48,23.2252869816591,5880
A,49,21.9889962194647,7006
A,50,21.7378942087104,5363
A,51,21.7447007562296,4374
A,52,21.9253548480622,5683
A,53,20.9438726421073,6303
A,54,24.7014695949928,8280
A,55,24.3224156159556,6634
A,56,22.3570209236531,5726
A,57,25.3684692959705,6387
A,58,22.4858111378795,6471
A,59,22.0980585019665,5157
A,60,23.0687286200981,5638
A,61,21.3223315244735,4967
A,62,21.9800168130112,7050
A,63,23.0568714546046,5698
A,64,22.4821542023571,6475
A,65,22.4667397791446,7140
A,66,21.2094740159537,7180
A,67,22.7764408753069,6514
A,68,21.5024667909918,3300
A,69,21.6908606881758,5822
A,70,22.2992575756851,5160
A,71,20.7198861039473,6442
A,72,23.012984009404,6897
A,73,24.5686639111806,4393
A,74,23.8824922469931,3645
A,75,22.4170038179289,6722
A,76,22.6490720881865,6301
A,77,21.7357814533163,5503
A,78,22.5121545250972,6113
A,79,22.6613101831405,4783
A,80,22.7327308385934,7034
A,81,24.1726683276594,6099
A,82,23.6162133541541,7156
A,83,23.8179850588117,6095
A,84,25.5045848846505,6779
A,85,24.0396545599114,5637
A,86,23.1903750869945,4466
A,87,22.051850881535,5824
A,88,22.8653038629882,6076
A,89,22.8347090872299,6711
A,90,21.766316665144,7339
A,91,21.9086993093527,6305
A,92,21.6182528551619,5671
A,93,24.2577824794691,7686
A,94,24.0035624654971,5860
A,95,23.979843416287,5755
A,96,22.9250033140337,6115
A,97,22.7867393430806,6066
A,98,21.9236590581259,5171
A,99,24.3219276340319,6990
A,100,24.0434436542143,5231
A,101,23.5040358927124,7238
A,102,21.7126648416098,3575
A,103,23.410027822392,6592
A,104,21.4282005429547,5192
A,105,23.0131844336567,5934
A,106,23.4210399307922,6498
A,107,23.3836569894238,7299
A,108,23.0123794003672,5787
A,109,22.9529004098972,6312
A,110,22.4914381918983,6913
A,111,21.8929195989734,5152
A,112,21.749322401947,5625
A,113,22.5270168605596,6991
A,114,24.6986583236615,4661
A,115,22.1226218403187,7122
A,116,23.9749641640686,7627
A,117,23.486741301388,6900
A,118,21.5268105650995,5267
A,119,21.7219736511097,5416
A,120,22.8627562889081,6380
A,121,22.8892227457049,5453
A,122,22.876117477747,6085
A,123,22.3383197972373,7396
A,124,22.7449850031531,6417
A,125,23.6428032591943,7754
A,126,23.7920453165587,7543
A,127,23.0634575791389,6629
A,128,24.0735143479206,6227
A,129,21.82003628193,6340
A,130,23.4714048619707,6104
A,131,20.7189734476623,6044
A,132,21.3635107198029,5893
A,133,21.5694568718291,5754
A,134,22.4505197610982,5239
A,135,22.1430861064525,4377
A,136,22.2177347258805,5905
A,137,23.3591899655034,3542
A,138,23.149695360111,6478
A,139,23.2147674667487,5685
A,140,24.3475104461442,5790
A,141,22.9543885424575,7098
A,142,24.2284083387067,6398
A,143,21.5692550684263,5651
A,144,22.2299102633581,6460
A,145,23.1823289401109,7130
A,146,22.7633346477318,6160
A,147,23.1562696486855,7452
A,148,23.9538044529677,4726
A,149,24.7339525487071,7065
A,150,24.0890696053516,5105
A,151,24.083000696302,5881
A,152,22.848243022922,6531
A,153,23.9167712461375,6410
A,154,21.1975930700028,6836
A,155,20.5136065660064,4906
A,156,23.7884750833726,6083
A,157,21.8613179139033,5837
A,158,26.3458238756622,5037
A,159,23.0342279465261,4830
A,160,21.2773914711538,6292
A,161,23.0409215929194,6654
A,162,25.1087357457895,5258
A,163,23.6035564343924,5262
A,164,22.8284483672481,6750
A,165,20.7474465218731,6853
A,166,26.2157945804501,4900
A,167,24.5733821754709,7070
A,168,21.3899685965278,6580
A,169,23.6550774417609,5863
A,170,22.8341625105351,6881
A,171,22.0189370470683,6279
A,172,22.3776317719125,6169
A,173,22.1315487090908,5378
A,174,24.424230803492,6213
A,175,22.4404675047301,5816
A,176,22.7308088354007,5777
A,177,22.9862179847451,6243
A,178,23.3103706913141,4940
A,179,23.8675903650736,4990
A,180,22.9173080976888,5731
A,181,23.9653146474447,6621
A,182,24.4136050466914,6784
A,183,24.4643248711007,5986
A,184,23.5518145564009,5780
A,185,24.1329989549155,6835
A,186,24.1481291683953,5268
A,187,22.2521253988844,5414
A,188,21.5023432264248,6274
A,189,21.3479446266518,4961
A,190,24.9998444739774,5899
A,191,24.7969377113781,5863
A,192,21.6067032231687,6094
A,193,23.955016007352,7280
A,194,22.5003390321341,5460
A,195,22.7190464854396,5612
A,196,23.9652727472402,6403
A,197,23.0040717338879,6280
A,198,22.929044709954,7284
A,199,21.7595406073723,4756
A,200,22.2306543339306,6098
A,201,22.1280997875293,7046
A,202,23.040620683174,6681
A,203,23.0058903417877,5289
A,204,20.1352679570388,4305
A,205,22.3550136813374,6034
A,206,23.3465370257598,5045
A,207,23.49929485172,7151
A,208,25.5837443219698,5590
A,209,23.2674173519301,6335
A,210,23.5906669046391,4903
A,211,23.1253603820787,5294
A,212,22.7041113147164,7427
A,213,22.3645730939397,6720
A,214,23.5635928643401,6261
A,215,23.0334912199251,6034
A,216,22.5428431565035,5674
A,217,23.8162754508786,6040
A,218,21.7597781028611,6482
A,219,22.2365307387886,8518
A,220,22.4011692360445,7537
A,221,24.8303506427505,5426
A,222,24.1428159371352,5048
A,223,22.5886833557805,6866
A,224,22.3392805473539,6098
A,225,22.0464770903868,7167
A,226,22.1993932953898,3557
A,227,22.9632340408366,6946
A,228,24.0048990307993,5911
A,229,23.476577226688,7383
A,230,24.1767971081014,5641
A,231,20.9518034630114,7428
A,232,22.5448293580091,5927
A,233,22.7576404660599,7152
A,234,22.7203938364869,6883
A,235,21.9172577936853,5456
A,236,23.1379059773089,6896
A,237,23.2109207497797,6723
A,238,26.180158982123,5959
A,239,26.4323721717079,3682
A,240,22.1475403185062,5261
A,241,22.623800519858,5437
A,242,22.1328092929032,7165
A,243,23.9038661093207,5368
A,244,21.330516141035,6430
A,245,24.2036036000041,5526
A,246,22.6939212589179,5110
A,247,23.8444411669484,5318
A,248,25.7197865157573,5279
A,249,22.6265067282999,4735
A,250,22.4999125034295,7153
A,251,23.3214675447303,6639
A,252,22.0220066568929,6743
A,253,22.661196957915,6340
A,254,22.9597792866994,5279
A,255,22.4991026932561,5493
A,256,21.5617407355172,5842
A,257,23.0898911407487,6645
A,258,23.518248132396,6785
A,259,22.7897979564448,5811
A,260,23.0979679021355,5751
A,261,24.8011830955495,6685
A,262,23.8839544714279,4977
A,263,22.2092271439879,7419
A,264,22.8604687190061,7156
A,265,23.9687121324805,7187
A,266,22.667907667333,3693
A,267,21.8760511484628,4078
A,268,23.657331327489,6131
A,269,21.8692497852943,6076
A,270,21.3010672162591,4719
A,271,24.6805592951662,5213
A,272,24.6620836497557,5243
A,273,23.1392278996401,7919
A,274,21.4432773421375,7788
A,275,22.9870675432397,7443
A,276,22.7202579466546,5485
A,277,21.645280352715,7057
A,278,23.0727716767569,4726
A,279,24.892724487197,5220
A,280,24.8700789609721,5155
A,281,22.0642718265352,6480
A,282,23.9133071599062,6204
A,283,23.1976809229682,6511
A,284,23.7269478611099,7360
A,285,22.1231861025523,6265
A,286,21.5854738430333,5198
A,287,23.8630109399473,5189
A,288,22.7772368535632,6886
A,289,23.4275610161945,7069
A,290,22.107564937571,6332
A,291,25.1355139025521,6559
A,292,21.2671534423275,5833
A,293,23.3798964078891,5628
A,294,24.3592686820596,6181
A,295,23.350213511129,6098
A,296,22.9235914450742,6998
A,297,24.1577317132704,5797
A,298,24.7832877559176,4637
A,299,21.7148793595636,6343
A,300,21.4009883572395,5887
A,301,23.1866908373829,6031
A,302,24.1306312543669,4610
A,303,22.3661310119046,6102
A,304,22.4608939914732,5051
A,305,23.1330995151768,6580
A,306,22.5292196284117,6092
A,307,22.1375175976549,6368
A,308,23.5986117854161,5440
A,309,22.3838170814405,6314
A,310,22.196892250449,6754
A,311,22.3814329451956,5816
A,312,20.0165701033398,4759
A,313,25.80377454118,6464
A,314,22.3586409199207,6183
A,315,22.9429466735256,6674
A,316,23.4561214595301,5331
A,317,24.3764524095114,5991
A,318,22.846386397646,5316
A,319,25.0060360007619,6157
A,320,24.5252313543197,7844
A,321,21.1395808393212,5444
A,322,21.7937164155317,6613
A,323,23.3175155810609,7626
A,324,21.0920700822869,6459
A,325,21.1204031408076,5320
A,326,24.7544957638817,4634
A,327,21.1555422630896,4857
A,328,22.8414330916249,7009
A,329,21.7453578690823,6357
A,330,24.548324349637,6306
A,331,22.2877693956015,5779
A,332,22.7280010347119,6130
A,333,22.8990663920313,5552
A,334,21.0929568650109,7737
A,335,23.5570540490754,6368
A,336,23.5821302694519,6506
A,337,21.1578684573248,6078
A,338,22.3085953772701,6694
A,339,24.1040724987383,6055
A,340,23.0769585320072,6808
A,341,23.4374944256931,6120
A,342,23.4177100288307,4252
A,343,24.7686831237835,6024
A,344,23.9942161345824,6059
A,345,25.5517025135863,5633
A,346,21.2370507625052,5821
A,347,22.7865082191056,6515
A,348,24.3950171754151,6978
A,349,22.2611714869379,7273
A,350,23.8504496503622,6019
A,351,23.9844757260422,5230
A,352,24.293298499104,5712
A,353,21.9813902985414,5364
A,354,22.238654429735,6004
A,355,22.5340742885622,7314
A,356,22.8190835708495,5788
A,357,21.9600625163045,5827
A,358,22.7315026569078,5973
A,359,22.4668603601429,6749
A,360,23.2506907278946,6454
A,361,25.095680152578,6435
A,362,22.8939158563732,5527
A,363,23.1693419224864,5931
A,364,21.7637618344887,6311
A,365,23.5406740606805,6533
A,366,24.2531559799256,6166
A,367,23.5822553750668,5838
A,368,20.0480802601078,4445
A,369,22.4996345743161,4899
A,370,22.1329317876731,7397
A,371,24.6906954222042,4653
A,372,20.7214205528805,5225
A,373,22.4809459066385,5865
A,374,22.2173818551569,5311
A,375,21.48695500154,6441
A,376,23.7513035534309,7034
A,377,21.7241390245271,6431
A,378,22.3600719416807,4847
A,379,23.1780002300973,4320
A,380,22.6305585252067,5747
A,381,23.4085793131293,6068
A,382,24.1768170573041,6787
A,383,22.2952972439869,5892
A,384,23.1661826702282,7211
A,385,22.3590493628947,6028
A,386,22.6498885682717,5258
A,387,23.1254526572148,7090
A,388,21.2714910358153,5517
A,389,21.0708653030519,6981
A,390,24.6188322483129,5602
A,391,24.6050009074421,6586
A,392,21.3343330476639,5453
A,393,22.6672395028175,5021
A,394,23.0454698096537,5913
A,395,22.7234696879521,7557
A,396,23.3807703489672,5405
A,397,24.0270723168476,6750
A,398,24.398795674731,5951
A,399,23.1597561608801,7040
A,400,20.2402590353057,6849
A,401,20.8608903767852,7407
A,402,24.6610176480726,5847
A,403,22.1646876116988,7612
A,404,23.2095333698128,4552
A,405,23.942582133672,6536
A,406,23.8959943015321,4397
A,407,22.711092690248,5136
A,408,23.0754332319729,6215
A,409,22.9391110320055,6802
A,410,26.2259727949936,4488
A,411,21.0958803857611,6271
A,412,25.0630208528521,5803
A,413,22.6507588691357,6534
A,414,22.1339437994134,7172
A,415,23.6183056981237,6080
A,416,24.4800709132213,5695
A,417,24.0475215424901,5398
A,418,23.8885857880543,4091
A,419,22.6152904879727,5567
A,420,26.2069737191481,6743
A,421,22.276741318652,6264
A,422,23.6410873555472,6227
A,423,22.7477769976574,6245
A,424,25.3295831784547,4710
A,425,24.1046284380054,6288
A,426,23.2619129140944,6601
A,427,22.7675153643159,5778
A,428,25.7721002639367,6064
A,429,21.2436557164233,5701
A,430,21.5999731067407,7211
A,431,23.9070050761699,5305
A,432,21.8544193836574,6664
A,433,20.5564357058076,5696
A,434,22.6834939344285,7470
A,435,23.0229949342574,5142
A,436,23.0198734297552,4722
A,437,23.7780295594441,6003
A,438,22.5670194332508,7040
A,439,24.2076878491239,6138
A,440,22.3584795185307,6256
A,441,25.1961499128633,6296
A,442,24.8290365183109,4697
A,443,22.7129294901434,5511
A,444,22.8336820925016,6201
A,445,24.1394534186812,6080
A,446,24.6363577160865,5195
A,447,24.970782647484,6450
A,448,21.3823996863686,6286
A,449,22.981682522528,6056
A,450,24.6516430226938,6155
A,451,25.8464538972711,5997
A,452,23.2411916597822,5737
A,453,22.0402717941783,6226
A,454,22.187348132184,4696
A,455,24.3526042735915,8297
A,456,22.0199854122264,7495
A,457,22.8493413033457,6885
A,458,23.1918307419103,4917
A,459,23.7785258372034,6815
A,460,24.7690180669608,4920
A,461,23.0930068531913,7518
A,462,23.8817914874675,6937
A,463,22.6633684066797,4872
A,464,23.2069969973564,7058
A,465,22.6762344935273,5880
A,466,23.5993363346983,6025
A,467,22.3866730924519,6559
A,468,21.8451716804778,7031
A,469,23.917203193669,7094
A,470,21.4772980550992,6255
A,471,23.14315746721,5821
A,472,21.9656921772552,6581
A,473,24.6121922554828,6038
A,474,22.4021987962951,6197
A,475,24.629824326999,8182
A,476,22.433649888121,6249
A,477,21.2467045291439,5627
A,478,20.1691807673171,6099
A,479,26.1426980842776,6284
A,480,22.9005200230124,4563
A,481,23.3451442577886,6108
A,482,24.5040337476892,6741
A,483,24.3117982584813,5527
A,484,22.6367715607409,6857
A,485,23.1469251367225,7084
A,486,24.3060567328293,6310
A,487,23.0905875269134,5251
A,488,22.5758618471746,6965
A,489,22.5545458968487,6443
A,490,21.359104521839,6539
A,491,24.298495935018,6348
A,492,23.5821746796669,7167
A,493,21.4333454860835,4933
A,494,22.271853714736,6623
A,495,23.1004583943937,6370
A,496,24.3210811706019,6133
A,497,24.802042007157,6252
A,498,22.6355622267119,6708
A,499,21.583316848799,6325
A,500,22.7657178562811,6772
A,501,23.786354955291,7265
A,502,23.2989496170381,5773
A,503,21.5782057172594,4943
A,504,24.6615387002135,5678
A,505,24.0627163384482,5268
A,506,21.8921711186284,3448
A,507,20.704846453894,5337
A,508,22.4622746896466,6808
A,509,25.2181744515183,5618
A,510,21.5095871623644,6559
A,511,22.2228215207539,6307
A,512,23.1605117514408,6397
A,513,21.5546704611861,6491
A,514,23.0818288423069,6056
A,515,23.2507852177387,6341
A,516,22.1014335372794,5905
A,517,23.5487391815248,6613
A,518,23.7155293970416,4957
A,519,22.6566005325836,6652
A,520,21.5809522008581,6123
A,521,21.9944700576939,6749
A,522,24.1327732181426,6178
A,523,24.0586536229967,6554
A,524,23.0370647064004,6148
A,525,21.3324773876072,5837
A,526,22.1534670769512,6382
A,527,23.0286733467857,7737
A,528,25.3499046964921,4801
A,529,21.4141086479636,7176
A,530,24.3672188503867,6797
A,531,23.0524047086728,4233
A,532,21.9177377245891,5114
A,533,22.1515513962443,5720
A,534,23.5011258787602,5263
A,535,23.6932167826162,6015
A,536,22.4257174864958,5587
A,537,24.759252629628,6420
A,538,22.8247987134105,6174
A,539,24.2184461650524,6485
A,540,20.2397189768725,5442
A,541,24.353794207474,6183
A,542,22.1642232498604,5341
A,543,22.4791670278416,7297
A,544,21.9311376194341,6552
A,545,24.1037596748323,7019
A,546,23.4568866003487,5714
A,547,23.4761203334137,4395
A,548,23.0311771568414,5046
A,549,22.5003728092149,6519
A,550,22.8698247688791,5669
A,551,23.4195306349034,6002
A,552,21.7647017484949,6994
A,553,23.8327955887686,6156
A,554,23.6906068444081,5589
A,555,23.1318405565727,5902
A,556,23.3840213872179,6557
A,557,26.4136841646874,5845
A,558,22.5579862307089,7249
A,559,23.2877674080055,7258
A,560,22.5372181826507,5923
A,561,23.6634443570142,7601
A,562,22.8166941507703,5366
A,563,23.4677451851486,6003
A,564,22.1925834495194,6758
A,565,24.4491137456878,6855
A,566,24.9324941172385,6798
A,567,24.7219588509815,5414
A,568,23.1503629427135,5904
A,569,23.2726681365401,5210
A,570,24.3500182100451,6102
A,571,24.6632812161111,7370
A,572,20.0542444538939,4645
A,573,22.8922365727866,7200
A,574,22.9135645673037,5343
A,575,21.7506174684419,5182
A,576,22.3368122197042,5941
A,577,22.3854889701461,6299
A,578,22.9742443168524,6582
A,579,22.2460375525432,6350
A,580,21.4630842133926,5330
A,581,22.0245012912484,5856
A,582,23.6062968339482,6929
A,583,23.1457971590659,5322
A,584,23.675148404674,5356
A,585,24.6713261687394,5914
A,586,23.9296141324176,5421
A,587,22.0099920132422,6301
A,588,24.3475814467556,6303
A,589,23.175302434794,8072
A,590,22.3033440140025,6859
A,591,24.5342542131866,6368
A,592,22.8314130781026,6388
A,593,24.2071039640225,6430
A,594,20.6737448104693,4629
A,595,24.2881781305989,4800
A,596,22.1159937206425,6680
A,597,22.5773392007945,5055
A,598,21.5343760277926,5416
A,599,22.0953445453196,6961
A,600,22.8243012569591,7527
A,601,20.8040566925946,6351
A,602,21.8674654670584,6996
A,603,21.1069596544629,5987
A,604,23.2410441141344,5757
A,605,23.0181305968535,7795
A,606,23.1348021731861,5278
A,607,22.4257335368504,5898
A,608,23.62905753742,6077
A,609,23.5735698763384,5583
A,610,24.6891202691262,7441
A,611,23.4603120599932,6905
A,612,23.2320675655717,6118
A,613,21.1853967078633,6213
A,614,24.0393354206943,7222
A,615,22.2152432057832,5202
A,616,23.7250625734597,6858
A,617,25.2150624022237,5236
A,618,21.8044002907959,6147
A,619,22.6248259094624,6205
A,620,23.7776620569274,5684
A,621,24.0037275377763,6115
A,622,23.5713943393854,5447
A,623,22.6758581852482,5691
A,624,19.6229775181797,6773
A,625,23.4743431758579,4750
A,626,23.6277185786079,6480
A,627,24.1157521850854,5707
A,628,23.2421604728723,5843
A,629,21.7584751561904,6420
A,630,22.4186315236236,5709
A,631,22.9407170843082,7188
A,632,22.4694150003166,6802
A,633,20.534462928347,5095
A,634,23.9664498885629,5411
A,635,23.2876507447712,5697
A,636,23.0587891770811,3231
A,637,22.8073169597169,5610
A,638,24.7210445427133,6034
A,639,22.0771078083947,5832
A,640,22.1956448653234,6145
A,641,22.2581910307029,5755
A,642,21.3362868266791,6562
A,643,22.006509581191,6944
A,644,21.5776531227544,6648
A,645,24.1105986453165,6213
A,646,23.5330003920533,6083
A,647,23.3337554929239,6946
A,648,22.8731798237966,5643
A,649,21.9384496939598,5838
A,650,24.5562044689222,6546
A,651,22.2623478333212,5974
A,652,22.0443870253358,6157
A,653,24.2272672183945,4745
A,654,22.3911324872477,4424
A,655,22.5141201695268,4034
A,656,23.180146243271,6006
A,657,22.5758344476976,7119
A,658,23.9292758354141,5977
A,659,20.8178761002033,7401
A,660,24.2620785560078,5805
A,661,22.8458994417906,6969
A,662,22.2740711006075,7180
A,663,24.2371028659962,6708
A,664,25.0595071580082,6634
A,665,22.2779721250507,6756
A,666,24.047752929544,4982
A,667,23.5404776648259,7161
A,668,22.581282891201,7119
A,669,21.59857569151,5819
A,670,24.0314325932435,6256
A,671,26.1719726225747,6094
A,672,20.8555931849701,5005
A,673,23.5028075297726,7377
A,674,24.5070078260915,7008
A,675,24.3692764371783,5945
A,676,23.6058941702672,6794
A,677,23.4085651329936,6982
A,678,23.1357036776735,5194
A,679,24.7000701744339,5694
A,680,24.0299064866136,8157
A,681,22.8752129899177,6784
A,682,23.5848403986326,6466
A,683,24.4992201215985,6638
A,684,23.300125418563,5927
A,685,22.9282687204464,4651
A,686,20.8789525257662,8096
A,687,23.885070381987,6496
A,688,23.7059026355909,6965
A,689,22.0372392490006,4009
A,690,21.8990014905087,6095
A,691,20.8502157692282,6109
A,692,22.119133587007,6396
A,693,21.6244676813466,5268
A,694,21.445431450214,5428
A,695,25.6440841931003,7640
A,696,23.2385001693676,5500
A,697,23.0206331470462,5697
A,698,22.5081458647249,5453
A,699,22.6907710573431,7158
A,700,22.3890113215885,5986
A,701,22.8262267925634,3983
A,702,22.8509575386179,4504
A,703,23.4504805707086,7111
A,704,21.4926810252102,5466
A,705,22.5491225031568,7077
A,706,24.394087567406,5038
A,707,23.8915277165678,5779
A,708,24.3445448617921,5101
A,709,22.790210772234,7865
A,710,22.5609564013613,5582
A,711,23.180753988168,7123
A,712,21.3016344768339,4235
A,713,21.3112271843418,4978
A,714,23.6817695109684,5418
A,715,23.9675746285793,5579
A,716,20.91321754482,5261
A,717,23.0906980214598,5728
A,718,22.7717389799517,6752
A,719,23.0511012828963,6476
A,720,21.1912097733231,5560
A,721,20.7857626705392,6007
A,722,21.9295890360909,6291
A,723,25.5321387844949,4386
A,724,22.9935851766461,6216
A,725,23.1607586762876,5675
A,726,21.4239406537068,6518
A,727,22.492189646216,6658
A,728,22.017542101418,6412
A,729,23.9628634320395,6372
A,730,23.1055358058092,5920
A,731,24.6068742608883,6283
A,732,20.4539148040421,6433
A,733,23.3519250640158,5673
A,734,23.7542024499328,6140
A,735,23.9635062326951,5874
A,736,21.8472259673352,6683
A,737,22.8279747249149,7907
A,738,22.7070002420835,6679
A,739,22.2114656961208,6670
A,740,22.1683079222683,6618
A,741,23.4439782577468,4987
A,742,22.1042506288271,5765
A,743,24.751883737853,4242
A,744,25.5161910325187,6968
A,745,20.5943707620121,5810
A,746,19.3403479219743,6235
A,747,23.468937664037,6240
A,748,22.4929799767476,6085
A,749,20.9479736291492,5072
A,750,22.6356372616218,5286
A,751,22.7439490860696,8784
A,752,21.1883561839701,6339
A,753,23.5083557803718,4900
A,754,23.4670667525989,6767
A,755,21.8460236362994,7446
A,756,24.0676475681428,7009
A,757,24.0806012817335,7034
A,758,24.6701432249093,5121
A,759,22.709569583172,6194
A,760,22.6017242901448,6313
A,761,23.5228658056486,6123
A,762,21.1207995602785,6820
A,763,22.0531942768623,6626
A,764,23.5566745946622,7059
A,765,23.1140318241795,7064
A,766,22.8602451305208,5968
A,767,23.1111917142861,6424
A,768,23.3821395613114,6705
A,769,22.2893058311373,4866
A,770,22.5006461121865,5639
A,771,22.8698190808657,4789
A,772,21.0927056422439,5571
A,773,22.7495615002682,6518
A,774,21.5266001342878,4581
A,775,25.2507407588158,6125
A,776,22.5316747233111,7358
A,777,26.058329776852,4450
A,778,23.1940953251044,6684
A,779,22.0677039061434,5609
A,780,23.3733404142962,3936
A,781,22.1138081142232,4262
A,782,20.8944048666621,6523
A,783,24.4986034923716,6585
A,784,23.1516765047379,6295
A,785,22.8249472339856,5947
A,786,24.201666737459,6907
A,787,22.4464459246339,6609
A,788,23.7607381874596,7188
A,789,23.7936776408783,4735
A,790,22.159102738385,5475
A,791,22.7770695255212,4911
A,792,23.0025251363916,5962
A,793,22.1066467904448,6288
A,794,22.468946524642,5117
A,795,21.7432828635276,5059
A,796,24.0938535384482,6984
A,797,22.4832685049388,6483
A,798,23.2762034554003,5007
A,799,22.5305686381882,5746
A,800,22.5263223398965,5336
A,801,24.8496665919954,6433
A,802,24.1534481563325,5799
A,803,22.8823369451492,5946
A,804,21.6053739053782,5015
A,805,22.7652223059851,5182
A,806,23.6648787367523,5880
A,807,24.2905224299356,5949
A,808,23.0468996209482,5550
A,809,23.1589482521762,6444
A,810,22.1406579655369,7938
A,811,22.7934713273812,5348
A,812,23.3929907276021,4432
A,813,21.1943440247783,5814
A,814,25.2939824410183,6079
A,815,22.165940005187,6021
A,816,23.7993384966719,5952
A,817,23.5104604422026,6363
A,818,24.3878793631985,4654
A,819,23.6653094203099,6095
A,820,22.3266395612139,7802
A,821,24.0016170474192,6307
A,822,23.1696999872937,6044
A,823,23.2095210228757,6368
A,824,23.529145527942,7162
A,825,22.3557292385634,6576
A,826,23.1654738107744,6727
A,827,23.7632230778013,6151
A,828,23.8396768468921,6638
A,829,19.45618542935,4221
A,830,23.5195991273553,5847
A,831,22.12591160422,5958
A,832,23.5363676692822,6318
A,833,22.0938063254505,6008
A,834,23.670166862311,7105
A,835,20.4579736068028,7211
A,836,23.6949756058262,5064
A,837,22.515069049348,5709
A,838,22.8960458000055,6603
A,839,22.7470493193776,5585
A,840,22.892144865925,5813
A,841,22.5383340754707,5892
A,842,23.1027806227065,6155
A,843,23.5278828728772,7722
A,844,24.7779962419335,5549
A,845,23.8373190989616,6379
A,846,23.6063550973887,6537
A,847,21.6377310740561,5646
A,848,23.6475980666011,6886
A,849,22.3752825262572,4976
A,850,22.9912152621065,6151
A,851,24.7563914654889,5122
A,852,23.6449676070911,4717
A,853,22.8626692513878,6771
A,854,25.1262395889832,6350
A,855,22.765250461001,5782
A,856,22.8706636153115,6648
A,857,23.1651685457572,6962
A,858,24.4224582056416,4718
A,859,22.7166376891394,5547
A,860,22.8206556539624,8110
A,861,22.3933378222939,5072
A,862,24.6575126318105,6863
A,863,22.7718877502074,4395
A,864,23.8072661314698,6166
A,865,23.3241778276282,5680
A,866,23.2521411876938,6436
A,867,20.8377304734027,6347
A,868,22.6991907150078,5589
A,869,22.7432682680169,6459
A,870,21.6378218299495,7062
A,871,23.073805211465,6502
A,872,22.4612468332783,6211
A,873,22.0851315559965,6280
A,874,21.8190544666494,6475
A,875,21.4167542583908,6814
A,876,21.5793294091582,6894
A,877,21.2503366422481,6745
A,878,22.85791920749,6433
A,879,22.8496079192386,5214
A,880,22.6306213639613,6832
A,881,23.0051871472662,6601
A,882,25.1538323354421,5315
A,883,23.4216158051307,6317
A,884,23.6970440928502,6553
A,885,23.4525680336854,5637
A,886,23.3882994440372,6402
A,887,23.9321049516671,7480
A,888,23.635091718648,5746
A,889,23.4457308436387,5541
A,890,23.2875312274096,4950
A,891,22.1433069915914,4910
A,892,24.9807812175138,4689
A,893,23.9210159261516,5857
A,894,23.2812106148662,5413
A,895,23.8357937451643,5212
A,896,22.4193989180608,6217
A,897,24.9567072862001,5421
A,898,21.2820917300054,5340
A,899,23.4925306884092,6196
A,900,23.3805141413404,5419
A,901,23.8681102532032,5750
A,902,23.4223274933345,7169
A,903,23.1725253515541,6341
A,904,23.1722298904506,5628
A,905,22.7185743946438,6265
A,906,24.2048116692128,4314
A,907,23.3193555522915,5776
A,908,21.102268668936,5769
A,909,22.9870205869166,5708
A,910,22.1516912511385,6788
A,911,24.2126539979788,5971
A,912,22.9938468220454,5994
A,913,25.5311608699513,7163
A,914,21.953291840519,5925
A,915,23.2158376882948,6023
A,916,24.1897400978957,6010
A,917,21.3334973107292,5857
A,918,23.2169365308368,5280
A,919,23.546344620455,5950
A,920,22.4403392849006,6637
A,921,20.4231419414419,4774
A,922,22.500798306497,6859
A,923,22.4437809572575,6861
A,924,24.282777083885,7430
A,925,22.1361796673192,4703
A,926,23.2589165722046,6142
A,927,22.7292543434685,6425
A,928,21.2518214775004,6446
A,929,21.5517777268922,5529
A,930,23.8954800153943,5932
A,931,22.9586307062072,6233
A,932,22.9194496302643,4925
A,933,23.8465670803394,5793
A,934,23.3311946672323,5759
A,935,22.7444254339167,6163
A,936,21.6575438955526,6088
A,937,22.8269706560913,5381
A,938,22.0094555471064,6872
A,939,22.1811941952818,5529
A,940,24.8139343949662,7129
A,941,22.5066129249754,6775
A,942,22.6742484259774,5645
A,943,22.814242239285,6933
A,944,22.6268287185327,5773
A,945,24.3180438511545,6430
A,946,22.7811189819753,6436
A,947,24.3652274806692,5503
A,948,23.4819721724121,6583
A,949,22.5348682858586,5421
A,950,24.0930373906341,6986
A,951,25.1441946630769,6308
A,952,22.1514994067191,5461
A,953,22.3169494299189,4463
A,954,23.8620996660497,4675
A,955,25.0449768534102,6801
A,956,22.2694112862855,6733
A,957,23.8173464410489,5560
A,958,21.4521831894133,4546
A,959,22.5034346629897,5978
A,960,23.6292555057022,6825
A,961,22.6252555467064,5889
A,962,23.3436037535561,6648
A,963,23.9414448168358,5181
A,964,23.4912255580557,6030
A,965,22.7710450494723,5131
A,966,23.8973894788589,5946
A,967,23.9415097759833,5673
A,968,21.2378379002215,6606
A,969,23.1676101021801,5474
A,970,22.3711572088743,7151
A,971,22.6198320710659,4490
A,972,22.7422253575948,4592
A,973,22.7862906587503,6070
A,974,24.2021510037866,5833
A,975,22.9817683180575,5184
A,976,23.1077976239973,5958
A,977,23.5853248615691,4197
A,978,22.0510274784968,5671
A,979,23.4912898314281,5813
A,980,23.4135263052731,5625
A,981,23.0536517930094,6736
A,982,21.1973545941518,7004
A,983,21.609991357411,6021
A,984,23.6991980770023,6027
A,985,20.7302424454196,4957
A,986,24.2979326550858,5530
A,987,24.1412515933428,7626
A,988,20.6438519535693,6730
A,989,21.2322845371204,6801
A,990,22.4101198406797,6631
A,991,23.4153572621946,7827
A,992,23.4029140393391,4630
A,993,23.2605130871047,7057
A,994,22.9837383984078,5425
A,995,22.5373791571099,4179
A,996,22.8377272469696,6874
A,997,24.4393481816298,5342
A,998,25.0136968058542,6077
A,999,23.5008321397363,6171
A,1000,24.6119708001064,6805
A,1001,22.4765489085021,6621
A,1002,23.8556496000251,6395
A,1003,23.4213225397948,5514
A,1004,22.6105801798784,7266
A,1005,23.6736122855086,5702
A,1006,24.8369238099166,6557
A,1007,23.8945177775026,5187
A,1008,23.8167444875142,4939
A,1009,24.3733905563092,5336
A,1010,22.0045339029656,5819
A,1011,22.4898669797101,5151
A,1012,22.4677110143375,6840
A,1013,23.7230842247485,3737
A,1014,24.2253781851519,6693
A,1015,22.6577584195676,6785
A,1016,22.1511821435336,6469
A,1017,22.6521457591649,5233
A,1018,22.1832982244131,5734
A,1019,23.6345248390326,6291
A,1020,23.0764119717681,4190
A,1021,22.0253655528772,7445
A,1022,20.6717854513346,6524
A,1023,23.3834862172347,6700
A,1024,22.2320986711257,6406
A,1025,23.6307369631611,6870
A,1026,23.5468454839876,7416
A,1027,22.9926474700535,6314
A,1028,21.4278177335399,5361
A,1029,21.0402973575609,7307
A,1030,23.30406559813,6156
A,1031,22.1749178929777,6433
A,1032,22.2140613919219,5699
A,1033,21.0733997859854,5424
A,1034,23.2014198612832,8091
A,1035,22.8246841081834,5688
A,1036,21.767167855381,5284
A,1037,24.1903521989224,7446
A,1038,23.7677702356977,7320
A,1039,21.4958839858523,6211
A,1040,23.3470939786275,4808
A,1041,20.5090378171772,5681
A,1042,21.3239294088506,5968
A,1043,23.5679516709298,6467
A,1044,23.299648392382,6061
A,1045,23.7336233955392,7047
A,1046,21.4635477194106,6393
A,1047,23.0668940504036,6654
A,1048,22.0879269847765,6894
A,1049,24.3717173132203,4287
A,1050,24.0610409404601,6436
A,1051,22.3911070018311,7113
A,1052,21.866843240929,5937
A,1053,23.0648233385874,5807
A,1054,23.0709943572122,4332
A,1055,22.9608493426039,5982
A,1056,22.167878312757,5826
A,1057,21.3970365985166,6518
A,1058,21.2298299275777,7493
A,1059,25.7588778413558,5271
A,1060,25.2359489914643,6532
A,1061,23.7351691288587,6660
A,1062,21.5683594473196,6367
A,1063,22.4258300774882,5467
A,1064,25.7584893055319,5545
A,1065,24.0983264597694,7616
A,1066,21.7416468823973,6047
A,1067,21.6883950698718,6414
A,1068,22.1902142943987,5823
A,1069,20.3863140279224,5167
A,1070,22.5042338303568,6668
A,1071,21.6947360905632,5786
A,1072,22.2058060727869,6030
A,1073,24.1962486443663,6762
A,1074,24.1463144628995,5783
A,1075,21.062236563875,6262
A,1076,21.5157589059938,6081
A,1077,21.7538820730198,5054
A,1078,21.7661440964924,6463
A,1079,24.6680548576569,4502
A,1080,22.075119860756,6902
A,1081,21.4630954004789,6472
A,1082,21.2515568396536,3417
A,1083,23.1904235169629,5362
A,1084,22.4417334761923,6066
A,1085,24.7654567010884,5737
A,1086,22.3783807964206,5718
A,1087,22.9160559438992,5673
A,1088,23.9550524226858,4919
A,1089,23.796057325686,6415
A,1090,22.8649670280361,6813
A,1091,22.26333464049,6972
A,1092,23.6792854705453,4754
A,1093,23.3577959907086,5057
A,1094,22.9018964487255,6586
A,1095,21.5169641407049,6655
A,1096,22.6117599044321,7410
A,1097,24.2630507555174,6336
A,1098,25.7476885019011,4967
A,1099,21.4012408925286,6411
A,1100,25.1981581505705,5435
A,1101,23.9347927406417,4839
A,1102,22.6733001457703,5170
A,1103,22.2892189141316,6093
A,1104,22.2003296618075,6830
A,1105,23.2616461459349,6766
A,1106,22.9230834950738,6102
A,1107,22.169759537135,8067
A,1108,22.0132628090358,6983
A,1109,24.0609339136293,6839
A,1110,23.6039290878438,6262
A,1111,21.6608128201501,5477
A,1112,22.2738217193416,5517
A,1113,21.4515361361852,6045
A,1114,21.9540429115613,5505
A,1115,21.9968138747372,4452
A,1116,23.4365444339171,4875
A,1117,22.4109320978228,6963
A,1118,22.5568307798931,6421
A,1119,22.2518785652848,6817
A,1120,23.9701378745389,6529
A,1121,23.4897318396291,7141
A,1122,22.4257481418142,5440
A,1123,23.4582560553611,5879
A,1124,21.3748702650643,6110
A,1125,22.8933449142145,5114
A,1126,23.0680204399658,6565
A,1127,22.8410490236213,6712
A,1128,22.8674772995083,6384
A,1129,21.6806795901033,5303
A,1130,23.4296879977735,4477
A,1131,24.1181982079656,6536
A,1132,24.052288773418,7296
A,1133,22.4547826767236,7080
A,1134,24.4255015264911,6173
A,1135,22.7412087889391,6710
A,1136,22.9826924827945,5744
A,1137,23.6151997759912,7044
A,1138,24.9783602604685,5186
A,1139,22.1271609752981,5851
A,1140,23.0311201194379,6182
A,1141,22.0254459946934,5849
A,1142,22.8791077959603,5609
A,1143,24.1864268747702,5673
A,1144,24.2805116635242,7179
A,1145,21.901442905854,5744
A,1146,22.8518082235283,6211
A,1147,24.3893118210462,6848
A,1148,22.2857864896652,5491
A,1149,22.1433833669932,6176
A,1150,22.104941801393,6803
A,1151,23.0026110917863,5340
A,1152,25.7390709126272,5426
A,1153,22.779099462599,7871
A,1154,22.7537617728648,6236
A,1155,23.6282843424952,5553
A,1156,23.5545825394052,5847
A,1157,22.5509272140624,6513
A,1158,22.7617999589668,7888
A,1159,22.3777253479586,6914
A,1160,25.2044879598352,6097
A,1161,22.4355464208939,7089
A,1162,23.2117674001706,5995
A,1163,21.6561915288997,6157
A,1164,23.3745714066646,6004
A,1165,23.1565303113537,7592
A,1166,24.0016676375071,5023
A,1167,22.8857800186675,7318
A,1168,24.9212912557866,6031
A,1169,22.5777683715479,5531
A,1170,24.5231563443754,5392
A,1171,21.6578593643785,6183
A,1172,21.9860772404329,7045
A,1173,20.540653821478,6300
A,1174,23.9356947143988,7462
A,1175,23.9352708434087,6375
A,1176,22.6976776546463,6444
A,1177,21.5392571567242,6454
A,1178,22.6326718466734,5155
A,1179,23.452302299162,7415
A,1180,23.7215852660153,5882
A,1181,23.0740096669577,6726
A,1182,21.8588293456255,5563
A,1183,22.4614827760123,6141
A,1184,22.5228863261662,6442
A,1185,23.2646014439746,4951
A,1186,23.4020241257797,4842
A,1187,23.7927072579092,6290
A,1188,22.3047465181827,6889
A,1189,23.3253983866175,6298
A,1190,22.2232057703009,5389
A,1191,23.5297154499497,5984
A,1192,22.1805682993301,5420
A,1193,22.2530756272403,5460
A,1194,21.6810871323493,6608
A,1195,23.708943410427,6134
A,1196,20.1713971133252,4895
A,1197,22.7034661247671,5209
A,1198,23.0827784342263,6228
A,1199,21.2412299531369,5554
A,1200,23.439393514475,6092
A,1201,21.9501337141787,5502
A,1202,23.1495565943745,7057
A,1203,22.7953633975967,6928
A,1204,23.6251219112313,6559
A,1205,22.9020541767449,6163
A,1206,23.7386158236263,6344
A,1207,23.1361541927522,6663
A,1208,23.4061346774975,6249
A,1209,22.8694737758056,5918
A,1210,22.3909001125525,6182
A,1211,22.3765923430761,7040
A,1212,23.5960916353267,7181
A,1213,24.5137214919094,5438
A,1214,22.8595553726874,6752
A,1215,23.5582761469171,6254
A,1216,22.3778875020834,3824
A,1217,21.6919616710145,6499
A,1218,24.796141323731,7338
A,1219,22.5380736751791,6249
A,1220,23.504946605778,7577
A,1221,24.5282559475495,7221
A,1222,23.6550332100763,7361
A,1223,23.2053008171478,5817
A,1224,23.3086148025424,6549
A,1225,23.0469599135302,6450
A,1226,21.3628200640081,5591
A,1227,21.9071078829505,6067
A,1228,22.4687794806188,7076
A,1229,21.0903388598431,6791
A,1230,23.735535662916,6857
A,1231,23.7622873548877,5142
A,1232,23.5623569051906,6484
A,1233,25.1236665219719,6931
A,1234,21.0225178430418,6329
A,1235,21.9419257753222,5920
A,1236,24.5051561041502,6791
A,1237,23.3358889236024,4562
A,1238,21.6337491835096,6924
A,1239,21.959848168343,6441
A,1240,23.072947847362,7633
A,1241,20.526688585294,5011
A,1242,23.842160048879,6124
A,1243,22.753354650517,7338
A,1244,23.952283059205,5955
A,1245,22.9800457055184,6273
A,1246,23.1174910388877,5408
A,1247,23.7507097142011,4572
A,1248,22.6757386710828,5396
A,1249,22.071461177815,6367
A,1250,22.4908690145042,5574
A,1251,23.2294300604509,6458
A,1252,23.2164654850636,8015
A,1253,23.4005161025262,6333
A,1254,24.7186288984663,6133
A,1255,22.7331879179078,6125
A,1256,23.6861193119784,6170
A,1257,23.3752697323885,6449
A,1258,23.6096283216462,5630
A,1259,23.3641662835487,5032
A,1260,23.2836956667825,7654
A,1261,23.4334051957906,5700
A,1262,22.5344949375218,5604
A,1263,21.2447219139948,5269
A,1264,23.4101506556352,6166
A,1265,22.8373160349409,6511
A,1266,23.232600408574,6808
A,1267,22.2441270151642,5843
A,1268,23.8020820326768,6915
A,1269,24.3947934556539,6543
A,1270,22.0371421338433,5688
A,1271,23.6760465420161,6323
A,1272,24.3036930346885,7794
A,1273,21.2688414576576,5881
A,1274,21.9657144399909,5012
A,1275,24.1757449441261,5052
A,1276,22.0756419233165,5556
A,1277,23.8846695108622,5895
A,1278,23.4716043559195,6603
A,1279,21.6774672403257,7688
A,1280,20.7147786233927,4927
A,1281,21.9924110358851,5453
A,1282,23.3719734923954,6848
A,1283,23.3650985970416,5872
A,1284,24.1879320668488,6010
A,1285,24.0001011612714,6886
A,1286,22.8107142716211,6834
A,1287,22.952169888464,5994
A,1288,25.4111902508332,6805
A,1289,24.0757125445426,5651
A,1290,23.1002140106445,7474
A,1291,24.2280212497079,5993
A,1292,21.8378731801009,7107
A,1293,22.286398408886,6521
A,1294,23.2234423039479,7426
A,1295,22.3738961433954,6209
A,1296,22.6456341125755,5936
A,1297,23.7642540988742,6652
A,1298,24.8763607910587,4909
A,1299,21.7005946739236,7116
A,1300,23.3839032998098,5081
A,1301,22.4286842022472,5934
A,1302,25.1218065050664,6276
A,1303,23.3131209104634,5216
A,1304,22.7612829465996,6355
A,1305,23.6271053557387,6152
A,1306,23.3790697650901,5613
A,1307,25.351049504838,5313
A,1308,24.6641977344324,6139
A,1309,24.6630797696754,4892
A,1310,21.7996899922748,7824
A,1311,23.6825548580774,6176
A,1312,24.8646059935651,6228
A,1313,22.5453568772112,6706
A,1314,23.1488502640673,6224
A,1315,20.5198596996921,6274
A,1316,22.8534112166085,7661
A,1317,22.9261062445905,6287
A,1318,24.0895804481422,7094
A,1319,22.8295693624698,6082
A,1320,23.3104999037817,7672
A,1321,21.8882241012318,6083
A,1322,24.0792868880496,8154
A,1323,23.0443541880303,7989
A,1324,22.8160505641204,6377
A,1325,24.3692471336398,6591
A,1326,22.1877189482742,7138
A,1327,24.0760023272901,6593
A,1328,23.2474391475257,5389
A,1329,25.0224946796355,6041
A,1330,22.5771586390683,7077
A,1331,23.2682736823025,6836
A,1332,23.7460966986636,6616
A,1333,23.319497073332,5982
A,1334,24.7728477154039,5797
A,1335,21.070385040397,6194
A,1336,25.2716682370832,6004
A,1337,21.7554661218033,5119
A,1338,22.9689221290311,7773
A,1339,23.1362474321002,4979
A,1340,24.7370682523512,7061
A,1341,22.2189056587684,7785
A,1342,22.6828664218304,4786
A,1343,24.2738338618574,5719
A,1344,23.2916481090461,6728
A,1345,24.8230181505219,5980
A,1346,23.2680817814833,8013
A,1347,24.6413036334258,6295
A,1348,21.7703166866446,5389
A,1349,22.8273004337706,6589
A,1350,25.3734001707026,5234
A,1351,22.6160412865026,5942
A,1352,23.3343647747632,5710
A,1353,23.1964884771163,7313
A,1354,23.7226069666904,7989
A,1355,22.2268433977287,6011
A,1356,21.9462571367173,6293
A,1357,22.4821375921454,6639
A,1358,23.4651216540631,5728
A,1359,22.4055071145041,6082
A,1360,22.2146053888281,5985
A,1361,22.5226443441546,6229
A,1362,20.8027488011967,6057
A,1363,25.001339964033,5549
A,1364,23.0561316212582,6457
A,1365,23.0320197725242,6911
A,1366,23.9980374937241,6497
A,1367,23.9636437352294,6450
A,1368,25.3160461396879,7166
A,1369,21.6476265360353,6430
A,1370,23.061279418885,7122
A,1371,24.2254605250342,5654
A,1372,22.6781512677851,6420
A,1373,21.2865327784239,6198
A,1374,25.3342353773788,5844
A,1375,21.4763044121,6673
A,1376,24.6629094567576,6653
A,1377,20.6769381915192,5517
A,1378,23.1518873795484,5076
A,1379,23.4876500947977,6998
A,1380,22.2344085263612,5482
A,1381,20.2136003727253,6942
A,1382,23.1944974894809,5179
A,1383,22.6664408151429,6150
A,1384,22.3456910481214,7297
A,1385,21.7800074890257,6799
A,1386,23.7216502529941,7284
A,1387,22.5535785478807,5338
A,1388,22.6140121884356,5750
A,1389,23.8208107176582,6061
A,1390,23.329349215948,5331
A,1391,22.3180405572331,6386
A,1392,21.8589746245923,6441
A,1393,23.8661041774367,5277
A,1394,22.2635095101273,6434
A,1395,21.6240918276009,6605
A,1396,22.4266036080852,7377
A,1397,22.1662979047508,6441
A,1398,24.7905988448147,5833
A,1399,21.6994446894272,7101
A,1400,20.6043278689478,6574
A,1401,23.0534333430365,6228
A,1402,22.7445147321282,5863
A,1403,22.931375512287,7833
A,1404,22.4253552538286,6982
A,1405,24.4813180477343,5917
A,1406,23.013707726147,4344
A,1407,24.0946933809121,6267
A,1408,22.2428122322469,6438
A,1409,23.1828873145507,6998
A,1410,22.072594096621,7284
A,1411,24.9763034449268,5584
A,1412,24.1737084551123,5715
A,1413,22.95781602506,5517
A,1414,23.890175185927,6829
A,1415,23.186338340527,4762
A,1416,23.6671304373522,6945
A,1417,22.8497234296932,5199
A,1418,21.0380421036589,5893
A,1419,23.568806927619,4714
A,1420,21.5448422651181,5425
A,1421,22.9256572961836,5195
A,1422,20.1725947608417,6008
A,1423,21.9357126031231,6780
A,1424,21.2477625317122,6248
A,1425,21.3474404840748,5402
A,1426,22.3819029371361,6267
A,1427,21.7795661266913,6076
A,1428,21.3643852119088,7491
A,1429,23.3607837728591,6490
A,1430,22.0260302742614,5710
A,1431,22.6720759140075,4819
A,1432,21.6965196214801,6474
A,1433,22.7722093539827,6797
A,1434,24.0970430310841,5854
A,1435,21.560160680524,5597
A,1436,22.0454146172557,7186
A,1437,24.3118691699408,7183
A,1438,23.0491738256854,7912
A,1439,22.6761322825912,6411
A,1440,19.9434159077813,4676
A,1441,23.377630535299,6649
A,1442,23.3722754579917,4566
A,1443,23.1623225847187,5402
A,1444,23.1813331935679,6040
A,1445,22.4702734649745,5183
A,1446,22.1487278511927,5843
A,1447,24.9635205596378,5983
A,1448,22.7792347339576,5002
A,1449,21.0052863783414,4642
A,1450,22.4036395028698,6373
A,1451,22.8071616465573,6762
A,1452,22.7013753936491,5540
A,1453,23.8638828777808,7296
A,1454,21.4359893763215,4982
A,1455,24.8494317434315,4614
A,1456,24.2118385601256,6492
A,1457,21.7373586685522,6649
A,1458,23.2507084577949,5769
A,1459,22.1469629575442,6037
A,1460,22.9076375893283,5276
A,1461,22.2673789186954,6977
A,1462,23.6390666925497,4803
A,1463,23.8274683624695,4335
A,1464,22.5048965693847,5256
A,1465,22.2275716030081,7292
A,1466,23.3815680921734,7397
A,1467,24.2187720366986,6222
A,1468,22.6497195076789,5506
A,1469,22.362720638764,5543
A,1470,23.8621863288641,6100
A,1471,22.4842616541187,7121
A,1472,22.1456919254556,5828
A,1473,21.5524255839647,5555
A,1474,23.755626886152,5127
A,1475,23.6079041491179,6985
A,1476,25.3535826395098,6230
A,1477,20.8035481823611,5999
A,1478,22.8127623538821,5788
A,1479,21.8766908582416,5142
A,1480,23.7488707427448,6903
A,1481,23.2039898846416,4369
A,1482,22.1023124549103,5916
A,1483,22.3666593345114,6729
A,1484,22.6059649957497,4587
A,1485,21.5002241810535,5476
A,1486,21.6313154684126,6506
A,1487,24.0402729577987,6268
A,1488,21.7615733702852,6561
A,1489,21.5122323422065,5834
A,1490,24.5790426637763,7483
A,1491,22.492997417467,4577
A,1492,23.9846002060745,6597
A,1493,24.5054829184851,6312
A,1494,26.7053025421748,4386
A,1495,21.5884069101096,4673
A,1496,23.3935169530549,4926
A,1497,22.3612462795438,6259
A,1498,22.1271847824935,6053
A,1499,24.5005873986853,5244
A,1500,21.7882459750602,6475
A,1501,20.2649312124899,6065
A,1502,21.5743887968216,6992
A,1503,22.4178270287582,7255
A,1504,23.8254976458238,6035
A,1505,22.1027704515788,7061
A,1506,22.1717650530879,6203
A,1507,24.0058268867616,5009
A,1508,21.8824777780581,5689
A,1509,22.3502609319057,6001
A,1510,21.6701784892907,4815
A,1511,22.2107117766825,6633
A,1512,21.8941357211961,6097
A,1513,22.2653220083172,5580
A,1514,22.7385020718975,6678
A,1515,22.6998854534525,6867
A,1516,22.8848222982274,4702
A,1517,23.1727168991073,5629
A,1518,23.0459931858829,5268
A,1519,24.1221744570239,6474
A,1520,22.6011051463033,6503
A,1521,23.5797463717163,6644
A,1522,23.1106584978282,5032
A,1523,22.3154181235638,4155
A,1524,21.7016495172724,6171
A,1525,24.5472446743776,6501
A,1526,22.1826093880371,7151
A,1527,22.2787298052328,6683
A,1528,23.7313751889827,5103
A,1529,23.652517470812,6504
A,1530,23.5380148375097,6561
A,1531,21.6752246436262,4959
A,1532,22.8164742014038,6373
A,1533,21.8700438188058,7185
A,1534,21.3260155319972,5616
A,1535,23.8571404490727,6386
A,1536,22.6644045626672,5112
A,1537,23.0597216861859,5765
A,1538,19.9171106129645,4771
A,1539,21.4234241809917,5193
A,1540,22.3135040316146,8322
A,1541,22.3908813865185,6397
A,1542,21.5729193721537,4651
A,1543,24.156048741055,7246
A,1544,22.9365331651286,6241
A,1545,21.8240106948881,6877
A,1546,24.1005502118104,6353
A,1547,25.0836442122671,5994
A,1548,21.5552464933936,4056
A,1549,23.412089303204,5762
A,1550,23.0893346463828,6290
A,1551,23.5818948250309,6428
A,1552,24.084418029637,7679
A,1553,21.7086693662388,6502
A,1554,22.5891867767706,5980
A,1555,22.637333298333,5637
A,1556,21.8031437776086,5913
A,1557,22.9441624949141,6180
A,1558,25.5947568663686,6111
A,1559,23.7578655705036,5587
A,1560,22.3787434112182,5988
A,1561,20.9975725865862,5313
A,1562,24.5354010691404,5038
A,1563,23.0007465453713,6030
A,1564,22.2127548601917,5407
A,1565,23.5906540046564,6621
A,1566,22.3283782588439,5918
A,1567,23.5063872483144,4831
A,1568,24.3071330383385,7546
A,1569,23.3078574293366,6329
A,1570,23.7270035524806,5452
A,1571,23.6301388083942,4851
A,1572,22.1366424695492,5157
A,1573,24.2173327734959,5838
A,1574,25.3524217639757,6233
A,1575,23.3563539155669,6551
A,1576,22.3320971743203,7048
A,1577,20.417970191231,4833
A,1578,21.5103547788344,6693
A,1579,22.3265563483599,5129
A,1580,23.4246320077263,6407
A,1581,22.9754875213746,5973
A,1582,21.547343386472,6376
A,1583,25.5827842294486,6629
A,1584,25.0528160662178,5552
A,1585,23.4279510902571,6828
A,1586,22.7565593685035,5946
A,1587,23.3412962165502,4925
A,1588,23.6808282683873,5455
A,1589,22.3775083850162,6233
A,1590,23.04740378164,6578
A,1591,22.9260256105758,6417
A,1592,24.6123011385387,6213
A,1593,23.8306239606521,6257
A,1594,23.3794203799735,5766
A,1595,24.2319686855227,5373
A,1596,22.1519710290698,6668
A,1597,24.4776221010822,6160
A,1598,23.7534351049769,6838
A,1599,21.8597366607346,5562
A,1600,22.9860635078683,6459
A,1601,22.8675636508753,5569
A,1602,23.6055282159407,5760
A,1603,23.490455369481,7703
A,1604,25.16619269401,6013
A,1605,23.4611524716071,6311
A,1606,24.2457996217589,5922
A,1607,23.5670088702262,6015
A,1608,23.661287969428,6209
A,1609,25.5472193160496,5357
A,1610,22.3849308206746,6377
A,1611,21.0382629733156,5723
A,1612,22.6368032631504,5843
A,1613,24.966237312449,6054
A,1614,21.7989296487417,6641
A,1615,21.632774622082,6424
A,1616,21.4373038107274,5036
A,1617,21.7344777920924,5768
A,1618,22.6070473984341,7327
A,1619,23.5196529541414,6518
A,1620,21.6219987965437,6231
A,1621,21.0963763102931,5337
A,1622,22.9909834067318,7380
A,1623,23.7016050098747,5943
A,1624,22.8728260637625,7249
A,1625,23.6572268039961,4472
A,1626,22.9523093477603,6314
A,1627,22.9879912600619,4821
A,1628,24.3125383452923,6711
A,1629,22.8326666760924,6600
A,1630,22.8109503869558,5193
A,1631,22.6520285019838,6020
A,1632,22.2324505916745,5927
A,1633,21.4906433770256,7220
A,1634,23.6978026075985,6154
A,1635,22.3021667407074,5355
A,1636,23.8764959556475,6193
A,1637,21.8184396752807,6277
A,1638,24.6808552516121,6157
A,1639,21.8570917828502,6135
A,1640,21.950168729566,5896
A,1641,23.2168856468999,5904
A,1642,22.3201974121254,6092
A,1643,22.7793664257442,4990
A,1644,23.3291222720316,7462
A,1645,23.701714660526,6676
A,1646,24.1498310093977,6881
A,1647,20.2054724405799,7155
A,1648,20.9671733718837,7721
A,1649,25.7100902024819,6041
A,1650,22.3800880602143,6703
A,1651,23.4009962077338,5275
A,1652,21.6845475197715,6891
A,1653,21.8787737320147,6922
A,1654,25.2659499524396,6124
A,1655,23.3809453101357,7149
A,1656,22.7187959891186,5928
A,1657,24.6949027074566,6471
A,1658,24.0216819631683,6263
A,1659,22.9767779284165,7217
A,1660,23.5449595223225,7097
A,1661,22.4569830457357,4660
A,1662,20.9331011391601,5559
A,1663,23.6788346685262,7134
A,1664,22.6606412428332,6735
A,1665,23.0025514163739,5121
A,1666,20.8539218376,6631
A,1667,21.372426273914,6532
A,1668,23.6908604426927,6101
A,1669,24.5819306256884,7431
A,1670,24.8928182467293,6372
A,1671,20.9441904583638,7747
A,1672,24.0427789145869,5398
A,1673,23.8695553149232,7744
A,1674,22.4346548581963,5783
A,1675,23.4356922093132,7268
A,1676,23.9566030865819,4917
A,1677,23.9146190279565,6710
A,1678,23.7853214177796,6596
A,1679,24.1717839294235,5443
A,1680,23.7179422902689,5258
A,1681,22.1119913639989,6504
A,1682,21.711507179743,6715
A,1683,21.4928279813764,5550
A,1684,22.6478511302568,5701
A,1685,22.740094515497,5029
A,1686,23.4231005802668,6638
A,1687,23.9089622569228,6625
A,1688,22.1756098374157,6307
A,1689,24.2591255811022,5408
A,1690,23.4483382953339,6490
A,1691,23.9539421928059,6497
A,1692,22.8324713851348,6875
A,1693,22.368310109751,6672
A,1694,23.0121569372318,5677
A,1695,23.0567987950153,7001
A,1696,22.2970824413516,8260
A,1697,22.7393285702977,6214
A,1698,22.2342460168749,5882
A,1699,23.887145920747,7817
A,1700,21.9820894068697,6686
A,1701,26.4818525048129,5133
A,1702,22.9086449927858,6905
A,1703,21.2408934544798,6946
A,1704,22.8409587983117,6668
A,1705,21.2626276181072,6157
A,1706,24.4739617184741,6420
A,1707,22.8933183898197,5575
A,1708,21.7039791806056,4713
A,1709,21.8245687915741,6985
A,1710,23.0664141678404,4666
A,1711,22.665721247663,5343
A,1712,23.5184192774845,7055
A,1713,23.151478061084,6419
A,1714,21.1759214839827,7367
A,1715,23.7742994609865,5350
A,1716,22.2464581727084,6632
A,1717,22.755275102198,7281
A,1718,23.4697118120685,6867
A,1719,21.9967948532074,5881
A,1720,22.5923513207066,5983
A,1721,22.8658891680196,4620
A,1722,22.587479991312,5686
A,1723,21.7032501674366,5132
A,1724,21.6280717240453,4330
A,1725,25.1626473360987,6793
A,1726,23.5102225734822,5600
A,1727,24.1340387932278,4841
A,1728,21.9873099895142,6178
A,1729,22.1457427546138,5800
A,1730,23.4246890522337,4290
A,1731,23.7663222437884,5463
A,1732,24.0346008793313,6701
A,1733,22.4363897497546,7038
A,1734,22.7932216221487,5463
A,1735,23.2741901972122,6667
A,1736,23.1708572928649,6795
A,1737,22.5874555012082,7393
A,1738,22.4206470666226,8398
A,1739,22.529883053395,5636
A,1740,22.1514259798003,6419
A,1741,22.0104370575899,5674
A,1742,23.5483616280786,7246
A,1743,24.047761035792,5868
A,1744,21.9612200742006,7624
A,1745,22.7307283633256,5445
A,1746,22.6303382169691,6028
A,1747,24.4475512158034,6292
A,1748,24.0338511726918,7025
A,1749,23.8632512120612,6024
A,1750,23.1254713914538,4032
A,1751,22.017878948279,5722
A,1752,21.078920516862,7138
A,1753,20.7872147929393,6434
A,1754,24.1523854470581,6677
A,1755,22.8840481583992,6845
A,1756,22.1403703546885,6442
A,1757,23.2031785823696,6303
A,1758,23.3204574511644,6865
A,1759,22.6772501836658,5450
A,1760,25.4876068428156,6820
A,1761,24.3264278338592,6690
A,1762,23.8952337349071,7308
A,1763,23.3604639431774,5875
A,1764,22.0235447328405,6987
A,1765,22.9858941518552,6443
A,1766,22.3358526000951,5142
A,1767,22.6028005056692,7288
A,1768,24.0723039112689,5241
A,1769,25.1183370029611,6990
A,1770,23.3652366016032,4823
A,1771,20.90628280771,6624
A,1772,24.2702254906834,5116
A,1773,23.6278726026908,6021
A,1774,22.0434045541956,7279
A,1775,23.4458638866878,6730
A,1776,22.1740507105774,5849
A,1777,23.1261683880858,8550
A,1778,22.4408592150159,7175
A,1779,22.5037896097201,6954
A,1780,23.2388654521049,6230
A,1781,23.0992500923529,7256
A,1782,22.8857009692035,5492
A,1783,21.2077567549532,5548
A,1784,21.4432890267768,6923
A,1785,23.8792708442746,4592
A,1786,22.4524344684965,8155
A,1787,23.1371067584751,6720
A,1788,22.2943530721091,5111
A,1789,22.9477536183447,6824
A,1790,25.0291864636956,4735
A,1791,22.2196814095489,5862
A,1792,22.214452462717,6774
A,1793,22.0716645845926,6172
A,1794,22.3854812147785,6376
A,1795,22.7132087877501,5940
A,1796,24.5945115614624,6343
A,1797,23.8778701850143,5407
A,1798,22.3276978790415,6780
A,1799,21.4820791855224,6143
A,1800,23.3570103520784,5573
A,1801,22.18629314705,5108
A,1802,22.4724801575747,7675
A,1803,24.2538356132819,6536
A,1804,23.9124573053959,6593
A,1805,22.8335108636744,6266
A,1806,22.8150049932412,6064
A,1807,21.999598728415,7510
A,1808,24.7312672154415,6429
A,1809,22.8452964851781,6320
A,1810,22.523274368057,5882
A,1811,21.0667653399207,5473
A,1812,22.2348119703656,6571
A,1813,22.7710005037068,5461
A,1814,23.664813956116,6422
A,1815,21.6730379559785,5654
A,1816,22.5019529647741,5593
A,1817,23.1017935225575,7283
A,1818,22.7910987276634,5267
A,1819,24.1516382089292,6584
A,1820,21.7836949231099,5755
A,1821,23.147269582453,6119
A,1822,23.0199008865807,5688
A,1823,21.0444455426557,5102
A,1824,22.8903666851083,5681
A,1825,23.7053247892274,5985
A,1826,22.6611978507301,6214
A,1827,23.709729364422,6624
A,1828,23.0009141364311,6797
A,1829,20.3098575466595,7057
A,1830,23.8402917487344,5910
A,1831,21.6656658194963,5710
A,1832,24.0051522356401,6734
A,1833,21.9868710793276,6781
A,1834,23.2443811119414,6617
A,1835,23.3797144892084,6976
A,1836,21.5530744877604,6983
A,1837,22.281005494552,6496
A,1838,23.4231101562828,7369
A,1839,23.0031160944896,5584
A,1840,23.1482023385034,7520
A,1841,25.6445913714019,6711
A,1842,21.8147260774396,8033
A,1843,22.4698226528581,6120
A,1844,24.3317630405162,6086
A,1845,23.8454788735561,7297
A,1846,23.1483538574932,6205
A,1847,22.7121718141456,5333
A,1848,21.8007378862924,6261
A,1849,23.3653539424083,6796
A,1850,25.4989507802023,5220
A,1851,23.5092970778203,5821
A,1852,21.9824809486384,6909
A,1853,23.669705642725,4865
A,1854,25.023792334159,4808
A,1855,24.4884258989699,6339
A,1856,23.0158088115284,6948
A,1857,24.0885825161084,5408
A,1858,24.4541885701414,4671
A,1859,21.578755046587,5892
A,1860,23.0726821431385,5519
A,1861,22.3996991937576,5473
A,1862,21.888083158423,5911
A,1863,23.1187234743767,5959
A,1864,23.4082173738096,6661
A,1865,22.41156153588,5125
A,1866,23.0560980822217,7116
A,1867,24.1873364897606,6154
A,1868,24.1777040757543,7173
A,1869,22.2686072415661,5963
A,1870,24.34196729381,6025
A,1871,22.6367656244748,7617
A,1872,24.555530159848,5536
A,1873,24.7765458071309,5812
A,1874,23.064347505769,5460
A,1875,22.9589437348268,6348
A,1876,25.7243937138268,5751
A,1877,25.9122477461408,5705
A,1878,24.5100279198396,6015
A,1879,22.943610004823,6687
A,1880,23.149970169769,5607
A,1881,23.5317543744834,5022
A,1882,23.4795490690329,5069
A,1883,22.169763056574,4596
A,1884,23.1083223348272,5142
A,1885,23.5983830439996,6768
A,1886,24.8377186788855,5180
A,1887,24.6245753343413,6129
A,1888,23.4497022512986,7315
A,1889,21.1418953002758,6317
A,1890,22.4912168201513,6340
A,1891,22.3714255383494,6912
A,1892,25.5962869738307,7568
A,1893,21.8775844718649,5411
A,1894,23.3273898792826,6894
A,1895,21.5051323915821,5189
A,1896,24.4996730443212,6676
A,1897,22.9808118912536,6497
A,1898,21.6005666652267,6774
A,1899,23.0511423739268,4603
A,1900,25.2733085140141,5547
A,1901,23.2910307883361,5087
A,1902,24.0239676405096,6710
A,1903,22.4529671021245,6451
A,1904,25.0788057597718,7550
A,1905,22.9250636732447,5162
A,1906,22.4718047323311,7372
A,1907,23.9372703136192,6586
A,1908,19.4162771650626,5649
A,1909,22.0992564653518,6243
A,1910,21.7832731769072,6015
A,1911,22.0767217094558,4596
A,1912,22.7504485498305,5273
A,1913,19.3729450925721,5659
A,1914,23.4006125655865,5776
A,1915,22.1059050708549,6350
A,1916,21.2497559325034,6365
A,1917,22.828695948991,6761
A,1918,20.5298141800459,5449
A,1919,23.3920107137988,5655
A,1920,21.4437874646032,5515
A,1921,23.3720976328635,5894
A,1922,21.3015141223904,4965
A,1923,21.5172700172219,5863
A,1924,21.1831389569221,5636
A,1925,25.18734511973,6375
A,1926,24.3852339072489,7517
A,1927,22.7798674620778,7119
A,1928,20.8346212289991,6030
A,1929,21.4562338651916,5246
A,1930,23.0699040372392,5532
A,1931,21.5303733322996,6952
A,1932,23.8666650450229,5513
A,1933,23.6951146619802,5743
A,1934,21.6576581295159,5128
A,1935,22.7012842314958,6165
A,1936,23.4640548905097,5416
A,1937,23.6779233628728,7402
A,1938,22.2242567938721,4811
A,1939,23.4206459519455,6944
A,1940,23.7932002301292,6066
A,1941,22.8414769923443,5057
A,1942,21.7838595901754,7116
A,1943,22.6734622642631,6559
A,1944,23.7142404319995,5384
A,1945,23.3207925985882,6578
A,1946,21.8034565055863,4687
A,1947,23.9441540540131,6012
A,1948,23.2798392486962,4121
A,1949,23.6001433588124,6007
A,1950,22.0103891616124,5805
A,1951,24.4922000552906,7011
A,1952,22.6636305540371,6268
A,1953,22.8537833261548,5882
A,1954,23.3329706460267,6721
A,1955,23.9706039781588,7348
A,1956,22.0629223663386,3420
A,1957,23.694426896384,6984
A,1958,23.0304455662527,7328
A,1959,20.2335743682534,4823
A,1960,22.5299822579308,5733
A,1961,23.4935466765383,6266
A,1962,22.2127067210524,6301
A,1963,25.2612593455827,7399
A,1964,21.8877021240804,5797
A,1965,24.0601654681033,6154
A,1966,25.0628217714008,5326
A,1967,22.2209554702851,6239
A,1968,22.4655095049493,6755
A,1969,21.1468888029042,6817
A,1970,25.2321964386435,6478
A,1971,21.8308788601229,6362
A,1972,23.1334720939803,6465
A,1973,24.2345113078862,7023
A,1974,24.0619537101857,6029
A,1975,23.0807123817452,5369
A,1976,20.7790579990715,6913
A,1977,22.9794082068012,4961
A,1978,23.527870757133,7149
A,1979,22.107440408627,6748
A,1980,25.1724373458293,4393
A,1981,23.4081223054726,5603
A,1982,22.7271939346217,4645
A,1983,24.5022134632987,4467
A,1984,21.8972840700206,5533
A,1985,24.3722402322273,4242
A,1986,21.2568953799711,6520
A,1987,24.7589721164269,5969
A,1988,22.5649843489456,6041
A,1989,22.109721080002,6296
A,1990,22.630803706976,7136
A,1991,23.6843320967782,6168
A,1992,24.0602586934899,5985
A,1993,21.8568386946624,6387
A,1994,22.9938911179433,7282
A,1995,23.9092390868837,4809
A,1996,24.0705497984122,7096
A,1997,22.7860349312382,7058
A,1998,22.5918940006038,7280
A,1999,22.7526223372165,5432
A,2000,25.1613195792893,7725
A,2001,21.3298169380337,6789
A,2002,22.2022815451583,4852
A,2003,22.541405064893,7502
A,2004,22.0167978987204,5520
A,2005,22.0025920078707,6290
A,2006,23.5863964459773,6729
A,2007,24.7367737034016,6231
A,2008,21.3405325092316,6082
A,2009,23.5535212979413,6733
A,2010,21.820988784316,5914
A,2011,22.1626884152637,6373
A,2012,21.1911069926914,7420
A,2013,24.1412104225474,6870
A,2014,22.1892133876676,5379
A,2015,21.5324046800324,5717
A,2016,25.4357900788992,7296
A,2017,22.6846043919034,6248
A,2018,23.3750492484646,4905
A,2019,22.836294280524,5975
A,2020,22.9713318366376,5963
A,2021,21.386065789482,5908
A,2022,23.7306753559806,6998
A,2023,24.4229187767268,5840
A,2024,21.4034684112849,6055
A,2025,23.855964592762,6153
A,2026,23.6073533619583,5533
A,2027,23.4965354671592,7098
A,2028,23.0573846373632,5891
A,2029,23.1378134820446,6724
A,2030,24.8365236316048,5902
A,2031,22.5552673577408,7802
A,2032,23.7889717151929,4924
A,2033,23.1078525330837,5534
A,2034,21.2076578206059,7624
A,2035,23.4754961990874,6631
A,2036,23.1306592049605,6474
A,2037,22.021064294574,5282
A,2038,22.546748201935,6056
A,2039,20.8138747050187,6237
A,2040,20.6223081785372,6870
A,2041,22.1552452512755,6453
A,2042,22.0206058063857,4816
A,2043,22.3964853518057,4901
A,2044,22.1479632998366,4300
A,2045,21.1417992958306,6208
A,2046,23.8172213684392,6953
A,2047,22.8859986010077,6750
A,2048,23.7302943576616,6815
A,2049,24.6692368714103,6029
A,2050,22.254224845504,6663
A,2051,22.1895611198357,5754
A,2052,21.6324278789594,6800
A,2053,24.3076801190379,5441
A,2054,23.0738196056444,6527
A,2055,21.1852547497982,4692
A,2056,24.3203793227168,7267
A,2057,23.0387877429332,6604
A,2058,23.9871540700736,5145
A,2059,21.3204740557836,7193
A,2060,24.2520208055162,5265
A,2061,22.6756450706364,6070
A,2062,25.1622369007268,6694
A,2063,24.1256453387195,6255
A,2064,22.275760544363,4416
A,2065,23.08792168457,5712
A,2066,21.5418384131196,5742
A,2067,22.6738498005922,5743
A,2068,23.1147826080684,5248
A,2069,22.3633930887167,5177
A,2070,22.6230133206163,5650
A,2071,22.6592898422386,6193
A,2072,23.6300941798427,5455
A,2073,22.397170615992,5505
A,2074,23.7537769096434,5884
A,2075,23.2802222355809,6639
A,2076,24.4894279223028,5460
A,2077,25.0156325804089,7520
A,2078,25.475925070309,6107
A,2079,22.1198113430663,5019
A,2080,23.919363243213,7067
A,2081,23.2616793181981,5489
A,2082,23.3768409857806,5506
A,2083,21.8460684367429,4742
A,2084,23.6583137813728,7409
A,2085,21.6212260697902,6784
A,2086,21.7862126124773,5506
A,2087,22.9806166597284,5588
A,2088,24.1331105660577,7138
A,2089,23.2462640713714,6029
A,2090,22.7141962123199,7069
A,2091,25.215981192027,7252
A,2092,21.932778168381,6731
A,2093,22.2358002854066,6480
A,2094,21.8711753593984,6462
A,2095,23.902366403306,5998
A,2096,22.3235406213882,6039
A,2097,23.2368751208611,6401
A,2098,23.4833262862513,5880
A,2099,23.5797194987948,6004
A,2100,23.1915238022539,6865
A,2101,22.1515625498525,6495
A,2102,23.2204809296578,6434
A,2103,21.1446577001879,5593
A,2104,21.7235239881009,5402
A,2105,22.0000656426388,7286
A,2106,23.2292795421428,5379
A,2107,22.1758038408062,6818
A,2108,24.1961212906325,6195
A,2109,23.0317384870205,6068
A,2110,22.7009363609542,6765
A,2111,24.3248299737736,5450
A,2112,23.5130907774032,6832
A,2113,24.6439208474728,5276
A,2114,22.7894350251343,6659
A,2115,23.7778944870426,6270
A,2116,21.6657535067919,5660
A,2117,21.2932426996764,6602
A,2118,21.664798346598,5902
A,2119,23.4811008372714,6184
A,2120,21.0718225121639,6629
A,2121,21.4230401197179,5129
A,2122,22.2830979039471,7673
A,2123,23.5955891251084,6889
A,2124,21.8337790531006,4980
A,2125,24.0099268452225,6191
A,2126,22.0205628488987,6849
A,2127,22.9020216775741,7280
A,2128,22.0109856441708,5252
A,2129,23.3211492203168,7436
A,2130,23.0318111670215,7894
A,2131,23.7018684116321,6228
A,2132,24.4316848531106,5107
A,2133,21.9600716665075,6428
A,2134,22.8725588733406,6559
A,2135,22.3873357850978,7386
A,2136,22.8228877734825,5935
A,2137,21.8555244970633,6399
A,2138,24.1525388662656,7104
A,2139,23.9731319840434,6192
A,2140,24.0591264670812,6734
A,2141,22.72065696853,7966
A,2142,21.9670173108068,7621
A,2143,22.3842834099587,5412
A,2144,21.9536661615922,6914
A,2145,23.4793446899693,6092
A,2146,22.8543534893847,6468
A,2147,24.153553629239,5188
A,2148,23.3802666615838,6690
A,2149,24.1609784015016,6424
A,2150,23.0144574597687,3976
A,2151,22.5936060515664,5949
A,2152,23.9325642923922,6550
A,2153,23.5715875832054,5022
A,2154,21.9629962019675,5772
A,2155,22.2567308346523,5208
A,2156,24.1067645641515,6775
A,2157,23.3875634813176,6750
A,2158,22.6704622919763,6739
A,2159,23.3737230147394,6144
A,2160,23.5981560948637,5493
A,2161,23.8623033673397,7683
A,2162,22.0892556101757,6494
A,2163,24.2178360113321,5102
A,2164,20.7924109986623,6169
A,2165,23.2431964882622,6195
A,2166,22.4308890048266,6208
A,2167,22.3478478095922,5218
A,2168,23.5940586822999,8012
A,2169,23.002432773676,6218
A,2170,24.1607750731403,4667
A,2171,23.1519082644525,7417
A,2172,22.9446627628054,5074
A,2173,23.5765551826666,7274
A,2174,23.8507366461011,5494
A,2175,23.5136869687635,5018
A,2176,24.4167611304805,5144
A,2177,22.4375831950021,5843
A,2178,24.0640761441606,5234
A,2179,22.7408516371274,5886
A,2180,25.0475617597073,6821
A,2181,21.5675014748408,6037
A,2182,22.7447167249375,4820
A,2183,23.3786089731319,7231
A,2184,24.840826531457,6546
A,2185,23.2225885399576,5912
A,2186,22.2473109980905,5706
A,2187,25.2590604940879,5344
A,2188,21.9026739233829,6502
A,2189,22.6489489126954,6003
A,2190,22.5961276085106,5798
A,2191,24.8145123348263,4913
A,2192,24.8430991625336,6928
A,2193,24.7961941121658,6972
A,2194,23.9352710207806,5940
A,2195,22.9350152136377,5646
A,2196,22.1765735708535,4825
A,2197,22.8867680666773,6224
A,2198,23.9808816134347,5884
A,2199,22.980622760551,5345
A,2200,23.9404152253295,6901
A,2201,21.6194644484351,5630
A,2202,21.6100718399199,5378
A,2203,24.3274914509296,5689
A,2204,23.29717297205,6574
A,2205,24.1964005906547,6408
A,2206,25.362685094664,6248
A,2207,22.4178403644362,4956
A,2208,24.0101890008265,5984
A,2209,22.1858342554185,6196
A,2210,21.9159594369339,5374
A,2211,22.8403796074215,5186
A,2212,23.6388013400991,7946
A,2213,24.0630162977997,6548
A,2214,22.739148034699,6219
A,2215,22.8932627284483,5781
A,2216,22.066357910045,5781
A,2217,21.75587161687,6984
A,2218,23.1776205630476,4558
A,2219,24.274208154131,5994
A,2220,22.4676887305071,4637
A,2221,22.3040867034112,7047
A,2222,21.2115470394359,6417
A,2223,23.8955803211985,5111
A,2224,23.9131705636516,6430
A,2225,24.0687791979176,6554
A,2226,21.8679311850194,6366
A,2227,21.6002005625215,6237
A,2228,21.6820141280977,6521
A,2229,24.9110791313399,6438
A,2230,21.2712479761638,6199
A,2231,20.8972522182635,6120
A,2232,23.9920128907459,5722
A,2233,21.2786873764826,6175
A,2234,23.230745517762,6129
A,2235,23.8474835350455,5250
A,2236,24.1030863141662,6955
A,2237,24.537898188132,6609
A,2238,23.3183056270087,4657
A,2239,23.7127803143529,7114
A,2240,21.6690265336216,4834
A,2241,23.9384451497852,7290
A,2242,22.6307660836082,4095
A,2243,24.5592241273538,4381
A,2244,23.9110010961279,5893
A,2245,21.7835974208158,4911
A,2246,24.2912550844229,6122
A,2247,22.6168098864395,7558
A,2248,21.7506399450089,6092
A,2249,22.2003412352428,6712
A,2250,22.1104046175685,5950
A,2251,23.0864169214636,6392
A,2252,23.8808564205635,7046
A,2253,23.19700933623,5716
A,2254,23.4674382213379,6753
A,2255,22.8495858787654,6411
A,2256,21.6419603858733,5756
A,2257,22.41271823726,6025
A,2258,21.3406449559161,5651
A,2259,25.4688568100819,4311
A,2260,22.6506920047638,7029
A,2261,23.4176737120022,6977
A,2262,23.3182424133677,5151
A,2263,22.9203011967938,5077
A,2264,24.8661065931953,6544
A,2265,22.6118908757045,6009
A,2266,26.1557206520291,4505
A,2267,22.6569806435052,7371
A,2268,24.1440355928262,6953
A,2269,24.4448458614549,5137
A,2270,24.2483225193017,7018
A,2271,22.0168682118078,6641
A,2272,22.2327942502596,6647
A,2273,22.2311169477532,6869
A,2274,22.3800058417576,6348
A,2275,23.3360696154311,5840
A,2276,25.0411795472317,5846
A,2277,22.6034075965057,7329
A,2278,23.2841461117524,6687
A,2279,22.0620154857596,5541
A,2280,24.899156783276,6174
A,2281,21.2454739373075,6289
A,2282,23.9598168882299,5736
A,2283,21.6595164246121,6600
A,2284,22.8797614145615,6794
A,2285,22.2794595028795,3332
A,2286,22.1404076617514,6417
A,2287,23.1534257485559,6116
A,2288,22.1246281927888,5581
A,2289,23.8413843697894,5811
A,2290,24.6539544512467,5808
A,2291,23.6240285470764,5451
A,2292,23.8876888917339,7257
A,2293,25.3766942021659,4907
A,2294,22.5043308830563,6244
A,2295,24.700534490938,6292
A,2296,23.0003430255839,7016
A,2297,23.1590912876358,6481
A,2298,21.6824299865626,5096
A,2299,21.7326253032452,6731
A,2300,22.7939518439488,6106
A,2301,22.0434174340108,7044
A,2302,21.8619581653308,6640
A,2303,22.9493717769144,6727
A,2304,22.3121459632712,5035
A,2305,22.8752095128143,4901
A,2306,21.56477720097,5911
A,2307,22.2407161639518,6897
A,2308,22.8463348833236,6042
A,2309,22.3141675229607,5648
A,2310,23.3335444979685,4873
A,2311,23.1676499967829,5468
A,2312,23.1251258606786,5787
A,2313,23.4447639640249,5286
A,2314,24.5741877006385,5186
A,2315,23.4902673422072,6575
A,2316,22.2097172130608,5153
A,2317,22.1507622056746,7139
A,2318,22.793842341757,5810
A,2319,21.5064450642246,4551
A,2320,24.0121590249482,7022
A,2321,22.0361582452107,6263
A,2322,23.7874930420877,5011
A,2323,23.9114592285031,5960
A,2324,23.4664009637062,5466
A,2325,23.5670200919255,5202
A,2326,22.5713066608626,7026
A,2327,23.4758715315476,5902
A,2328,24.1592433125332,4800
A,2329,23.478404752184,6247
A,2330,23.0146193218166,6950
A,2331,22.3207157264567,4869
A,2332,23.3582603634854,4678
A,2333,21.6164294707706,5841
A,2334,21.3545269799983,7606
A,2335,22.3086398185095,6567
A,2336,21.9012752804112,6228
A,2337,21.7627686127736,5135
A,2338,21.2433304240883,4713
A,2339,22.0312875040611,5611
A,2340,22.4635151821164,4808
A,2341,21.6495420263869,7488
A,2342,22.7017155908235,6108
A,2343,24.035031634836,5708
A,2344,25.2427954169866,5083
A,2345,25.6724112153724,5026
A,2346,21.5126161140384,6061
A,2347,23.6884997305773,5471
A,2348,22.9962391521514,5456
A,2349,23.0005521419661,7039
A,2350,23.1015146212954,6245
A,2351,22.9944972509889,6980
A,2352,23.6453996386638,6215
A,2353,20.613421760863,7442
A,2354,22.4206821905866,8131
A,2355,21.5978859020433,6913
A,2356,22.5508476950815,6662
A,2357,22.1013315413853,4966
A,2358,21.9122800924524,5964
A,2359,24.1756227962882,7063
A,2360,23.49467535562,4686
A,2361,22.6869434868041,6282
A,2362,22.9504224343267,7060
A,2363,21.9820492731207,6336
A,2364,21.5567268900729,6986
A,2365,23.0485723227982,5656
A,2366,23.5265389204246,5245
A,2367,25.4117682489535,5660
A,2368,22.2140919088521,5632
A,2369,22.6693420819051,7151
A,2370,21.9572836389024,6360
A,2371,23.6187464314791,7417
A,2372,23.3789658473214,5095
A,2373,22.6073744077562,7470
A,2374,24.0014371508598,6519
A,2375,19.7252474111564,5749
A,2376,23.1788818341245,6743
A,2377,21.7072233755903,4681
A,2378,23.0241925635312,6139
A,2379,22.592987701377,5007
A,2380,22.9389827896793,6536
A,2381,22.3314526178665,7458
A,2382,22.3216376528647,4677
A,2383,22.4549863898192,6055
A,2384,23.1401169518733,4896
A,2385,22.9446139758375,6084
A,2386,23.4778690357999,4792
A,2387,21.2809383879167,6524
A,2388,23.7468440398938,6171
A,2389,24.1102344149394,5491
A,2390,23.3127745751802,5718
A,2391,23.819708569814,6696
A,2392,25.2258386147574,4444
A,2393,23.1126219913919,6013
A,2394,24.1933554733111,6006
A,2395,21.1700986818402,4791
A,2396,24.0752294088013,5671
A,2397,23.4789863204119,6409
A,2398,24.0195800548041,5692
A,2399,21.4483372809812,4975
A,2400,25.4526021708087,6540
A,2401,22.3063385104029,5679
A,2402,23.1629552499398,6692
A,2403,25.2336909923445,4473
A,2404,22.2577310119983,5594
A,2405,21.4137697271565,7682
A,2406,23.9150574308398,6931
A,2407,23.1300767457175,6102
A,2408,23.4041357372514,5750
A,2409,21.8423415282849,7294
A,2410,22.1936944086434,4804
A,2411,22.2789695246469,5517
A,2412,23.7970030651595,6850
A,2413,23.291757764302,5324
A,2414,22.9429544067048,5226
A,2415,20.5634235397219,6232
A,2416,20.9655746376277,7032
A,2417,22.1322654567027,5906
A,2418,23.0211985832041,5773
A,2419,22.3136383534575,4366
A,2420,23.6809538621776,6724
A,2421,22.5798021476285,5262
A,2422,22.4205666604699,6772
A,2423,24.6571823970673,5344
A,2424,24.3550462177279,3688
A,2425,23.2995717852292,5363
A,2426,21.9692712781062,5962
A,2427,21.7453459557445,6725
A,2428,23.1966108126401,4857
A,2429,21.6223776616464,7138
A,2430,24.723042059091,6906
A,2431,23.6040012414077,7094
A,2432,22.4136258266664,5317
A,2433,22.041481212351,6675
A,2434,25.5590770037242,5702
A,2435,20.9891755097976,6315
A,2436,23.8115762581916,6170
A,2437,23.2950443148386,6865
A,2438,21.1319904018496,6081
A,2439,23.1920833145476,5615
A,2440,23.3992439083976,6071
A,2441,22.3517772463761,6118
A,2442,23.5835318274024,5673
A,2443,22.772349508756,4709
A,2444,23.8539396820391,6183
A,2445,22.0917650356051,5669
A,2446,22.7339162025467,5042
A,2447,22.8865590901459,7020
A,2448,21.8011847185466,7358
A,2449,21.8667999030073,6097
A,2450,23.4919830521298,6081
A,2451,22.1799168920839,7821
A,2452,23.1000318691657,6853
A,2453,20.5083337343902,6628
A,2454,23.6751015378713,6494
A,2455,22.5869515091646,4698
A,2456,22.7946668008259,5096
A,2457,23.3347223026056,5525
A,2458,25.7446621943489,6753
A,2459,21.8867240835741,5929
A,2460,24.2462899575598,5202
A,2461,21.5262927556384,5302
A,2462,22.2324128434771,6326
A,2463,22.1212987588983,6180
A,2464,22.1659651373813,6469
A,2465,22.6444075537724,5085
A,2466,24.0804800698144,6816
A,2467,22.9546450746648,6986
A,2468,22.4917189571005,7583
A,2469,21.9888214300405,7145
A,2470,22.6069320387953,6959
A,2471,22.5433461913481,6904
A,2472,25.3887388793142,6475
A,2473,22.3617081386785,7845
A,2474,24.6008986362579,5702
A,2475,23.9170255320171,5483
A,2476,21.8857020093942,6336
A,2477,22.9827487700857,6991
A,2478,20.8595348784518,5403
A,2479,23.6166673069314,5424
A,2480,22.541021799185,5487
A,2481,22.2388547761011,5770
A,2482,23.4949234228582,5481
A,2483,25.0456163581854,5823
A,2484,21.6469757882656,6224
A,2485,23.0158410513638,6242
A,2486,24.7808994223948,4058
A,2487,23.5784585470886,6037
A,2488,22.6870202186108,6046
A,2489,22.3170363244085,6891
A,2490,23.3989373642324,6151
A,2491,22.2687470299783,7267
A,2492,22.4267256070184,5664
A,2493,22.9059063902111,5090
A,2494,23.2371583857785,5740
A,2495,24.1353369342549,5949
A,2496,23.0458071951914,4913
A,2497,24.2259715225321,6038
A,2498,24.9075772595668,6757
A,2499,21.841186689059,6410
A,2500,21.0962340713506,5874
A,2501,22.0089389774777,6435
A,2502,22.7908659934665,7706
A,2503,24.6557864114357,5712
A,2504,22.5015722706963,6099
A,2505,23.2648880954375,5113
A,2506,22.1879700672579,5937
A,2507,22.9956500766848,3666
A,2508,24.3062621967345,6161
A,2509,22.6559723713869,6897
A,2510,22.3507744028293,5092
A,2511,22.7961989109708,7175
A,2512,23.4674982022757,5670
A,2513,22.8161040283681,5615
A,2514,23.0905658371394,6736
A,2515,23.6762257937899,5564
A,2516,22.8278795538694,6047
A,2517,24.7562262462458,5501
A,2518,21.565134262443,6312
A,2519,22.8961881024541,7151
A,2520,21.7447678515584,6946
A,2521,22.5742857152589,6847
A,2522,22.4051625340358,6941
A,2523,22.5521157564915,6523
A,2524,24.0526999738237,4518
A,2525,22.7769624182351,6460
A,2526,24.0044898403597,6910
A,2527,24.2084539987305,6066
A,2528,24.0833707057751,6157
A,2529,24.8225386560236,5650
A,2530,22.277990546636,6266
A,2531,23.9771347575764,7025
A,2532,21.8745406125389,4739
A,2533,22.9215389500825,5816
A,2534,21.4185740814353,5386
A,2535,24.6107709749222,7190
A,2536,24.0978721955889,7099
A,2537,21.0001771799957,7852
A,2538,24.3392498857919,4927
A,2539,22.7890856046476,6637
A,2540,24.2616160280128,5863
A,2541,22.6655087599203,5779
A,2542,23.3152841622738,5800
A,2543,22.4604312782798,6770
A,2544,25.1045536721186,6357
A,2545,22.9179348449008,6810
A,2546,23.6064753155452,5197
A,2547,23.8219816406279,5592
A,2548,24.1628484538545,6091
A,2549,23.6838826528148,5386
A,2550,24.0098299549379,5815
A,2551,24.0930651557333,6434
A,2552,23.7784774628805,4831
A,2553,22.4963047498694,6603
A,2554,24.0132512464103,5726
A,2555,24.4553944700939,6346
A,2556,22.3311623197232,7037
A,2557,23.8641246898718,5681
A,2558,23.8212777238828,6669
A,2559,26.143610009085,5142
A,2560,21.0541701113899,5636
A,2561,23.1571157559279,5966
A,2562,23.9138046665038,6722
A,2563,21.4642099139845,4419
A,2564,24.2472881220004,6368
A,2565,23.4047711163425,5648
A,2566,22.9970103598682,6962
A,2567,22.5010064555345,6503
A,2568,21.8800070945175,5576
A,2569,22.0178700214441,5889
A,2570,24.7415420724805,6286
A,2571,23.1409858311311,5916
A,2572,21.828043745773,6897
A,2573,20.9510713283492,6578
A,2574,24.1853367554582,6944
A,2575,22.9294320133467,6292
A,2576,22.4162739061991,6537
A,2577,22.1560958591543,6459
A,2578,21.6997219189428,5670
A,2579,23.4226594920051,4979
A,2580,23.3137269688561,7580
A,2581,20.2827785486696,4923
A,2582,22.3284954833709,5661
A,2583,22.7050363824345,5853
A,2584,21.1097481143704,5177
A,2585,23.9278238815699,6793
A,2586,21.5054543989655,7004
A,2587,21.757830042433,6049
A,2588,23.0251349850944,6072
A,2589,22.7266411317384,6083
A,2590,25.6036528880481,6530
A,2591,23.5456453082577,7744
A,2592,22.3004827051107,5289
A,2593,21.7441279825253,6219
A,2594,24.3733012745886,5940
A,2595,23.0003901181088,5056
A,2596,21.8822020201497,6657
A,2597,23.6498922365601,5159
A,2598,22.3817395319152,4501
A,2599,21.8882457819069,6397
A,2600,22.6042842151423,7046
A,2601,20.9763949174587,6217
A,2602,22.2048588791062,6882
A,2603,23.53689647478,5759
A,2604,21.4391271430224,6767
A,2605,23.7207217043307,6556
A,2606,23.5162007097503,6729
A,2607,23.7432037555359,4733
A,2608,23.6906749676778,5497
A,2609,22.1489882500338,6692
A,2610,24.0620112362773,6595
A,2611,22.2124013907967,7150
A,2612,21.9703414748554,6003
A,2613,22.2400080914777,6739
A,2614,22.4216707976895,6692
A,2615,22.4387787679457,6634
A,2616,23.2251772722609,6434
A,2617,23.3035009742168,6748
A,2618,22.5340148785143,6103
A,2619,22.0141469173742,6383
A,2620,22.3442740361927,6683
A,2621,23.8348344628489,7359
A,2622,23.9334453539146,5564
A,2623,24.4199393048394,5202
A,2624,24.3165820461736,6027
A,2625,22.416735436399,6022
A,2626,22.4018766395532,5901
A,2627,21.9562851779249,7256
A,2628,24.6273315711937,6868
A,2629,25.029497043609,6522
A,2630,24.5596442191407,6192
A,2631,22.8742553528285,6637
A,2632,25.097252234391,7958
A,2633,24.1874062493739,6873
A,2634,24.0694304922227,5261
A,2635,24.9850414406062,6044
A,2636,22.9143370492399,6444
A,2637,24.3953243186335,6626
A,2638,23.2916476566854,6482
A,2639,22.4457699996035,4848
A,2640,24.1298164715204,6072
A,2641,25.1569738856301,6194
A,2642,23.133081046754,6826
A,2643,22.4477364110487,6391
A,2644,22.7840738756637,5957
A,2645,23.0255917388579,5782
A,2646,23.0136014115115,5486
A,2647,22.590951269062,6134
A,2648,22.3281369387772,7196
A,2649,24.0848752658339,6254
A,2650,23.4333377645282,6327
A,2651,24.4510085865996,5053
A,2652,24.1923481367832,4069
A,2653,23.300320763501,7651
A,2654,22.3409019134465,6631
A,2655,23.4665935508651,7590
A,2656,22.5373447291843,5405
A,2657,23.3455139080071,5943
A,2658,20.2273902417033,6308
A,2659,23.1345506198253,6049
A,2660,23.9464530301291,6525
A,2661,22.3774367050458,5663
A,2662,22.7269328820423,6119
A,2663,22.9993605162462,6416
A,2664,21.0836576118587,5747
A,2665,23.4821418226186,6023
A,2666,23.450426478241,6354
A,2667,24.2459825391209,6294
A,2668,25.4485598273789,5733
A,2669,23.0725255878867,6457
A,2670,22.9575267510095,6117
A,2671,22.362544795047,5377
A,2672,22.2978465483866,6575
A,2673,23.7344894020864,5780
A,2674,25.0581677543221,6858
A,2675,25.5429340050096,5528
A,2676,21.4903367722094,6278
A,2677,23.2234376337765,6350
A,2678,21.406411259992,6968
A,2679,24.139757634067,6183
A,2680,22.9975236418253,5430
A,2681,23.3131237725812,6403
A,2682,24.5946863267423,6466
A,2683,23.8926172267419,5247
A,2684,23.1881898162697,6567
A,2685,23.2193546317255,6501
A,2686,22.2298984345087,8128
A,2687,24.7514806098688,5980
A,2688,22.9502184794199,5427
A,2689,22.3283953806366,5320
A,2690,22.9386612168461,6514
A,2691,23.4309058073106,6530
A,2692,22.6802028988223,6961
A,2693,22.94531353397,6282
A,2694,22.8164438964391,6101
A,2695,22.7282634301163,6629
A,2696,23.2295948603872,5211
A,2697,23.9581913844645,5907
A,2698,23.5784800716383,5917
A,2699,23.8373175707334,5935
A,2700,24.4170132012147,6011
A,2701,24.1146549203635,6246
A,2702,23.7787380391721,5526
A,2703,24.0763823148221,5556
A,2704,22.9199796424392,4994
A,2705,24.0071529036774,6391
A,2706,23.2720553022574,5442
A,2707,22.7289395094391,5033
A,2708,24.0011813537868,5023
A,2709,25.7922571065206,5262
A,2710,21.2859766542964,6306
A,2711,23.5688881961897,5751
A,2712,24.5673285396746,5191
A,2713,22.1447985588286,5908
A,2714,22.9076571424936,5945
A,2715,23.532507659943,6637
A,2716,23.0737109129687,7276
A,2717,24.4839365506214,6902
A,2718,23.4542514077954,7030
A,2719,22.6210287791372,6245
A,2720,22.3052661084189,5858
A,2721,21.7912348846187,5257
A,2722,23.9093778572496,6074
A,2723,22.2271705523664,6753
A,2724,23.7050441265082,5268
A,2725,22.1686161683051,6272
A,2726,23.4240746275067,6673
A,2727,24.0895453479375,7106
A,2728,24.4606826794603,6402
A,2729,23.2855791954741,4510
A,2730,25.3452846132297,7536
A,2731,21.6805163473893,4255
A,2732,22.6146870654058,6930
A,2733,21.6721914962141,5628
A,2734,24.2406653856298,6814
A,2735,23.850453214539,6108
A,2736,22.1165416841144,4406
A,2737,22.5053871908731,6570
A,2738,24.7064619897032,5126
A,2739,23.374716499298,5691
A,2740,22.158175816785,5909
A,2741,23.324546330119,6133
A,2742,22.9356236950658,4397
A,2743,20.0305554321454,4778
A,2744,22.6029067056703,6113
A,2745,25.2789228005578,5213
A,2746,23.3795942354848,5673
A,2747,25.2280373825951,7104
A,2748,23.7487059402927,3777
A,2749,24.3607081814533,7523
A,2750,23.796891390002,4093
A,2751,24.8481739143996,5408
A,2752,24.4394254502013,6158
A,2753,24.19729878627,6089
A,2754,22.9403727711439,6447
A,2755,22.47395981453,4840
A,2756,22.181167710585,5138
A,2757,22.3659809949254,6041
A,2758,22.3496112894351,6440
A,2759,23.6458044175477,6126
A,2760,22.6136392798258,5233
A,2761,22.0681893971104,7836
A,2762,22.6367259764684,7456
A,2763,22.6503372634351,5374
A,2764,22.3489793063904,6318
A,2765,20.9360865160184,5910
A,2766,22.511409565369,4644
A,2767,24.6124063474863,5980
A,2768,21.8449590027264,6029
A,2769,22.4429652349874,6199
A,2770,24.6173311788836,5528
A,2771,24.5944144794657,5379
A,2772,18.8143012278982,5509
A,2773,21.0449991256619,7941
A,2774,22.5950529219986,7371
A,2775,23.6771453864158,6863
A,2776,23.3845661740238,5074
A,2777,21.8899938873134,6713
A,2778,24.0690963129287,7353
A,2779,24.1315556320237,7345
A,2780,24.707125718901,5635
A,2781,22.6396428592488,5428
A,2782,21.9401597430754,7027
A,2783,22.4045544908483,7539
A,2784,22.9724051806028,4619
A,2785,23.7357384718358,5736
A,2786,21.2218315702831,6650
A,2787,22.6888214846811,7351
A,2788,22.8683018590914,6630
A,2789,20.6978311761063,6335
A,2790,23.2865561509431,6363
A,2791,20.7486937594491,5485
A,2792,23.4723201970599,5335
A,2793,25.6523586992869,6038
A,2794,22.8755338821958,6522
A,2795,24.3191221404282,6916
A,2796,24.9924510699368,5064
A,2797,23.3479267970501,6535
A,2798,21.1621700159583,7081
A,2799,22.8349495295076,6905
A,2800,24.2540527887744,6059
A,2801,21.9825376178902,5339
A,2802,23.9135864053154,6622
A,2803,24.0057294986441,6006
A,2804,24.2146398070594,5706
A,2805,24.6537575978528,4571
A,2806,22.5517764733216,6213
A,2807,22.48838290124,6367
A,2808,22.4629845473202,6667
A,2809,21.8283269112677,5845
A,2810,24.8717831568167,5532
A,2811,25.4555032716615,6761
A,2812,22.6928167267383,6246
A,2813,23.8185752255548,6345
A,2814,22.1108553707966,5492
A,2815,20.7505350922959,5592
A,2816,23.4986657715651,5311
A,2817,21.1180824810553,5702
A,2818,23.7432681196364,6472
A,2819,24.441621086125,5963
A,2820,24.7095093059073,6722
A,2821,21.9571105129182,6367
A,2822,22.9509557238721,6459
A,2823,25.5869387994347,6890
A,2824,23.5574422441349,7315
A,2825,22.7758016357448,7045
A,2826,21.0542765690976,7793
A,2827,23.9012856944515,5715
A,2828,23.9285474612132,7644
A,2829,24.784834346167,6216
A,2830,22.6742558906369,7007
A,2831,20.5890040468172,6078
A,2832,23.424983735063,6879
A,2833,24.3474609870949,6946
A,2834,24.2425124307323,6454
A,2835,22.8271974086487,6217
A,2836,23.1684328426419,5281
A,2837,24.9082865619248,5590
A,2838,23.6808808895092,6998
A,2839,22.8699667616765,6099
A,2840,23.5141008639362,6186
A,2841,23.0033202138506,6561
A,2842,21.7537111999027,6104
A,2843,24.1582321786629,4937
A,2844,23.2714161191688,5292
A,2845,20.7720857316942,4275
A,2846,22.1111874998232,6118
A,2847,23.9442503903327,7570
A,2848,22.6409802407832,5750
A,2849,22.4936124584987,6684
A,2850,23.536956024802,5000
A,2851,24.0103100527799,6833
A,2852,23.1483905487064,5056
A,2853,23.1600849559677,7079
A,2854,21.5159187949398,3811
A,2855,24.0887191228676,7105
A,2856,22.1801396886145,6405
A,2857,23.0661153539433,7608
A,2858,24.5169180249131,5546
A,2859,22.4066930194231,5399
A,2860,22.7268633235108,6067
A,2861,22.0442761533594,4694
A,2862,22.9448600581213,6311
A,2863,23.0237941630171,5932
A,2864,23.904450080748,5604
A,2865,21.5713230069745,6217
A,2866,22.6662714321734,4883
A,2867,23.0817218351985,6983
A,2868,22.6450915720072,7209
A,2869,22.5257922439492,6627
A,2870,22.8444219860125,6800
A,2871,25.2112151058264,5171
A,2872,22.4471708673778,6369
A,2873,23.8875182316003,6124
A,2874,23.4301251014996,7803
A,2875,20.8347211422849,6596
A,2876,22.8652689755326,3327
A,2877,22.5241956038365,5920
A,2878,23.7986772154639,5661
A,2879,21.0924392817059,5402
A,2880,25.7457253507058,5302
A,2881,21.7511243390409,5354
A,2882,22.5567617617877,6296
A,2883,22.3681879801651,4897
A,2884,22.9194546668744,5094
A,2885,23.6325379476304,6249
A,2886,23.79785399836,7127
A,2887,21.3145964707464,5090
A,2888,23.0460323227246,6815
A,2889,23.0614751428769,6263
A,2890,22.175181864404,7003
A,2891,24.2282676460257,6925
A,2892,24.6975484473361,6481
A,2893,22.5337089912089,5563
A,2894,22.3872162503098,6503
A,2895,24.654095275256,5873
A,2896,23.0483359897367,5424
A,2897,24.209639614773,5491
A,2898,22.5301864087295,5210
A,2899,23.8686854212738,5288
A,2900,23.3761028911948,5899
A,2901,23.949893886147,4725
A,2902,22.6563039004964,6929
A,2903,23.0688368592895,6553
A,2904,23.9279318336331,4235
A,2905,22.1704305497251,6181
A,2906,22.8979552128572,6797
A,2907,23.2963294150069,7226
A,2908,23.3917079893531,5432
A,2909,21.7366280542931,6917
A,2910,21.5457639148397,4985
A,2911,25.3767181385472,6148
A,2912,21.5014788154266,7511
A,2913,22.5644081427485,6355
A,2914,23.7262364261252,5907
A,2915,23.3333624879532,5626
A,2916,23.4432459765097,7295
A,2917,22.9983297584376,4420
A,2918,24.0091198652454,5573
A,2919,22.4797684288779,6916
A,2920,23.4496776266241,5451
A,2921,23.3675256222158,6775
A,2922,23.2192888119982,5301
A,2923,23.7515531314249,6974
A,2924,24.0174249203966,6934
A,2925,23.9507805076744,4581
A,2926,23.6479513983602,7338
A,2927,23.7327668701302,5737
A,2928,22.2668269985805,4849
A,2929,22.4109766523378,6822
A,2930,24.5148890481052,6601
A,2931,23.2252204249572,5321
A,2932,23.0614531961319,5816
A,2933,21.937599267909,6693
A,2934,23.1969255879524,6994
A,2935,21.886345533358,6287
A,2936,24.1899872034749,6132
A,2937,24.0540676267668,5926
A,2938,21.2289310847218,5303
A,2939,23.3753247217579,6835
A,2940,22.9582162255093,6296
A,2941,20.9751970671239,4085
A,2942,21.8334105727813,7758
A,2943,21.6957890431439,3817
A,2944,23.8842654570503,5887
A,2945,23.0249629178337,6454
A,2946,22.20003205316,3920
A,2947,22.2716135624382,6240
A,2948,22.2571805098953,4855
A,2949,23.258034797907,6367
A,2950,23.9609293214963,5973
A,2951,21.3127681741015,7544
A,2952,22.8234488384509,6608
A,2953,23.9646240478733,5597
A,2954,22.1452985467058,5479
A,2955,23.3338055751979,6356
A,2956,21.7557410770099,6937
A,2957,23.5376191093962,8079
A,2958,23.8180402446847,6002
A,2959,23.5660191173464,6182
A,2960,22.4152067901442,5248
A,2961,22.4498668633963,5911
A,2962,24.65164317862,5163
A,2963,23.9459779829214,4973
A,2964,22.2809146117368,6500
A,2965,22.4482215210779,6799
A,2966,22.4906849954753,7534
A,2967,24.1535364579852,7623
A,2968,21.2090361424832,6214
A,2969,24.3043207034777,7185
A,2970,23.5983079545956,7081
A,2971,22.3657837522775,6836
A,2972,22.5958524492645,6730
A,2973,22.6690332543798,3240
A,2974,23.0327705165795,5581
A,2975,22.9948011763491,5277
A,2976,22.0076360028831,5644
A,2977,22.1664316832168,6564
A,2978,21.4704497673554,5217
A,2979,23.407005729459,6218
A,2980,22.7007529322601,5563
A,2981,21.4735564986404,6527
A,2982,24.0154524922957,5119
A,2983,23.5330473742747,5671
A,2984,25.2271211633973,5431
A,2985,23.3207423543963,6744
A,2986,23.3720446141551,6596
A,2987,24.2016985777605,5382
A,2988,22.6063300776126,5710
A,2989,24.6271993387853,5772
A,2990,21.1499980656147,6003
A,2991,26.1585200847001,6185
A,2992,21.8135531550063,6648
A,2993,22.8577891112412,6352
A,2994,23.4768444903101,5968
A,2995,21.2556945977517,6883
A,2996,20.8764102010867,6931
A,2997,23.8597521035895,6005
A,2998,23.5029615471377,5979
A,2999,22.397031459118,6834
A,3000,23.9093372563571,6612
A,3001,21.7774407092276,5416
A,3002,23.3439988233293,4090
A,3003,24.5979198744103,6298
A,3004,22.7729443320941,6609
A,3005,22.6770215384168,5375
A,3006,23.3824049578727,4178
A,3007,23.8903461276985,6814
A,3008,22.562073189444,5269
A,3009,20.61178508907,5439
A,3010,24.2615304102524,7311
A,3011,23.8180545768447,6198
A,3012,22.2710403229082,6131
A,3013,22.235000551629,7401
A,3014,22.3949150437117,6384
A,3015,22.6838406581085,5066
A,3016,24.2410553225881,6691
A,3017,22.8190470161842,5550
A,3018,22.5659723834664,6418
A,3019,20.1715495018947,6229
A,3020,24.5632994151404,6730
A,3021,23.1166505697374,6083
A,3022,23.0646320708366,6489
A,3023,25.4374474216245,3855
A,3024,23.1139108102869,6968
A,3025,23.0300333439124,5410
A,3026,23.080065338363,7259
A,3027,21.516526123503,5193
A,3028,21.9982245869229,6477
A,3029,22.0753674626584,7001
A,3030,24.9964424490178,6788
A,3031,22.3690754657947,7315
A,3032,21.4299654397297,3584
A,3033,21.9809675310649,5579
A,3034,25.0838453437506,5017
A,3035,24.1830928884524,5456
A,3036,25.5309250625199,5741
A,3037,24.0351729406045,5785
A,3038,22.8912544252137,7297
A,3039,21.5252106758075,5690
A,3040,23.6468667519925,6902
A,3041,21.0132649993943,7279
A,3042,23.2311888806909,6181
A,3043,21.6573175825225,6474
A,3044,21.3767135824263,5044
A,3045,21.4065170248318,6139
A,3046,22.5312566857757,5861
A,3047,23.9801296965078,6444
A,3048,22.5152890852923,6441
A,3049,21.3254333995227,4830
A,3050,22.0453440945215,5379
A,3051,23.1100420039987,5354
A,3052,25.1498470509341,6791
A,3053,24.2046309786767,6548
A,3054,23.6335513928566,7041
A,3055,23.2439907119546,4413
A,3056,22.8586295939195,4338
A,3057,20.7863906865966,5980
A,3058,22.5284321194768,6684
A,3059,23.0240247237191,5515
A,3060,22.9905024043375,6045
A,3061,23.4367988064723,7063
A,3062,21.9934281745089,5681
A,3063,22.3424119734659,5226
A,3064,22.4157916661135,6498
A,3065,21.5788336863656,6771
A,3066,23.3116547767595,6665
A,3067,23.1555473139233,5253
A,3068,21.9471555079346,5700
A,3069,24.1385900054559,5992
A,3070,24.2931434267108,5926
A,3071,22.1440528058995,6962
A,3072,22.7491950234832,7922
A,3073,22.2525247762481,6180
A,3074,23.5028683310845,5514
A,3075,21.6817901682563,6537
A,3076,22.3341604802768,6384
A,3077,22.9549624763354,5283
A,3078,22.3744323445641,6041
A,3079,20.7413070403595,7151
A,3080,23.0321314442231,5918
A,3081,23.5831164543046,5127
A,3082,21.5362848269129,7723
A,3083,24.3145266751199,5584
A,3084,23.2809657055739,6833
A,3085,24.872089623165,3372
A,3086,22.1743860142094,5299
A,3087,23.6440351918961,7294
A,3088,23.338462542178,5280
A,3089,25.0728685986933,5765
A,3090,22.00254852187,6705
A,3091,22.0456724577113,3462
A,3092,24.0486240680624,6196
A,3093,21.4907577238736,5444
A,3094,22.794447049634,6903
A,3095,23.4685227000868,6847
A,3096,22.2851848474816,6572
A,3097,22.2924663652567,6222
A,3098,22.1021725817712,5133
A,3099,23.6878492691052,6863
A,3100,22.3965382041771,6955
A,3101,24.0720356162807,7451
A,3102,23.8983276742379,6949
A,3103,20.6180937341113,6256
A,3104,23.1498986611221,7506
A,3105,21.4844521564874,6034
A,3106,23.7826015202636,6630
A,3107,23.4917883866832,4863
A,3108,23.1540945263295,4907
A,3109,23.0416236733318,7789
A,3110,22.8768668950994,6774
A,3111,20.7948184604142,6005
A,3112,24.1851223203196,6563
A,3113,22.8178799822193,5499
A,3114,24.8645387703878,6603
A,3115,24.9354051211722,4076
A,3116,21.5830979120659,6807
A,3117,23.0863110856065,4850
A,3118,22.7999150015227,5918
A,3119,22.8444101011425,7385
A,3120,24.1959262726558,4951
A,3121,23.2270398704191,7138
A,3122,24.0019641888827,6123
A,3123,22.5215595272075,6855
A,3124,24.1916294509985,6982
A,3125,23.0514490909611,6047
A,3126,23.6323615085812,5235
A,3127,21.1914519407728,5585
A,3128,22.4757850842162,6049
A,3129,23.1604089059583,6287
A,3130,23.3531543398088,5038
A,3131,23.4919685819874,6101
A,3132,22.1518055129955,6543
A,3133,22.2151575008729,5958
A,3134,20.6548481611193,5038
A,3135,22.2201106389649,5446
A,3136,23.4665894004613,6640
A,3137,23.5957206781694,5877
A,3138,23.2142263503755,5641
A,3139,24.4789826461491,3587
A,3140,23.326216272576,6831
A,3141,23.7031525740965,7175
A,3142,23.8905446751644,6510
A,3143,21.6684632743093,7831
A,3144,23.7966221934231,4474
A,3145,21.9460118236947,4525
A,3146,24.209411562686,5722
A,3147,23.3807603649022,4492
A,3148,22.5036795562932,5398
A,3149,24.6161651804794,3779
A,3150,23.2616897287731,7673
A,3151,24.2276588655587,5517
A,3152,23.4514272901571,5675
A,3153,22.5355964541881,7266
A,3154,23.3240145291767,7476
A,3155,22.5998160307574,6149
A,3156,23.7860887868179,5535
A,3157,25.7549775037872,5996
A,3158,24.7975632374858,5652
A,3159,22.9219975194843,4702
A,3160,23.1936877594051,6151
A,3161,23.082780343576,6492
A,3162,23.6051957573693,5877
A,3163,20.54948648543,7211
A,3164,23.181643903762,6344
A,3165,22.8965126192279,6438
A,3166,26.2969711155074,4400
A,3167,22.7517407025133,7357
A,3168,21.3601842759474,5354
A,3169,20.6911885120222,5540
A,3170,22.3652399849153,5419
A,3171,22.8733548144433,5096
A,3172,23.3458410986175,6078
A,3173,21.3287539612616,7740
A,3174,23.8969873397831,5660
A,3175,23.7306764510846,5171
A,3176,24.4287886186274,6012
A,3177,21.4593910326813,5275
A,3178,22.8557348481683,6038
A,3179,21.530376708819,6615
A,3180,24.4172738444153,5691
A,3181,23.9630379088862,6803
A,3182,22.6264556491832,4718
A,3183,22.1234119076437,4657
A,3184,22.2821685409812,5390
A,3185,26.0725536464068,6082
A,3186,24.2194924033271,6232
A,3187,24.3275666177394,6423
A,3188,22.5612178515382,4755
A,3189,23.0903482260578,6633
A,3190,24.8808210328361,6285
A,3191,23.6480459733138,6676
A,3192,23.8852046663028,6570
A,3193,21.7355136211094,6215
A,3194,22.1817367626886,6433
A,3195,21.8631088878969,6843
A,3196,22.7253144280686,6494
A,3197,22.9761211864774,5492
A,3198,23.5658938719926,6466
A,3199,23.7129020159586,6788
A,3200,23.4327078286763,5205
A,3201,22.2968229904157,3942
A,3202,25.9032052867666,5141
A,3203,21.5807953650709,5959
A,3204,23.5235213133577,6231
A,3205,23.235029380214,6841
A,3206,24.0373258049199,6171
A,3207,22.0584517768242,6479
A,3208,23.2006806878015,7636
A,3209,22.8917247839669,5204
A,3210,21.6094316577333,7995
A,3211,22.7252552650767,5837
A,3212,21.6264906345891,5738
A,3213,23.3304118575983,5630
A,3214,22.9551088745501,5864
A,3215,24.1735970099326,6097
A,3216,21.6145927367622,4487
A,3217,22.8922942453296,6421
A,3218,22.4691716298127,5534
A,3219,24.1461842449648,6589
A,3220,22.0690509958962,5152
A,3221,22.5019350970052,7015
A,3222,24.4868769814819,7046
A,3223,22.3307726983625,6956
A,3224,21.8357488777759,6382
A,3225,24.4366800027832,6140
A,3226,24.048591099655,5950
A,3227,21.5058172024573,6092
A,3228,22.4255788250055,6080
A,3229,22.7808632279755,6955
A,3230,23.293545138469,6841
A,3231,22.4724346448206,7052
A,3232,22.2092838247034,5168
A,3233,23.9206213115457,7245
A,3234,21.8098921615559,5261
A,3235,23.0114597872379,8150
A,3236,23.0713774804544,6732
A,3237,25.4083857896104,4813
A,3238,21.7057828401622,4979
A,3239,22.8772387810315,6449
A,3240,23.9091872973611,6822
A,3241,21.4404204533586,6288
A,3242,22.460327528468,6258
A,3243,22.9479956218379,6592
A,3244,23.0518923710757,6121
A,3245,22.8787639400901,6703
A,3246,25.5441462218854,6132
A,3247,22.984406373472,6213
A,3248,23.9008264711182,6491
A,3249,22.3085108501966,7175
A,3250,23.197635474995,6450
A,3251,22.5581712370043,6679
A,3252,23.3755101060927,6179
A,3253,21.4762671604981,5739
A,3254,24.287532628787,6399
A,3255,23.2516222843068,6738
A,3256,25.3138540664469,5760
A,3257,23.5139407908388,5804
A,3258,21.7463617531778,6838
A,3259,19.824958557931,6818
A,3260,24.2115925205734,6699
A,3261,22.6425650035879,7025
A,3262,23.3995818659297,5999
A,3263,23.4316017916288,6217
A,3264,22.4833157818546,6611
A,3265,22.9674770970439,5177
A,3266,23.3097442535873,5228
A,3267,22.1002248390215,6697
A,3268,25.1179293401174,6118
A,3269,22.1622040951039,6684
A,3270,21.9605200253556,5267
A,3271,24.1434084683146,7047
A,3272,21.7457658389239,5016
A,3273,24.1487629426979,6381
A,3274,23.3619590800714,5387
A,3275,22.0817353395672,6832
A,3276,22.9834468328761,4806
A,3277,21.149379843693,5899
A,3278,20.7515775129774,6440
A,3279,22.8569002564896,6196
A,3280,21.6285282591439,5754
A,3281,24.20721671412,6635
A,3282,22.1785706128132,6808
A,3283,22.1514413768376,6403
A,3284,23.3577178160428,6765
A,3285,23.7232774239872,6668
A,3286,22.090599334069,6539
A,3287,21.8615346009273,5784
A,3288,20.5508520991172,6123
A,3289,22.9685407418732,6897
A,3290,22.9526473835763,6922
A,3291,21.520609948785,6005
A,3292,23.2327059627043,5662
A,3293,21.5216564228444,5473
A,3294,22.7834144985877,4842
A,3295,21.9092710179186,6053
A,3296,21.9048180395989,6543
A,3297,22.1139228670257,7013
A,3298,24.1166583257956,7077
A,3299,23.5288339183905,5438
A,3300,22.8461004773006,5923
A,3301,23.19146896016,6900
A,3302,21.8738348570372,7096
A,3303,23.7500099838391,6099
A,3304,22.6153514707838,7006
A,3305,23.1770588004978,6440
A,3306,23.2938493222931,5801
A,3307,23.1013966619132,4683
A,3308,22.1825706780281,7911
A,3309,21.5810777347594,6609
A,3310,23.0972170662903,5989
A,3311,24.4581850240494,5503
A,3312,24.3414517874256,6523
A,3313,25.399787276582,6657
A,3314,25.3316931109236,4905
A,3315,23.3474404650842,6171
A,3316,24.0323059267547,6450
A,3317,23.7972255448752,7577
A,3318,23.3815982749309,6069
A,3319,26.0697225529609,5268
A,3320,22.6308435363692,5675
A,3321,21.8832875967975,6002
A,3322,23.2635584130468,6548
A,3323,22.6732150569539,6638
A,3324,22.2691983939098,5497
A,3325,21.8399401396851,6908
A,3326,22.4724759534439,6084
A,3327,23.016086885054,6557
A,3328,25.8965105126514,5838
A,3329,22.8077913561292,5749
A,3330,22.1314070430002,6445
A,3331,22.0423692269661,5671
A,3332,22.9493120200413,6481
A,3333,24.0292120175066,6236
A,3334,23.1772918103952,7488
A,3335,23.8539611410961,6727
A,3336,21.9331897799654,7760
A,3337,22.899208259189,6155
A,3338,21.9462126269266,6125
A,3339,22.139195952541,5323
A,3340,24.7155713210994,7033
A,3341,23.2552134047039,6629
A,3342,23.3639529192199,5886
A,3343,22.6961517658044,5652
A,3344,22.018351875759,6716
A,3345,22.1432412906979,6723
A,3346,21.2436334094006,6313
A,3347,22.0207673969742,6605
A,3348,21.7560615748786,6490
A,3349,22.0664957976429,5725
A,3350,26.269744208834,5986
A,3351,22.5458777385684,6013
A,3352,23.1981592335203,5112
A,3353,21.5189782946419,6921
A,3354,19.4604935682679,6194
A,3355,22.2493767009885,6945
A,3356,22.2975704086236,6378
A,3357,21.7490606553973,5708
A,3358,23.6292016253319,6098
A,3359,22.9280871828771,7283
A,3360,22.8161146467327,5793
A,3361,24.7813147635683,4231
A,3362,23.2251741525259,5510
A,3363,24.7203220434161,6172
A,3364,23.2157832944343,5556
A,3365,20.7522946754008,4677
A,3366,22.0931997970541,7139
A,3367,22.9135408262462,5468
A,3368,23.0530837583533,5061
A,3369,23.7153060257058,6151
A,3370,22.0878631347361,5406
A,3371,21.5775130844799,5277
A,3372,22.9589366408779,5261
A,3373,24.2212882777127,5910
A,3374,21.7720353899009,5623
A,3375,22.6735866369754,5877
A,3376,22.6534751344274,6726
A,3377,21.9502960555398,6829
A,3378,23.5773664903726,6662
A,3379,22.3545264009684,6003
A,3380,22.5866187045021,5110
A,3381,23.7387304628671,5258
A,3382,22.40272497856,5956
A,3383,23.1745142293012,6502
A,3384,23.0160789283323,4987
A,3385,21.5245997642051,6841
A,3386,22.1782639685611,5666
A,3387,23.4465070815088,6653
A,3388,22.7621990694092,5605
A,3389,21.5305695322914,6018
A,3390,22.8262925735312,7415
A,3391,21.9906273899223,5830
A,3392,23.6842853791312,5795
A,3393,23.0480324294143,5430
A,3394,20.7235557696598,5398
A,3395,23.2927003554717,7088
A,3396,23.0916942787934,7083
A,3397,24.0471604001457,7969
A,3398,24.0970939137844,7001
A,3399,22.5396734899103,5895
A,3400,25.3732484277955,4480
A,3401,23.0868331911871,7344
A,3402,23.844781114475,7176
A,3403,21.3903961597018,8058
A,3404,21.2664290472381,5651
A,3405,23.9239861879787,4796
A,3406,22.0772857813486,5757
A,3407,23.4339468818607,5975
A,3408,21.0209697125881,5882
A,3409,21.6829852346972,5938
A,3410,22.8152849011716,6608
A,3411,23.0012677904767,6562
A,3412,21.7095314200527,5712
A,3413,22.9697822474914,7372
A,3414,24.2812034974109,7157
A,3415,25.9589110164683,4120
A,3416,22.0207807023676,4475
A,3417,22.2348884370896,4727
A,3418,22.9437450261432,6635
A,3419,23.2275480250574,6495
A,3420,22.9408299205364,5129
A,3421,21.1512719653346,4451
A,3422,22.3396046367714,6442
A,3423,23.7035978467591,5218
A,3424,22.6376496873598,5038
A,3425,23.1017879310362,5427
A,3426,24.2378123626461,4639
A,3427,22.1981468230009,6035
A,3428,23.3315492183111,6720
A,3429,22.3831326286449,5998
A,3430,23.6165658637522,4028
A,3431,23.4265582514701,6570
A,3432,22.7633572134249,4190
A,3433,23.825642659146,6100
A,3434,21.516237361575,4642
A,3435,21.8005857440639,5215
A,3436,23.0977196767304,6887
A,3437,23.3311258485917,5694
A,3438,20.422914579648,6240
A,3439,22.8492964595575,6153
A,3440,21.712339409588,5477
A,3441,24.628171468058,5824
A,3442,22.714387788999,6725
A,3443,22.6933500934598,6952
A,3444,23.4334164322318,5585
A,3445,22.728364674215,6324
A,3446,22.6260479831521,5852
A,3447,21.7790050489998,4351
A,3448,22.8832040471462,6937
A,3449,21.14370653996,6682
A,3450,22.6824262428381,6234
A,3451,24.6300416151728,5569
A,3452,23.9221428800181,7205
A,3453,23.1730227552658,6510
A,3454,20.7327888766197,5047
A,3455,22.6168853950626,6697
A,3456,22.7663673365604,5421
A,3457,22.8612460230897,6943
A,3458,22.3897577696954,5319
A,3459,22.5946765288161,6376
A,3460,22.0013212416007,6135
A,3461,22.8877878961005,7571
A,3462,21.6519088783451,5597
A,3463,23.242874951291,6274
A,3464,22.7052815771134,6852
A,3465,22.0794334327725,6940
A,3466,24.2665502691994,6733
A,3467,22.7349562976063,6861
A,3468,25.2920515245694,6427
A,3469,22.9049608082021,5781
A,3470,22.4605270055458,7259
A,3471,21.1551682538375,5305
A,3472,22.0463796322016,5308
A,3473,24.199796437251,6509
A,3474,23.025852092386,5410
A,3475,21.8070967627642,4960
A,3476,23.0016893009838,5812
A,3477,24.9395082448545,5159
A,3478,26.3967007601065,4690
A,3479,24.9447958922204,4480
A,3480,23.2128860786405,6606
A,3481,23.1067049443867,5048
A,3482,24.0957394787077,7525
A,3483,22.831586837337,7553
A,3484,22.0716512830778,6131
A,3485,23.0757939583352,7192
A,3486,22.779320004792,5339
A,3487,23.6096527028625,6827
A,3488,23.2109051050929,5940
A,3489,24.6253667610305,4821
A,3490,25.323821766884,5951
A,3491,22.1720929939691,6820
A,3492,23.2217747428255,5948
A,3493,23.3228660032438,6821
A,3494,25.2309199379118,6500
A,3495,23.0248208027023,6177
A,3496,22.185895798595,5089
A,3497,21.4557095790723,7561
A,3498,25.0074885966095,5040
A,3499,22.2537610145188,6249
A,3500,23.6753388625189,7120
A,3501,22.5883593785109,7670
A,3502,22.7782728322297,5725
A,3503,20.5027015135579,6158
A,3504,24.1903382299494,6748
A,3505,23.3673235061161,5248
A,3506,22.8819441021749,5401
A,3507,21.6890955506933,6032
A,3508,22.9228454905588,5244
A,3509,24.8926399945482,7051
A,3510,26.0957977779828,5777
A,3511,25.9478643814905,6514
A,3512,22.2844007981051,4328
A,3513,21.7569111494695,6226
A,3514,22.6017226517072,4941
A,3515,23.7231212658738,6141
A,3516,24.5618621615522,5358
A,3517,24.3875158767747,4981
A,3518,24.0545033054037,6007
A,3519,24.1871722432474,6014
A,3520,24.4011653733398,5684
A,3521,22.5879721422189,7282
A,3522,23.9418158495946,6150
A,3523,20.3827164629859,4719
A,3524,21.5286757184274,5255
A,3525,20.6837817168534,5120
A,3526,22.9094833577433,7991
A,3527,23.7509929329885,5508
A,3528,21.8751906921019,5657
A,3529,21.3251798260889,5308
A,3530,23.2531472284797,6126
A,3531,23.606419854325,7098
A,3532,23.72382172142,6509
A,3533,22.0194930867543,6181
A,3534,23.1671917200884,7133
A,3535,20.9890674049267,6444
A,3536,24.540199540095,6722
A,3537,22.4775762168592,6651
A,3538,20.8259316974341,6171
A,3539,21.3464389489496,6117
A,3540,23.1696435660693,5840
A,3541,22.5067124160835,6108
A,3542,22.750206236249,6809
A,3543,22.5874995690167,6551
A,3544,23.3489952724411,7039
A,3545,22.1376371719405,5398
A,3546,21.9268515669235,6398
A,3547,23.2266326795135,6472
A,3548,23.5875933369962,6198
A,3549,22.2567629787388,5151
A,3550,22.280716360868,6134
A,3551,22.0858704220121,7375
A,3552,22.4089808396187,6762
A,3553,21.2609598784997,5834
A,3554,23.6117878773002,4878
A,3555,24.354556074104,7499
A,3556,21.5913047777374,5215
A,3557,21.120786518262,5882
A,3558,23.8966241808506,6398
A,3559,24.723857530534,5733
A,3560,22.832175390778,6474
A,3561,23.6690025595821,6102
A,3562,22.1834543593167,6934
A,3563,22.4480478053961,7376
A,3564,26.0113913417035,6688
A,3565,23.5522301170812,6516
A,3566,24.2473003989037,5288
A,3567,21.4014372327098,7150
A,3568,25.9056650808294,7192
A,3569,24.3654264944701,6159
A,3570,21.303601889317,6848
A,3571,23.5141499690929,7373
A,3572,23.0569642462935,5850
A,3573,21.5449058761035,6033
A,3574,22.4726751081748,7304
A,3575,23.9854520163215,6612
A,3576,22.8700539653485,5924
A,3577,24.2096072703214,6378
A,3578,22.4129424237488,5108
A,3579,24.1596024182531,6625
A,3580,20.8083570681262,6105
A,3581,22.7225306602739,7448
A,3582,25.466957889993,5030
A,3583,22.8512300823167,6580
A,3584,24.1541523271467,7265
A,3585,22.6016893882258,5272
A,3586,21.6953986362161,5275
A,3587,25.1556073742569,7178
A,3588,21.9584944535717,5480
A,3589,21.7222145820122,6922
A,3590,23.3699246574336,6086
A,3591,21.6954138075587,5843
A,3592,23.0291513459296,6548
A,3593,21.0431914276538,5131
A,3594,23.2615142011176,6627
A,3595,20.63325833676,6108
A,3596,23.5217565400361,5833
A,3597,22.6689596413323,6239
A,3598,22.743881292003,7275
A,3599,25.3126192619869,4482
A,3600,24.2123045667874,6715
A,3601,23.1013504160577,6596
A,3602,21.2956285149046,5276
A,3603,23.9982167693239,4580
A,3604,22.6011604702472,6454
A,3605,21.7607267975811,5125
A,3606,24.3313772261418,6759
A,3607,22.7252943103074,6656
A,3608,21.376940226398,6144
A,3609,22.0457910298664,7122
A,3610,22.3792486253562,4938
A,3611,20.7445104921149,6541
A,3612,22.6801299869728,4943
A,3613,20.0533271827831,5505
A,3614,22.0542720553334,5057
A,3615,21.0752053772189,7200
A,3616,22.7293928300633,5798
A,3617,22.9019368628476,5767
A,3618,23.5277410118969,6998
A,3619,22.9567662502723,6216
A,3620,23.0496545799081,6730
A,3621,23.83876674497,6654
A,3622,23.9538329801118,6362
A,3623,24.1135971125029,5411
A,3624,24.0140571145902,5482
A,3625,23.1392211775234,6516
A,3626,21.3095011794356,5180
A,3627,20.7536852509654,6738
A,3628,23.4464655959381,6320
A,3629,23.2614070469493,5592
A,3630,24.1740149574011,6084
A,3631,22.777788116993,6411
A,3632,22.6642268488715,5792
A,3633,23.0285833165382,7048
A,3634,23.1340556095724,6872
A,3635,24.7024991706934,6912
A,3636,23.2804994843681,6871
A,3637,22.6520850590828,5541
A,3638,22.2772797376907,6002
A,3639,22.1945086528409,5733
A,3640,24.820375053498,6404
A,3641,22.400066648619,4243
A,3642,23.6649566452094,5690
A,3643,23.0817903030142,5211
A,3644,22.9617293128429,5694
A,3645,23.2367079356607,7222
A,3646,25.7346575251596,5932
A,3647,23.8889461032045,7577
A,3648,22.7542877244266,4782
A,3649,23.6675341615663,5953
A,3650,24.1170882064056,6036
A,3651,23.0518572524373,6764
A,3652,23.8580411219893,6718
A,3653,23.1120831342164,5465
A,3654,21.6690733021473,6683
A,3655,22.2159622056572,5752
A,3656,23.2390091804739,6526
A,3657,21.6709219661385,4991
A,3658,24.4567388613201,7239
A,3659,21.7886725744945,4810
A,3660,23.1913038467364,5621
A,3661,24.1158073625482,6694
A,3662,22.5622584139478,6922
A,3663,21.0619896676282,7021
A,3664,24.7810633105496,3854
A,3665,22.3177872184398,5510
A,3666,23.6448704204024,6008
A,3667,23.9045881539764,5481
A,3668,23.9478488185425,5779
A,3669,23.3883413124225,5811
A,3670,21.7681673861776,4939
A,3671,22.1075608323285,6147
A,3672,21.0708158037443,5915
A,3673,20.7271624055138,7898
A,3674,24.8186049127402,5925
A,3675,22.7763484388004,6850
A,3676,21.8563328934725,5025
A,3677,24.40634565719,5780
A,3678,23.4063684910584,5342
A,3679,22.1347095049926,5247
A,3680,22.3436184642819,7650
A,3681,23.4450789941395,5714
A,3682,23.3285516526888,6228
A,3683,23.3759283449103,6695
A,3684,22.9538870027857,6098
A,3685,22.9632117264091,5330
A,3686,23.525454241704,5753
A,3687,25.0967270656143,5876
A,3688,23.8082417399392,5985
A,3689,23.0757815845083,6384
A,3690,21.9580551737406,6472
A,3691,22.2240019781541,6165
A,3692,24.4081803891073,5873
A,3693,24.9345929723185,6042
A,3694,23.8273772249458,6095
A,3695,24.9653845043171,5308
A,3696,26.0539195834694,5333
A,3697,23.751235239142,5637
A,3698,24.0295485724212,6579
A,3699,22.4735539920691,6260
A,3700,23.0482200447299,4541
A,3701,22.3365048310353,7529
A,3702,22.8406037189991,7068
A,3703,22.6984023739748,6417
A,3704,24.1912332065034,6702
A,3705,22.499576873002,6135
A,3706,21.8665921919804,6216
A,3707,23.8678206284724,6734
A,3708,22.0477097532721,4796
A,3709,22.2398476131409,6693
A,3710,22.9668298797989,7815
A,3711,22.0882491010286,7719
A,3712,24.2344920621427,5675
A,3713,22.4716156947051,6209
A,3714,23.5548923475235,5591
A,3715,23.7258559240337,6244
A,3716,24.5808360325285,6196
A,3717,22.3314980032583,5682
A,3718,23.2959414508878,4991
A,3719,23.1555447707807,6262
A,3720,23.3707815583332,6568
A,3721,24.0377588263945,6906
A,3722,22.4599330444626,5909
A,3723,21.3054050109027,5459
A,3724,24.1009459151601,5768
A,3725,24.2949431565757,6980
A,3726,24.2086722009371,5765
A,3727,23.8730769057982,4788
A,3728,20.6070811745344,5399
A,3729,21.9765012157087,5376
A,3730,23.0799325623565,5073
A,3731,24.8450712000546,5346
A,3732,20.3705348930827,4905
A,3733,23.5596803332511,4547
A,3734,23.215924436962,6456
A,3735,21.3510790767031,6699
A,3736,23.9672620144011,7500
A,3737,22.2531740521949,5799
A,3738,22.6034792601834,5754
A,3739,23.6941174626458,4517
A,3740,23.4883543225065,6276
A,3741,22.3218608752579,5855
A,3742,21.0425492632587,6812
A,3743,23.0245637427037,6858
A,3744,22.1977676255051,6693
A,3745,23.1720737524113,6143
A,3746,21.2077172453903,6854
A,3747,23.8466522136371,6265
A,3748,22.7243570504304,5553
A,3749,24.2105398213564,6165
A,3750,22.4552434234468,7398
A,3751,22.0794290710079,4816
A,3752,23.2673565939191,5554
A,3753,24.883148710352,6891
A,3754,23.0305324815054,7107
A,3755,20.7510603401406,6367
A,3756,22.3883132682062,6911
A,3757,23.5225906081007,6415
A,3758,22.7704645591754,6548
A,3759,23.0445355660837,5137
A,3760,23.632327470204,6365
A,3761,22.8847008161656,6037
A,3762,24.0937956854954,6049
A,3763,23.198575816718,6574
A,3764,22.2853583647679,5259
A,3765,26.1125910709344,6147
A,3766,24.1257792413571,5828
A,3767,23.6927416628417,6354
A,3768,24.1438636978591,3745
A,3769,25.6400220936644,5097
A,3770,25.9181154069979,4182
A,3771,23.3576671945618,6170
A,3772,22.5316162711308,7458
A,3773,21.6561570689155,5883
A,3774,21.2328370183859,6568
A,3775,21.9497938316282,4940
A,3776,22.8049861615317,6579
A,3777,23.3227547124742,6383
A,3778,21.8932233299796,4167
A,3779,22.1073996802984,7204
A,3780,25.2424027100135,5523
A,3781,22.3138061197894,5988
A,3782,23.4372243307106,6882
A,3783,22.2141718762577,7133
A,3784,22.7323333246268,5196
A,3785,22.6947692473729,6332
A,3786,24.87782818723,5911
A,3787,24.1992275963309,5033
A,3788,24.3027376918614,7083
A,3789,22.9670530031478,5852
A,3790,24.8955025042728,5851
A,3791,21.9264727275967,6274
A,3792,23.0867782489173,5325
A,3793,23.9984660826338,4568
A,3794,21.985123020686,7010
A,3795,22.7358760270729,6576
A,3796,20.36235545404,5272
A,3797,22.9536549949508,4724
A,3798,24.4160888347731,6735
A,3799,23.9944764684142,7075
A,3800,23.1968297059156,5777
A,3801,22.2357862789672,7092
A,3802,23.2824728452708,5575
A,3803,22.8814300655189,6453
A,3804,22.3560994206842,6343
A,3805,24.3436404211232,4874
A,3806,23.5607340172525,5915
A,3807,20.5724394330316,6688
A,3808,22.4268616696049,5876
A,3809,23.6270232152075,6275
A,3810,20.7364305095636,5878
A,3811,22.692955859526,5822
A,3812,21.4071680882264,6821
A,3813,23.2863991671388,7128
A,3814,23.8506152911257,6219
A,3815,23.7697212812665,5261
A,3816,24.70415810537,5877
A,3817,22.4769451943304,6480
A,3818,23.7725547216012,5718
A,3819,23.5438660654215,5489
A,3820,22.4847087412699,6035
A,3821,22.4867887018709,5213
A,3822,22.7767553193269,6809
A,3823,23.083734005617,6362
A,3824,23.8003106581408,4981
A,3825,22.7397465422956,6270
A,3826,22.536217975014,5421
A,3827,23.1649277756229,6236
A,3828,21.6092435833685,5902
A,3829,21.5544073120917,7791
A,3830,23.7126537931895,6046
A,3831,23.5399303075958,7030
A,3832,22.3528110881998,6376
A,3833,23.0546572513172,5856
A,3834,23.4058463165401,5343
A,3835,23.4347996874664,6034
A,3836,23.8943188242922,6477
A,3837,23.7626866508303,5663
A,3838,23.9158064038094,6574
A,3839,21.4440247247228,6976
A,3840,22.8648977753192,5811
A,3841,24.595182301207,7206
A,3842,22.2769080233248,6494
A,3843,23.7475768007943,5834
A,3844,23.9953149278652,6587
A,3845,22.1473848654894,6631
A,3846,23.4331806168948,6122
A,3847,23.050947666429,4710
A,3848,23.3552738409555,6224
A,3849,23.6930944489578,6694
A,3850,24.0976996339168,6598
A,3851,22.0010319291563,5799
A,3852,25.0476352141422,5858
A,3853,22.4612859299988,6097
A,3854,23.5188572441525,7061
A,3855,23.3816461521254,6970
A,3856,22.4281778868861,7060
A,3857,23.023883453183,4946
A,3858,23.8952611879768,6268
A,3859,22.1578520073422,6260
A,3860,23.1956676057191,4833
A,3861,22.7982188140041,4136
A,3862,23.8792510878298,5682
A,3863,23.249830438332,4600
A,3864,24.5983552319386,5994
A,3865,22.4273515126899,4990
A,3866,24.3388644890728,6377
A,3867,22.566492647371,4494
A,3868,22.1593948970647,6849
A,3869,23.5535209240768,4834
A,3870,22.0717628553172,6096
A,3871,23.1842422620157,7242
A,3872,21.7913851993013,6646
A,3873,21.9285006811702,6741
A,3874,23.6245266796366,5662
A,3875,22.8854358528391,6059
A,3876,23.7157940387474,6369
A,3877,22.3126149380159,6380
A,3878,24.4525463003749,6044
A,3879,24.0292759066876,7074
A,3880,22.0268433633191,6269
A,3881,22.9966333950661,7120
A,3882,21.7410322077276,5850
A,3883,22.812127358906,5550
A,3884,23.8886062216731,5415
A,3885,23.8286294166701,5825
A,3886,22.3499285995898,5742
A,3887,22.7173415700581,6080
A,3888,22.2131725303247,5305
A,3889,23.4512553811519,5128
A,3890,25.4571344668072,5434
A,3891,23.1176638440617,6117
A,3892,23.6062271745134,5877
A,3893,24.0738276007087,6360
A,3894,21.8509636658262,6123
A,3895,25.5260825095666,5963
A,3896,25.80520973519,6674
A,3897,21.9584506684794,6777
A,3898,20.7252617358732,6405
A,3899,22.5457441900785,6272
A,3900,24.746909553903,5294
A,3901,21.3811448185856,6746
A,3902,23.3777842761479,6932
A,3903,23.9449984494611,6330
A,3904,23.5581392550272,6178
A,3905,21.7529181075742,5694
A,3906,24.0828236833134,6411
A,3907,24.7458339184042,6327
A,3908,24.1605442373201,6930
A,3909,24.5098933498614,3828
A,3910,22.1307760061083,6605
A,3911,22.8531256032469,6216
A,3912,22.5336030722605,4658
A,3913,21.1472131854723,5292
A,3914,21.8654430551793,6626
A,3915,23.6177912722448,6404
A,3916,24.1934437019836,6477
A,3917,23.0047818110561,6426
A,3918,22.8385973854401,6259
A,3919,23.6003149577255,5222
A,3920,24.8476318304185,5486
A,3921,23.026949889599,6085
A,3922,22.2854398170273,6931
A,3923,23.0314351335077,6481
A,3924,21.7739546294485,6856
A,3925,23.7710278416811,7035
A,3926,24.7874106443328,6757
A,3927,24.011910199227,6477
A,3928,22.9008738997684,7418
A,3929,23.1088524567137,5844
A,3930,23.710547934838,6345
A,3931,21.6874807226183,6328
A,3932,23.1582313610901,7634
A,3933,21.9191543101043,6344
A,3934,23.9400346465103,6660
A,3935,22.0569113018619,5905
A,3936,24.2928011039678,5720
A,3937,23.5156176111945,6412
A,3938,23.2129829425989,4461
A,3939,22.9948488077032,4956
A,3940,22.3859768569632,6745
A,3941,22.3160062250181,5569
A,3942,23.2387378904837,6542
A,3943,23.0640737304445,6384
A,3944,24.6277248007881,6413
A,3945,23.0797282473965,7652
A,3946,21.0570848338633,6031
A,3947,23.2230655351622,6942
A,3948,22.0737184918841,4950
A,3949,25.4844289301886,7861
A,3950,21.3934457999893,5960
A,3951,24.3420418598489,5976
A,3952,24.7691536371173,5826
A,3953,21.8759314460166,7191
A,3954,23.7257933169747,7500
A,3955,25.0774167074144,6324
A,3956,23.9474884567551,6052
A,3957,21.2201647651966,4880
A,3958,22.829384279295,6971
A,3959,23.8960447108939,5414
A,3960,23.8733984194902,5954
A,3961,23.9304804808072,5421
A,3962,24.3219772291596,5433
A,3963,20.7487142239935,5221
A,3964,20.529388259928,6574
A,3965,23.4533018782309,6293
A,3966,23.4532777206062,7694
A,3967,23.0349088758589,5008
A,3968,21.0875676199203,5201
A,3969,24.2377995417301,6346
A,3970,23.7057334899623,4910
A,3971,22.6673535239952,6544
A,3972,20.7111021936153,5768
A,3973,20.3385329555857,4884
A,3974,22.5209239945095,5365
A,3975,22.3446595417491,6098
A,3976,23.3457516589122,6244
A,3977,21.2415078727613,6663
A,3978,23.9304470902228,6166
A,3979,22.3493871165009,5066
A,3980,21.5077096963738,5397
A,3981,23.0251903951406,6963
A,3982,22.0512063813184,6510
A,3983,23.0102395307315,7166
A,3984,22.2179170049792,5070
A,3985,23.1878110895376,5472
A,3986,22.3445556953864,7237
A,3987,22.5395085289677,6586
A,3988,20.8595887725469,6276
A,3989,23.4376369610833,6242
A,3990,22.7330943698161,7131
A,3991,22.0535344230643,6724
A,3992,21.4055720952964,6622
A,3993,22.9760283600035,6666
A,3994,22.2163112652424,6601
A,3995,21.6133371869992,5443
A,3996,23.8335502598796,4798
A,3997,22.9555441391615,4247
A,3998,24.5342206232895,6376
A,3999,23.9680286417865,6644
A,4000,22.0013018385082,4919
A,4001,21.8676638453355,6153
A,4002,22.0910058784483,7733
A,4003,21.1174906126392,6931
A,4004,21.8164752829379,7259
A,4005,22.2052778843227,4609
A,4006,21.6309987650011,5008
A,4007,22.7711578909459,6678
A,4008,22.9540284508702,5275
A,4009,25.058015030953,4808
A,4010,22.1470524301743,7588
A,4011,21.8531775584653,5885
A,4012,22.1849291427694,5036
A,4013,23.0850179658273,6465
A,4014,23.4860941427186,7051
A,4015,22.7463256194548,5260
A,4016,21.0216188938101,4929
A,4017,21.0033889775945,5358
A,4018,24.0806627771504,5520
A,4019,22.7384904617062,6336
A,4020,24.2710168491594,7086
A,4021,21.6831308854399,4697
A,4022,25.1407276578041,5549
A,4023,22.9259258307729,6684
A,4024,22.1575295964909,5414
A,4025,22.0368414427828,6143
A,4026,23.9310286746215,7147
A,4027,23.1344250499266,5547
A,4028,23.0368355288538,5823
A,4029,24.480328460923,5190
A,4030,23.5427548826935,6721
A,4031,25.561164883102,6407
A,4032,23.9906456986626,6212
A,4033,23.2979931147715,6585
A,4034,23.8208143805318,6813
A,4035,23.5755955034572,6484
A,4036,23.7713717268397,7666
A,4037,22.9075696887598,6668
A,4038,24.5623374409096,7186
A,4039,23.5822221886817,6016
A,4040,23.262696088879,6389
A,4041,24.0751457569412,5855
A,4042,24.2482150724433,6189
A,4043,22.9579230489026,4152
A,4044,22.7187320685601,6531
A,4045,22.8456135023263,6510
A,4046,23.8586950141621,6407
A,4047,23.5171893299062,5500
A,4048,22.6377931567423,5325
A,4049,22.2459223664797,5736
A,4050,21.3820063738499,5546
A,4051,25.7107299810426,5593
A,4052,23.6101843807646,4341
A,4053,22.3177412915549,5713
A,4054,23.3248196371343,6296
A,4055,22.2743914331314,4891
A,4056,22.8945057354768,7338
A,4057,21.7824618465788,5398
A,4058,22.1431213090922,5423
A,4059,22.3209708224868,4797
A,4060,23.3725938400813,5253
A,4061,23.9946459475946,4827
A,4062,23.9210502588345,4626
A,4063,22.7922409468835,6144
A,4064,25.0327081053027,6843
A,4065,23.049220414264,6240
A,4066,23.0957155870858,6105
A,4067,23.2237635887039,6250
A,4068,23.0550262320599,5918
A,4069,24.019812326492,5243
A,4070,24.0540059034468,5986
A,4071,21.8046700340912,6015
A,4072,23.4933606127166,6977
A,4073,22.6956447384949,7426
A,4074,22.4668568129178,7064
A,4075,22.3993607684882,5659
A,4076,21.9036902616708,6514
A,4077,21.1229847363313,7054
A,4078,23.9767657769476,7552
A,4079,23.1583381060258,5793
A,4080,21.2648031682187,6864
A,4081,22.0797969804621,5422
A,4082,22.1955783270184,7009
A,4083,22.8331289795066,5894
A,4084,22.9307609228407,7004
A,4085,25.5140443886036,4076
A,4086,22.4232930740395,5383
A,4087,24.1940691056903,5678
A,4088,22.6842515304438,6158
A,4089,22.1409481891647,5685
A,4090,23.1291792033359,5193
A,4091,22.9145761384775,6366
A,4092,22.6768146390091,4755
A,4093,22.7356318327859,5734
A,4094,24.6409628584325,5679
A,4095,23.7222988617929,5764
A,4096,21.9037781564781,6259
A,4097,23.0144760732622,4786
A,4098,24.3821344859875,5336
A,4099,23.0900540448312,5177
A,4100,20.9791559204668,5805
A,4101,22.6866921365798,4735
A,4102,22.6476282000358,7382
A,4103,22.1584396959274,7294
A,4104,23.836752880089,6408
A,4105,25.2460981054057,5994
A,4106,22.9015995893604,6867
A,4107,24.2267427484632,6829
A,4108,26.8775919188634,5084
A,4109,24.3083049706627,6981
A,4110,23.4373652957446,7173
A,4111,22.0423315523173,5343
A,4112,21.8262365995775,6916
A,4113,21.7152296288793,5150
A,4114,23.2457747004089,5963
A,4115,22.4792055756877,6001
A,4116,23.5874952335037,5731
A,4117,22.2912367552284,8109
A,4118,23.9756697569499,5955
A,4119,22.4022574339607,6419
A,4120,23.2929452608619,6977
A,4121,23.7825362546529,6724
A,4122,21.1399117667742,6941
A,4123,22.9940707054345,6509
A,4124,23.1972936729103,6422
A,4125,24.9026995866477,5643
A,4126,26.3007264511081,5543
A,4127,22.4761529644049,5548
A,4128,23.5998970655141,6097
A,4129,22.6667976764584,6077
A,4130,22.3582606448691,5243
A,4131,22.3878370242169,6345
A,4132,21.8306331113838,6636
A,4133,22.0486165152918,6308
A,4134,24.1504789883749,6298
A,4135,21.7544936992626,5122
A,4136,22.1997019806434,4846
A,4137,23.5610118247812,7293
A,4138,24.6156101919582,7238
A,4139,22.1975109962084,5475
A,4140,22.7200615861553,5666
A,4141,23.2975799599039,7673
A,4142,24.861943837053,6046
A,4143,21.0046558694426,6331
A,4144,23.5415952690044,6880
A,4145,21.2780850974142,5926
A,4146,23.6479263780214,7075
A,4147,23.0622884122976,6466
A,4148,23.5407995333376,5005
A,4149,23.7801882024836,6427
A,4150,23.5640153773778,5764
A,4151,21.0392488407329,6942
A,4152,21.921722465901,6611
A,4153,23.7007043471623,5445
A,4154,22.4256422613314,5612
A,4155,23.2405627193637,6797
A,4156,22.6598353395495,6121
A,4157,21.6798283162764,7414
A,4158,21.8450584618791,5801
A,4159,20.5853884032592,6665
A,4160,23.3828028966871,5757
A,4161,24.1754583749869,7009
A,4162,22.3770328823717,6180
A,4163,24.4705341485318,5892
A,4164,23.8577521092858,5461
A,4165,22.5904658743815,4372
A,4166,24.6403500593408,6652
A,4167,22.5094316898016,6585
A,4168,24.0750279400688,6770
A,4169,23.4127262076921,6436
A,4170,22.7722103352364,6373
A,4171,22.3042339685972,6225
A,4172,22.44193393129,7123
A,4173,21.3099647411635,5084
A,4174,22.284349466402,6589
A,4175,20.0579877443676,5730
A,4176,21.4168470646985,6929
A,4177,22.7016710391346,5897
A,4178,23.0070312268631,6079
A,4179,24.1614681964929,5882
A,4180,23.7519538966548,6341
A,4181,22.3522506974693,5989
A,4182,22.5643997619717,6683
A,4183,22.8538557045897,5783
A,4184,22.3392159565892,6845
A,4185,24.9525055286429,5235
A,4186,22.8884958438477,6428
A,4187,21.4456317175831,5090
A,4188,21.1199095733114,5263
A,4189,22.4691025841663,7001
A,4190,23.5264857497539,6302
A,4191,23.3240221013973,5884
A,4192,23.0875041216724,6989
A,4193,23.574968811327,6170
A,4194,24.9382437872976,6418
A,4195,22.2815243103866,6924
A,4196,23.9256661198151,5960
A,4197,24.5803868070071,6527
A,4198,24.5101017631607,5592
A,4199,22.7413013007731,6242
A,4200,22.1451296620349,4146
A,4201,24.4936863409059,6753
A,4202,21.9709740594711,5812
A,4203,23.2685527883626,7450
A,4204,23.4979548001007,5873
A,4205,22.4938479560222,7354
A,4206,22.7924833517407,6910
A,4207,23.6497488210146,6678
A,4208,22.5043786451171,5275
A,4209,23.1589594521227,5625
A,4210,21.4692402103923,5529
A,4211,24.3946856827211,5260
A,4212,23.1234092547581,5267
A,4213,20.867607594738,6896
A,4214,22.1056610432193,5784
A,4215,23.496082094029,5870
A,4216,23.4889695211174,6390
A,4217,22.7891752007227,7060
A,4218,21.6866918642019,7503
A,4219,22.776666910102,5928
A,4220,22.4728498153413,4421
A,4221,23.6785487110444,6316
A,4222,22.4192455902365,6054
A,4223,23.946434155213,6478
A,4224,24.4713042755929,7195
A,4225,23.7006789199337,5786
A,4226,22.124470683614,5945
A,4227,27.0138144232995,5414
A,4228,22.7108700923269,5632
A,4229,23.683239702975,6402
A,4230,22.8963220594727,5500
A,4231,25.3765082601229,6802
A,4232,22.5662236922242,6619
A,4233,21.0202998874933,5446
A,4234,22.8718473730725,6916
A,4235,23.9780725290125,5337
A,4236,22.8289042811844,6891
A,4237,23.7674299083818,5463
A,4238,21.942087827718,6055
A,4239,23.0931290911396,5659
A,4240,23.2137420124547,7024
A,4241,24.513377079579,7069
A,4242,22.5558089257661,5377
A,4243,23.6518789738166,5700
A,4244,22.4084057491297,6353
A,4245,23.3480766072786,7272
A,4246,22.1625157984104,5811
A,4247,22.153048990078,6592
A,4248,22.4917601588715,5222
A,4249,22.9761172364215,6802
A,4250,23.5325013414167,6512
A,4251,21.6991642341449,5976
A,4252,24.5504837276172,6499
A,4253,22.0062227154721,5792
A,4254,24.1317700433184,6153
A,4255,21.1151333867251,4317
A,4256,23.0929789063797,6073
A,4257,23.000977686464,6945
A,4258,22.4107954140798,7077
A,4259,23.0159153298959,7650
A,4260,23.5168429034054,5515
A,4261,22.8122303138785,6038
A,4262,22.5846463240703,5967
A,4263,21.4414461644128,5055
A,4264,20.6789879989877,6220
A,4265,23.0800887832453,7926
A,4266,24.7724648698988,5509
A,4267,23.3616085456754,7017
A,4268,23.1065473989302,5441
A,4269,22.521591147927,6255
A,4270,21.4745573863311,5871
A,4271,22.5675189465066,5428
A,4272,23.4091530791406,7151
A,4273,23.9400637736889,5218
A,4274,23.9375159747771,5718
A,4275,23.7659924833243,7517
A,4276,21.1296690122973,7101
A,4277,22.3265642489556,5804
A,4278,23.5618046754903,5808
A,4279,22.5882579661927,7179
A,4280,23.3424966088311,7244
A,4281,24.6665634346425,7121
A,4282,22.3067636623112,6014
A,4283,22.0555399314118,6270
A,4284,23.1085861077131,5489
A,4285,23.2731431286038,4473
A,4286,24.2697755915943,8214
A,4287,21.4448361536255,7263
A,4288,21.762235205985,5270
A,4289,21.77849449189,7115
A,4290,22.4813273752057,6753
A,4291,24.8368868224716,5964
A,4292,23.8454458421928,6346
A,4293,21.7530230944208,4383
A,4294,24.485544322957,4138
A,4295,22.8017197529236,6636
A,4296,22.1984247973078,6984
A,4297,21.7666617152064,6485
A,4298,22.8267402097898,6768
A,4299,22.3539558643159,6357
A,4300,24.5075465626689,5730
A,4301,21.3453519510842,5344
A,4302,23.2782434736024,6528
A,4303,23.1602778217057,4145
A,4304,23.8975397081701,5698
A,4305,21.0140712056865,6224
A,4306,24.184448361757,6065
A,4307,23.0344955028134,7051
A,4308,21.0937706515068,6107
A,4309,22.8309810279666,5935
A,4310,21.7396202240155,6232
A,4311,21.9345357046886,5880
A,4312,22.1612091367122,6193
A,4313,22.6335817104085,6567
A,4314,21.1071725821007,5504
A,4315,22.6790059812357,3525
A,4316,24.4859991143332,5515
A,4317,25.0557539916035,6189
A,4318,21.6518211584598,6639
A,4319,22.963397422852,6071
A,4320,24.0631335820841,6253
A,4321,23.059095383215,7393
A,4322,25.0405540156973,6219
A,4323,23.2605578833022,6752
A,4324,23.0052888356173,6691
A,4325,23.3255062219079,6629
A,4326,22.5679363303333,4742
A,4327,22.357381913597,7603
A,4328,21.7804132979022,7360
A,4329,24.2978793932709,5443
A,4330,22.6884211049516,6074
A,4331,23.0271169532475,6020
A,4332,23.4045009116608,6006
A,4333,25.243778934266,5888
A,4334,22.5000217108063,6252
A,4335,22.5528452074223,4343
A,4336,21.8736592528008,5869
A,4337,23.4525991215289,5615
A,4338,21.8118696831046,6749
A,4339,23.2133299829612,6813
A,4340,23.3605501323748,6290
A,4341,21.2319624876228,6749
A,4342,20.59295539348,4973
A,4343,23.3705173011936,6925
A,4344,24.4056965301477,7044
A,4345,22.7933364465734,5659
A,4346,22.585227074741,5120
A,4347,22.2928411525546,6640
A,4348,22.738519844452,6547
A,4349,24.5142741268524,7324
A,4350,23.9882541725764,7284
A,4351,24.5012017820941,6127
A,4352,23.4352304853333,6798
A,4353,22.3195679364514,6298
A,4354,24.5200482344663,5729
A,4355,21.9009529835687,4602
A,4356,22.6633652387738,6255
A,4357,21.0110688732493,6778
A,4358,22.7409771688332,6527
A,4359,23.3369956942788,7451
A,4360,23.7157739003559,6732
A,4361,22.9133554809879,5634
A,4362,23.2746303994042,5471
A,4363,22.7314829370209,5446
A,4364,20.151454921194,5740
A,4365,23.8519480539521,6274
A,4366,23.0699618138129,4425
A,4367,21.763409142603,5539
A,4368,23.487408842318,5211
A,4369,25.485084832152,4370
A,4370,23.1770767148651,6295
A,4371,23.4519622977436,7374
A,4372,23.1160930643722,7337
A,4373,22.2798112890623,5982
A,4374,22.582365854694,6112
A,4375,22.483861775613,6503
A,4376,21.5950576908115,5433
A,4377,23.7788177387556,6067
A,4378,22.611054166293,6870
A,4379,23.8142415070784,4807
A,4380,23.0030932754558,7263
A,4381,23.4628808106752,5366
A,4382,23.8788718722921,6842
A,4383,26.3454691284612,5357
A,4384,23.1750338306948,6757
A,4385,25.0977630779773,5243
A,4386,22.5156420683214,6271
A,4387,23.3135166197341,4958
A,4388,23.8479725996377,6951
A,4389,21.8490220545771,5726
A,4390,24.0965906024039,6074
A,4391,23.4952387498668,6420
A,4392,24.8268134554617,6051
A,4393,22.1951823271822,6324
A,4394,21.9747376533295,6263
A,4395,19.9878923340937,6415
A,4396,24.0575671536507,5299
A,4397,20.5151403073337,5387
A,4398,22.8837424209328,5798
A,4399,25.2490078325898,6125
A,4400,22.257621306122,6564
A,4401,23.0375240456532,4833
A,4402,23.3723725599918,6417
A,4403,23.9158563817729,4795
A,4404,22.7649518471932,5453
A,4405,23.4669792110303,6118
A,4406,19.8022334095367,6584
A,4407,23.8777887499317,6015
A,4408,21.9354976854053,6062
A,4409,25.2834298057602,7042
A,4410,21.8358158192118,4830
A,4411,22.5069462805866,5544
A,4412,21.874926022837,5742
A,4413,23.5917123033498,5431
A,4414,24.445864550268,5116
A,4415,23.3115361097814,7400
A,4416,22.6629484169883,5896
A,4417,23.4784282806076,6709
A,4418,23.037843613986,6891
A,4419,22.9332348336326,6796
A,4420,24.7973056632121,6500
A,4421,22.5571026039514,6916
A,4422,21.7813583847133,5088
A,4423,24.3148917945753,7068
A,4424,22.0224722421089,5555
A,4425,22.4692143797955,5109
A,4426,24.5663018481556,5861
A,4427,23.5726874453481,7895
A,4428,24.1390584049491,5682
A,4429,23.9250348577297,6788
A,4430,21.4205290371489,6334
A,4431,22.1427457890045,6060
A,4432,23.7299581076712,5444
A,4433,19.9946136752358,6664
A,4434,22.2904346811423,6752
A,4435,24.0746205408099,7294
A,4436,21.3547391428601,6330
A,4437,20.7586247146668,5673
A,4438,23.77074911427,5961
A,4439,24.4534312572224,6350
A,4440,23.596202369768,6182
A,4441,24.0164966913286,7233
A,4442,23.0133533298202,8274
A,4443,23.6681391277941,5734
A,4444,21.9643564283292,7026
A,4445,21.6323007341762,5587
A,4446,24.1032412408044,5827
A,4447,20.9917281226181,5609
A,4448,22.8608447164236,5802
A,4449,23.5140669415196,6843
A,4450,24.2552591260682,5520
A,4451,22.9312935557126,6220
A,4452,22.3148427690076,6296
A,4453,20.4370080970076,5745
A,4454,24.2891295792568,6876
A,4455,21.7512268218321,6201
A,4456,22.6805386519481,6856
A,4457,22.8484140103336,5852
A,4458,24.1983236160521,6889
A,4459,22.4983327517879,6473
A,4460,23.7030736432785,6708
A,4461,22.237800258907,6391
A,4462,22.8199309933609,6159
A,4463,22.128016306149,6979
A,4464,23.1410566853535,6674
A,4465,22.0179363397408,5670
A,4466,21.6050542325105,6023
A,4467,23.7229774709621,7170
A,4468,23.9985497788136,6168
A,4469,21.7560317345202,7334
A,4470,22.7193055645118,7620
A,4471,25.3215440647594,6430
A,4472,21.6566427929854,6016
A,4473,24.1121230780029,5561
A,4474,23.6915992718709,5963
A,4475,23.4255607057085,6079
A,4476,22.9381932713921,5632
A,4477,23.5951433365063,8029
A,4478,23.1548355513113,7021
A,4479,23.1992369980819,5879
A,4480,21.1581346625061,5963
A,4481,24.845861144326,5726
A,4482,25.1302668947476,5722
A,4483,23.871731667851,6409
A,4484,23.7096055034139,6943
A,4485,22.946655331535,7162
A,4486,22.820331836924,6054
A,4487,23.717432841732,7049
A,4488,21.2379550712335,6496
A,4489,23.2557093183755,6878
A,4490,23.9904267382082,6173
A,4491,22.4517556200395,6824
A,4492,23.6338568235676,7130
A,4493,22.8932229413982,5765
A,4494,22.8056667007899,6128
A,4495,23.8993211495324,5458
A,4496,23.0763691967538,5736
A,4497,24.9346674527102,6758
A,4498,23.3860069248316,4948
A,4499,23.5823938637027,6686
A,4500,21.4987717373135,4639
A,4501,20.1507061946033,6968
A,4502,25.2682698526315,6074
A,4503,21.9534376077588,6486
A,4504,21.7962383592087,7488
A,4505,21.4889128205814,6174
A,4506,22.5071249263224,7276
A,4507,23.7681758366915,5737
A,4508,22.340990764544,5935
A,4509,23.3966985429596,6396
A,4510,24.3791879110901,6690
A,4511,23.9708461495561,6029
A,4512,24.1021847119891,6618
A,4513,21.345166511622,6184
A,4514,21.657011206734,6975
A,4515,23.8348538582477,5508
A,4516,23.908905259772,5696
A,4517,24.5564964411109,5767
A,4518,22.210609555343,5496
A,4519,25.2441794635344,7706
A,4520,21.6463815530739,6779
A,4521,21.3651305430568,6344
A,4522,23.6402820939937,4956
A,4523,22.9959271975652,6738
A,4524,24.5190675532024,5177
A,4525,25.1878938590989,6680
A,4526,24.6220759568144,6083
A,4527,25.3789684621731,5924
A,4528,23.4436088518939,6415
A,4529,22.4257330530892,7147
A,4530,21.8339494393099,4783
A,4531,22.9977124200922,5164
A,4532,22.8836841572503,6871
A,4533,21.0318374551638,5696
A,4534,22.9534216909748,5608
A,4535,22.3836464168858,6716
A,4536,22.4993908384719,6526
A,4537,23.3631233552294,5144
A,4538,22.7291491702332,6181
A,4539,23.3583560433196,7463
A,4540,20.7484962378214,5051
A,4541,22.1385990595815,5580
A,4542,20.6749461117941,4178
A,4543,23.4810663136562,7082
A,4544,22.9185652490637,6745
A,4545,22.7793827191149,6523
A,4546,23.5467148761321,4756
A,4547,23.8580703811118,6104
A,4548,23.0344777492676,5135
A,4549,24.1258817849841,6281
A,4550,23.5916625394323,6792
A,4551,23.321188578181,6894
A,4552,23.70341474149,4760
A,4553,23.4778150683764,5602
A,4554,22.9367742641716,7063
A,4555,23.8032342948525,6061
A,4556,24.3208851375349,4891
A,4557,24.2126791701783,6228
A,4558,23.5006251032473,5936
A,4559,21.647644642514,6805
A,4560,23.5947165741493,7246
A,4561,21.3589454123552,5339
A,4562,21.0902011767408,5538
A,4563,22.8759417959477,6009
A,4564,23.0124948868201,7141
A,4565,22.9999000114211,6251
A,4566,21.6337663551903,6852
A,4567,24.4282901738795,6091
A,4568,22.4449819945831,5577
A,4569,22.6629413933504,5625
A,4570,23.4385574163356,6059
A,4571,23.8439757268122,5251
A,4572,21.9962649222844,5758
A,4573,24.908687664186,5446
A,4574,22.8010032267809,6494
A,4575,21.9985912526166,6358
A,4576,23.4030868553645,6277
A,4577,23.3821278762473,5759
A,4578,23.9043755136268,6437
A,4579,24.6968325466129,5825
A,4580,23.9499114999584,5901
A,4581,23.2396912244465,6595
A,4582,22.5615039506612,5786
A,4583,22.7829974216427,5140
A,4584,21.7855838784272,6326
A,4585,21.4736305703275,5563
A,4586,21.380398558467,4978
A,4587,24.4056366886663,6120
A,4588,24.2650759758668,6210
A,4589,24.4238979518488,5513
A,4590,23.0431865130051,6078
A,4591,23.3312841449635,5970
A,4592,22.4704912740518,6657
A,4593,21.9979068730595,6250
A,4594,20.9052960432053,6639
A,4595,22.0601085801463,6712
A,4596,23.5510284465865,4917
A,4597,25.1034707937421,6625
A,4598,24.1405677237876,5541
A,4599,22.0597189409538,6380
A,4600,23.9864387885686,5604
A,4601,24.0019085663841,5887
A,4602,21.06879920538,6239
A,4603,23.3931742809334,5367
A,4604,21.8919543187348,6481
A,4605,24.2622309697131,7178
A,4606,22.8767660114855,6813
A,4607,24.6005088302037,5322
A,4608,23.0167181938462,6557
A,4609,23.3130408022682,6977
A,4610,23.1926605113914,5151
A,4611,22.5257169836643,6218
A,4612,22.7995820378682,5400
A,4613,22.2911447629451,5438
A,4614,24.7463611686349,5778
A,4615,26.5118725089631,6841
A,4616,23.813077263065,4956
A,4617,22.4542604919034,6038
A,4618,22.9094385349514,6375
A,4619,23.3841485948743,7470
A,4620,24.8887628767525,6009
A,4621,22.071104359615,6264
A,4622,22.9451494431493,5706
A,4623,24.158459070682,6337
A,4624,24.3011365592205,5565
A,4625,23.5408265709438,6882
A,4626,24.8234135074846,5437
A,4627,21.9653984535738,5937
A,4628,22.1748483862667,7028
A,4629,22.6790197105428,7109
A,4630,24.0724459809155,6342
A,4631,22.6238858926899,5983
A,4632,22.1827915585923,6178
A,4633,23.0074922515103,6227
A,4634,23.7522960491108,5732
A,4635,24.1028430005591,7122
A,4636,22.1632911536154,5950
A,4637,25.3913170708434,5315
A,4638,21.1150818975098,6221
A,4639,22.3906867398166,6984
A,4640,23.1989418406033,5354
A,4641,24.679285746248,5646
A,4642,22.0050844140143,5590
A,4643,22.4284672034753,6158
A,4644,20.5349056380663,5324
A,4645,22.1220052552219,6542
A,4646,22.6918434456043,5237
A,4647,24.72699870253,4343
A,4648,21.5613600161108,7352
A,4649,23.0003856919399,5711
A,4650,21.984779232527,7322
A,4651,22.4258392318199,6364
A,4652,22.7485904126415,6238
A,4653,22.8174996771304,5144
A,4654,24.1516168109586,4784
A,4655,22.3081011952284,6393
A,4656,24.7479888072759,4682
A,4657,22.5234249175153,6708
A,4658,24.3117921045276,6749
A,4659,21.5678584787632,8190
A,4660,22.2969005428522,5809
A,4661,22.2987066268698,5481
A,4662,25.0497618101077,6207
A,4663,21.4160963336638,6424
A,4664,24.1082406945835,7489
A,4665,21.5972599334574,5815
A,4666,21.9331410002618,5872
A,4667,22.9674058273043,6989
A,4668,23.5023198317292,6469
A,4669,24.1867781297337,5067
A,4670,23.2574873613519,6264
A,4671,22.679092683264,6586
A,4672,22.7300566287998,7157
A,4673,23.2364613637893,5515
A,4674,21.8253736515165,5446
A,4675,25.5724685794929,5807
A,4676,25.1319551453638,4512
A,4677,22.6263605539133,6807
A,4678,23.566361889857,5992
A,4679,22.2924988263611,6001
A,4680,24.4798430183596,6885
A,4681,23.8190812513132,5441
A,4682,23.7033840708798,4605
A,4683,23.1546967039931,6835
A,4684,21.3296281197176,5649
A,4685,21.9881550426603,8196
A,4686,21.76221646569,6605
A,4687,23.2148735771815,5630
A,4688,24.5285271361378,7072
A,4689,22.1933912619992,5855
A,4690,22.3559569605489,5624
A,4691,21.9956595228138,6941
A,4692,21.2040432069186,5888
A,4693,24.1771727414543,6103
A,4694,22.5486726175075,5158
A,4695,22.7201662920383,5908
A,4696,23.9421971302171,5593
A,4697,23.5365542272341,6033
A,4698,21.4578295325939,4425
A,4699,21.7975756079657,5692
A,4700,22.4046756655622,6913
A,4701,22.3593523934552,6956
A,4702,22.6097153051459,7294
A,4703,24.9199970436198,6095
A,4704,24.7165081135886,6091
A,4705,22.0973024320039,5471
A,4706,21.389581687092,3818
A,4707,23.009854065405,5201
A,4708,21.8231249378271,5402
A,4709,23.4401368956186,5898
A,4710,24.6362016213968,6688
A,4711,23.0868326315746,6492
A,4712,21.0328042019961,5672
A,4713,22.9242926154749,6290
A,4714,23.4887364375618,5941
A,4715,25.8281516955707,6176
A,4716,24.3767846966277,6365
A,4717,20.676782938075,6314
A,4718,23.9655142144633,5600
A,4719,23.1486577669484,5743
A,4720,22.9343491408937,5682
A,4721,23.0991153538159,6047
A,4722,22.1009851118636,5443
A,4723,24.0358768691601,6150
A,4724,22.1377900211765,6222
A,4725,23.796979364091,6304
A,4726,21.600958685649,6623
A,4727,21.7349943896387,5709
A,4728,21.662323889283,4501
A,4729,22.9402940479155,5945
A,4730,24.4828412917493,6849
A,4731,23.6497431161481,6083
A,4732,22.3899567252756,6574
A,4733,23.5059636343279,7143
A,4734,23.8154012534443,5519
A,4735,23.2051865464341,6932
A,4736,23.3645444665486,6921
A,4737,22.3571891224391,5596
A,4738,22.9419273313052,7963
A,4739,24.9607977978615,7222
A,4740,22.4985940139256,7264
A,4741,23.9315015885001,5929
A,4742,22.2759937836612,7455
A,4743,22.5032673904515,6518
A,4744,22.5692477155585,5877
A,4745,23.6293280774429,6739
A,4746,23.2826535124312,4429
A,4747,23.0032456380423,6373
A,4748,23.1420925718032,6578
A,4749,23.0895428586296,6584
A,4750,23.6108324968347,7828
A,4751,22.7552109615146,7124
A,4752,23.2825130000575,5746
A,4753,23.6449376715159,5834
A,4754,23.6274646709137,6855
A,4755,22.5235381977932,5954
A,4756,23.3284812610805,6364
A,4757,21.6197818620432,5325
A,4758,24.1265011756992,6610
A,4759,24.3846781161591,5816
A,4760,22.3459638812039,5194
A,4761,22.7773942996136,6875
A,4762,21.9603286353715,5580
A,4763,21.8800601963002,4607
A,4764,22.1000352897909,5490
A,4765,23.7616025045559,6479
A,4766,21.2254776011715,5524
A,4767,21.5309085606418,4928
A,4768,22.1405788195858,6171
A,4769,23.2070522729659,5320
A,4770,23.3574663972901,5437
A,4771,24.6703984163508,5232
A,4772,21.6998152955828,5797
A,4773,22.0496278395013,6494
A,4774,22.113198603882,6026
A,4775,21.5513641181373,5605
A,4776,23.3186514319383,6863
A,4777,23.589657262321,5167
A,4778,23.5466500892532,4968
A,4779,22.4308059042995,4873
A,4780,23.2366206242476,6380
A,4781,22.2842236720044,7434
A,4782,23.9954171470522,6263
A,4783,21.7058877483146,6326
A,4784,22.8885399904124,6988
A,4785,21.9602965614678,6090
A,4786,19.3893019561072,5189
A,4787,25.0982990333934,6512
A,4788,22.4673348251187,6573
A,4789,24.2447437842118,5925
A,4790,22.0775336974173,7621
A,4791,23.8057287898555,6071
A,4792,24.3809708035112,5463
A,4793,21.8200404382954,6010
A,4794,23.6356673668894,7271
A,4795,22.6249203288955,5810
A,4796,23.1110813433927,5687
A,4797,22.4200272705922,5788
A,4798,21.5963990764437,7320
A,4799,23.8215322153888,4635
A,4800,22.1745323581337,7139
A,4801,24.4458126012487,7593
A,4802,22.6801556045462,6007
A,4803,26.498746881899,4181
A,4804,22.4619831760152,5505
A,4805,23.0622518027567,7009
A,4806,23.253073294163,6171
A,4807,23.0322833590139,5344
A,4808,26.5019816175599,5010
A,4809,22.6096128113541,6104
A,4810,22.2905934483899,6773
A,4811,23.3873725983483,4993
A,4812,23.7296273914967,6296
A,4813,23.6547159283304,5742
A,4814,22.999968562445,5760
A,4815,27.0383791920885,5770
A,4816,23.1135408322783,6292
A,4817,23.3505382110515,6475
A,4818,20.9296143105312,5903
A,4819,23.1459171352518,5180
A,4820,24.0663289730846,7289
A,4821,21.7798794968906,7213
A,4822,21.9064839402954,5190
A,4823,22.9081058215987,7272
A,4824,22.9611470799233,4771
A,4825,21.5474880636704,7427
A,4826,22.1272982483921,5837
A,4827,22.5054837288323,6278
A,4828,22.9697471620214,5649
A,4829,20.9298177734625,7037
A,4830,21.9081116351144,5214
A,4831,22.1970919942632,7423
A,4832,25.6833108556332,4297
A,4833,22.8485803917967,6838
A,4834,20.3168381235368,5356
A,4835,21.8422821515745,4605
A,4836,21.8047569613898,6243
A,4837,21.8560539245829,6019
A,4838,20.5485700366105,6960
A,4839,23.3290153544556,6272
A,4840,25.0634414335323,7746
A,4841,22.843065029453,6149
A,4842,24.5616156694509,5205
A,4843,22.8555553235161,5761
A,4844,24.082681552126,3524
A,4845,22.449127765057,7274
A,4846,21.8322732894219,5318
A,4847,24.5506875670267,3996
A,4848,20.4482238093842,5513
A,4849,22.8563360667487,5642
A,4850,21.0838936384727,5974
A,4851,25.4326172988469,5421
A,4852,23.9365458798654,5143
A,4853,21.8903024224499,6228
A,4854,22.3189085720471,7012
A,4855,22.7474852928612,6889
A,4856,24.7271446948174,6431
A,4857,22.594371257931,5042
A,4858,21.0164957055899,4645
A,4859,23.8444382508287,6311
A,4860,23.3380572097661,4778
A,4861,21.8946574344557,5483
A,4862,24.2036478106542,6768
A,4863,22.4646779746626,7164
A,4864,23.6746039859708,7398
A,4865,23.4402122418358,5654
A,4866,23.5087289730483,5955
A,4867,22.4514690843302,5439
A,4868,23.7325480807421,5807
A,4869,23.4410372019697,6197
A,4870,22.8148026137132,5331
A,4871,22.09088639986,6523
A,4872,24.0169007019547,5885
A,4873,24.2810386018678,4561
A,4874,23.1876845983127,6871
A,4875,23.2533322061327,7119
A,4876,23.5958713976138,5299
A,4877,20.9891346882034,6623
A,4878,24.8604315112254,6910
A,4879,24.3747593908326,6555
A,4880,23.5202575459297,5931
A,4881,25.5355523098671,5906
A,4882,24.2597842185077,4951
A,4883,23.2724623810407,6366
A,4884,23.8073666998362,6619
A,4885,22.8075045713995,5894
A,4886,23.8338572991408,5711
A,4887,24.269166882318,5642
A,4888,24.0175324454335,5520
A,4889,23.402298951976,7526
A,4890,22.4798148264502,6225
A,4891,24.6779225887472,6353
A,4892,23.9847836637414,4914
A,4893,21.3447907880065,6627
A,4894,22.5708855114848,5518
A,4895,23.9484648523408,5482
A,4896,22.6225970105593,6040
A,4897,22.9284682583782,5220
A,4898,21.3472265647003,6834
A,4899,23.5351795482457,6096
A,4900,23.0584438602984,6020
A,4901,23.2143301551366,5883
A,4902,21.7767377879174,4589
A,4903,22.0932272008188,7219
A,4904,22.943370306974,5346
A,4905,23.6304877557998,8053
A,4906,22.5567965575137,7689
A,4907,24.3521686611681,5551
A,4908,24.1503400805196,5452
A,4909,22.9825969656622,6744
A,4910,25.4441292519136,6678
A,4911,21.7166004811966,7135
A,4912,23.7169921931115,5528
A,4913,21.821328632907,6324
A,4914,23.0925531299269,5306
A,4915,23.8597027685422,7034
A,4916,24.5623124215798,6394
A,4917,23.951149988651,5011
A,4918,24.3917643496494,4973
A,4919,22.957508254802,6541
A,4920,23.5749929544475,4511
A,4921,23.7430086375387,6598
A,4922,22.0546559887111,5888
A,4923,23.6870878929903,5969
A,4924,23.5113282748644,5768
A,4925,23.5544007257812,6337
A,4926,23.6885675297818,5919
A,4927,23.3643768984545,6786
A,4928,21.6975899524418,6597
A,4929,22.9695101382361,7381
A,4930,23.9269592884479,4987
A,4931,21.6073422849207,6438
A,4932,23.7004563492571,6350
A,4933,22.0868272546562,6974
A,4934,24.3552512380151,5309
A,4935,23.0463698753328,6256
A,4936,25.2597939568565,6035
A,4937,23.7496943366873,5727
A,4938,21.7054161511277,5139
A,4939,22.6200930728656,5651
A,4940,22.0413704247921,7088
A,4941,22.1446593268995,5651
A,4942,23.6164438672945,6864
A,4943,23.246849564969,4927
A,4944,22.3253350647516,7141
A,4945,22.5847149424406,5284
A,4946,24.150540689924,6377
A,4947,23.168140976825,5900
A,4948,24.0163869058143,6527
A,4949,23.6212265914614,5347
A,4950,22.5000634527172,6211
A,4951,23.5256305639726,5140
A,4952,21.6763486503541,5165
A,4953,22.2087158157323,6072
A,4954,24.5429535686294,7791
A,4955,22.1408027893828,5035
A,4956,21.7592254636946,5008
A,4957,24.6621214364391,5081
A,4958,23.467944661701,7440
A,4959,23.233481556423,6497
A,4960,23.4460398524295,5524
A,4961,24.0254661303109,6691
A,4962,23.8811978169168,4881
A,4963,22.5948190850426,6639
A,4964,22.8857172725471,6327
A,4965,23.9970170414219,7869
A,4966,22.6280518813049,6359
A,4967,22.9069206531309,6333
A,4968,21.8863842748148,7804
A,4969,23.6750976069195,7254
A,4970,23.333170151406,5739
A,4971,23.9399137590581,6655
A,4972,23.6892193942232,6948
A,4973,22.6009004011356,6046
A,4974,22.446067783846,5328
A,4975,24.0864062757095,5076
A,4976,21.3846184429586,4557
A,4977,22.8736467394813,5686
A,4978,21.0976798739393,6289
A,4979,22.8761826570855,5584
A,4980,23.0585525537306,6325
A,4981,22.5821677862286,4501
A,4982,24.3991499501637,5749
A,4983,24.1727222597852,4994
A,4984,23.3037879975759,6052
A,4985,22.5043174821499,5970
A,4986,22.9584022429716,6410
A,4987,21.2000264668984,6969
A,4988,24.0860311701131,5739
A,4989,23.7407126627249,5642
A,4990,25.1283714594213,5293
A,4991,23.2899834553971,6472
A,4992,21.272152918427,5840
A,4993,23.2237888613839,7062
A,4994,21.1400181201991,5384
A,4995,22.2587000463484,6161
A,4996,23.3051392569996,4788
A,4997,21.9894826150613,6651
A,4998,24.0395303930425,6179
A,4999,23.749503046877,5933
A,5000,23.893840647545,5422
B,1,54.695387862247,3428
B,2,52.094865264264,3093
B,3,48.9118059369207,1804
B,4,45.2607562958777,2109
B,5,45.6755736839215,2118
B,6,49.9381327100317,3357
B,7,50.3953015449505,3301
B,8,51.9652827314929,3672
B,9,49.9442548669867,2309
B,10,52.9418662982475,4276
B,11,50.4991585039969,2796
B,12,49.4914254739623,4979
B,13,52.2590314429704,2581
B,14,56.602446802937,3800
B,15,52.626214306416,2853
B,16,51.3397832375195,3465
B,17,51.7495728848182,4656
B,18,59.8720924018997,2380
B,19,46.5162819391158,2163
B,20,53.8296621937923,4048
B,21,49.1785188163671,2370
B,22,53.9253233332333,3940
B,23,53.2093085624356,4734
B,24,53.1690308427855,4052
B,25,50.3815077401136,3989
B,26,56.8149736099795,2535
B,27,51.8447585205137,2838
B,28,46.9811152332028,2757
B,29,50.6187745312957,4164
B,30,53.6451874348436,4514
B,31,48.6008806409476,2543
B,32,56.5761691956127,1888
B,33,55.4827029306749,2835
B,34,45.6557119180438,2149
B,35,47.3655539218854,3067
B,36,50.2433021171218,3341
B,37,55.9864865338528,2257
B,38,56.2968184941131,3858
B,39,51.643621692348,5733
B,40,45.5781805365732,2917
B,41,48.4574917802803,4267
B,42,46.1886316838702,2206
B,43,51.1696784766978,2526
B,44,59.5955368160134,1695
B,45,43.3709404877783,1864
B,46,39.831917544405,1939
B,47,45.666944586119,2337
B,48,50.7598454834411,3364
B,49,50.1616352222115,3586
B,50,54.9013123660346,5894
B,51,45.9850290600315,2440
B,52,56.1655704173253,2924
B,53,48.7720734753203,3096
B,54,45.8391815674702,1683
B,55,48.7431130342043,2905
B,56,49.1424362621362,3547
B,57,55.5410620700891,4281
B,58,46.8333586721014,2833
B,59,43.8625679448567,1822
B,60,48.495284498009,3141
B,61,58.06322868157,1977
B,62,51.3568237115286,3449
B,63,54.1869883356505,3368
B,64,55.5855777733562,3445
B,65,51.2425084518469,3567
B,66,46.3254287039932,3353
B,67,53.5900338094418,2754
B,68,48.7039427406205,2656
B,69,51.2298061874516,3063
B,70,55.7342545208895,4296
B,71,47.2240080574171,2689
B,72,48.6955080749664,4234
B,73,50.2943597513586,2890
B,74,48.7555314303378,2981
B,75,57.789897631544,2108
B,76,48.5389714816441,2771
B,77,40.9967400900881,1687
B,78,55.2931566924585,4838
B,79,49.7480785870245,3973
B,80,44.2311083495521,2461
B,81,54.2637017122091,2778
B,82,47.7727836759364,2320
B,83,54.0204678457881,2085
B,84,51.540978367965,3045
B,85,56.8650156127666,2088
B,86,52.539232316894,3940
B,87,59.5440840286641,2963
B,88,58.540987793326,5435
B,89,51.6696674825086,3771
B,90,54.5479479719313,3376
B,91,40.001214750452,2063
B,92,42.6700467539317,2199
B,93,52.9207647660637,3130
B,94,49.5142098968306,2960
B,95,60.702695679786,1894
B,96,45.9602868008306,2935
B,97,57.9919578592365,2542
B,98,60.5579528461301,3319
B,99,44.4066479406791,2153
B,100,50.820933602176,3805
B,101,44.4440040434339,1703
B,102,46.3830688375924,4390
B,103,49.2464274400254,2748
B,104,52.2853816047617,2174
B,105,52.1966726231816,2612
B,106,45.4321458443738,2620
B,107,43.0267788654503,2556
B,108,41.6616400982252,2239
B,109,53.9759844999583,3899
B,110,45.6737569648902,4336
B,111,40.9586515177763,2901
B,112,47.6248324989304,3093
B,113,53.1268079696256,3466
B,114,51.0731839000329,2326
B,115,45.8069681734015,2884
B,116,51.2132503380503,3210
B,117,48.1130871590832,2891
B,118,48.5996680809016,1744
B,119,49.9832475285668,3930
B,120,51.6465558072895,3704
B,121,56.9659631116299,2692
B,122,50.4763538991641,2870
B,123,45.0411540522786,3525
B,124,53.3336165123207,2615
B,125,52.6805978821927,3518
B,126,52.2666574203613,4444
B,127,47.322827569723,2996
B,128,46.0235041605525,2755
B,129,51.4552594751514,3753
B,130,51.4674004936758,1618
B,131,50.3866620044795,3187
B,132,50.9706398639038,3109
B,133,53.7236777364236,3109
B,134,52.7407737160338,4188
B,135,52.5286095280257,3795
B,136,49.01376604562,2357
B,137,51.8514417073371,2374
B,138,57.5563673526588,2730
B,139,49.2266070159617,3544
B,140,47.0802413053938,2056
B,141,46.5695793544854,3695
B,142,50.6778883163274,4573
B,143,48.9079113270841,1708
B,144,48.4756678869443,3529
B,145,50.9852502752141,4304
B,146,55.1891956727775,2605
B,147,48.0277737562314,2255
B,148,56.1468095379874,2665
B,149,48.5951798189842,3125
B,150,48.2732955369449,2525
B,151,53.865108382131,3184
B,152,47.8476914443271,4051
B,153,50.0311195664576,2262
B,154,53.1755005124251,2370
B,155,51.5037001828662,2255
B,156,52.1382622298382,2728
B,157,51.8234593737218,4020
B,158,48.6701177688251,1898
B,159,54.9397846380245,4341
B,160,44.2968446938817,2973
B,161,49.1823022544866,3251
B,162,41.6103883839643,2365
B,163,53.3887524468528,2761
B,164,48.1325762058972,1663
B,165,43.6561564405786,2890
B,166,58.3454377783998,3464
B,167,43.1617903135973,1881
B,168,46.110725762036,3698
B,169,48.0566987560496,2960
B,170,57.6215127753379,2278
B,171,49.5703083352808,3378
B,172,38.8045217627892,2024
B,173,47.4653083554399,2237
B,174,51.5343971140992,4811
B,175,50.6506075481803,5657
B,176,45.5346458562117,2468
B,177,44.9143034306937,2923
B,178,50.3894276589872,3190
B,179,54.3174370940509,3216
B,180,54.8017984914818,2293
B,181,46.5936745990626,5014
B,182,47.221135719984,3368
B,183,54.9450654418805,2634
B,184,53.2282884930336,3287
B,185,38.4924031822036,2134
B,186,55.6100545892654,3919
B,187,51.9468312154682,3737
B,188,51.5985629646949,3717
B,189,49.6595736341134,3295
B,190,49.0852128310509,3179
B,191,52.6709906925885,2141
B,192,49.228097667682,4779
B,193,41.5968980461862,1878
B,194,51.2980859880847,3637
B,195,47.829473282036,2406
B,196,53.7832093104051,3235
B,197,51.8206339754553,2853
B,198,51.7373213285998,5716
B,199,54.9483646818527,4092
B,200,52.5487806049545,3144
B,201,50.8956211586409,2719
B,202,53.4312731384668,3515
B,203,50.5255882429196,2935
B,204,40.8744800261452,2282
B,205,55.6742975505258,3501
B,206,60.5176958637454,1835
B,207,45.9569862891166,3414
B,208,52.4921938473355,1645
B,209,53.3044371879423,3403
B,210,51.4783942651644,3486
B,211,55.2113608770753,2605
B,212,56.4031554806723,2965
B,213,52.5500387955028,3127
B,214,74.7284810413501,1289
B,215,52.6810812518936,3396
B,216,56.419628554019,2624
B,217,46.4399449418228,2467
B,218,49.0838801800365,2957
B,219,41.057185525792,2250
B,220,53.9414784611706,4224
B,221,49.2987089099659,2464
B,222,49.5971156757238,3364
B,223,50.0563784768167,2849
B,224,51.0264444883931,1512
B,225,41.2711270405366,2338
B,226,43.3030811292112,2834
B,227,54.1864830544211,2888
B,228,46.7907388075213,3316
B,229,50.8459030099851,4106
B,230,53.0460666199713,2492
B,231,51.9378652552609,2280
B,232,42.2872657380355,3240
B,233,55.4334445176274,4004
B,234,51.3461281692234,3893
B,235,46.1573076696788,3425
B,236,42.5245757827948,2848
B,237,38.5899890641836,2184
B,238,47.4114035607271,1522
B,239,57.2401459765537,2239
B,240,50.3040213653281,3690
B,241,52.2951522371725,2359
B,242,52.263399792727,3024
B,243,48.9110646847244,5667
B,244,50.6148580335288,3041
B,245,54.8397459543056,5217
B,246,52.231145301513,2306
B,247,47.9734539230835,2638
B,248,60.2881484753108,2093
B,249,49.6982478651477,3215
B,250,55.9288977179699,2347
B,251,51.8615822067383,3743
B,252,47.1389914875143,3041
B,253,55.3983033259884,2891
B,254,54.6176041557141,3223
B,255,49.1952712393424,2646
B,256,45.8017293941263,3311
B,257,52.9940939821326,3438
B,258,47.5356178739617,2939
B,259,55.1795210611139,3280
B,260,56.7594166119382,5812
B,261,51.0644094168943,2801
B,262,48.0583337946888,2506
B,263,43.9115270185358,2535
B,264,57.3260500324259,4778
B,265,67.7053570630819,2502
B,266,47.7922835086968,2721
B,267,53.0779616528945,3365
B,268,51.1000503058947,3852
B,269,48.9932182319864,3808
B,270,51.3249953450313,1576
B,271,51.9181156463553,3241
B,272,50.8226752258138,3341
B,273,44.5527028808653,2385
B,274,48.9287797375868,3175
B,275,57.5804941907505,2577
B,276,55.4031812208821,1835
B,277,54.7688141352622,3620
B,278,58.3137915483114,3814
B,279,46.5342473424477,2996
B,280,53.5726956976819,5045
B,281,36.7486765910406,1766
B,282,50.057241532957,3767
B,283,54.803676666541,1863
B,284,44.8781057138323,2299
B,285,45.6664157532186,2580
B,286,54.471038640642,3503
B,287,47.9761508926971,2155
B,288,49.6378537441969,3028
B,289,47.6838252723722,2842
B,290,58.6780207100466,2991
B,291,52.4579426826546,4741
B,292,42.3264114403358,3758
B,293,49.3430132215774,1902
B,294,44.8281363980685,2896
B,295,44.1910592149586,1926
B,296,49.7364107173606,3307
B,297,50.1270288824572,4025
B,298,54.3174382974924,3390
B,299,50.6877870325278,3797
B,300,48.0568232541551,3081
B,301,46.5924240386752,4549
B,302,49.674309838283,1953
B,303,49.77574717167,2494
B,304,58.397901556879,4193
B,305,51.0313375712772,3463
B,306,48.9771884424267,2469
B,307,46.9992629824572,2716
B,308,46.8305544955177,2168
B,309,45.9793125619041,3263
B,310,51.3042884611111,3631
B,311,51.6101948138814,2980
B,312,50.1550721564108,2534
B,313,47.8805013870883,3205
B,314,53.5031225968375,3701
B,315,51.4377152064316,2695
B,316,55.1118727438869,3472
B,317,60.5435887415242,1236
B,318,58.6980173709272,4349
B,319,50.3712865689776,3225
B,320,58.8870794214753,3062
B,321,39.5075656266586,2271
B,322,45.5316816978468,3297
B,323,61.4179393334882,2462
B,324,55.4362051565016,2184
B,325,44.0661427471354,2298
B,326,54.4317368878657,1800
B,327,53.9444445755632,4255
B,328,51.7322832707079,1836
B,329,49.9205788977642,4139
B,330,43.4253238892788,2059
B,331,52.8128281668948,2035
B,332,54.205147748037,2862
B,333,51.4132171886961,2243
B,334,49.6296582997442,1936
B,335,48.1441937275323,3037
B,336,50.4652110807363,2578
B,337,49.0993939034726,5559
B,338,49.1426182392333,3589
B,339,48.6932452221924,2919
B,340,50.2546565572837,2384
B,341,49.1798296040608,3701
B,342,52.1079369683802,2665
B,343,40.0077269218361,2321
B,344,49.8810173380441,2282
B,345,61.1689772109597,3719
B,346,51.0502709014093,4075
B,347,57.0895941360974,2152
B,348,46.612272231089,3513
B,349,44.701945736419,1713
B,350,53.972550866534,4395
B,351,53.9603717024142,4587
B,352,47.2674282877014,3572
B,353,51.4712521133672,4444
B,354,40.8470912722522,1458
B,355,54.0646632664602,2286
B,356,42.263961972443,1863
B,357,45.0665414182848,3369
B,358,48.8791625318717,3055
B,359,54.4328794118736,5319
B,360,57.6993960993799,3417
B,361,53.6516539657869,4347
B,362,50.8300166748244,2790
B,363,48.0645681895379,2069
B,364,50.5349453783918,3957
B,365,54.5275062535269,4193
B,366,53.4410345952887,2225
B,367,54.1363424126637,3987
B,368,52.6528840236244,2901
B,369,44.3455896869775,1685
B,370,52.4383186246067,2514
B,371,51.6318135319302,3027
B,372,49.6620640693623,2516
B,373,51.952408083788,3635
B,374,47.5386623562748,3069
B,375,48.5708522917051,2392
B,376,57.9053420948837,1963
B,377,44.3904474861543,2269
B,378,49.5700677169462,1790
B,379,65.0137916124344,2655
B,380,51.2284506271358,2811
B,381,42.426327409901,2045
B,382,51.0900359168452,2584
B,383,59.9602181899097,2172
B,384,50.2817675423657,3676
B,385,53.1604193158672,5361
B,386,53.5946779269249,4285
B,387,55.1395164938287,3277
B,388,52.0545217072301,4783
B,389,45.8382795560209,3366
B,390,54.3788508118078,4708
B,391,54.0664517824435,3057
B,392,48.8278935466838,2538
B,393,49.343867094865,2658
B,394,46.4273367705531,2456
B,395,51.4209998741643,2009
B,396,50.0601899116467,2584
B,397,56.3374801157352,2737
B,398,54.3047000830468,3562
B,399,46.0493787176426,2010
B,400,46.9064082522139,1832
B,401,58.3352933127414,2543
B,402,48.9760680175348,3861
B,403,55.3645459379696,1916
B,404,48.4565998090971,2774
B,405,50.4323134024361,3171
B,406,47.8235355623264,2977
B,407,57.9067770869486,2245
B,408,58.6031741731431,2846
B,409,42.6561910547873,1598
B,410,46.4865691939631,4164
B,411,51.8148506628396,4014
B,412,49.6831896077914,3551
B,413,46.032508749967,3561
B,414,54.9025561036096,4377
B,415,55.2695965311955,3300
B,416,62.5566310108307,2387
B,417,42.8615177901312,3007
B,418,50.2341442982433,3176
B,419,44.2164548394086,3916
B,420,47.3051579537495,2428
B,421,45.2153635942897,3375
B,422,47.7359321727551,2699
B,423,40.4268769454479,2991
B,424,47.8267008209761,4007
B,425,54.1017457385172,1845
B,426,53.7240408797977,3568
B,427,50.9492246144806,4152
B,428,45.1538996582041,2943
B,429,54.7730591406174,2886
B,430,49.1077820786572,2873
B,431,54.3182016959146,2966
B,432,55.4688200229053,2870
B,433,49.4509708289876,3586
B,434,52.4485801208389,2873
B,435,46.065878474223,2794
B,436,46.9272174131502,2171
B,437,52.0731886094136,2044
B,438,51.0674381817025,4184
B,439,49.4260812094571,2464
B,440,55.8507213846855,4855
B,441,49.9828750883086,4172
B,442,50.361732711466,2859
B,443,49.6510337126001,4146
B,444,53.168068881625,4574
B,445,50.3651240255033,2394
B,446,44.2813483878317,2141
B,447,54.9327119972233,1905
B,448,53.4187654783328,4208
B,449,50.8690179584917,2539
B,450,52.0931299027453,3791
B,451,40.5041053771113,2216
B,452,49.0823794737881,3482
B,453,53.4016821390014,2858
B,454,40.4470796702225,2128
B,455,57.3168894138177,3289
B,456,49.0911511373734,1375
B,457,46.8513747835005,2829
B,458,51.2227743553173,3197
B,459,48.3279203098245,2688
B,460,51.1812691580321,4667
B,461,52.91618767921,6151
B,462,52.125699305525,4538
B,463,53.6599485452043,4161
B,464,54.0805428668247,2043
B,465,52.1073854146037,1923
B,466,51.7632859116988,4108
B,467,44.4003770345646,3117
B,468,45.0627883310528,2218
B,469,46.308033609156,2749
B,470,48.9711584390967,3035
B,471,52.483849600178,2312
B,472,38.9109445825293,2142
B,473,49.0581923325766,3419
B,474,48.0544584679814,1621
B,475,48.2201641283965,3817
B,476,44.2769475818984,2580
B,477,55.6367829087875,4418
B,478,56.190268613326,3274
B,479,39.7494137493511,1804
B,480,44.8879379525747,3404
B,481,45.5951950676624,2533
B,482,45.2187906358673,2757
B,483,47.7022221495295,2595
B,484,53.8044660435486,2707
B,485,49.3274051889071,2473
B,486,56.7280423417338,2896
B,487,52.4188904902183,3440
B,488,49.7869936551387,2239
B,489,52.102355353836,2430
B,490,53.2043248420121,4335
B,491,59.5239158217664,2253
B,492,47.7203908779933,3935
B,493,48.7432599560889,2727
B,494,41.6680670414533,1752
B,495,49.3072558299414,1821
B,496,49.9170145946498,3436
B,497,48.9197672197329,3117
B,498,46.871478509162,2824
B,499,43.5964225547614,1994
B,500,44.3256519061152,2807
B,501,52.2969595080286,3444
B,502,55.9355969071746,2494
B,503,53.6444952003563,2658
B,504,50.319618119781,2911
B,505,48.4846384279972,4410
B,506,57.0937289004261,2335
B,507,47.3705493015102,2723
B,508,50.769497649662,3528
B,509,45.1661352158945,2107
B,510,49.591379282447,3903
B,511,50.1975231896876,4155
B,512,51.9367401744531,2835
B,513,51.7606376037966,4976
B,514,52.7503030614677,3961
B,515,50.6539599869336,4090
B,516,46.7188212971465,3941
B,517,49.9686943729441,4169
B,518,46.254946655607,2654
B,519,54.7920610442912,2684
B,520,55.6827421832537,2543
B,521,48.2706696222293,3465
B,522,58.1730999410955,2992
B,523,38.9244932699244,2101
B,524,44.1470872415263,2915
B,525,43.3388900095477,2048
B,526,53.7965864017472,2647
B,527,47.694696629946,2098
B,528,51.7554584404375,3585
B,529,51.6451042777186,3880
B,530,47.8215431756827,2652
B,531,53.9463385559369,2021
B,532,45.2288765462116,1902
B,533,52.7891766221426,2835
B,534,51.1151162740583,2253
B,535,51.6051894943921,4915
B,536,50.0838928809306,3234
B,537,53.4118165555121,4313
B,538,56.6365297810931,2134
B,539,46.6560852755815,2984
B,540,51.8117791471938,2414
B,541,56.4186300193512,2278
B,542,46.8700790949427,1914
B,543,50.5432047351743,3548
B,544,50.5984399416105,3692
B,545,56.4140496079531,4067
B,546,44.5853239012282,3013
B,547,55.8435001268553,2263
B,548,45.4328293672112,2629
B,549,45.6516106238777,1777
B,550,39.4984317623183,2518
B,551,60.3577352743296,3649
B,552,44.9543400069283,3252
B,553,50.0366021663748,2146
B,554,53.8541471653713,2266
B,555,56.7013590045198,2676
B,556,51.5709557579449,2963
B,557,46.0738675375571,2919
B,558,50.3729146171788,3623
B,559,48.2163225298883,2214
B,560,53.6001030761712,2355
B,561,47.0528437971741,3119
B,562,48.3710876464924,3884
B,563,49.1450588025159,3279
B,564,59.4255923062197,2020
B,565,51.4185938553421,5369
B,566,53.4494317532187,3416
B,567,52.5079846438769,2630
B,568,46.0692059282589,3547
B,569,52.6406323222431,2181
B,570,44.8997837921375,2244
B,571,44.8737578456708,2843
B,572,50.3405210889461,4263
B,573,50.883469751561,2207
B,574,45.4534974606473,1733
B,575,50.7540525363258,3575
B,576,52.4942584032754,3260
B,577,58.5730655224459,3557
B,578,55.0041900378714,2748
B,579,49.3359231859122,2544
B,580,51.1376809159146,3124
B,581,48.3782840330149,3805
B,582,45.5772320781037,2175
B,583,51.5085862282164,2742
B,584,46.0612957057198,3908
B,585,57.8055642169752,3487
B,586,54.6905065186706,2527
B,587,54.2952038623982,2705
B,588,48.0383633037418,3129
B,589,49.5254897953936,4124
B,590,48.497029495614,3161
B,591,50.1974504443863,3744
B,592,46.6097602896196,2656
B,593,51.7478656835019,3367
B,594,46.2038931612237,2590
B,595,54.6638168932569,3348
B,596,51.5252070242287,4147
B,597,35.5263140832717,2411
B,598,48.5020486112854,2790
B,599,51.7933175367199,2335
B,600,54.6417135357805,1859
B,601,48.3129979664809,2763
B,602,49.8196074450844,4405
B,603,46.9366113470408,3013
B,604,51.4870251799089,3510
B,605,44.9899228997627,3716
B,606,44.5011705652496,2495
B,607,46.4128517092824,2588
B,608,49.3023054225655,4372
B,609,50.063944147152,3430
B,610,46.3323612501683,2798
B,611,51.7552066189415,3169
B,612,56.1300620973261,3102
B,613,48.9575265926903,1757
B,614,44.5414113935992,2260
B,615,53.4090666741215,3559
B,616,57.2904110666036,3462
B,617,45.2724086795229,1997
B,618,59.5405324569291,3705
B,619,48.4136987366746,1933
B,620,52.4093419499505,2682
B,621,55.9792226862047,2644
B,622,47.9226756737884,2305
B,623,50.2217501367362,3869
B,624,52.6942131326111,3859
B,625,52.6514928718621,3982
B,626,51.4008771221823,2002
B,627,53.6514013048397,2907
B,628,58.7877003005514,4001
B,629,50.7411653104928,2484
B,630,48.7393567684337,4034
B,631,50.6716583390386,4033
B,632,54.6600927860358,2926
B,633,49.7354630913608,3419
B,634,46.9815209307502,2631
B,635,51.2810357379615,2367
B,636,47.6834853295341,3324
B,637,51.0345517479367,5153
B,638,54.0236944625288,2807
B,639,49.8142344009078,3679
B,640,49.1322147279141,3724
B,641,42.7647902403009,1689
B,642,47.8979103646997,2306
B,643,49.8059582375659,3626
B,644,49.6826512091376,3383
B,645,55.8291195188483,3426
B,646,50.1499448360065,2814
B,647,50.0288205299176,3165
B,648,58.388657625568,3036
B,649,60.6955712817233,2287
B,650,53.1917895204082,1226
B,651,47.0860006023217,2721
B,652,47.1499406200642,3222
B,653,47.1232754073592,3494
B,654,52.7517727913644,3414
B,655,45.3376596239343,2350
B,656,55.8957311184877,7493
B,657,55.2321810832186,2991
B,658,53.9479353122012,4487
B,659,54.1358085468935,2684
B,660,57.0258801873788,3358
B,661,35.0784450769888,1976
B,662,55.7970480066948,2500
B,663,48.7956484169698,3137
B,664,54.5455864323829,2831
B,665,56.8632228631708,4139
B,666,51.9884701522685,4015
B,667,43.3438708466117,3433
B,668,41.8469430991338,2915
B,669,39.7309461639026,2959
B,670,43.2233917883206,3272
B,671,55.6831818978059,2189
B,672,47.4434670800756,2090
B,673,52.2158685200795,3437
B,674,51.3922700518182,1615
B,675,57.1856967233113,3561
B,676,44.6319270298779,2789
B,677,52.5601484655542,4437
B,678,46.3654068820075,2793
B,679,41.8497929546317,3222
B,680,49.6343618541352,3297
B,681,50.2913266626964,2807
B,682,51.6323169652565,2932
B,683,47.9073836098072,2047
B,684,50.9355761963006,2547
B,685,47.277027770967,2966
B,686,55.2680238316948,1752
B,687,53.1150818427179,4118
B,688,50.5088223687957,3387
B,689,47.2186160164232,1920
B,690,52.1443871126305,5522
B,691,55.9747038337798,4732
B,692,56.3451750686886,2656
B,693,49.6617390774659,5080
B,694,59.3102028870962,2817
B,695,44.3934123008427,3190
B,696,40.7871156575545,2485
B,697,43.6547135550972,2101
B,698,54.5636221255637,3994
B,699,53.3675144699154,3726
B,700,54.3830978215089,3602
B,701,50.5925108311554,3984
B,702,56.1125633426809,3388
B,703,50.2320819427318,4150
B,704,56.8363526742305,4125
B,705,49.3483699882791,3663
B,706,49.2176251017583,2571
B,707,52.5832695104777,2777
B,708,43.9374761080352,2993
B,709,50.8988498540426,2109
B,710,52.6104067814664,2315
B,711,53.5460739675056,4258
B,712,45.4724794999173,2435
B,713,52.5781275096885,3631
B,714,43.2236826922448,2827
B,715,51.7441310188578,3009
B,716,57.1215811208152,4287
B,717,55.7963267548544,2754
B,718,50.0993512508044,4278
B,719,47.1940168291697,2171
B,720,45.4910441194509,3130
B,721,50.205671426609,3104
B,722,41.738192539376,2229
B,723,51.6844161916608,3129
B,724,52.3763226525979,3454
B,725,54.3728261795297,3784
B,726,50.4338800813155,3320
B,727,56.8383579131913,4923
B,728,53.9208054060006,3177
B,729,53.5089955097589,2308
B,730,51.7231700188896,3792
B,731,48.0617127994686,1931
B,732,52.9204729287274,2824
B,733,55.2663805889428,3698
B,734,49.9903462245854,2390
B,735,51.9755182895938,3670
B,736,41.8119304903047,2293
B,737,50.4425597096388,4502
B,738,56.5828667763998,4237
B,739,52.2577113957606,2437
B,740,54.2317552297352,3159
B,741,49.435165240659,3533
B,742,55.133948425715,2107
B,743,52.1823272389881,2934
B,744,59.2118828970788,1441
B,745,50.8863618232976,3462
B,746,52.3177481150144,3359
B,747,50.8246377739807,3145
B,748,48.1447982805117,3858
B,749,45.1328431432338,2572
B,750,49.7940076765129,4297
B,751,50.0106515283205,2455
B,752,49.1916123630416,3340
B,753,58.6059049553556,2301
B,754,51.2223769462518,3218
B,755,50.2170448106591,2999
B,756,50.5294495577508,3881
B,757,56.3608655710723,4165
B,758,53.6389625177539,2714
B,759,52.9591949796422,1749
B,760,48.6732853906086,2747
B,761,49.5837684593599,2405
B,762,49.3110909212129,2684
B,763,47.8403227322961,2689
B,764,50.3113354499144,3705
B,765,41.3188745435771,2285
B,766,52.8739970950555,4532
B,767,52.767765648641,4003
B,768,35.7606464542415,2164
B,769,48.9206085071462,4476
B,770,50.4017738118821,2690
B,771,53.164864427986,2840
B,772,49.8459287185225,4262
B,773,58.8096819486035,4558
B,774,49.4978596892867,1982
B,775,47.5753308908171,4416
B,776,49.1137251286786,3487
B,777,54.82722428074,3728
B,778,52.7145922875042,3735
B,779,53.2062633161553,2454
B,780,56.324014104525,3179
B,781,47.7135673434548,1684
B,782,43.6385090679361,2573
B,783,50.8413145247252,3417
B,784,56.415060692693,2305
B,785,46.8058175489556,3776
B,786,52.9007832708047,3788
B,787,46.3935631889108,2543
B,788,41.1733108557833,1787
B,789,43.4684007508386,1774
B,790,47.1145778031031,2468
B,791,56.286143106991,3057
B,792,45.3647656438236,3084
B,793,51.7525408406381,2048
B,794,54.1982874336123,3321
B,795,51.03224385693,3177
B,796,46.6652327925036,3276
B,797,50.8333382812665,3971
B,798,55.1396760397027,3203
B,799,46.0111116724624,2903
B,800,45.0838502210694,1960
B,801,48.9197907514865,3684
B,802,39.2435934449661,2049
B,803,49.6038255232365,3496
B,804,41.4880727301746,2068
B,805,50.0008436515302,2638
B,806,52.8009007710972,4692
B,807,51.1773078623841,3092
B,808,49.1536254236567,3658
B,809,52.1549704472183,4494
B,810,53.536241150447,2585
B,811,55.245769883356,3492
B,812,52.551632577497,3675
B,813,45.2317541914407,3029
B,814,45.5230941272987,2910
B,815,54.5647189754091,5114
B,816,50.0351567840801,4399
B,817,44.2095291774942,2157
B,818,47.8657676424984,4409
B,819,61.8636664179278,1569
B,820,47.2931663756886,3111
B,821,43.2435518212462,1691
B,822,50.1835962823178,3184
B,823,56.150823051398,2288
B,824,51.6615274164634,2617
B,825,54.5667402507784,2813
B,826,47.5913095655013,3945
B,827,51.1769812977584,1896
B,828,49.6987649641931,3771
B,829,46.5137095619496,2564
B,830,49.9144014140043,2062
B,831,56.0078816699561,3919
B,832,47.9726459934646,2682
B,833,50.3144970948874,3934
B,834,46.4665816347554,3581
B,835,44.6946087873595,4340
B,836,51.0509541634565,3643
B,837,56.4146274249755,2578
B,838,50.9769158477892,1649
B,839,48.0946106376268,3468
B,840,44.3859352859669,2098
B,841,48.6621467210967,2624
B,842,49.2719665972738,3595
B,843,51.7775241125249,3531
B,844,49.5076969051616,3365
B,845,49.2261327386932,3476
B,846,55.4604318818625,2973
B,847,53.0761613500978,4275
B,848,46.8164495043626,3046
B,849,56.5274324764617,3146
B,850,52.8087117414122,3613
B,851,50.1661547177603,4513
B,852,48.3100284965359,1836
B,853,62.3093678265549,1574
B,854,44.1535087561301,2758
B,855,41.0523354539116,1950
B,856,52.6115906220296,3559
B,857,46.0610943534985,2462
B,858,48.1116620010661,2459
B,859,47.123621659507,5595
B,860,45.3229009343874,3078
B,861,57.4013508114718,2503
B,862,48.8325971339703,2762
B,863,51.1137393707898,3607
B,864,54.9512267691423,4369
B,865,49.5112425978007,2059
B,866,52.1915182192199,3858
B,867,52.9029627984359,2818
B,868,47.7301858996406,2019
B,869,42.114389387985,2235
B,870,53.5288548979818,2600
B,871,51.4168331753311,3490
B,872,56.9426978817705,2707
B,873,51.7704635377818,3324
B,874,42.3538609937347,2512
B,875,45.8886155668142,2117
B,876,51.8894126982984,2768
B,877,51.9067665197125,1583
B,878,45.6243139867114,1974
B,879,40.148952539343,2215
B,880,43.6584878146808,2053
B,881,45.747677535713,2730
B,882,76.5801806638076,1537
B,883,47.6283222276969,3190
B,884,51.0096992900128,4047
B,885,39.2580534892479,2595
B,886,48.527574640382,3200
B,887,46.0135380895005,3307
B,888,48.7170132756798,2748
B,889,48.8397584413595,2841
B,890,51.7605633901534,4713
B,891,54.1309626767367,2685
B,892,43.0598685658403,2708
B,893,51.1070449652703,2600
B,894,49.9726321235918,3035
B,895,51.8714339540653,3930
B,896,53.525193910787,4064
B,897,56.8371339413569,3405
B,898,51.1312095964707,1724
B,899,48.9338730617166,3447
B,900,49.5811666706599,3579
B,901,62.0354824798776,2085
B,902,55.5852453872613,2773
B,903,53.7914116466098,3849
B,904,50.7551435760219,2597
B,905,55.8358994461598,3730
B,906,48.9431588287726,4174
B,907,53.1658654220881,2500
B,908,47.7132723418439,2958
B,909,53.666203191091,3086
B,910,57.3118007069228,3621
B,911,44.8879858491554,2113
B,912,50.2280496601836,4650
B,913,50.8334071689298,3640
B,914,56.0347616188825,5403
B,915,52.7935044074736,3424
B,916,44.0086467911878,2965
B,917,47.1307592020003,1531
B,918,40.8339544168166,2217
B,919,51.1427781410641,3511
B,920,46.1362712651283,1756
B,921,55.2176113236787,4331
B,922,54.6613552618621,2852
B,923,43.9813216874643,3326
B,924,51.5414794727052,4282
B,925,51.1038708223404,3840
B,926,59.7897218264113,2658
B,927,50.2950179361989,1196
B,928,51.1462367822735,3935
B,929,50.6338289278458,4393
B,930,55.4758645916536,3480
B,931,47.6778016910695,3874
B,932,47.9524280060875,2551
B,933,53.902626195767,3111
B,934,51.9298801253656,4977
B,935,52.2858634815788,5238
B,936,46.585294967534,2340
B,937,53.2384683195587,3253
B,938,53.4947327586545,3481
B,939,48.193955382158,1906
B,940,46.3609485361509,2743
B,941,48.9053877587766,3758
B,942,57.3398051829074,2549
B,943,52.0175566582992,2243
B,944,53.6054710308188,3062
B,945,58.5122007923019,1784
B,946,50.3228023069812,4328
B,947,46.8356717073762,2128
B,948,47.9268084478244,1675
B,949,43.5895620374371,2003
B,950,56.4369496312452,4071
B,951,51.0531501075449,3248
B,952,49.9099553669399,3033
B,953,51.5076952816388,3430
B,954,55.4329695750514,3385
B,955,50.459486553872,3785
B,956,54.4463156874122,3101
B,957,49.9504095685157,2198
B,958,54.0144387122834,2923
B,959,54.7132657224284,3059
B,960,52.5809994511373,3909
B,961,46.035279619845,2212
B,962,51.5930647502375,3226
B,963,53.1717310544448,2936
B,964,50.3380499260827,4376
B,965,54.8350720731206,2503
B,966,50.7828778607486,3754
B,967,47.7966439050587,1926
B,968,57.375906141672,2630
B,969,48.0634064012259,2936
B,970,45.1733100594247,2864
B,971,52.1235689297516,3832
B,972,51.5035653945688,4111
B,973,43.0673361149554,2123
B,974,50.5892580915047,3347
B,975,54.8681462399714,2450
B,976,50.4569665539003,2198
B,977,46.4899529583591,3021
B,978,43.606228996474,3369
B,979,56.3325069314342,4732
B,980,45.7959741048965,3085
B,981,45.51814400292,4065
B,982,47.7736990032112,3106
B,983,44.4604120732502,3656
B,984,50.6720948722801,4355
B,985,50.2650688317258,3144
B,986,44.7444216164101,1398
B,987,45.1060028802522,3641
B,988,50.6423224371656,4291
B,989,53.3434119886627,3610
B,990,44.3911682976917,3880
B,991,52.1853268110933,3488
B,992,47.354514462331,1646
B,993,51.6072995360514,5551
B,994,53.0987790045094,2765
B,995,55.777736997624,2210
B,996,52.5510248504355,3738
B,997,52.4838950861519,3237
B,998,51.1102495339689,3849
B,999,52.2121897235326,5357
B,1000,41.2872152038596,3835
B,1001,50.3130668231773,2213
B,1002,45.45113795929,2361
B,1003,53.4421163537057,3968
B,1004,48.3580695366817,3155
B,1005,51.388337763616,2762
B,1006,43.190714079429,2620
B,1007,47.3247715701127,2885
B,1008,44.1280159362323,2618
B,1009,54.351857102434,1915
B,1010,48.9146167787439,2969
B,1011,57.0617994894965,1718
B,1012,49.6593245725659,5055
B,1013,46.6012863285086,2449
B,1014,57.0500505252156,2158
B,1015,46.5451684332325,3335
B,1016,51.2429820105781,3613
B,1017,54.4956820213945,2789
B,1018,47.9650188828949,3255
B,1019,50.1415877878074,3010
B,1020,59.0920038766108,3935
B,1021,48.0997350992635,2180
B,1022,51.5772267094438,3018
B,1023,49.1078302668388,4187
B,1024,47.993161752723,1718
B,1025,58.7232454417097,2443
B,1026,56.2969294541477,4103
B,1027,52.8470464549794,3083
B,1028,52.3944982031465,3730
B,1029,49.3413430012044,3219
B,1030,48.6969756888477,1926
B,1031,51.2041743725158,2496
B,1032,52.7517429018603,3203
B,1033,52.0609764288354,3594
B,1034,43.4080976402151,1737
B,1035,54.8948553316189,1975
B,1036,45.6413598271825,1978
B,1037,39.3435770976276,2360
B,1038,45.6967713253153,3752
B,1039,45.8613369195757,2850
B,1040,49.3383164550811,3349
B,1041,49.6486673816086,3246
B,1042,49.5220596897494,2769
B,1043,48.7281240688781,3629
B,1044,51.2855845230302,2858
B,1045,47.0599452987136,2815
B,1046,50.500303909619,2783
B,1047,57.086952240918,3404
B,1048,40.9714693513736,1681
B,1049,54.6399960680296,3134
B,1050,50.2508887528934,2701
B,1051,51.9677938187584,2226
B,1052,54.1119547845251,3349
B,1053,53.3860162512001,2373
B,1054,50.0145893591487,4891
B,1055,51.3521145357592,4078
B,1056,55.9425067327447,3109
B,1057,44.8313706347176,2569
B,1058,47.4940224647628,2296
B,1059,52.9146364587678,1656
B,1060,54.7914945068673,2955
B,1061,48.9536738781787,2307
B,1062,51.6808596228092,1963
B,1063,50.3695963931767,3000
B,1064,51.8563268650951,1907
B,1065,46.3564666886839,2343
B,1066,43.2908973631335,3321
B,1067,50.7885906783508,2503
B,1068,47.1142573243088,1683
B,1069,58.0134199775275,3013
B,1070,42.8079535854149,1304
B,1071,51.3855939917797,4032
B,1072,52.8377239706658,2667
B,1073,47.8438299105518,2502
B,1074,50.2938955171756,4068
B,1075,54.8282740049658,2625
B,1076,54.1463453532827,4570
B,1077,53.8094264941367,2682
B,1078,54.1437550139019,3742
B,1079,61.5607747422165,2467
B,1080,52.9920210093804,3108
B,1081,52.5675483583505,3462
B,1082,59.8252528110992,4489
B,1083,51.4961305456483,3289
B,1084,51.0510668458185,3062
B,1085,50.5525511841478,2713
B,1086,58.2812997431746,2687
B,1087,44.8077307283004,2507
B,1088,44.0796501546236,2754
B,1089,50.0954458162578,3111
B,1090,49.8922662549698,3692
B,1091,50.1054817451849,4461
B,1092,48.4812299150969,2918
B,1093,60.9268218496939,1869
B,1094,49.6515698470689,3428
B,1095,48.0782208006092,3569
B,1096,52.0299851682808,3180
B,1097,59.8356013557331,3049
B,1098,46.4066473062201,1705
B,1099,48.9712931209841,4480
B,1100,49.3205448315667,3261
B,1101,53.0876088140554,2942
B,1102,45.0051325241461,3194
B,1103,51.7385539628424,3204
B,1104,56.7132539945321,4863
B,1105,43.6315248733988,2105
B,1106,55.013884396884,1981
B,1107,49.6167604744199,2756
B,1108,49.5728969842982,4260
B,1109,53.8121313207316,1604
B,1110,50.5361565961869,3546
B,1111,50.238645969864,3855
B,1112,48.6538485034384,2719
B,1113,48.5531172567727,1579
B,1114,51.8628747557528,3390
B,1115,48.8360193499981,3112
B,1116,54.5115745083374,1649
B,1117,51.1240534883437,3097
B,1118,53.5326912275156,4600
B,1119,40.5414241117381,2500
B,1120,53.2220958369239,2646
B,1121,54.6576014621706,2599
B,1122,55.2634015801171,2804
B,1123,51.9836374674981,5574
B,1124,51.0828231500591,3052
B,1125,52.0336555126613,2678
B,1126,54.2547295398283,3290
B,1127,53.9943887447915,4108
B,1128,47.6639810014709,2980
B,1129,49.3093884549168,2779
B,1130,50.0900218232895,2622
B,1131,56.9306280973663,1636
B,1132,38.0474006831152,2148
B,1133,46.5877334452643,2474
B,1134,40.1840572400429,2118
B,1135,54.1582191396674,2896
B,1136,47.8458024425362,1819
B,1137,53.0565033878998,3471
B,1138,49.46865283626,2362
B,1139,49.1234077184038,3493
B,1140,47.7907484083453,1938
B,1141,48.6681210277472,3521
B,1142,45.8065997838338,3141
B,1143,48.9940861277328,2164
B,1144,51.9199970978661,3430
B,1145,51.8312013678036,3174
B,1146,54.0517028039885,3279
B,1147,53.674902407649,2662
B,1148,52.4743983606117,2390
B,1149,54.4146708775101,4796
B,1150,54.6272635544756,2609
B,1151,48.0507669389862,3630
B,1152,42.2970195313112,1711
B,1153,42.9970368266783,2347
B,1154,51.455378485136,3613
B,1155,46.5511214558561,2290
B,1156,44.7605996804957,2281
B,1157,50.5865874117806,3056
B,1158,44.0675304505872,2368
B,1159,52.6037897826443,3273
B,1160,53.0565017330244,3537
B,1161,58.1106188575952,2415
B,1162,51.7799087534453,3178
B,1163,51.9949224201082,3382
B,1164,42.0946207995832,2320
B,1165,42.2116345587013,2824
B,1166,50.6843916531154,5346
B,1167,50.6861885834864,5470
B,1168,51.297988606693,2428
B,1169,47.0363697744865,3718
B,1170,48.4992107251823,2740
B,1171,49.5430688431318,3474
B,1172,53.8839641409385,1999
B,1173,41.3363175044183,2782
B,1174,38.8711113898551,2591
B,1175,52.1051243321884,2062
B,1176,41.1242961063107,2487
B,1177,42.7442564387502,2302
B,1178,47.0202699077536,3258
B,1179,52.4299004365155,3177
B,1180,67.5660405634982,2153
B,1181,40.3154987222899,2380
B,1182,53.479953245938,1850
B,1183,52.8914833732464,4458
B,1184,49.5414386587813,3249
B,1185,56.4266888511947,2927
B,1186,48.101347004035,2072
B,1187,46.2700635516404,2295
B,1188,61.4851622749769,5175
B,1189,58.4537706461481,3051
B,1190,49.9581437111055,1947
B,1191,54.5023052430342,1700
B,1192,54.2765030458023,2727
B,1193,52.5756014660369,3154
B,1194,49.6150830856839,4748
B,1195,45.2046909894439,2218
B,1196,46.2219992339826,2671
B,1197,60.0400966998396,2187
B,1198,53.9222354808553,3672
B,1199,52.7141659890553,4214
B,1200,50.7614690470923,4253
B,1201,51.3580622802936,2624
B,1202,47.8569264142343,2857
B,1203,53.886054067739,1678
B,1204,49.9808749534151,2576
B,1205,52.9714394080218,4189
B,1206,52.4387077096601,2443
B,1207,50.6185332998197,2806
B,1208,47.9678286312026,2927
B,1209,40.6697965991754,2030
B,1210,54.1741860237425,1367
B,1211,54.6000259903318,2711
B,1212,48.6634341257579,3705
B,1213,51.2615494529065,3302
B,1214,46.2769503965051,2110
B,1215,49.0514244782617,3294
B,1216,37.4684009916599,2785
B,1217,49.7732691477043,5090
B,1218,47.6156179429308,2199
B,1219,49.1977364575699,2523
B,1220,52.6231540356996,4332
B,1221,48.2936222398936,4165
B,1222,46.6405704942148,2652
B,1223,47.7614757544357,2661
B,1224,45.2620332148545,2661
B,1225,43.6760522860205,1904
B,1226,46.5717084550061,3000
B,1227,52.9380378120157,2390
B,1228,45.9233505463033,3067
B,1229,46.0030939552741,2013
B,1230,54.1716759901131,3964
B,1231,55.5803569836886,3577
B,1232,54.0084442259867,5918
B,1233,47.8396214487467,2410
B,1234,55.486570757698,4644
B,1235,48.2092779419958,2577
B,1236,55.2613883398738,3710
B,1237,49.101729373056,3111
B,1238,39.285899833307,2097
B,1239,55.1235767261183,2265
B,1240,33.0259833384238,2729
B,1241,52.6658682693822,2744
B,1242,67.5788851151143,1851
B,1243,50.7589440094441,2761
B,1244,49.9982588119353,3372
B,1245,48.7436205106396,4410
B,1246,52.3421569626804,1912
B,1247,48.6404270854842,2927
B,1248,45.2450502631331,2870
B,1249,49.7936142031297,3149
B,1250,53.6256836443864,3149
B,1251,44.1010120817371,2123
B,1252,48.3219556333398,2858
B,1253,46.8446972670947,3976
B,1254,47.0160568548867,2412
B,1255,49.3554622230322,4015
B,1256,44.2999133368945,1651
B,1257,55.066633434998,4473
B,1258,67.5106802904872,2258
B,1259,51.1321638419349,2995
B,1260,45.1792852879861,2184
B,1261,53.4353639296029,2890
B,1262,50.9990219958524,3023
B,1263,54.9683519743835,3023
B,1264,47.7668326459954,3018
B,1265,49.8469265726972,2336
B,1266,51.645057852808,2296
B,1267,49.9813730446757,2873
B,1268,43.3111250408984,3319
B,1269,45.8395247509163,2614
B,1270,53.341358924264,3927
B,1271,55.6628253206315,2502
B,1272,55.3761875411339,4206
B,1273,51.941820712601,2595
B,1274,46.3512510795361,2230
B,1275,46.8131274863211,2343
B,1276,54.0864457596333,3882
B,1277,55.3701699816332,2264
B,1278,53.7237944462026,5237
B,1279,54.2413124480337,3711
B,1280,49.2180892378128,2530
B,1281,60.0582172403587,2202
B,1282,50.9588138524054,4309
B,1283,45.8852241270857,2604
B,1284,50.2449469281894,4113
B,1285,52.468945607032,2338
B,1286,46.5254549164975,2739
B,1287,60.3508685588694,2184
B,1288,50.446183248498,2481
B,1289,54.7994034482514,2666
B,1290,51.2339569858963,4061
B,1291,49.3112019069269,3186
B,1292,50.1227730685175,2822
B,1293,46.7700687233148,2995
B,1294,46.4623773013017,3251
B,1295,49.3418198711085,2895
B,1296,52.6801380353241,2487
B,1297,51.1952090546646,2456
B,1298,51.503890299579,2777
B,1299,42.8342251847981,1829
B,1300,41.9516031007616,2819
B,1301,54.3819252195794,2257
B,1302,50.3828725018761,4168
B,1303,49.1015679223174,2942
B,1304,47.1969026512088,2921
B,1305,60.7626920650256,2429
B,1306,43.6193182228245,1758
B,1307,48.725928468451,3871
B,1308,53.6280015590262,3480
B,1309,48.5711870237125,3880
B,1310,53.5504438861865,1855
B,1311,49.3689828865967,4276
B,1312,47.4159673228644,2650
B,1313,48.2158384278092,3287
B,1314,49.0847654219025,3820
B,1315,48.0489753348324,3588
B,1316,48.2507671718819,2784
B,1317,51.9854776379101,3023
B,1318,48.995055767928,2893
B,1319,46.6762944150623,2960
B,1320,57.3873132549943,3806
B,1321,47.8937991134419,3760
B,1322,52.8282975663051,3356
B,1323,45.1765932880543,1917
B,1324,50.5551372639443,3932
B,1325,45.9731205157318,3121
B,1326,52.9130418394373,4389
B,1327,49.5617012242236,3950
B,1328,43.0481943643245,2633
B,1329,47.987678484474,3327
B,1330,48.4037787777414,3760
B,1331,54.8837563480616,4541
B,1332,52.7321386462058,4101
B,1333,48.2262480900516,2345
B,1334,44.6656835089038,2715
B,1335,49.809477093258,3662
B,1336,52.0077876281831,2130
B,1337,53.0290763968143,3353
B,1338,53.5747613788818,1922
B,1339,53.5042495419406,4088
B,1340,51.3329040679916,4903
B,1341,51.6587259154904,2179
B,1342,54.0768033401466,3459
B,1343,40.7995389346991,1855
B,1344,53.1237092835984,4111
B,1345,50.7690656460679,4225
B,1346,52.3329647066382,1766
B,1347,52.3345006831434,3190
B,1348,55.2217883421036,3492
B,1349,54.049070687924,3155
B,1350,44.3432838898278,2216
B,1351,47.4304514721502,2649
B,1352,54.9638011673958,3265
B,1353,52.0338552555295,2961
B,1354,53.8232041954809,2907
B,1355,52.1143276693211,1883
B,1356,51.0567620652382,3490
B,1357,50.4626533417913,3286
B,1358,61.2793028150592,3675
B,1359,49.3710457607722,1929
B,1360,54.3976559822577,3965
B,1361,45.7627130324645,3518
B,1362,50.7585236935503,2624
B,1363,50.1791880052145,2791
B,1364,53.1065356491791,3404
B,1365,49.4637942959559,2598
B,1366,47.2040705309927,3039
B,1367,51.108368605027,3974
B,1368,54.0270528137997,3086
B,1369,45.6709363300666,2436
B,1370,49.228798179925,3677
B,1371,50.2609029920392,2259
B,1372,48.8019683805769,3637
B,1373,51.5264897277906,4125
B,1374,46.7719807923791,4486
B,1375,57.737558954231,2751
B,1376,48.680776817786,3015
B,1377,50.7211939036393,1562
B,1378,55.5176810243121,2846
B,1379,52.4160978526965,2860
B,1380,48.2345089456327,3947
B,1381,52.4827982554481,2752
B,1382,55.6334150640357,4120
B,1383,46.8669505683912,3714
B,1384,49.9700009594656,2492
B,1385,47.9762679148011,3613
B,1386,51.2806047135572,3868
B,1387,54.0048976471633,3117
B,1388,55.1613897451382,2692
B,1389,56.0138295493305,2620
B,1390,52.6021968451433,3574
B,1391,46.6802516804573,1876
B,1392,39.0774277975229,2147
B,1393,62.4127963945551,2379
B,1394,50.0922653619927,2946
B,1395,45.8257902948604,4122
B,1396,51.1754639484958,3190
B,1397,53.4204720296542,1416
B,1398,76.3707353050709,1270
B,1399,52.6421161928708,3440
B,1400,48.0705271804801,3309
B,1401,52.2843519303657,5009
B,1402,47.850521874603,3462
B,1403,51.5491595130625,3479
B,1404,55.7875138830259,5386
B,1405,49.2416033785299,4314
B,1406,58.9752468629259,1059
B,1407,46.6788712786079,2841
B,1408,56.3233560190542,3268
B,1409,49.0806364175985,3809
B,1410,55.4234633416442,2180
B,1411,45.1012063863013,2756
B,1412,47.2221766490669,2230
B,1413,56.837490613706,3546
B,1414,43.3382249845965,2497
B,1415,50.2056785147025,3767
B,1416,51.9596953736297,2222
B,1417,51.7975051350123,2352
B,1418,47.3388494865331,2618
B,1419,54.6948019479982,3794
B,1420,36.7066337918903,2044
B,1421,44.1400158072729,1962
B,1422,47.4975774429944,2505
B,1423,48.1562376733244,2493
B,1424,48.7730860570038,2672
B,1425,48.2537135576252,2841
B,1426,53.4688985332096,2974
B,1427,43.0362034453509,2624
B,1428,44.9834175387676,2433
B,1429,52.5782643413216,4134
B,1430,62.6639276105582,1483
B,1431,55.2230920267997,2518
B,1432,44.254726916024,2612
B,1433,41.1689292245507,1724
B,1434,50.5322153438134,2422
B,1435,49.91549190335,1672
B,1436,50.0533964037322,3050
B,1437,49.7221529669503,3717
B,1438,50.4421226027214,3314
B,1439,49.9411573504953,3659
B,1440,52.1697379696687,4142
B,1441,52.78996400503,3576
B,1442,48.1475625779495,3074
B,1443,50.1702941631992,4149
B,1444,49.2898777166469,1757
B,1445,43.1413461199431,2091
B,1446,50.0825102904915,3351
B,1447,46.162495938403,1484
B,1448,59.1900235339082,4028
B,1449,50.0266291403875,2625
B,1450,44.8490787262965,2060
B,1451,57.652130531897,3633
B,1452,57.768217118916,3264
B,1453,51.5752351305563,2454
B,1454,47.9636675700851,3686
B,1455,42.1050710224937,2294
B,1456,50.4609259121847,3228
B,1457,46.9733149049152,3093
B,1458,51.5649297928732,3748
B,1459,49.5764998522969,3608
B,1460,46.2895851938063,2322
B,1461,46.5166556475948,3938
B,1462,55.4513376912929,3468
B,1463,48.9015715269137,2657
B,1464,59.7992223264166,2908
B,1465,50.230121156692,2278
B,1466,64.6931503555322,1824
B,1467,49.1594972261897,1831
B,1468,50.0009838093606,2861
B,1469,46.6879668269716,3346
B,1470,53.8321040275482,5179
B,1471,42.6602711930227,1864
B,1472,62.5219048566404,2895
B,1473,52.8065864310801,2894
B,1474,48.893464411618,4173
B,1475,49.373617105905,2993
B,1476,51.5208862436897,3539
B,1477,56.2404804481604,1970
B,1478,51.0006341674474,3209
B,1479,52.7003027326552,2051
B,1480,43.504822217672,2145
B,1481,50.6726046424725,2865
B,1482,51.3563875434871,4481
B,1483,45.1777117148663,1334
B,1484,45.192141376871,1807
B,1485,38.9642379851476,2003
B,1486,51.3467317815839,5070
B,1487,50.020373642849,1973
B,1488,53.3264003623459,3807
B,1489,50.4798115379866,3681
B,1490,46.0050405815249,1609
B,1491,50.6590597367945,3439
B,1492,43.9145741493782,2887
B,1493,49.1414018188065,3469
B,1494,52.5961392453641,2792
B,1495,55.7728883969627,2620
B,1496,50.9964833625513,3364
B,1497,48.0164741030501,4052
B,1498,45.2510229200985,3107
B,1499,47.5111629780521,2987
B,1500,49.393102464486,3953
B,1501,50.3163885877054,2545
B,1502,45.8031329086892,2851
B,1503,52.0979686179263,2253
B,1504,52.9160752935212,2637
B,1505,42.2325780321049,2206
B,1506,45.1821661192554,2178
B,1507,53.8112876540357,3574
B,1508,48.813971137193,3280
B,1509,49.7946326542489,3722
B,1510,54.1790615871093,4407
B,1511,50.971220487897,2659
B,1512,42.948133488757,2091
B,1513,44.7362727698844,3327
B,1514,50.7355692261399,2969
B,1515,37.7056533087532,2589
B,1516,55.2842001049468,3820
B,1517,57.7924373659308,2424
B,1518,52.5030055677436,3089
B,1519,53.8013283551049,3536
B,1520,51.1667024541021,2537
B,1521,45.7391118584208,3408
B,1522,55.2240698045051,4220
B,1523,54.9693546559369,3658
B,1524,55.1611433542929,2557
B,1525,51.2633310560295,2946
B,1526,55.2018915063368,2937
B,1527,47.1173544542442,2380
B,1528,56.2399183286537,2456
B,1529,51.7153622474344,4890
B,1530,42.4137730250206,1727
B,1531,49.1641746117616,3366
B,1532,53.8213599680476,2584
B,1533,55.7964041584309,3971
B,1534,52.5452573178671,3369
B,1535,43.1072308166563,2346
B,1536,41.8915050066331,2287
B,1537,51.0625041846582,3279
B,1538,43.2244432945759,2654
B,1539,48.1389394762167,4642
B,1540,57.4353781703038,2237
B,1541,47.7103391110742,4001
B,1542,49.0708769316417,3649
B,1543,42.8573318095539,2751
B,1544,43.0152124825681,2286
B,1545,53.5680141937558,2759
B,1546,52.64886158114,4201
B,1547,53.1473607497231,3036
B,1548,45.9074572425655,3506
B,1549,47.1262143312217,2721
B,1550,56.6524340330899,2284
B,1551,52.2629001870657,4324
B,1552,54.9638871490125,2395
B,1553,44.5912734867599,4828
B,1554,52.2692839304896,3739
B,1555,56.7351110389668,4800
B,1556,54.0796728067661,2970
B,1557,48.9725788200997,1896
B,1558,58.0445197591525,2761
B,1559,56.749189724298,5398
B,1560,52.7823920856267,4941
B,1561,51.9613287173635,3781
B,1562,44.6135926712575,2203
B,1563,56.1301643714302,3818
B,1564,46.8298574992715,2688
B,1565,54.5880330296617,2535
B,1566,54.1079888755538,2869
B,1567,59.9145473730733,2712
B,1568,51.505645419729,2700
B,1569,49.4739112477137,4339
B,1570,51.1556025199915,2822
B,1571,56.8709823425269,2121
B,1572,51.4321445553987,2594
B,1573,39.3776061840825,2206
B,1574,56.5154082373846,4105
B,1575,54.926475500418,4153
B,1576,51.8614161019847,2014
B,1577,49.8273450760878,3225
B,1578,41.6751303634405,1611
B,1579,54.8653494504545,3232
B,1580,42.4777614846977,3255
B,1581,53.3804557147571,2334
B,1582,47.2600747434484,3204
B,1583,48.7724608175421,3989
B,1584,44.5731340176219,2536
B,1585,42.4339852240441,2050
B,1586,50.9300042470405,3133
B,1587,53.3556334285085,4302
B,1588,51.3038505993936,3744
B,1589,61.0708247184858,2322
B,1590,49.7263820068619,3778
B,1591,46.8432137636342,3175
B,1592,49.2542109138007,2028
B,1593,52.850652939103,3064
B,1594,49.8997586878524,2212
B,1595,50.2164421203331,4191
B,1596,41.0927191330638,1824
B,1597,54.3154977291156,3539
B,1598,48.7353538403477,4312
B,1599,55.1337814949806,2270
B,1600,54.7940580568037,2205
B,1601,56.0623168195974,2704
B,1602,42.2859535686845,2154
B,1603,48.7405325128163,2848
B,1604,50.3523490792295,2715
B,1605,45.7978427167821,3169
B,1606,52.2089594500712,2803
B,1607,47.0890326193432,2349
B,1608,54.8546234473764,3651
B,1609,47.9036200761559,4034
B,1610,49.6994794061124,2644
B,1611,51.7638938174468,1350
B,1612,44.4917662710684,2246
B,1613,50.7448212501093,2349
B,1614,47.4459815959129,3021
B,1615,55.1726653523073,2646
B,1616,49.0834091075843,3075
B,1617,51.1733779859807,3625
B,1618,54.7262355500434,2660
B,1619,47.2617901521267,3540
B,1620,50.2166605696382,4279
B,1621,55.5184080320198,2371
B,1622,47.4168424904967,4720
B,1623,45.5892815573776,2942
B,1624,48.6101507605666,2354
B,1625,44.890052426986,2723
B,1626,52.3390613900333,3587
B,1627,46.3398895731643,1781
B,1628,46.6008743865096,3375
B,1629,41.5246413804844,2142
B,1630,46.56078306513,2985
B,1631,48.8007249828112,3623
B,1632,55.2713984026095,4031
B,1633,46.4074615530125,3186
B,1634,45.3113672852223,2222
B,1635,48.2929459783206,3421
B,1636,50.1183751648061,2759
B,1637,58.3904493138947,2741
B,1638,45.77070397471,2143
B,1639,52.0241714697384,3403
B,1640,52.3135065723815,3688
B,1641,56.0451109402236,3951
B,1642,42.1337921128527,1787
B,1643,45.2314621231025,2719
B,1644,51.0442509213187,3793
B,1645,44.774172401277,3076
B,1646,52.8975837334853,4480
B,1647,52.7579301033846,2866
B,1648,49.755056955764,3736
B,1649,44.8124527025284,3327
B,1650,52.7746501707306,5547
B,1651,48.5082060460477,2841
B,1652,55.4146840657523,4043
B,1653,52.7464083400979,4623
B,1654,52.2869404055235,3932
B,1655,49.4019471337249,2891
B,1656,50.4088226779315,1976
B,1657,48.785537559277,4251
B,1658,56.2656345160159,3383
B,1659,47.5962416654764,3422
B,1660,52.8542825445639,4155
B,1661,45.0366609737331,2401
B,1662,47.1067067733428,3295
B,1663,55.5356149974692,2257
B,1664,57.0218186486434,1956
B,1665,49.7733772708543,4361
B,1666,52.8456323059957,3777
B,1667,58.9203982714539,2405
B,1668,43.8214772432336,2519
B,1669,54.7656997410889,3871
B,1670,41.9849216685466,2453
B,1671,48.983719369024,2347
B,1672,47.1712178450579,2482
B,1673,61.44022892934,2068
B,1674,51.7037022255149,2962
B,1675,45.7311235994016,3253
B,1676,50.69628166098,4044
B,1677,41.238737561243,1916
B,1678,51.1889162331696,3897
B,1679,47.9680485685876,3538
B,1680,45.3804357320903,3517
B,1681,51.3352557004815,3467
B,1682,49.1530287766848,3759
B,1683,49.6177670054014,3491
B,1684,48.1476468249948,2741
B,1685,58.5319785709404,3874
B,1686,48.8791047796076,2807
B,1687,52.6075067547456,2202
B,1688,48.801940935763,3186
B,1689,47.1701038189155,2754
B,1690,52.082072876072,2619
B,1691,49.9694901922076,3210
B,1692,49.8204061391475,2264
B,1693,51.708779827294,3086
B,1694,53.2747080479282,2588
B,1695,40.1529381286866,2028
B,1696,52.5380435653393,2612
B,1697,51.8438803668544,3544
B,1698,44.34112914877,2028
B,1699,47.0225749561807,2278
B,1700,50.4542598132342,3216
B,1701,50.3315974719979,3389
B,1702,50.8169994069553,3496
B,1703,50.2239853291114,2590
B,1704,55.2598704316231,2979
B,1705,51.1063270168974,4155
B,1706,55.5479395838306,2090
B,1707,45.800422237324,2756
B,1708,57.793168364087,1667
B,1709,43.221905447006,1947
B,1710,50.9516548931131,2920
B,1711,48.7937498225534,1956
B,1712,49.3724053386677,3174
B,1713,48.0937258894806,2816
B,1714,51.9343249894987,4088
B,1715,51.8561692806306,4647
B,1716,59.9235256572686,2066
B,1717,51.0632253614623,2661
B,1718,50.2963260128181,3846
B,1719,51.5759725999047,3138
B,1720,56.9744930505624,2034
B,1721,49.6964911397071,2993
B,1722,51.8262971501702,4268
B,1723,53.8072138798143,4508
B,1724,50.5449041260358,2997
B,1725,44.4515539584325,2887
B,1726,46.639738217732,2444
B,1727,48.3562287409148,3622
B,1728,57.4926501063343,3860
B,1729,48.6073117678828,3660
B,1730,50.9341591911278,3256
B,1731,46.3550370850775,2169
B,1732,48.6302559390142,2691
B,1733,48.8228340171311,3052
B,1734,42.3157911117517,2901
B,1735,51.9913266115729,2280
B,1736,39.3324666927239,1992
B,1737,49.2926118982636,1989
B,1738,47.4879752410759,2089
B,1739,56.8128675622805,2013
B,1740,47.7647285691525,5046
B,1741,44.5759833454785,2455
B,1742,57.1161146086742,3197
B,1743,49.6516768518491,2806
B,1744,47.4168379437736,2791
B,1745,53.3683732205382,3549
B,1746,73.6993398858217,1908
B,1747,52.9174715567432,3845
B,1748,56.5660015194767,2605
B,1749,44.6496416718645,2955
B,1750,48.6215654856443,2897
B,1751,50.95077959864,2069
B,1752,54.7697282610434,4136
B,1753,51.961114355342,5379
B,1754,58.5087387001041,2718
B,1755,49.4062018208286,2744
B,1756,51.4321909732847,3057
B,1757,46.2140506735506,2463
B,1758,51.2945807266043,3559
B,1759,48.4144914845393,4008
B,1760,50.1486320709615,2769
B,1761,48.3681353081008,2737
B,1762,49.8978762846199,3038
B,1763,50.3531722505297,4021
B,1764,50.8711124924969,2910
B,1765,49.8756773303119,3592
B,1766,52.3356838508661,4106
B,1767,44.3801588063003,1997
B,1768,53.1723240188511,4038
B,1769,57.0499446732897,2731
B,1770,57.2176432044854,3267
B,1771,50.684508967351,4332
B,1772,46.3097713911416,3209
B,1773,47.5330696063025,3223
B,1774,56.7311981453129,3933
B,1775,47.6328311055693,3774
B,1776,52.2077118933889,3524
B,1777,46.8538958235978,3229
B,1778,49.0055352610444,4326
B,1779,42.2081381306992,2575
B,1780,48.6960889048917,4666
B,1781,43.9801500419834,2623
B,1782,51.9604733483839,3058
B,1783,48.4234040452132,2735
B,1784,52.4403305413822,4439
B,1785,53.4557259217128,4312
B,1786,45.2841519689012,3428
B,1787,53.657840915695,3294
B,1788,57.9826177531676,3122
B,1789,43.1692415967454,2118
B,1790,43.9704633250678,2349
B,1791,46.1459011683351,2798
B,1792,44.1239202468904,2735
B,1793,52.1936150025218,2367
B,1794,42.4327693327524,2857
B,1795,45.0660158774292,1669
B,1796,48.6668187355417,1533
B,1797,49.6652743207277,4148
B,1798,52.6846899720567,2681
B,1799,47.5698985808374,1616
B,1800,52.7327715442765,2381
B,1801,56.4138479675426,4894
B,1802,50.4963716117219,5413
B,1803,51.5399869907163,3473
B,1804,54.2391561312563,2967
B,1805,47.0698470465543,3185
B,1806,61.7946269053813,2750
B,1807,63.6875075016765,2676
B,1808,60.1843162248026,3011
B,1809,45.7540231386632,2125
B,1810,58.4811563423232,4514
B,1811,54.2828716288632,2906
B,1812,44.8500245064039,2104
B,1813,50.0829049113601,2863
B,1814,52.7983311968912,1762
B,1815,47.1648500568486,3226
B,1816,52.5179208289373,3791
B,1817,51.5597729794594,4053
B,1818,56.872054940059,4609
B,1819,49.4882041973845,3923
B,1820,54.0108732629708,2729
B,1821,46.7100341233243,4069
B,1822,51.692671572999,3401
B,1823,54.784733132718,3619
B,1824,52.1893899107822,3988
B,1825,49.2430855116232,3945
B,1826,55.0771818023393,4266
B,1827,48.7914153866306,3032
B,1828,52.0627275478993,2351
B,1829,51.0451440028789,2941
B,1830,58.4328522913151,2414
B,1831,50.4181332898351,2370
B,1832,49.3595790817687,2738
B,1833,69.42756892577,2524
B,1834,57.0133323464774,1977
B,1835,54.0441127653777,2617
B,1836,47.3192407871656,2969
B,1837,52.7803616940507,3987
B,1838,55.3922377675232,3039
B,1839,49.4658405271818,3226
B,1840,48.9240275484529,2587
B,1841,51.2725275732348,4836
B,1842,52.7149619350878,2327
B,1843,47.7505024883482,2375
B,1844,49.313513611758,2892
B,1845,48.7133232028046,2498
B,1846,44.5636492177673,2823
B,1847,55.9428787918939,3012
B,1848,57.4582261339547,2912
B,1849,50.1894926870051,4954
B,1850,52.3684843859181,4397
B,1851,44.6526209220864,2222
B,1852,46.3733588776915,4052
B,1853,57.4205639720541,3473
B,1854,47.0787378553616,3616
B,1855,57.8009778135072,2473
B,1856,51.7112798045842,3240
B,1857,49.877313055919,3315
B,1858,54.6626303347791,2978
B,1859,52.487183005185,3580
B,1860,49.6555541689387,3274
B,1861,48.6552480844761,4661
B,1862,45.2177415838824,2818
B,1863,53.5997283396874,3006
B,1864,53.5310798433795,4008
B,1865,46.5173666463505,2660
B,1866,49.9261017302601,2418
B,1867,43.9741984737241,3690
B,1868,46.9683342974207,1740
B,1869,44.1268633764218,1637
B,1870,56.5034923796377,1615
B,1871,46.2351395454577,1954
B,1872,52.3656074462334,2440
B,1873,38.6936131810368,2272
B,1874,43.25837991144,2778
B,1875,48.7618187747357,3613
B,1876,48.8019210443821,2781
B,1877,46.2821661883801,1414
B,1878,55.997692845148,2877
B,1879,44.4142367608905,2618
B,1880,55.531577753435,3384
B,1881,45.2059450297852,3700
B,1882,44.0402081072772,2277
B,1883,49.012350573878,2819
B,1884,51.4964983735129,3155
B,1885,45.6533253700367,2090
B,1886,51.9907120880746,4583
B,1887,52.7685385207104,2775
B,1888,49.8869400775046,3340
B,1889,54.5820339674353,2570
B,1890,42.8977530284017,2846
B,1891,51.7641571588831,3285
B,1892,50.316624572209,3370
B,1893,46.4589901644533,2459
B,1894,43.2929474506601,2378
B,1895,41.5182800320072,2408
B,1896,50.2020671613795,3161
B,1897,51.1629491730289,4359
B,1898,54.2683296176457,3885
B,1899,45.4279596603788,2512
B,1900,54.439177064765,2729
B,1901,47.7730678752669,3301
B,1902,51.077499969721,2296
B,1903,59.0068425240631,2308
B,1904,57.5654243838978,3340
B,1905,48.01529739722,3951
B,1906,51.0090571815934,3768
B,1907,54.4364815012081,2813
B,1908,37.4646010901148,1549
B,1909,45.9035954112152,2208
B,1910,51.6002478454316,5222
B,1911,48.5602573634037,3142
B,1912,49.7257788639871,2898
B,1913,54.6077940729427,2189
B,1914,50.0864849791032,2326
B,1915,45.2667287453473,3686
B,1916,51.5815693410796,4360
B,1917,45.079212702213,3676
B,1918,55.1106753895306,3377
B,1919,48.335759652471,2425
B,1920,47.568880507646,3916
B,1921,57.9034028778466,2410
B,1922,44.907617460603,3192
B,1923,51.7184598578637,3424
B,1924,58.3159419930166,2648
B,1925,51.4083205576518,1982
B,1926,50.2712955698353,2805
B,1927,54.8509354395199,2305
B,1928,43.0743964386552,2271
B,1929,51.6620082282633,1903
B,1930,45.6321516245865,3500
B,1931,49.1946662469619,2785
B,1932,53.8287351111379,2194
B,1933,55.0204395512523,3355
B,1934,46.7742902511847,3555
B,1935,56.8704901742935,3858
B,1936,58.6578100070341,2849
B,1937,40.4671255168256,2010
B,1938,47.3943863153752,2747
B,1939,52.508895349177,3847
B,1940,50.1163770658345,2215
B,1941,47.6403050350103,2987
B,1942,53.3106771897353,4268
B,1943,50.8419330223127,4910
B,1944,55.150004562273,4998
B,1945,49.4823537197437,2808
B,1946,59.8036642281582,2015
B,1947,48.1033690937994,5322
B,1948,54.7191476623325,2516
B,1949,47.5911040751827,2076
B,1950,47.1666434365352,3423
B,1951,54.0455950831979,3014
B,1952,48.6047839646178,2441
B,1953,48.3382315699701,4046
B,1954,52.1276400242637,4411
B,1955,50.9101674297974,4448
B,1956,55.504730265243,2251
B,1957,48.7938498752927,3116
B,1958,42.4883422424188,2304
B,1959,49.6009216714494,2658
B,1960,50.3257090579179,3223
B,1961,42.0302987542196,2049
B,1962,42.6326090135849,1947
B,1963,52.1763401969367,3185
B,1964,51.3432670375264,2545
B,1965,46.3875078168281,2384
B,1966,43.9046562069908,2724
B,1967,53.8775477266775,2795
B,1968,51.5574942790563,3557
B,1969,47.5576382458347,2850
B,1970,50.0953969555491,4904
B,1971,46.685901582337,2447
B,1972,47.5290988314615,3051
B,1973,47.263969880756,1911
B,1974,53.74569743128,3003
B,1975,52.9448899401428,4418
B,1976,57.541507043329,3077
B,1977,51.2273573679722,5204
B,1978,54.9788672738003,5951
B,1979,43.6255006787387,2553
B,1980,48.1033593423649,4384
B,1981,54.4131936626926,2681
B,1982,54.7297185407219,1960
B,1983,49.0028986778809,3761
B,1984,48.8280429501914,2037
B,1985,55.1706713606255,2389
B,1986,50.1564481471113,2863
B,1987,54.5051442866693,3090
B,1988,55.0817995526525,4049
B,1989,49.7120830861169,2645
B,1990,52.7843256116669,4663
B,1991,53.162405269053,3314
B,1992,52.2853994302358,2457
B,1993,50.6803674551573,3674
B,1994,48.1372532461642,2994
B,1995,44.6046084582737,1380
B,1996,47.2455415349807,2687
B,1997,54.1288718326389,2974
B,1998,53.9964821128859,3923
B,1999,56.1774875137498,3405
B,2000,46.8418145837008,2729
B,2001,45.3065209195281,1783
B,2002,44.7167499579943,2661
B,2003,53.3079620319998,3699
B,2004,46.7500431552449,2146
B,2005,53.0224653828001,2361
B,2006,53.2897727543947,3333
B,2007,49.0607538079631,2751
B,2008,50.7173171477721,2965
B,2009,45.668579676619,2776
B,2010,50.3940407986166,2784
B,2011,40.946805000719,1736
B,2012,48.1760932646043,2268
B,2013,36.4737239941859,2359
B,2014,43.6853396006506,2204
B,2015,56.3690551241613,2300
B,2016,47.8050371578151,4044
B,2017,49.7785263128023,3202
B,2018,51.1901512792854,3364
B,2019,56.610383766771,3788
B,2020,49.3774600580577,2013
B,2021,54.9460013150364,1943
B,2022,51.8415921073102,3307
B,2023,52.7996815816806,2838
B,2024,45.9442987383069,2519
B,2025,49.8708476358529,3104
B,2026,44.6779950104228,2143
B,2027,52.6976091775613,2596
B,2028,48.814775358505,4234
B,2029,53.2132620251378,2171
B,2030,48.3745264867675,3476
B,2031,41.5978670605406,2543
B,2032,49.9856769427234,2250
B,2033,52.4823313152327,3861
B,2034,51.7097886897599,2291
B,2035,50.0408723132923,1610
B,2036,43.3435977424803,2372
B,2037,58.2784455907996,3032
B,2038,45.6800436440706,3679
B,2039,53.2227927285151,3143
B,2040,52.8888048774499,3307
B,2041,45.1448357935625,1739
B,2042,49.0448150648262,2720
B,2043,47.9586993105363,2647
B,2044,57.0696896557673,2355
B,2045,47.0693635206319,2974
B,2046,50.9137544848677,4194
B,2047,50.8394116285256,3207
B,2048,52.379622353967,2943
B,2049,51.1764809799882,3454
B,2050,55.511593414484,3100
B,2051,51.3891341690049,2962
B,2052,48.4552676446722,3103
B,2053,55.0795370668592,4294
B,2054,51.3496340570044,3384
B,2055,56.0873781008621,3774
B,2056,56.2326689501733,3400
B,2057,49.1249402152063,3372
B,2058,48.9633481489636,2542
B,2059,54.0112503590651,3245
B,2060,45.9341666368732,2088
B,2061,57.0481843307449,4440
B,2062,56.8371884551376,3349
B,2063,50.5994370789571,1721
B,2064,55.5351046552795,3575
B,2065,51.5876951591016,3416
B,2066,50.3085805396844,6556
B,2067,50.2408884444401,3480
B,2068,49.5268623782894,3586
B,2069,49.1657284272943,2780
B,2070,51.3442668811992,4820
B,2071,49.1890620121337,4681
B,2072,47.7229430995294,2286
B,2073,49.2291846539734,2637
B,2074,53.1514826080835,1652
B,2075,51.757405309105,4394
B,2076,48.899364852069,5700
B,2077,49.3996333887581,2899
B,2078,50.053561750177,3338
B,2079,53.2858760377876,2159
B,2080,45.9291728996593,1597
B,2081,54.6341921140358,3137
B,2082,46.5419999859942,3524
B,2083,48.8944600541533,4269
B,2084,46.1790371686825,2476
B,2085,55.2484394569261,3642
B,2086,50.1611631147697,2957
B,2087,62.1179334197955,3037
B,2088,48.245229606714,2830
B,2089,44.5442381272268,2799
B,2090,52.5258812654427,5244
B,2091,40.4310388082313,1779
B,2092,47.514622866516,4020
B,2093,51.283817861987,2711
B,2094,48.5810697951662,3246
B,2095,47.975924416247,3710
B,2096,52.8116818220391,2464
B,2097,56.8557935635567,4513
B,2098,55.5894658116897,4071
B,2099,57.3776658350562,2259
B,2100,48.6141703458516,3094
B,2101,46.6264399899617,2515
B,2102,50.7797688657641,1854
B,2103,49.5821133100367,2878
B,2104,47.576839578695,1661
B,2105,49.7361082913751,1992
B,2106,49.1284621633161,2923
B,2107,49.3964585745317,3445
B,2108,48.7114551046159,2628
B,2109,51.1120043342119,2782
B,2110,56.2763737727953,3610
B,2111,40.5935699553731,2770
B,2112,47.8063187040963,3089
B,2113,53.2525165084831,3893
B,2114,48.0901931063269,3521
B,2115,47.398210261712,3211
B,2116,44.8294116985895,2261
B,2117,52.1400194944104,2415
B,2118,50.5770473524657,3696
B,2119,44.3776533662016,1914
B,2120,47.8576329312086,3471
B,2121,54.6081134492497,2268
B,2122,48.8739408214686,4430
B,2123,57.3983932020214,3764
B,2124,47.9653543763983,3392
B,2125,52.6289188278302,3418
B,2126,48.9305930618901,3223
B,2127,55.4452643501882,2684
B,2128,46.3627513501447,2589
B,2129,49.2522250740526,2063
B,2130,51.9257799602432,2293
B,2131,57.6015240362298,3002
B,2132,55.1500557866813,3269
B,2133,54.5591798533102,4592
B,2134,48.2984644098009,2283
B,2135,53.0848259988319,3160
B,2136,54.6763392791279,2298
B,2137,51.2337023347497,4210
B,2138,46.7544592624026,3182
B,2139,48.6357436693162,2868
B,2140,49.3461692201161,1179
B,2141,53.991421112101,2287
B,2142,49.6220216014576,2810
B,2143,46.781988970188,2290
B,2144,49.0325157701383,2920
B,2145,53.2891543981742,2944
B,2146,48.1919297207573,4302
B,2147,50.0710387544231,4578
B,2148,45.9946656774913,2832
B,2149,49.8091194886966,4196
B,2150,56.6512631444075,4076
B,2151,50.4146140850404,2943
B,2152,42.9505276024529,2422
B,2153,55.9951743706497,2357
B,2154,44.8221319144642,2594
B,2155,55.0828549705435,1891
B,2156,56.6760944389286,2627
B,2157,54.3181217973818,3083
B,2158,47.0591156961776,2639
B,2159,44.2406992732548,2193
B,2160,54.2906053327051,1864
B,2161,56.1436375727728,3392
B,2162,52.0819727342017,3614
B,2163,53.0337206625401,3261
B,2164,50.2899506427997,2336
B,2165,51.3904866974801,4677
B,2166,53.4849379816141,3435
B,2167,47.8210994814818,3946
B,2168,50.6606625973556,2912
B,2169,48.6170005077379,3898
B,2170,53.9267385692433,2123
B,2171,52.5812052444293,4464
B,2172,65.644648200273,2056
B,2173,47.1468386760437,3854
B,2174,56.0456740896262,2238
B,2175,50.2467479274097,4657
B,2176,50.8317158872583,3199
B,2177,54.1172669855064,4328
B,2178,45.2610354027104,1905
B,2179,53.2232653484541,1730
B,2180,42.2910030697498,2611
B,2181,49.6710545070804,4163
B,2182,49.3061675286426,2496
B,2183,45.3648660542193,3166
B,2184,44.6450109891805,2443
B,2185,47.6304274246547,3143
B,2186,49.9707743121345,2769
B,2187,57.974664844458,3681
B,2188,50.2276798389752,3214
B,2189,52.1828689903732,1911
B,2190,45.2820167480231,2691
B,2191,49.2071494064916,3320
B,2192,53.3268196751601,4042
B,2193,54.7078358673093,3089
B,2194,46.329243213173,2559
B,2195,49.02837502873,2965
B,2196,62.8712312034238,1745
B,2197,55.5779369528844,4554
B,2198,41.4675905930163,2233
B,2199,45.369728581289,2968
B,2200,51.7083340052955,4958
B,2201,46.1944693651955,2237
B,2202,49.9856847591298,3832
B,2203,37.1863293800176,2416
B,2204,43.8363344893306,3182
B,2205,52.1328650822983,3383
B,2206,52.136685630496,6140
B,2207,54.6255802577151,2223
B,2208,51.7647246166249,4186
B,2209,51.2221661738376,4239
B,2210,54.0022920285083,3381
B,2211,57.900411841774,3388
B,2212,43.967960014636,2477
B,2213,53.5228750400068,4105
B,2214,50.5667110057267,3298
B,2215,54.0030077259331,1761
B,2216,53.2278885825946,3764
B,2217,47.5430756139718,2026
B,2218,49.1108481523057,2410
B,2219,43.5674007118125,2112
B,2220,55.2800805749178,4707
B,2221,44.3080108939923,2577
B,2222,52.2311484302351,1680
B,2223,50.0964152248066,4036
B,2224,49.3939688045152,2955
B,2225,54.4909217320839,3552
B,2226,50.4488027235988,2658
B,2227,41.3769907589281,1743
B,2228,51.0949364494762,3021
B,2229,47.2522142893742,2991
B,2230,51.5498686933133,3187
B,2231,56.5651373028844,2419
B,2232,52.7987332274719,5092
B,2233,46.5796288159738,2633
B,2234,58.2358525975826,1354
B,2235,46.8734498594319,2601
B,2236,50.3411899792848,4301
B,2237,42.687158304512,2250
B,2238,55.2624041228251,4046
B,2239,56.0388020821233,2867
B,2240,55.0563130152873,2946
B,2241,53.6960326550397,3015
B,2242,47.641151798717,3195
B,2243,48.7487245345648,2051
B,2244,56.3427725252694,2623
B,2245,60.0680626056631,2124
B,2246,42.6662497721042,1915
B,2247,49.7913814717295,2816
B,2248,53.5702230201512,4788
B,2249,54.9018041303256,2307
B,2250,57.0916792895213,2831
B,2251,48.5350121525159,2564
B,2252,53.5839005385853,4893
B,2253,53.248791465297,3566
B,2254,58.6107948175785,2901
B,2255,49.5382142103401,2543
B,2256,47.4152322113943,3740
B,2257,50.4706783906627,1963
B,2258,46.1237807529321,2296
B,2259,54.8621188545185,2966
B,2260,54.119665292062,3826
B,2261,48.5052602004063,3351
B,2262,48.1249923261975,2843
B,2263,49.3124825057488,1514
B,2264,50.6402445778916,2361
B,2265,50.1622457132656,4908
B,2266,55.796925098866,3426
B,2267,40.0953702681606,1689
B,2268,42.7975768155072,2540
B,2269,50.2619351362537,3680
B,2270,49.5779858345829,2354
B,2271,49.8184830805375,2538
B,2272,53.6668120378223,4573
B,2273,50.0995384637318,2277
B,2274,51.6657983415493,2955
B,2275,51.0590344647649,2641
B,2276,53.1549513252857,3082
B,2277,47.5601278504441,2222
B,2278,44.7738702521856,2970
B,2279,49.36080123566,2378
B,2280,57.734598322929,3351
B,2281,42.0229597771737,1951
B,2282,54.179384331755,2943
B,2283,44.6813290107659,3337
B,2284,51.5433520915883,2910
B,2285,50.6469317583345,2654
B,2286,50.5386692494632,2515
B,2287,45.7545795340865,3756
B,2288,50.7489813584573,3604
B,2289,47.6882009251606,2825
B,2290,52.2277720980637,3458
B,2291,46.9596415114572,2755
B,2292,61.1952596790441,2152
B,2293,50.8488161279034,3691
B,2294,55.3849747242446,3046
B,2295,54.5797291525786,2352
B,2296,42.8891217415163,2645
B,2297,46.5612201279852,3818
B,2298,49.0438695109136,3831
B,2299,52.8967098463784,2612
B,2300,49.4598786377658,2452
B,2301,47.0542414351252,3497
B,2302,53.4422067507371,3608
B,2303,48.3359063128801,1676
B,2304,53.7664746879661,1885
B,2305,51.5324922748509,2087
B,2306,58.135938324958,2942
B,2307,48.2433043139751,2475
B,2308,52.0893181726709,4807
B,2309,55.9415930298129,3746
B,2310,47.3144024341528,2506
B,2311,51.9955039348247,1361
B,2312,45.1871339606162,1937
B,2313,53.0002157109119,3801
B,2314,42.8942515900731,3017
B,2315,50.7271079655484,4285
B,2316,46.7090884034518,2808
B,2317,51.2074517029332,2377
B,2318,46.3846651158073,2295
B,2319,59.3812495712506,1349
B,2320,45.2562675604316,2817
B,2321,49.4749741124403,3739
B,2322,50.3718619649067,3636
B,2323,57.7907006950837,1734
B,2324,42.8554255144095,2542
B,2325,53.5366527471605,1931
B,2326,42.245909915738,2588
B,2327,48.4388976566308,2429
B,2328,43.7898006002726,1680
B,2329,57.5828028166509,3713
B,2330,51.664183659471,2643
B,2331,54.3076237264945,2273
B,2332,46.9454548771385,2276
B,2333,42.8244028153356,2164
B,2334,51.7129462736552,2688
B,2335,46.7986147968557,2458
B,2336,44.2216194436968,1807
B,2337,55.6932389738173,2307
B,2338,50.7120046724569,4829
B,2339,56.815370623436,3385
B,2340,53.470447459305,2662
B,2341,49.0039137030768,3762
B,2342,46.6243524643694,3280
B,2343,57.2130584666283,3080
B,2344,47.3697546047534,2849
B,2345,51.796105873643,3899
B,2346,53.2758029657689,2497
B,2347,43.3977584707322,1908
B,2348,37.5229512109064,1924
B,2349,56.0854403301516,4330
B,2350,50.5808536714025,3522
B,2351,37.127046659955,1885
B,2352,54.7704231908229,2744
B,2353,47.1314844159809,3640
B,2354,47.2175289157341,4110
B,2355,56.9851856333319,3562
B,2356,52.542844949444,3783
B,2357,56.8769041070185,4937
B,2358,51.4490502319104,4003
B,2359,45.3044588333112,2502
B,2360,42.3828556173962,2754
B,2361,48.3308485952582,3042
B,2362,47.45016197155,3244
B,2363,41.5176971199498,1885
B,2364,46.693187156653,3175
B,2365,49.9303426069529,3710
B,2366,38.4052905305254,1735
B,2367,63.9354124405071,1233
B,2368,59.8220773318648,2290
B,2369,44.072651690898,1672
B,2370,46.0206899718638,2552
B,2371,54.4110314686939,3039
B,2372,52.4612104533946,1889
B,2373,59.6878904989707,4024
B,2374,49.3226019525344,1850
B,2375,48.1384499211929,5146
B,2376,56.8841840402062,4444
B,2377,53.3670366900511,2369
B,2378,45.4227175368695,2838
B,2379,45.7710844794451,1369
B,2380,50.6148204286891,5050
B,2381,53.1476165802518,2867
B,2382,57.5231237996314,2552
B,2383,46.8708834284463,2512
B,2384,44.1297440541481,3476
B,2385,50.0263332936196,3115
B,2386,47.2537484798483,3750
B,2387,57.4465278209987,2938
B,2388,49.8610945753274,4402
B,2389,43.4640522778196,3029
B,2390,51.7470415627388,3170
B,2391,50.2036511503393,2646
B,2392,56.0523145313845,2574
B,2393,52.0862631294524,2371
B,2394,54.2314088773108,3455
B,2395,67.4696826157847,1329
B,2396,51.1035636216439,3342
B,2397,51.3605605021817,3302
B,2398,51.3334134564857,5137
B,2399,55.8405468080385,3021
B,2400,40.1533207142538,1518
B,2401,43.5172085472383,2840
B,2402,43.3247719414451,1994
B,2403,54.3527678254924,2501
B,2404,53.3677899149131,2975
B,2405,43.542587404579,2370
B,2406,55.9948230640304,4468
B,2407,58.6481264341684,3205
B,2408,49.3953613914746,2562
B,2409,37.9363928476955,1759
B,2410,51.9742980604395,4202
B,2411,51.9724812343205,3909
B,2412,49.8315906172181,3067
B,2413,46.8135231792348,2958
B,2414,49.8560176190219,3560
B,2415,43.4615088411095,1444
B,2416,41.9001109687555,2265
B,2417,49.7801413608965,3311
B,2418,56.0149588739359,3454
B,2419,47.374231826856,2953
B,2420,47.1582420683924,2972
B,2421,49.3368286954308,2546
B,2422,51.5281139367766,2716
B,2423,41.477171316074,3107
B,2424,61.5540348478588,2167
B,2425,41.4509908526625,2368
B,2426,38.237005732338,1667
B,2427,52.4316018522914,5419
B,2428,52.0205576414703,3496
B,2429,55.6081859504386,3671
B,2430,53.6757835998642,2350
B,2431,58.2240068078852,1954
B,2432,43.8163161345452,2239
B,2433,53.2272764232705,4823
B,2434,52.5869500489395,3104
B,2435,47.0439452607015,2785
B,2436,42.2831297936128,2174
B,2437,55.366922359561,2050
B,2438,47.7528277595238,3089
B,2439,57.2991010014519,2651
B,2440,49.2104273683087,3376
B,2441,49.93042207981,4077
B,2442,53.3068545390304,3390
B,2443,48.630967512317,3393
B,2444,49.1331021067125,3334
B,2445,51.0044396235359,3665
B,2446,51.5075388433924,3018
B,2447,53.5043158416794,2610
B,2448,48.3161339294031,2498
B,2449,55.5498941163448,3942
B,2450,47.8967756706783,3557
B,2451,59.2034186620867,2285
B,2452,67.1500926858692,2166
B,2453,49.1739589582855,3204
B,2454,46.8659865920469,2729
B,2455,50.2059938465083,3307
B,2456,47.2767103413013,3272
B,2457,51.8548343932489,2393
B,2458,51.8702658501348,4668
B,2459,54.7310179638911,3100
B,2460,52.6107479562004,4606
B,2461,45.944815003855,2713
B,2462,45.6329000648071,3669
B,2463,54.749941774341,2914
B,2464,59.0043788015279,1637
B,2465,50.6366161570266,3560
B,2466,49.7286562158524,3866
B,2467,53.3103873310996,2411
B,2468,50.1870998918637,4960
B,2469,71.0931759959622,2048
B,2470,51.2921584935971,2983
B,2471,49.180318712881,2811
B,2472,41.9275666005046,1979
B,2473,50.0055515892695,3469
B,2474,47.580607828878,3673
B,2475,53.9715022091617,2958
B,2476,55.404783864234,3519
B,2477,49.3130094293038,2935
B,2478,54.1689865302322,4587
B,2479,49.7666556646767,2410
B,2480,54.9238586345464,1804
B,2481,45.3275193952121,2961
B,2482,50.3633438556705,3399
B,2483,49.4803327470608,4615
B,2484,47.2428160637594,2010
B,2485,46.4726128661679,1833
B,2486,48.6613593042054,1075
B,2487,46.3545774284736,1376
B,2488,45.0820092751752,2731
B,2489,55.9707300908933,3074
B,2490,41.9252784091167,2483
B,2491,49.4505504135844,3297
B,2492,50.8298016706329,2696
B,2493,47.5512966549226,2035
B,2494,51.501862865907,3524
B,2495,46.350080614193,2746
B,2496,47.0398273669589,3251
B,2497,52.9374054605026,3363
B,2498,54.4509610164725,2967
B,2499,52.0429913662258,4311
B,2500,51.4797287764506,3819
B,2501,46.0645749150645,3032
B,2502,49.219516046201,2837
B,2503,51.3515241743318,2074
B,2504,42.4862485548968,2235
B,2505,52.7038182453406,2504
B,2506,54.6992940321594,2347
B,2507,58.2020666109247,2798
B,2508,52.8119979397505,3686
B,2509,52.5238632072951,1973
B,2510,45.8436991626777,2889
B,2511,51.3399941557088,2477
B,2512,53.1819318933059,3324
B,2513,48.1544838782154,3171
B,2514,52.5914018643143,3335
B,2515,51.9348407102725,3512
B,2516,52.289088352345,4656
B,2517,40.7683592075879,2019
B,2518,49.3243775462791,3585
B,2519,52.538936404035,4245
B,2520,46.5767415489925,3896
B,2521,48.095867067103,2921
B,2522,50.994079273014,1514
B,2523,50.9186532199979,2507
B,2524,50.1144714638717,2347
B,2525,52.7031509374513,3217
B,2526,51.491142840136,1758
B,2527,38.4182754764897,2331
B,2528,53.9358384771077,1982
B,2529,46.1719498444171,2659
B,2530,48.6755705499836,3233
B,2531,59.90198506411,2058
B,2532,47.321093659662,5177
B,2533,56.6528740872667,2651
B,2534,48.0741567686425,3084
B,2535,54.2664645967307,2926
B,2536,50.3294196771037,4154
B,2537,57.9609224256088,2164
B,2538,45.7051425588255,2333
B,2539,53.1309112730481,4569
B,2540,53.2655579703506,3354
B,2541,57.552598335933,2972
B,2542,56.1978674558674,3704
B,2543,51.0948702350653,2868
B,2544,46.8231604736035,3742
B,2545,53.5007824655315,1802
B,2546,47.0121097272679,3599
B,2547,50.7782772616319,3498
B,2548,51.0334892397357,3241
B,2549,49.4871204647255,4230
B,2550,47.4823099225613,2482
B,2551,54.6225328870713,3100
B,2552,49.8915934285243,3993
B,2553,56.4052884468117,3458
B,2554,53.8802809788479,4351
B,2555,54.183387378372,1990
B,2556,45.4074101101303,2306
B,2557,55.5886328923815,2569
B,2558,55.8259023673434,2418
B,2559,49.4262700282229,5283
B,2560,49.6804681872801,2744
B,2561,56.4229416401561,3265
B,2562,48.7838776445946,3322
B,2563,53.6066044693906,2391
B,2564,58.0822432396983,2454
B,2565,52.4463415975032,4157
B,2566,52.6899110480448,2602
B,2567,51.3128398215017,5016
B,2568,46.8173099571818,3217
B,2569,46.8732166966213,4112
B,2570,43.5409729679221,2848
B,2571,45.391539075711,3210
B,2572,51.4092797080257,3757
B,2573,52.8808442238168,3398
B,2574,55.4749154102875,4441
B,2575,47.9370387647897,2555
B,2576,53.8791252879434,4522
B,2577,48.011508266268,4875
B,2578,48.3972604451344,3215
B,2579,49.6738761771149,3849
B,2580,46.2903607763494,2471
B,2581,48.2558268542882,3668
B,2582,55.4792093732735,3683
B,2583,46.3453300017086,4661
B,2584,47.4086094353234,2563
B,2585,49.753806057687,3610
B,2586,55.8600180291059,3024
B,2587,47.8614254265749,2588
B,2588,47.9610014305841,2661
B,2589,51.6298740653452,2512
B,2590,40.6068863605294,1833
B,2591,49.9914612221216,2981
B,2592,54.0560656569318,3864
B,2593,47.3016344850276,3615
B,2594,47.1917937662553,2671
B,2595,49.8286545135049,2307
B,2596,43.7652478372976,2021
B,2597,47.9934618211414,2937
B,2598,54.873669161972,2483
B,2599,52.7953223896967,3487
B,2600,44.4557604190776,2372
B,2601,57.0674070092562,3262
B,2602,48.1225776647248,3344
B,2603,45.9445647741529,1823
B,2604,62.8378807635797,2258
B,2605,51.8195920284635,1705
B,2606,51.074281663194,3207
B,2607,47.3748747496482,2924
B,2608,50.3617854419589,2741
B,2609,52.2599161354691,4324
B,2610,51.038089917544,3695
B,2611,52.175282048547,5117
B,2612,53.1838740233664,3569
B,2613,50.5654399234972,2439
B,2614,52.8907301092919,2449
B,2615,44.3940183403564,1734
B,2616,49.5482251765193,3130
B,2617,49.2052009832098,4343
B,2618,54.2005189209029,2377
B,2619,49.6214577732278,2383
B,2620,54.8603862140149,4159
B,2621,48.6635358797472,2781
B,2622,50.4721897430135,1996
B,2623,48.7781372750338,3383
B,2624,51.3017730351545,3070
B,2625,47.014123275502,4591
B,2626,58.1722098041064,3311
B,2627,61.6691788702719,3026
B,2628,48.9114388092708,3260
B,2629,50.1145077267366,2639
B,2630,54.305194679689,3683
B,2631,50.3271000949334,2972
B,2632,60.1426100824311,2188
B,2633,51.6060490612993,2342
B,2634,43.1887569448615,2640
B,2635,49.6699821078279,2023
B,2636,48.607328305774,3441
B,2637,52.8994625843994,3287
B,2638,52.6898391208974,3058
B,2639,56.2794567686529,4412
B,2640,47.9745668595161,3883
B,2641,49.5820130648179,2009
B,2642,55.8109276848158,3347
B,2643,53.3140710959191,2815
B,2644,54.8651259146742,2059
B,2645,42.5498915256141,2095
B,2646,50.188849685329,3079
B,2647,43.4148214294377,1735
B,2648,48.4707940014985,3104
B,2649,51.3126547918115,2995
B,2650,52.8974601906722,2747
B,2651,59.2283254234996,1885
B,2652,46.0253263777303,3626
B,2653,55.4380480731338,3592
B,2654,47.5226694786513,2601
B,2655,49.0229736952503,3985
B,2656,59.0029808820596,1890
B,2657,53.1021128368871,1838
B,2658,42.7259426472476,1847
B,2659,47.5428406403334,3794
B,2660,52.8524313280085,4200
B,2661,46.0829922854674,3065
B,2662,52.6199419610327,3377
B,2663,53.8940061678362,1686
B,2664,48.006496915888,1562
B,2665,48.8855911629568,2373
B,2666,55.2348969745908,3888
B,2667,57.1122663619345,2977
B,2668,44.6281195929867,3146
B,2669,54.1948884514574,3415
B,2670,51.9599478586228,4200
B,2671,56.0116428109579,2716
B,2672,48.2189511558239,3225
B,2673,42.6394461569781,1797
B,2674,48.5247434311934,2297
B,2675,56.393839821153,3026
B,2676,47.7937752031602,4389
B,2677,52.3789626882931,3518
B,2678,50.8282774133273,3400
B,2679,64.1644397171542,2145
B,2680,50.0963754258197,4092
B,2681,50.8578383179471,2716
B,2682,48.0349292259463,2455
B,2683,56.4950990364037,3243
B,2684,41.4602247926623,2802
B,2685,55.0741116376287,3240
B,2686,48.9358410883333,3508
B,2687,47.9341725098526,3288
B,2688,44.9973392575276,3226
B,2689,53.835527488364,2813
B,2690,56.937400607576,3414
B,2691,51.5150081444418,2501
B,2692,49.8304235443799,2893
B,2693,49.261765902291,3255
B,2694,53.8082184734169,5060
B,2695,54.6097766175699,1852
B,2696,44.6829373899321,2743
B,2697,50.4200253533065,1915
B,2698,50.6211866070209,4126
B,2699,49.0193382469293,1496
B,2700,54.2340172680232,5081
B,2701,53.3542053247471,3714
B,2702,52.758894663579,3959
B,2703,44.6292706160364,2052
B,2704,48.6123670204767,3697
B,2705,48.6771567977697,2785
B,2706,43.6208625771599,2826
B,2707,47.2068366643879,2524
B,2708,51.1970889673457,3374
B,2709,45.1608518282725,2922
B,2710,52.9085271986623,2980
B,2711,50.1597216194117,3870
B,2712,52.4121730798885,1836
B,2713,49.4040689386875,2409
B,2714,43.524907978045,3065
B,2715,49.2069884702141,3221
B,2716,52.3700967414356,2710
B,2717,49.2808577165418,2830
B,2718,57.4619199553954,2095
B,2719,49.7593916257249,4084
B,2720,53.1038908244805,3018
B,2721,45.7574875595262,3902
B,2722,49.7673348357794,4852
B,2723,53.9728418372359,3685
B,2724,47.704300159211,4320
B,2725,39.1957142374343,2696
B,2726,45.8025679073746,2431
B,2727,48.9696824122494,3401
B,2728,48.5299405564768,2730
B,2729,52.0343773059917,2818
B,2730,50.8902958086441,3600
B,2731,55.5656689909929,4326
B,2732,57.2816732746123,2841
B,2733,43.6485883989619,2876
B,2734,48.0972169286952,2767
B,2735,49.4724733753287,3402
B,2736,47.5945705291208,3739
B,2737,50.0418507529876,2917
B,2738,47.7103716591611,3479
B,2739,47.3391392428816,3740
B,2740,44.7793253420388,1761
B,2741,54.7442226138538,4045
B,2742,56.4675586699833,3038
B,2743,49.8990137398817,2687
B,2744,50.9090911389236,5050
B,2745,58.7711776930698,2628
B,2746,50.6865321374253,2593
B,2747,53.5494629737026,1902
B,2748,56.7428340632995,3630
B,2749,43.0635883608964,2021
B,2750,55.5057752770646,2170
B,2751,52.9697027002223,3146
B,2752,55.1538483782453,1584
B,2753,50.7741719170163,2576
B,2754,51.3092432252647,2628
B,2755,48.5149421837631,1953
B,2756,55.6529200875879,4197
B,2757,53.933594113068,3190
B,2758,55.799307488614,2410
B,2759,46.6551883075752,4550
B,2760,47.377475904169,2309
B,2761,55.3473395032591,3172
B,2762,48.2033835944539,3813
B,2763,50.3697889042478,2348
B,2764,59.8751006759534,2411
B,2765,44.587132432521,1877
B,2766,52.2910972886013,4067
B,2767,48.2699015903534,3249
B,2768,47.4090258649047,1951
B,2769,55.4816330504658,6443
B,2770,55.7605756157643,3413
B,2771,49.8545592950181,3170
B,2772,55.5229577949729,3345
B,2773,52.1738840084229,2927
B,2774,55.5368119005449,3865
B,2775,49.0596360553792,4446
B,2776,52.479951377684,3618
B,2777,49.3435943112337,2732
B,2778,40.5338907593945,2015
B,2779,52.0426290068768,2243
B,2780,42.655489035872,1672
B,2781,50.5701388907345,4536
B,2782,49.1572848109754,3059
B,2783,49.2072035616782,3956
B,2784,50.8417382555383,4215
B,2785,54.0567915633757,2201
B,2786,54.9445143184248,4186
B,2787,51.3972768922353,2322
B,2788,45.2298278860648,2401
B,2789,48.5604461162978,2736
B,2790,45.8409354154116,2747
B,2791,39.061262406799,1953
B,2792,47.2455953766727,1532
B,2793,48.3599995777249,4408
B,2794,47.8622623086307,2927
B,2795,50.1495021801993,3526
B,2796,56.3845963846889,2531
B,2797,43.2877720196917,2136
B,2798,45.1761488899839,1482
B,2799,51.6707370280823,2836
B,2800,51.6041839894573,3736
B,2801,57.2467028811342,4552
B,2802,47.1680904827284,2132
B,2803,48.786751238946,2342
B,2804,53.5877555681901,4081
B,2805,54.8286600144362,3380
B,2806,47.3177797576841,2231
B,2807,61.1226634044015,1908
B,2808,51.8518822840774,3259
B,2809,42.2410021471055,2944
B,2810,49.1144594234262,3159
B,2811,58.9702836372662,1981
B,2812,52.2743897783394,1830
B,2813,47.7736424827421,2625
B,2814,65.6867824630433,1667
B,2815,54.6418683255294,4153
B,2816,52.5480455328159,2227
B,2817,49.4488206292804,3541
B,2818,57.7092797311435,4288
B,2819,40.9466737110507,1749
B,2820,47.2897765408133,3202
B,2821,52.4343388692243,3655
B,2822,45.0286942927458,3170
B,2823,51.494509890433,3877
B,2824,47.6336368397718,2875
B,2825,49.7728230139256,3696
B,2826,45.4351980154626,2567
B,2827,45.7833266123892,2377
B,2828,51.4006718516972,4757
B,2829,47.8069141824434,3753
B,2830,45.854336272041,2562
B,2831,50.7749366583591,3336
B,2832,50.3063492197147,3939
B,2833,52.2220671053426,1846
B,2834,50.9140658438926,2775
B,2835,52.3278791224285,1995
B,2836,53.6096860840373,2431
B,2837,61.1730739020963,1745
B,2838,58.6398679619755,5079
B,2839,54.0051710552459,3965
B,2840,53.0713935133851,3585
B,2841,50.7577078735988,4830
B,2842,51.7109257307032,2377
B,2843,46.1042550215803,2422
B,2844,50.9506690310294,2068
B,2845,52.4221023843192,3040
B,2846,47.6915263047004,2286
B,2847,42.5306784023559,2798
B,2848,55.2571262536129,2965
B,2849,43.6949356446816,2402
B,2850,57.6169864519468,4152
B,2851,48.8602197103228,2384
B,2852,52.3774778296743,5048
B,2853,48.7559757533257,3479
B,2854,47.8705505041926,3099
B,2855,45.3942681721427,3347
B,2856,51.3930886458997,3055
B,2857,35.2914281435934,2245
B,2858,43.4659683258056,2812
B,2859,49.7322643515519,5147
B,2860,50.7721961251455,3301
B,2861,51.8792179143442,2063
B,2862,49.7084995472247,2342
B,2863,49.4198238156575,1988
B,2864,55.9686002479401,1928
B,2865,54.2936876741524,4441
B,2866,54.5513878678857,2755
B,2867,52.5950170316421,3938
B,2868,51.0191655086029,3691
B,2869,47.3483334014052,4458
B,2870,48.7963235587103,2970
B,2871,54.3789547500439,2196
B,2872,49.6358346663429,1988
B,2873,53.0684048421624,3025
B,2874,42.8824387337622,2162
B,2875,52.2966900090833,3423
B,2876,53.6294450530531,3791
B,2877,47.6768602010322,2321
B,2878,49.3734631502286,2306
B,2879,56.2016347796503,2049
B,2880,47.3918239203928,1591
B,2881,44.0379598435466,2548
B,2882,43.1427329245623,3383
B,2883,46.3870423214654,1450
B,2884,41.5709518309449,1543
B,2885,49.380213348777,1924
B,2886,43.7931616485636,2587
B,2887,61.0700627654889,2233
B,2888,48.6359092453364,2677
B,2889,48.9529051248997,2619
B,2890,56.7315141842272,1913
B,2891,54.7313675311151,3260
B,2892,44.2919052822526,4203
B,2893,56.7348769044444,2376
B,2894,51.2500829496591,3390
B,2895,48.1183793388751,3833
B,2896,48.251508077692,4380
B,2897,50.1964910650147,3829
B,2898,46.6911098039736,1968
B,2899,46.9982310224203,1733
B,2900,43.3839318370566,2809
B,2901,49.9084706542595,3472
B,2902,49.1264774430762,3695
B,2903,50.1159581599434,3898
B,2904,45.5615074084382,3515
B,2905,48.8632421661218,3139
B,2906,54.9335623452399,3955
B,2907,52.8931322993625,4235
B,2908,49.3297253744676,4309
B,2909,55.4387982730914,3353
B,2910,43.6945800623262,2943
B,2911,55.5554500117543,3130
B,2912,53.1339941480444,3557
B,2913,47.3268070174158,1713
B,2914,54.6765885165179,4562
B,2915,51.0978048215753,3997
B,2916,50.4637975331938,3054
B,2917,48.6927742815403,4057
B,2918,51.2321283184241,3139
B,2919,46.0505038638589,4433
B,2920,47.2775362076721,2840
B,2921,58.367740355977,2364
B,2922,52.2708669604566,4297
B,2923,41.3754974115496,2059
B,2924,40.8872462878633,2307
B,2925,46.6778593564326,2750
B,2926,50.7223603277783,3309
B,2927,49.1466089509323,3154
B,2928,53.2700545696219,3982
B,2929,53.8575909158233,2551
B,2930,53.517770331146,2610
B,2931,57.871233644852,3735
B,2932,52.4063053573243,5378
B,2933,48.9728270306957,2563
B,2934,55.5109016830905,3667
B,2935,58.8211667655908,4281
B,2936,58.6237712579887,2670
B,2937,53.7803560225277,2954
B,2938,48.8392983792481,2714
B,2939,54.908900809751,3969
B,2940,48.024614560909,2408
B,2941,54.3141506693013,3371
B,2942,56.323521957962,3459
B,2943,47.2409109540012,2508
B,2944,48.1642291978518,2353
B,2945,58.8769902323207,2961
B,2946,49.5093480022119,2005
B,2947,52.5396345036726,1807
B,2948,44.6692572449687,3040
B,2949,42.6892987105615,1648
B,2950,46.0212728908445,2249
B,2951,42.5377147505726,1778
B,2952,47.1587412635585,2202
B,2953,47.457604419339,3271
B,2954,50.4786811460577,2948
B,2955,50.1977121995836,2942
B,2956,48.3626327294724,3113
B,2957,55.2258319635229,1559
B,2958,46.8248692343959,3974
B,2959,50.6673052633497,1775
B,2960,55.5565943655969,2359
B,2961,53.7848480885804,3302
B,2962,48.1298007666277,2893
B,2963,48.412595005897,3769
B,2964,59.0564054072108,2100
B,2965,55.59151491351,4269
B,2966,48.3346533174541,3377
B,2967,52.1171239542906,4147
B,2968,53.0769494734915,3140
B,2969,47.4938258017692,3421
B,2970,47.2765156199438,1815
B,2971,62.29256721678,3319
B,2972,56.2743754876105,1723
B,2973,53.5197851353879,2126
B,2974,50.5090321016438,4215
B,2975,51.0946289995089,4079
B,2976,54.2855916350305,3591
B,2977,52.5813088336124,3390
B,2978,49.0018678327149,2912
B,2979,42.4400734644778,2032
B,2980,50.0034344934381,4801
B,2981,53.2141082543157,3193
B,2982,52.1853384922149,4462
B,2983,56.2431248501888,4470
B,2984,42.8512140410825,1974
B,2985,55.0536542006913,4117
B,2986,43.3806867833368,2685
B,2987,48.629428553703,2408
B,2988,52.0181200882705,3480
B,2989,51.8413558833431,2475
B,2990,53.9558847211528,3191
B,2991,50.085816486681,5326
B,2992,47.3915043147819,2916
B,2993,50.0766983427456,4533
B,2994,49.6271625819083,2443
B,2995,47.8982929432694,1861
B,2996,47.9232225654293,3866
B,2997,47.2451213696841,1828
B,2998,48.9907495390022,3877
B,2999,54.3973480773129,2553
B,3000,42.9805430800505,2694
B,3001,56.4899570572866,3207
B,3002,47.4461163735203,2606
B,3003,50.2854989093795,4857
B,3004,52.320516082442,3407
B,3005,49.7568823426538,3059
B,3006,48.3868325910953,2308
B,3007,50.8143192808907,3818
B,3008,39.5691905179062,2123
B,3009,41.4918662556422,3225
B,3010,46.3369866650954,3358
B,3011,49.8513323968924,2280
B,3012,49.1874187397873,3459
B,3013,43.5294488837254,2562
B,3014,45.7061229494975,1702
B,3015,56.3190507665617,3333
B,3016,46.7592120360695,2662
B,3017,51.805144596641,2455
B,3018,43.6941144552759,2539
B,3019,47.6594438286964,1457
B,3020,55.9549670099188,3200
B,3021,48.0901576017031,2023
B,3022,52.848240711842,4389
B,3023,46.6071827511224,2701
B,3024,56.6809912739453,3089
B,3025,51.9594422510607,5282
B,3026,46.4073644896699,3325
B,3027,53.738155123295,3644
B,3028,49.5668798478426,2031
B,3029,53.0892102876638,3385
B,3030,57.3212329432473,2696
B,3031,54.5718353607918,4972
B,3032,45.9100054234288,2185
B,3033,53.8533342330758,2310
B,3034,45.1424094898946,2251
B,3035,49.5863766699273,3340
B,3036,58.4341177194078,1903
B,3037,56.9221237479224,3652
B,3038,42.3285821692986,2050
B,3039,48.2955090721027,2551
B,3040,46.243208933613,2280
B,3041,48.176834489999,4617
B,3042,52.0663461126334,4418
B,3043,56.1670940884466,3249
B,3044,50.1329386204339,5033
B,3045,50.44565666345,2027
B,3046,41.1929584565388,2086
B,3047,48.9766535253257,3490
B,3048,50.9987252512972,5078
B,3049,50.0868308299181,3567
B,3050,55.5451114752943,1447
B,3051,55.7257173057637,3513
B,3052,53.3914436020927,3690
B,3053,41.722395562261,1416
B,3054,44.3224352306877,3457
B,3055,52.4168419973271,2757
B,3056,52.4418932738456,3583
B,3057,53.2890953689052,3482
B,3058,58.132672972334,2762
B,3059,49.5052018271746,3954
B,3060,55.8460942459007,5098
B,3061,40.5013143719681,2016
B,3062,48.8864195450574,3397
B,3063,46.312080145546,3329
B,3064,48.0435221524144,4092
B,3065,55.1137588800264,4241
B,3066,54.3386631688695,3961
B,3067,52.2340580814894,3277
B,3068,55.4763100308932,3026
B,3069,42.770626152209,2296
B,3070,51.2832674008162,1361
B,3071,46.9324727621334,2722
B,3072,49.9505131998612,4876
B,3073,46.7834942666684,2692
B,3074,44.7228810643746,2500
B,3075,55.4781565563727,4174
B,3076,41.1366297198884,2465
B,3077,51.3574715102644,4367
B,3078,52.319844769047,4032
B,3079,52.7362013672183,3446
B,3080,48.8791286087929,1946
B,3081,53.0288035893896,3780
B,3082,49.5100814199543,3681
B,3083,58.5766978715891,3749
B,3084,53.5514717067986,1754
B,3085,52.2214127789041,4530
B,3086,58.5017904885196,1420
B,3087,55.6610227790767,3830
B,3088,53.3534608653155,4056
B,3089,48.9384532311415,4819
B,3090,53.2446471021679,4043
B,3091,50.9303424147262,2448
B,3092,44.5246366524946,2413
B,3093,48.36852857604,4199
B,3094,47.8868040248059,2877
B,3095,57.0673777780848,2513
B,3096,54.0382310887914,2254
B,3097,43.8040281513806,2908
B,3098,51.0908908916299,2416
B,3099,47.8031977845695,2176
B,3100,49.4798479164377,4939
B,3101,44.3647242837775,2428
B,3102,57.1580201744675,3817
B,3103,50.7354007230611,1558
B,3104,51.2021179550302,3234
B,3105,52.306429879721,2414
B,3106,50.6814522295517,2405
B,3107,53.7540321757734,2609
B,3108,45.4345794698147,2936
B,3109,42.3786371969738,2040
B,3110,51.002703694801,3265
B,3111,53.5306367037251,3475
B,3112,53.602220377203,2355
B,3113,58.9281978997133,1692
B,3114,51.6809254891467,3190
B,3115,53.6701466166115,2545
B,3116,50.3458671195243,2802
B,3117,52.6080705997703,4457
B,3118,42.9309836599874,2832
B,3119,52.2229476370022,3539
B,3120,50.0884665460366,5036
B,3121,54.1297285153764,3238
B,3122,46.8704852387838,3492
B,3123,49.7581052578886,3475
B,3124,48.3777424096858,2125
B,3125,53.1345911681291,3028
B,3126,49.5113588920242,2077
B,3127,52.3365580705326,1631
B,3128,52.9093547522708,3173
B,3129,48.8821434965225,2700
B,3130,53.34521417993,2426
B,3131,57.0244145039235,2448
B,3132,53.9510320585211,2630
B,3133,39.6469543107226,1824
B,3134,44.9190873651621,3012
B,3135,52.3378576405772,4918
B,3136,51.1986724350893,2243
B,3137,45.6338167256955,2502
B,3138,48.779510202505,1803
B,3139,52.3047020779916,3347
B,3140,51.376774558768,4596
B,3141,59.5854176587842,3181
B,3142,52.2411484705941,2560
B,3143,53.5066661021936,2302
B,3144,51.4023732732263,3391
B,3145,51.4321599650765,3472
B,3146,50.0716482221473,3553
B,3147,46.8615114069858,2840
B,3148,55.3808646878008,4276
B,3149,48.8571997635015,3054
B,3150,48.9476028699515,3717
B,3151,54.0441052915053,3076
B,3152,55.4679779394284,3063
B,3153,48.7384419301533,2533
B,3154,51.4921061770237,4794
B,3155,49.1495735097312,3018
B,3156,44.0862116086241,4914
B,3157,51.5216572204675,4124
B,3158,53.2912618101565,3452
B,3159,49.3345213712499,1588
B,3160,52.6427152990808,2419
B,3161,47.6028481311929,4706
B,3162,50.1132996586831,2344
B,3163,52.2523106844856,2105
B,3164,50.0281648222899,3095
B,3165,58.8784900081526,2006
B,3166,41.7779487071154,2246
B,3167,45.9699700273971,3030
B,3168,45.9983763059057,4281
B,3169,52.4676647109701,4509
B,3170,52.6252313735349,3630
B,3171,46.0906724022343,3245
B,3172,49.1660892052774,2804
B,3173,53.5062018612247,4612
B,3174,54.4003799964991,3329
B,3175,55.0548024171225,3090
B,3176,43.0483850987906,2666
B,3177,48.7579358366338,4423
B,3178,54.6553768647709,4423
B,3179,45.5804421502682,1959
B,3180,51.3291993184204,3773
B,3181,51.5748190462715,2166
B,3182,53.7244574450775,2174
B,3183,43.7350597318749,2315
B,3184,56.9364890379331,3748
B,3185,56.8017282880216,3890
B,3186,60.0012236956585,3513
B,3187,48.2226902940268,2570
B,3188,55.5747826917065,4157
B,3189,44.7515562623866,2257
B,3190,51.0556280933867,2088
B,3191,46.0032340275434,3662
B,3192,46.5681450905049,3070
B,3193,48.4649329523285,2534
B,3194,37.5677932592711,1836
B,3195,51.9585431723396,2016
B,3196,50.5362136499971,2143
B,3197,54.1050210572474,3502
B,3198,48.2883431984799,2725
B,3199,52.1219959058455,3534
B,3200,49.6674773514889,5199
B,3201,50.3430781736887,3360
B,3202,48.7746237626731,3044
B,3203,47.5881280928376,2409
B,3204,45.3555219789313,1683
B,3205,54.0760849413166,3326
B,3206,52.9819056476961,3269
B,3207,46.9741004739423,3087
B,3208,51.7208344250299,3611
B,3209,56.348293989044,3779
B,3210,46.5614143872873,3279
B,3211,47.4971574859352,2384
B,3212,46.5204371931726,2074
B,3213,47.6681161258842,2124
B,3214,53.5386129518373,3303
B,3215,47.5369805132853,2486
B,3216,50.7351776570841,2599
B,3217,49.3241737446516,2458
B,3218,47.0059684612509,2468
B,3219,45.0106226539648,2708
B,3220,54.9850490587131,4197
B,3221,46.2777837436186,3608
B,3222,54.6864476393943,2002
B,3223,47.0743288893387,2790
B,3224,48.9703510860949,4055
B,3225,44.2370012400637,3568
B,3226,49.8559478257716,4164
B,3227,45.0593911437803,3664
B,3228,60.0126231023324,3298
B,3229,51.1840259523388,2619
B,3230,56.6344446102661,2335
B,3231,49.1020765967193,3216
B,3232,56.275732375326,2475
B,3233,48.2512648490325,1210
B,3234,51.1351820953408,2298
B,3235,52.8041488939024,3243
B,3236,63.344479601559,3939
B,3237,48.1751576738294,4351
B,3238,49.8495752753395,3589
B,3239,45.4978842126189,1975
B,3240,48.2898867280029,2720
B,3241,54.1690139742006,3706
B,3242,52.2010748486409,2146
B,3243,45.0020561701705,2318
B,3244,48.3703746647926,1822
B,3245,52.6825931497325,3721
B,3246,46.7490370371351,2276
B,3247,45.8342719334771,3537
B,3248,51.6060820817563,2564
B,3249,52.6304479671437,3222
B,3250,46.9818478506436,2028
B,3251,59.6927686883458,2239
B,3252,54.0358455299748,4401
B,3253,49.8152798118869,2867
B,3254,55.0821064047384,3239
B,3255,45.2224086161763,2712
B,3256,55.6142711622963,1739
B,3257,43.9344739885117,2246
B,3258,52.6014861681912,2676
B,3259,53.2013805663256,4005
B,3260,57.3127372802814,3164
B,3261,49.2235224049765,2980
B,3262,56.4056040375493,2999
B,3263,48.7098254456116,2866
B,3264,46.2691758727459,3317
B,3265,54.7626212596909,4631
B,3266,49.9354287054499,2594
B,3267,52.0603619632549,1785
B,3268,53.6969409048492,3554
B,3269,45.5472683347582,2838
B,3270,49.712842703368,3361
B,3271,54.0110714269534,3499
B,3272,55.4426540756161,4248
B,3273,45.3737407011718,2462
B,3274,53.5120117550554,3885
B,3275,48.6523898753625,1667
B,3276,53.1955084098012,2228
B,3277,52.559584017809,2508
B,3278,52.3004298410229,2758
B,3279,46.4878925274747,3037
B,3280,50.1732696205866,4141
B,3281,53.4111442688825,3255
B,3282,41.0387092511678,1934
B,3283,49.1257795991165,2581
B,3284,53.0915869064363,1994
B,3285,51.4746145517175,3331
B,3286,45.3294116513557,2540
B,3287,46.3339266906035,1808
B,3288,46.9646964074282,2553
B,3289,45.9559987306074,2560
B,3290,46.4172002035666,3109
B,3291,46.7022418923086,4119
B,3292,52.5239106401517,3921
B,3293,42.5447837586166,1963
B,3294,50.8579950942147,3566
B,3295,50.8283066804631,1868
B,3296,48.0745504773854,2023
B,3297,46.5687909441956,2743
B,3298,50.3762698704703,3227
B,3299,49.3715502888242,3738
B,3300,49.8050875159931,2710
B,3301,56.1489677240739,3188
B,3302,49.5306407281708,4237
B,3303,51.2293668775315,3326
B,3304,49.5823645309005,2204
B,3305,54.9166482140891,1885
B,3306,48.2656883619486,3746
B,3307,46.9946242717904,1873
B,3308,49.0292179993293,1385
B,3309,49.1086417796174,2820
B,3310,42.3504894760856,2270
B,3311,55.7622840533349,2039
B,3312,52.5786647965546,2951
B,3313,50.1308619758818,2058
B,3314,50.098156300989,2532
B,3315,53.4471086943013,3551
B,3316,57.3112453289135,3575
B,3317,47.0238216429368,2877
B,3318,51.119363045981,2670
B,3319,42.4516891575324,2547
B,3320,52.9864804597983,2006
B,3321,52.2646653378797,3191
B,3322,54.9713197770838,2638
B,3323,53.3839191697735,1778
B,3324,42.1090057777321,1662
B,3325,66.8763355681742,1370
B,3326,49.5842544152194,1339
B,3327,54.225534875047,1918
B,3328,46.5867528487231,2624
B,3329,43.0913347825353,1994
B,3330,44.6007620105053,1668
B,3331,51.3974229256606,2724
B,3332,42.3547341851372,2342
B,3333,48.1002285702451,2737
B,3334,44.4050529212598,1798
B,3335,47.1189139981044,1789
B,3336,42.9405002748503,1475
B,3337,47.8294545645952,4043
B,3338,57.7108577548923,1862
B,3339,44.0901691598365,2071
B,3340,46.8111119500331,2737
B,3341,46.2218559084577,2537
B,3342,48.3542755869947,2518
B,3343,45.5944874022179,1676
B,3344,46.0751532798334,1954
B,3345,55.6156902264699,3544
B,3346,51.1085648999406,3417
B,3347,50.008396856885,2311
B,3348,56.5291936382577,2261
B,3349,52.2518252501555,2344
B,3350,50.1650479064703,2466
B,3351,49.8511121761288,5327
B,3352,51.7989840916904,3294
B,3353,50.2912581560631,3831
B,3354,53.6751938488432,3060
B,3355,49.3164281559183,3744
B,3356,58.3030172646389,2541
B,3357,48.314660168742,2652
B,3358,42.9156794919033,2177
B,3359,53.6287037176771,4643
B,3360,55.5982791969107,3241
B,3361,50.9551211837111,3247
B,3362,49.0248632000682,3148
B,3363,47.7595004480965,3925
B,3364,58.5738651996586,2779
B,3365,39.6682193666706,1954
B,3366,46.6786201054651,3928
B,3367,54.0280739393565,4034
B,3368,43.1005892041973,1801
B,3369,53.3880134768955,3250
B,3370,51.2776079791042,3595
B,3371,50.9667102639057,3119
B,3372,51.7930115052002,4319
B,3373,47.3527717196548,3325
B,3374,55.7700854596731,3078
B,3375,55.7308191112645,4843
B,3376,51.649628150316,3204
B,3377,60.7707208462193,2481
B,3378,52.3085918436641,2564
B,3379,66.0149611589939,2054
B,3380,52.8789451595106,3192
B,3381,47.9273378371499,3451
B,3382,52.1046304677124,3907
B,3383,49.9955958892989,3583
B,3384,49.1951325239391,3433
B,3385,52.4957661369448,3001
B,3386,49.0033556679343,2831
B,3387,48.2317722121854,3101
B,3388,46.4376475055451,1973
B,3389,53.292249444299,4039
B,3390,49.5208327436654,3655
B,3391,56.6469346313808,3062
B,3392,48.9623088549951,3489
B,3393,53.4250416263377,2890
B,3394,50.5938316949083,3214
B,3395,54.2638318877804,3534
B,3396,53.8136260032992,3862
B,3397,52.5824702517854,3316
B,3398,54.4712537990512,3182
B,3399,46.3508327436791,2275
B,3400,51.8772852849692,3709
B,3401,51.7696649902491,3964
B,3402,48.6492967886943,4089
B,3403,45.5769574904663,3242
B,3404,47.1893413585127,3053
B,3405,50.200475922696,1952
B,3406,56.3998966979796,3951
B,3407,50.1167577689921,2813
B,3408,48.0578946136378,4300
B,3409,47.3909953431135,3837
B,3410,64.9231102871861,2011
B,3411,52.4703206480649,3526
B,3412,40.0306828129901,2180
B,3413,43.3151070350185,2002
B,3414,52.8324805460125,3176
B,3415,48.8212305650826,3081
B,3416,51.5901688550969,4284
B,3417,50.862235911174,2474
B,3418,47.1449457840727,2312
B,3419,49.4014271698669,2306
B,3420,55.9022869008134,2578
B,3421,48.1059894760091,3596
B,3422,50.8950079081847,3222
B,3423,53.4104452119185,5738
B,3424,54.3054499927389,2787
B,3425,49.8812685941418,3640
B,3426,48.2144061961387,3483
B,3427,50.0816271931327,3221
B,3428,49.8146258816546,2606
B,3429,56.3700829722927,4000
B,3430,45.6834986994563,3310
B,3431,54.7427207633989,2767
B,3432,53.0555438199287,2704
B,3433,46.7956914449224,2171
B,3434,49.5782170368131,2887
B,3435,52.5028797517393,4762
B,3436,51.2196254947702,2780
B,3437,51.5694124965427,3023
B,3438,47.8807064755979,1650
B,3439,43.1870181823212,2609
B,3440,48.5297502449873,2935
B,3441,45.8196971376089,2973
B,3442,49.302809107929,2147
B,3443,59.3436384119417,2676
B,3444,45.759760124484,2076
B,3445,47.0063052252375,3282
B,3446,56.7801190461471,3794
B,3447,49.9126610592467,3247
B,3448,44.0757825537239,3140
B,3449,47.9722344811259,3114
B,3450,47.5440936700517,2751
B,3451,46.4649629602647,2549
B,3452,59.614562172064,2692
B,3453,51.3759849153684,5766
B,3454,48.2513980997486,1550
B,3455,40.101090992922,2413
B,3456,49.3218920631469,3916
B,3457,46.059881097937,2738
B,3458,48.8585199644138,2903
B,3459,46.2150367659804,3474
B,3460,51.1035332851297,2831
B,3461,50.9318047344136,2631
B,3462,58.8049301839766,3705
B,3463,50.5225033185107,2871
B,3464,50.9412505545161,4271
B,3465,47.7581218112402,1867
B,3466,54.464523557881,3022
B,3467,46.5301983164785,2087
B,3468,50.5807049463764,2327
B,3469,48.5159053136644,2864
B,3470,48.244599049181,3796
B,3471,51.7550052908788,3040
B,3472,45.2910407368569,3540
B,3473,41.2218463727876,1813
B,3474,52.8785743599599,3127
B,3475,65.4656922383908,2759
B,3476,52.3228603893766,2927
B,3477,49.6659523203941,2454
B,3478,51.4803644345037,2649
B,3479,49.1961914964854,2362
B,3480,55.7461903258266,2979
B,3481,50.4209214014225,6146
B,3482,45.4285079447319,1989
B,3483,49.7052871256816,2045
B,3484,53.3703442525093,4079
B,3485,51.6721448213407,1963
B,3486,60.7319708389272,2649
B,3487,51.2486243147812,2038
B,3488,59.3947922756537,3341
B,3489,52.0869325882827,3341
B,3490,51.0368141777768,2408
B,3491,52.7672043509495,4805
B,3492,51.3660229504956,3096
B,3493,52.5304240413414,3842
B,3494,45.4184503844623,1693
B,3495,54.253918517298,1941
B,3496,47.8249412484312,1721
B,3497,49.9422667543604,3587
B,3498,50.2898797061582,4141
B,3499,51.7990278062807,2914
B,3500,43.5793683593225,2541
B,3501,53.9294601290436,2415
B,3502,52.6895305479737,3223
B,3503,52.5378870160549,3537
B,3504,46.3569472423962,3884
B,3505,56.6406269088373,2622
B,3506,44.2192682414375,2309
B,3507,50.0955486647047,2945
B,3508,48.8467517516245,2869
B,3509,49.0246730846172,2496
B,3510,49.9299558555012,3156
B,3511,50.9576368834598,4455
B,3512,47.2042646859395,3124
B,3513,45.4940902327288,1971
B,3514,53.2742731861523,3283
B,3515,57.6133204101565,3578
B,3516,47.2816873134007,3872
B,3517,50.9767152617214,2557
B,3518,39.8583530603202,2665
B,3519,47.4278921179844,3047
B,3520,46.4084564058968,4551
B,3521,53.0199142727593,2130
B,3522,46.7254671850325,2801
B,3523,52.4673724757368,2087
B,3524,53.95183018068,2905
B,3525,50.6975860192395,2855
B,3526,48.0928699845179,3413
B,3527,50.4947941126743,2190
B,3528,44.9422588712468,1940
B,3529,45.2911707511589,2969
B,3530,52.3319807644797,3588
B,3531,49.8447549476486,4018
B,3532,48.9889400338964,3943
B,3533,50.5588878819596,4295
B,3534,49.9473255695678,3161
B,3535,47.8857346809258,4080
B,3536,47.1663941706452,2253
B,3537,49.7179263240026,3568
B,3538,51.2434086518911,2583
B,3539,48.7884099612599,2632
B,3540,51.981718232214,3805
B,3541,52.9708186094787,5092
B,3542,45.6561341888777,2046
B,3543,48.3357982957316,2604
B,3544,64.1982685722405,3266
B,3545,50.990061941494,3059
B,3546,47.4992270923961,2746
B,3547,43.4851448992847,1811
B,3548,46.7151908551224,3488
B,3549,52.1666088266584,3812
B,3550,50.6757106815659,2208
B,3551,52.6204326658197,3362
B,3552,51.0471713203233,3386
B,3553,56.3960178232743,3550
B,3554,52.951628447066,3377
B,3555,53.7784371756078,3628
B,3556,54.9267775551363,2805
B,3557,55.006046723455,2046
B,3558,47.3318560215958,3072
B,3559,50.2319514746508,2221
B,3560,41.4291563763239,2679
B,3561,47.5097827292775,2303
B,3562,47.3084501176264,2911
B,3563,53.7757156203189,5086
B,3564,57.3690437601043,3654
B,3565,49.9460969220783,3821
B,3566,55.2184761240011,2508
B,3567,48.2982381796077,1453
B,3568,57.3343764474291,2925
B,3569,47.8676562743945,3193
B,3570,49.190373050269,3455
B,3571,52.4856845502564,2789
B,3572,52.7253548737348,3305
B,3573,51.9683640559388,3059
B,3574,46.9828886155827,1455
B,3575,43.7179257999264,2314
B,3576,47.2415509217977,3340
B,3577,52.4927198218928,2794
B,3578,52.4138600706423,3752
B,3579,44.2579180966092,2038
B,3580,47.6288581533216,2206
B,3581,52.7550042075442,3169
B,3582,51.5183500382758,1942
B,3583,51.7459219166575,3346
B,3584,48.6613152961656,3611
B,3585,54.0480995833111,5861
B,3586,53.2780245275877,3577
B,3587,48.1252553858226,2620
B,3588,51.6005304231785,2260
B,3589,43.8334879171158,2386
B,3590,52.9399469834023,2709
B,3591,61.4286237180288,2338
B,3592,51.7974229825591,4062
B,3593,50.4162831324356,2143
B,3594,56.5227786578148,4463
B,3595,55.5957639602644,4270
B,3596,50.5381511688136,3819
B,3597,49.4044763245789,2113
B,3598,49.9462923424121,1854
B,3599,55.143962209422,3011
B,3600,51.5509664338936,3680
B,3601,52.554346742123,2154
B,3602,56.158124148531,2797
B,3603,51.0909399736113,2019
B,3604,51.7819878801375,2658
B,3605,45.7082599185404,2838
B,3606,48.2509616706156,3321
B,3607,52.7213783006336,2331
B,3608,54.8058414370447,2915
B,3609,51.894233266534,1609
B,3610,49.4639250402496,3575
B,3611,47.8114837817273,3477
B,3612,57.0078600955988,4654
B,3613,57.2436779953687,1983
B,3614,53.3628564168897,2956
B,3615,48.9483870832559,3089
B,3616,44.4927271248359,2124
B,3617,51.9346635126097,1873
B,3618,50.4088938741973,3499
B,3619,64.6777901059062,2545
B,3620,44.6295349172348,2750
B,3621,49.6083350621753,3380
B,3622,47.8582691364521,3702
B,3623,51.6609821025711,3146
B,3624,45.8558467573647,2162
B,3625,57.6129087608066,1815
B,3626,50.5078164612565,1339
B,3627,47.8108993086947,2166
B,3628,49.1199164494694,2151
B,3629,45.017754226227,2312
B,3630,54.2242738855687,2519
B,3631,47.0510378357867,3340
B,3632,53.2265104630582,2304
B,3633,50.8580769142575,3202
B,3634,44.4902265288467,2259
B,3635,49.1963979066159,3774
B,3636,43.9697461086568,2276
B,3637,49.8786857721194,2525
B,3638,52.4186348400645,3731
B,3639,49.5424516411699,2858
B,3640,50.6577485055381,1841
B,3641,43.7784101468497,3360
B,3642,51.6365115695949,4227
B,3643,53.5685062352501,4195
B,3644,46.5959901236699,3145
B,3645,40.3102045782213,1939
B,3646,52.1487023509531,3359
B,3647,49.1599517144561,2560
B,3648,45.3929927304209,1675
B,3649,47.9908479888708,1627
B,3650,40.9390919122154,2018
B,3651,48.7934836557005,3231
B,3652,54.3363714445059,2686
B,3653,43.958112435322,1880
B,3654,50.0525952315755,1671
B,3655,48.7294103433125,2251
B,3656,52.0655693611372,1954
B,3657,48.9348580040974,2116
B,3658,51.7857441351825,1457
B,3659,54.0975092891266,3074
B,3660,52.4633447807506,2333
B,3661,55.7774027007258,2484
B,3662,55.8552665665222,2122
B,3663,49.8361298580026,2047
B,3664,49.2157938913717,2295
B,3665,56.492055394547,3451
B,3666,50.300670647032,3791
B,3667,46.5822745555329,2755
B,3668,54.3791375819789,3950
B,3669,47.1897691400597,3582
B,3670,45.3835573411456,4319
B,3671,46.6881421249224,3298
B,3672,49.9653306496402,2680
B,3673,47.1257667935202,3175
B,3674,53.2279122042537,3994
B,3675,48.2824017832684,3359
B,3676,56.9055055529877,3174
B,3677,45.4887317988783,2450
B,3678,51.1397235454375,2205
B,3679,49.4203531648746,3533
B,3680,45.9713744393287,2065
B,3681,48.2982168475836,2577
B,3682,51.4304965602268,3301
B,3683,46.2717231842711,3016
B,3684,51.506330005806,3076
B,3685,47.6973367405188,2874
B,3686,57.4118171792519,2095
B,3687,45.3952307546123,3473
B,3688,53.2531941435633,4433
B,3689,49.9961329339815,2227
B,3690,43.6961484162577,3407
B,3691,49.2547778649595,3297
B,3692,46.2556957658411,3786
B,3693,49.2919829233057,3868
B,3694,54.6057045007076,3628
B,3695,53.6890064300475,3773
B,3696,56.7115943291359,4123
B,3697,57.3996127607196,3562
B,3698,48.8858377099451,3484
B,3699,48.2344759690097,3694
B,3700,55.8263024603472,2817
B,3701,51.0531694450218,3131
B,3702,54.5462726975332,2741
B,3703,50.5899873181087,3231
B,3704,49.3575146384026,3309
B,3705,47.2134382714277,3653
B,3706,52.7448706279048,3752
B,3707,53.4715578394642,3103
B,3708,50.7949901436339,3125
B,3709,55.8394824421278,2108
B,3710,46.6357578458516,3144
B,3711,56.4228507639997,2112
B,3712,49.4350612278437,3558
B,3713,50.2824324707423,2895
B,3714,55.0496135867922,2776
B,3715,48.3207423292527,3426
B,3716,52.8376490292223,5396
B,3717,50.2475587531646,3085
B,3718,48.8854768777654,3104
B,3719,46.7189607064107,2320
B,3720,52.7910403160165,3636
B,3721,51.5119608590837,5145
B,3722,54.7952654089975,2002
B,3723,47.8428715102007,2337
B,3724,43.6452569479343,2067
B,3725,49.0166272655115,3956
B,3726,53.6698109885521,3194
B,3727,52.7437973486016,3958
B,3728,46.3522684815557,3906
B,3729,44.467373246761,1907
B,3730,37.7356085348131,2338
B,3731,58.0519301607476,3214
B,3732,49.2698087921763,3257
B,3733,67.3246219352805,2075
B,3734,55.8537396714881,3587
B,3735,55.1418163897253,3342
B,3736,55.9000290593553,3530
B,3737,50.706997358267,4469
B,3738,49.9784370405544,2337
B,3739,49.0670391080822,2545
B,3740,48.9235448841569,4144
B,3741,52.3598012552035,2679
B,3742,48.6678796172026,4519
B,3743,49.8757167755498,2124
B,3744,43.8549374749593,2009
B,3745,57.3021411588973,1917
B,3746,48.9020220618635,2602
B,3747,48.7374280117602,4073
B,3748,54.4958428070714,2562
B,3749,49.9034935447433,1914
B,3750,53.4002555002076,2270
B,3751,52.7591320492105,2964
B,3752,49.3640721770653,3192
B,3753,50.624982384054,3586
B,3754,48.2281017165504,3090
B,3755,50.0063181512144,3016
B,3756,53.8447977549032,6835
B,3757,48.8735266433517,3596
B,3758,57.7736495645756,5188
B,3759,47.6953815189581,1964
B,3760,47.7892044665204,3455
B,3761,48.5532987484882,2529
B,3762,46.4326260723826,2209
B,3763,54.8159026735784,2932
B,3764,41.1051285170756,2595
B,3765,53.8243086644037,2739
B,3766,39.7641648103448,2023
B,3767,46.5829254708656,2417
B,3768,69.0120745450597,2633
B,3769,59.7143107910755,2272
B,3770,48.0004725667692,3868
B,3771,46.1650220157151,2472
B,3772,53.8031862209628,3957
B,3773,45.9079382307034,3862
B,3774,43.9538764916614,1708
B,3775,38.4710288104224,1606
B,3776,53.4429514903577,3568
B,3777,50.5664119137371,2880
B,3778,50.3715336718231,4939
B,3779,51.5746881783849,2969
B,3780,54.801165626031,4220
B,3781,52.1492458825017,3149
B,3782,50.7040499951801,5052
B,3783,47.7374639746731,2640
B,3784,51.4832861477204,2459
B,3785,48.9573278107074,4511
B,3786,47.5792998382483,2525
B,3787,49.0043033384667,2909
B,3788,45.0628517745453,2524
B,3789,51.5925602479127,4571
B,3790,64.010019118218,2466
B,3791,51.3278505412239,3230
B,3792,52.6204019700996,2840
B,3793,53.4141305342207,2684
B,3794,55.6343275292797,3095
B,3795,48.0910410172302,2295
B,3796,60.6174026080502,1996
B,3797,54.5982780088312,3695
B,3798,53.297254358265,4644
B,3799,57.8517176742248,3920
B,3800,47.152476371668,3263
B,3801,58.4976394089326,3945
B,3802,45.7193769412269,2773
B,3803,48.3030292260836,2592
B,3804,46.8614115525157,1726
B,3805,50.7361792179315,1861
B,3806,49.3746114710295,2296
B,3807,50.2609193498528,2394
B,3808,48.2437637815179,3417
B,3809,46.3572311191456,2266
B,3810,51.0663199387353,3225
B,3811,50.1225183357497,3912
B,3812,46.0916902557308,3351
B,3813,58.0966483210245,2010
B,3814,52.3561516365076,2812
B,3815,51.6915213876632,3932
B,3816,52.5520135776545,2484
B,3817,53.3940089072218,5342
B,3818,46.7836902614431,2954
B,3819,55.7283552579565,1918
B,3820,61.2865482554743,2086
B,3821,50.2380242728266,3576
B,3822,50.009490321677,3099
B,3823,46.1307570613903,3584
B,3824,50.1812717036801,2800
B,3825,50.477114822131,3507
B,3826,50.1506822486366,3651
B,3827,56.6305501280591,2496
B,3828,42.1223750784075,2936
B,3829,47.8411965385719,2694
B,3830,47.4753427519761,3391
B,3831,58.6736558504307,2328
B,3832,57.8643266035247,3171
B,3833,50.9781042455443,5434
B,3834,56.3873015634936,5043
B,3835,46.06562950635,3020
B,3836,47.7370033542442,4595
B,3837,48.7285101111141,2728
B,3838,51.9252919114555,3775
B,3839,43.8324936834924,2524
B,3840,59.6128774454524,2374
B,3841,55.3200529529223,3819
B,3842,51.7713335518497,2817
B,3843,52.8488149314315,2457
B,3844,52.1903855412162,2322
B,3845,41.2658262100194,2374
B,3846,48.2979119474095,2742
B,3847,45.9343198518149,2832
B,3848,57.5275736102223,2619
B,3849,50.6200991323996,2971
B,3850,44.6717461366772,1689
B,3851,51.6239668600645,2931
B,3852,49.129593823896,2252
B,3853,49.0939136263404,3679
B,3854,49.5369152751844,3779
B,3855,53.0848558634348,3068
B,3856,47.7951131892551,2771
B,3857,43.2725555748142,2449
B,3858,44.8912151229307,2168
B,3859,52.8856675579909,3453
B,3860,52.3911231201229,4115
B,3861,55.2312724895216,4611
B,3862,53.9020244958934,3986
B,3863,51.886587432653,3719
B,3864,48.7038624802597,2727
B,3865,43.88855466909,2974
B,3866,48.0711438115424,2934
B,3867,47.9092076678172,2760
B,3868,50.7566661353524,2174
B,3869,52.2740197839979,4279
B,3870,48.158144895214,3503
B,3871,54.6055005389783,4049
B,3872,49.7732276466525,2769
B,3873,49.5735713280253,2702
B,3874,49.0709350851352,4316
B,3875,53.2034402299878,2964
B,3876,54.133432563175,2397
B,3877,49.0645455721185,2621
B,3878,40.5291616347924,1845
B,3879,53.0500319839573,3553
B,3880,49.2451723155224,2455
B,3881,52.1873856927939,3061
B,3882,43.8272828198553,2190
B,3883,55.1296095672654,4062
B,3884,59.1834198898367,3784
B,3885,46.1756609720209,2480
B,3886,57.9480790274711,2670
B,3887,52.2801233837624,4141
B,3888,57.7867256538122,2611
B,3889,37.8379040666453,2139
B,3890,49.0503226339267,3336
B,3891,46.7854066851875,4067
B,3892,49.7810672036145,3880
B,3893,53.1691482179881,5022
B,3894,49.237902438292,2856
B,3895,49.4743108902264,1496
B,3896,49.1538354082554,2932
B,3897,44.9400253573641,2795
B,3898,53.7214302177824,2303
B,3899,40.5422607699994,2209
B,3900,61.1957598107526,2887
B,3901,53.9443089317808,2668
B,3902,49.5847492022587,5910
B,3903,51.4152882104487,2662
B,3904,46.7501915071156,3733
B,3905,55.1197544928328,2207
B,3906,47.3721044073609,2926
B,3907,45.6021751027684,3083
B,3908,51.2283546911233,2398
B,3909,47.8141303779909,2561
B,3910,51.8847689769345,4874
B,3911,51.8190431472465,4178
B,3912,50.7007112134439,3503
B,3913,52.367755820631,5003
B,3914,47.5655313023251,2239
B,3915,52.5093264180431,3874
B,3916,45.6518517718666,2095
B,3917,48.7311489998551,2691
B,3918,49.7589611088079,3148
B,3919,49.6853601348735,2720
B,3920,56.9335591344538,2802
B,3921,52.2164474464727,3644
B,3922,51.3094721134428,3330
B,3923,55.3303707994738,3585
B,3924,45.2262568920294,2426
B,3925,54.3205792564025,4203
B,3926,63.6959889957575,4200
B,3927,46.5825429162546,2240
B,3928,49.5918880044011,2554
B,3929,53.1098967598944,3954
B,3930,52.5280254961149,2644
B,3931,47.9763957097456,2620
B,3932,53.4778019668916,2356
B,3933,38.1411409032587,1557
B,3934,51.2232583061178,2328
B,3935,54.9002240648037,3930
B,3936,52.1491486501445,3191
B,3937,56.1854985593752,4503
B,3938,56.7116054289865,2778
B,3939,48.382158356476,2597
B,3940,55.0140144775093,6379
B,3941,54.4705869548286,3119
B,3942,50.9138849462198,3819
B,3943,54.1694957550779,3987
B,3944,44.2177650782184,2876
B,3945,50.2792767644653,2837
B,3946,48.736411288422,3294
B,3947,52.9850938858584,2733
B,3948,54.0170083270019,3043
B,3949,48.1642716349576,2956
B,3950,44.4111755323262,2301
B,3951,53.559056138443,2777
B,3952,44.0603815141152,2178
B,3953,62.9231439704678,2497
B,3954,47.6536073952989,3393
B,3955,43.242235181544,2687
B,3956,44.7655383015613,4313
B,3957,43.7661157984078,2404
B,3958,51.5330220646113,3364
B,3959,50.3449142140287,2606
B,3960,45.9323849104055,3548
B,3961,47.7293437178442,3548
B,3962,50.3658151690575,3465
B,3963,51.2097642660783,3034
B,3964,49.7751683625353,3043
B,3965,51.3381145452721,1455
B,3966,50.1268383155778,3682
B,3967,47.9224568127312,2815
B,3968,52.4324279206971,3011
B,3969,46.3289056632159,2498
B,3970,50.6599544821614,4023
B,3971,58.6405963324813,4934
B,3972,47.3346567917513,2921
B,3973,49.2349304380238,3507
B,3974,42.2391934274242,2697
B,3975,55.6935459262039,3747
B,3976,53.3104897558325,2528
B,3977,50.9949892276171,4179
B,3978,47.6193681188538,2637
B,3979,44.8823797179705,3267
B,3980,42.2959387227271,2470
B,3981,43.1471092972496,1728
B,3982,41.8929139659853,2331
B,3983,50.1862824245082,3490
B,3984,50.4259414004264,3070
B,3985,50.2289415533003,3107
B,3986,53.1286259411521,3087
B,3987,50.5904191064036,2959
B,3988,43.7174372634015,2231
B,3989,48.7915196106951,2995
B,3990,58.9176039019644,1974
B,3991,51.4439902284845,3952
B,3992,56.4303273119254,4615
B,3993,51.281600532196,4712
B,3994,54.1411282298494,2501
B,3995,47.5028844402785,2692
B,3996,41.9717725098437,2979
B,3997,54.0012091369571,2482
B,3998,48.319589850913,3121
B,3999,55.4599131000041,3218
B,4000,47.4541837788141,3434
B,4001,39.7509599005344,2473
B,4002,56.4050488834658,3192
B,4003,56.3963947918455,3529
B,4004,51.4498473699888,3765
B,4005,47.4136345772082,2837
B,4006,53.6987630543052,4382
B,4007,43.417156573895,1926
B,4008,54.2789034939651,2292
B,4009,50.8442544869487,2962
B,4010,39.3786121663412,1994
B,4011,50.130194499213,2336
B,4012,50.480206362493,3643
B,4013,53.7473816707947,3296
B,4014,45.072130311976,1921
B,4015,47.6249664035653,2416
B,4016,41.3349962483511,2174
B,4017,45.3738903720468,2728
B,4018,47.3743577478188,2172
B,4019,50.4084947767747,5723
B,4020,37.076875759152,2452
B,4021,49.1461079117632,3110
B,4022,60.3857494048223,2868
B,4023,48.4867340081282,3163
B,4024,54.5853185181248,2724
B,4025,53.0915568042784,2621
B,4026,46.5485878518136,2594
B,4027,52.7247635543046,4270
B,4028,53.100957393654,3053
B,4029,61.5585962640896,1465
B,4030,55.4089952930356,3709
B,4031,55.6520197598411,3049
B,4032,52.6781321000564,6633
B,4033,48.9981204677246,2957
B,4034,40.955051284302,2057
B,4035,47.6611993891014,2011
B,4036,50.1214900244337,2785
B,4037,53.8477734615363,3733
B,4038,57.4525422708296,2850
B,4039,47.4851834092873,2528
B,4040,56.3273581076658,3341
B,4041,46.4200655467745,3335
B,4042,53.6674555670623,2675
B,4043,41.4152258684619,3419
B,4044,50.3900791156188,2689
B,4045,43.1561767058401,1876
B,4046,51.5918267614954,2622
B,4047,46.5357562261823,2983
B,4048,49.9149512798127,3799
B,4049,43.9841646323971,2480
B,4050,50.342797559637,4590
B,4051,50.9648189450772,3009
B,4052,43.7059491079601,2377
B,4053,54.7674256416865,1968
B,4054,40.4027843405057,2308
B,4055,48.1801415816105,2868
B,4056,50.8744760378635,4100
B,4057,47.3292644223531,3160
B,4058,52.1077930185099,3308
B,4059,37.5269312971532,2150
B,4060,58.6450982422542,3000
B,4061,47.4139271681343,3247
B,4062,52.8059400220455,2314
B,4063,48.4659871296417,2821
B,4064,53.9999175410291,2062
B,4065,50.2431161679723,1556
B,4066,53.4484026868057,4193
B,4067,49.8582553179344,3055
B,4068,47.9409842272613,3501
B,4069,47.1126556974138,2074
B,4070,51.6440826330423,2357
B,4071,57.2445701150622,3561
B,4072,51.3021778094511,2480
B,4073,52.5686006898669,3657
B,4074,55.6794400122193,2326
B,4075,52.5055282782913,3611
B,4076,47.4437934400564,4563
B,4077,52.9164630627472,3734
B,4078,47.6260307310973,1908
B,4079,40.573223098659,2530
B,4080,45.1425784046654,2146
B,4081,52.7156533872162,1441
B,4082,60.8535925691057,3053
B,4083,43.5279806415506,2506
B,4084,50.8326675980937,2054
B,4085,63.4411204522114,4353
B,4086,54.6624461553263,2918
B,4087,45.7595052858394,2425
B,4088,51.4279758908927,3605
B,4089,52.2785577688564,2872
B,4090,53.1571147101944,3836
B,4091,48.2343879025683,2728
B,4092,51.110540041992,4074
B,4093,50.8063734756205,4147
B,4094,52.4193632636238,2845
B,4095,47.675565988863,3668
B,4096,48.9988670661013,2250
B,4097,50.2709356889528,2534
B,4098,51.5950062129738,2654
B,4099,52.4897732148895,3365
B,4100,51.8897265845213,4463
B,4101,59.0716569431231,2980
B,4102,49.8188148860268,3287
B,4103,53.153785486355,2435
B,4104,52.6648094172218,2838
B,4105,50.6600497881383,3768
B,4106,50.5449741974744,5011
B,4107,52.9426115467855,3277
B,4108,49.942045261442,5185
B,4109,54.7767242873788,4994
B,4110,45.7101256481281,1851
B,4111,51.2222812651165,3128
B,4112,55.2832281993253,3124
B,4113,50.4546353162146,4258
B,4114,42.892982881057,2665
B,4115,52.3560580980292,3501
B,4116,59.7016567724216,3492
B,4117,44.7576539675913,2729
B,4118,45.5099519619866,2604
B,4119,44.9975503258921,1680
B,4120,51.5037602585477,3854
B,4121,57.1457848091652,2490
B,4122,50.6119373599284,5375
B,4123,47.4282112821443,2928
B,4124,43.0361876734561,2147
B,4125,46.4615197132048,2837
B,4126,46.1190117604541,2980
B,4127,45.2337195924085,2903
B,4128,53.3488380126493,3619
B,4129,48.0371507799244,3172
B,4130,53.2806798661101,2761
B,4131,48.8255345024091,1573
B,4132,57.4112129379041,3419
B,4133,48.1353717419584,2861
B,4134,56.4350668577655,3943
B,4135,52.4747225542066,1842
B,4136,51.309861329082,2988
B,4137,49.5888388702212,5522
B,4138,47.1512515619346,1653
B,4139,49.9265652666836,2210
B,4140,41.9306281952241,1835
B,4141,58.9937085810346,1252
B,4142,44.1963371207925,1976
B,4143,51.3098668674185,3201
B,4144,50.9236565300276,3793
B,4145,53.7141996979963,3461
B,4146,54.7068345230636,3447
B,4147,54.0080819048775,3337
B,4148,49.7894370514305,3033
B,4149,48.6831419737669,4150
B,4150,60.564133622398,1753
B,4151,42.6660569095516,2049
B,4152,55.3702284094398,3704
B,4153,45.2721549024955,2944
B,4154,50.271608835049,3328
B,4155,50.4362142009751,4358
B,4156,55.6427396783634,3193
B,4157,50.1500205492205,1970
B,4158,46.769370889338,3810
B,4159,43.9390148627095,2420
B,4160,55.6575026137794,3203
B,4161,59.7757701597158,1756
B,4162,52.4957207138215,2850
B,4163,47.1226700704417,3209
B,4164,48.7703813847341,2152
B,4165,52.8190789710841,2890
B,4166,50.5150286529219,2759
B,4167,43.1270902972323,2028
B,4168,45.0381240593317,3651
B,4169,48.292749908647,3605
B,4170,43.1696082903553,2719
B,4171,56.8564751057977,3542
B,4172,40.512646839944,2215
B,4173,46.9057894019691,3316
B,4174,44.3415987558366,2004
B,4175,45.4846112455715,4106
B,4176,51.4536808040936,3787
B,4177,50.7871129010365,5024
B,4178,50.1963987119554,4636
B,4179,52.279719675,4722
B,4180,48.1294057383642,3223
B,4181,47.4756572418924,3037
B,4182,47.9521491596002,2974
B,4183,51.4574283061271,2936
B,4184,42.0036718846543,2848
B,4185,52.2770843570099,1645
B,4186,51.7224452280051,4154
B,4187,48.511414586215,2598
B,4188,48.2970150356584,3710
B,4189,58.8642997916091,2834
B,4190,56.2625544765431,2813
B,4191,50.958900911363,4224
B,4192,45.0285475751851,2955
B,4193,48.6381313360211,1537
B,4194,51.1143816750338,1690
B,4195,46.8864141589824,3063
B,4196,51.4554034121923,4829
B,4197,46.831473930947,1870
B,4198,45.1892126872314,2401
B,4199,47.3156383901385,3044
B,4200,47.0880240727786,2656
B,4201,45.777866744934,4791
B,4202,53.7200252286255,4279
B,4203,49.5469301108348,3530
B,4204,49.3045088309409,3573
B,4205,52.8356865088659,2797
B,4206,57.1776330102847,4267
B,4207,48.2107753992989,2563
B,4208,44.6022502851741,3070
B,4209,52.5663532823687,2639
B,4210,56.521075748361,3336
B,4211,47.0863525284792,3328
B,4212,47.5767760979177,3274
B,4213,51.5023832331206,2813
B,4214,50.3997552199631,2420
B,4215,49.5651835723245,2546
B,4216,48.1673179000185,2733
B,4217,44.840734559306,2855
B,4218,50.1890447997922,2246
B,4219,47.5442602382563,3874
B,4220,53.3780731975988,2822
B,4221,50.7679467117997,2620
B,4222,56.8164056901285,3083
B,4223,54.1795719700782,3865
B,4224,51.248736375058,2881
B,4225,65.6336530602799,1510
B,4226,44.6193674610625,2190
B,4227,46.1551231879149,2764
B,4228,56.6210147730533,2729
B,4229,51.4250175880765,1798
B,4230,54.2271268431253,2709
B,4231,52.8402198685494,3125
B,4232,52.1785841705254,3699
B,4233,44.7696183126948,1930
B,4234,58.7514634789479,1219
B,4235,51.0220726351146,2853
B,4236,54.3808828879553,3947
B,4237,53.4167172625088,2373
B,4238,53.8328845296084,2663
B,4239,52.2834514621965,5132
B,4240,54.0254884705735,2695
B,4241,50.1389804626497,2819
B,4242,53.5529004947754,3303
B,4243,57.3603304542665,1963
B,4244,54.6284600841964,3328
B,4245,45.6275687425735,3299
B,4246,48.2801660367141,3477
B,4247,46.1814906959801,1697
B,4248,54.0474602580577,4783
B,4249,48.3991175478831,3958
B,4250,50.2451839348937,3141
B,4251,43.3719963937056,2536
B,4252,61.0714278459344,1862
B,4253,43.5410700854331,2284
B,4254,48.2815903150691,3647
B,4255,51.5416775563108,2276
B,4256,44.0067267291334,3027
B,4257,54.4062420434375,3323
B,4258,43.8315727147189,1958
B,4259,44.300051083891,2504
B,4260,50.3848987757742,3837
B,4261,41.4780060956759,1892
B,4262,48.951228373806,2052
B,4263,53.0070093351601,2459
B,4264,58.8955934330768,3227
B,4265,49.8860458593785,3080
B,4266,52.3261239871369,1804
B,4267,44.5666592002634,3015
B,4268,49.7598304529916,4573
B,4269,53.8367203642504,3176
B,4270,51.9113591430071,4163
B,4271,53.6650715237245,4357
B,4272,46.1726838880159,3328
B,4273,52.5044042264821,2217
B,4274,50.6285647328702,2930
B,4275,50.4150982712717,4330
B,4276,51.1014011794564,2365
B,4277,53.2782655416788,3881
B,4278,49.0805402115041,2684
B,4279,49.5094735008068,2926
B,4280,51.5048551065379,3366
B,4281,46.9470034150983,2878
B,4282,52.1642681461092,3230
B,4283,48.1171721002091,2798
B,4284,46.6672773772852,2426
B,4285,45.6802117784162,3229
B,4286,56.0147400183608,4372
B,4287,46.404071717269,4223
B,4288,50.0358152146209,2288
B,4289,54.97222734073,2688
B,4290,51.4495274292883,3957
B,4291,43.2698297286323,2662
B,4292,47.1304462238424,2791
B,4293,57.593184304063,4283
B,4294,59.56536037903,3290
B,4295,49.3511668725642,4054
B,4296,50.6978839260327,3120
B,4297,52.881207391853,1539
B,4298,51.9810221221457,3663
B,4299,45.4768803581897,3495
B,4300,38.8803375140777,1568
B,4301,58.0269467903385,2931
B,4302,49.5310419853944,3494
B,4303,48.8443135155376,3100
B,4304,48.2280210544673,3197
B,4305,46.9808753818867,3597
B,4306,44.3110186901367,2832
B,4307,49.7766863614542,4546
B,4308,48.9565069696738,4342
B,4309,46.3920040738852,2892
B,4310,58.2918843224922,2232
B,4311,56.0493102379276,3158
B,4312,50.8580684463537,4651
B,4313,41.6403376718215,2914
B,4314,43.6645027307651,2435
B,4315,39.9377842342389,1965
B,4316,42.0062012691357,2687
B,4317,53.4117753090197,2833
B,4318,46.1488455512411,2799
B,4319,49.6166834209047,3474
B,4320,49.8643357727534,2300
B,4321,55.8635475367082,2815
B,4322,52.2351045373264,3611
B,4323,50.3078317049679,1888
B,4324,47.7672098367046,1857
B,4325,48.5884128915895,1699
B,4326,53.8458183823871,3122
B,4327,45.0851231093149,1996
B,4328,46.4374082101816,2775
B,4329,41.2643690513332,2522
B,4330,54.9103873938892,4414
B,4331,50.4812138735257,2880
B,4332,49.069476851909,3545
B,4333,48.6351804888952,3095
B,4334,46.141010164478,3360
B,4335,41.0407982258706,2275
B,4336,58.5697260951592,2483
B,4337,46.8476791472536,4149
B,4338,45.6226012706834,2873
B,4339,47.1136836274263,2743
B,4340,52.9172609759282,2861
B,4341,47.6170925332978,2063
B,4342,54.012458054432,4686
B,4343,55.2949617950123,3074
B,4344,51.0010350702293,3124
B,4345,58.5087808641842,3008
B,4346,52.2437445706228,3585
B,4347,50.5542501466909,3208
B,4348,47.2703761041531,2962
B,4349,55.2049486386717,3671
B,4350,46.3727698786432,1970
B,4351,46.2681088908937,2404
B,4352,54.2958914903731,6017
B,4353,46.3826298935352,3104
B,4354,51.6088764276635,3610
B,4355,53.0877839466257,4467
B,4356,51.0676954533032,1698
B,4357,57.1894061317606,3170
B,4358,51.0989849310023,3744
B,4359,45.5955270438481,2552
B,4360,43.2396724032159,2274
B,4361,47.9269217673734,3051
B,4362,47.1139729259763,2810
B,4363,55.7194470024151,3532
B,4364,43.8370741218951,1959
B,4365,50.4979621151141,1576
B,4366,55.0298454752597,2970
B,4367,52.1818160197017,1934
B,4368,51.4859881711782,2145
B,4369,52.2824428285958,4373
B,4370,47.2538648640011,2250
B,4371,54.5849086657462,3350
B,4372,50.9314244298915,4320
B,4373,50.9216807305904,3022
B,4374,40.7542595824044,3119
B,4375,49.1753552004687,1917
B,4376,55.7676035124094,4409
B,4377,54.0521983877784,4642
B,4378,47.330761102968,4234
B,4379,53.4977961521022,3895
B,4380,43.4911879387283,1661
B,4381,40.849151305436,2191
B,4382,47.9392224073863,4536
B,4383,48.0780834205192,3540
B,4384,52.5058262319532,2460
B,4385,54.774858918547,2750
B,4386,45.6204522346587,1915
B,4387,52.0336333129246,2487
B,4388,54.209316325968,3401
B,4389,41.7414997964304,1707
B,4390,57.8686407045404,2072
B,4391,54.0704346447571,3031
B,4392,53.0384241503001,3362
B,4393,51.7396168993841,3357
B,4394,44.3748424565411,2039
B,4395,43.427083724893,3254
B,4396,52.2544884159112,3981
B,4397,51.4472742920131,2276
B,4398,45.5929720582948,3240
B,4399,47.663100242324,1210
B,4400,45.9413314234376,2292
B,4401,47.3989697585632,2122
B,4402,49.8379096609268,3373
B,4403,48.4111343336893,3392
B,4404,55.7675043060642,4495
B,4405,51.5959773284255,3119
B,4406,45.9174418771588,2015
B,4407,49.4506198791235,2637
B,4408,46.1160992564831,2904
B,4409,45.0019490514111,2265
B,4410,47.0398096584909,2691
B,4411,62.2276322913902,1752
B,4412,54.9183854958935,2195
B,4413,48.5177864375962,4227
B,4414,53.4721585724618,3126
B,4415,50.295284183279,2825
B,4416,50.7648415389496,2922
B,4417,57.5782513646486,3003
B,4418,47.0813072121217,2494
B,4419,53.1743327467966,5171
B,4420,52.0464397205661,3088
B,4421,44.8940819941586,1858
B,4422,46.2583377543585,2719
B,4423,48.4493381163142,2579
B,4424,49.7143148645815,1745
B,4425,49.4694272324849,2623
B,4426,53.4161152223291,3287
B,4427,50.9356495905025,1840
B,4428,46.3300540813789,3466
B,4429,49.4455132010778,2074
B,4430,45.1544893188368,3205
B,4431,48.5498460339461,2332
B,4432,52.8384172578636,2457
B,4433,46.6971578916445,2465
B,4434,50.1426027098888,3944
B,4435,54.1484428909342,4838
B,4436,49.6122820351978,1378
B,4437,54.1032002454417,3556
B,4438,55.4937209451073,4165
B,4439,46.3865071863951,4065
B,4440,45.7181383457794,2111
B,4441,54.8288038197327,2163
B,4442,51.0367406791963,3527
B,4443,45.3805310707201,1994
B,4444,45.0038532430005,2595
B,4445,53.9709545148395,3369
B,4446,41.4829215739159,2252
B,4447,49.4307862134868,2253
B,4448,43.8236851094853,1801
B,4449,46.201395415818,3208
B,4450,54.1753767223906,1181
B,4451,49.6178008628105,4467
B,4452,49.2331324353831,3656
B,4453,50.5417459180788,4428
B,4454,52.3365063380461,4045
B,4455,49.279108451329,3057
B,4456,50.173800050897,2835
B,4457,45.5863140424823,1453
B,4458,44.6136425130144,2428
B,4459,56.4575361587011,3525
B,4460,44.0465671197973,2180
B,4461,48.6425194879662,3363
B,4462,50.4661671270067,4417
B,4463,52.4628400288122,3438
B,4464,49.4446041346504,1967
B,4465,45.7511433969354,2881
B,4466,59.4827611421146,3369
B,4467,49.9184750170907,2394
B,4468,55.7325304824973,2663
B,4469,46.3506947608849,2626
B,4470,50.1452826523838,2594
B,4471,56.1236380506522,3680
B,4472,47.9107430499611,3509
B,4473,49.7337902802665,3247
B,4474,53.6010671407596,4528
B,4475,49.5917595012551,3596
B,4476,43.8139267677332,2658
B,4477,50.9336611919375,3675
B,4478,50.9786419534851,2462
B,4479,45.6529492342878,2198
B,4480,41.1195073054895,2462
B,4481,45.7907791674942,3858
B,4482,48.4755146006989,2774
B,4483,52.0700003931101,3143
B,4484,44.8194704399096,1830
B,4485,51.3970540305183,4173
B,4486,51.8744972148603,3380
B,4487,52.1754277133481,2231
B,4488,42.4371489096763,2101
B,4489,49.0631586383085,4341
B,4490,51.2051037963052,3325
B,4491,54.1120486143343,2678
B,4492,50.3243136538608,3025
B,4493,40.6006859073818,1644
B,4494,49.8213436326833,2965
B,4495,56.6886701727803,2321
B,4496,54.2359010315288,1949
B,4497,50.221111688781,3635
B,4498,53.1536176735754,2395
B,4499,48.8481154584629,3588
B,4500,55.7493581044911,3692
B,4501,50.5907112235209,2014
B,4502,55.6888237186439,2378
B,4503,54.367779882467,2920
B,4504,48.3288928604888,3668
B,4505,53.5657712878517,2496
B,4506,45.0163299804496,1756
B,4507,44.5310285645971,3342
B,4508,48.1139741005194,4365
B,4509,56.2760782783491,4064
B,4510,48.981148396196,3959
B,4511,48.3694864680727,3220
B,4512,43.8678105143373,3913
B,4513,48.242965904148,3548
B,4514,56.9868520627984,1747
B,4515,54.2061455694767,3620
B,4516,50.5764054688536,3167
B,4517,50.7336850317244,5139
B,4518,40.4776619606605,3361
B,4519,50.7100921734067,3383
B,4520,54.0979165879913,4390
B,4521,44.6617277676901,2849
B,4522,43.8623469540711,1723
B,4523,45.2655440974301,2214
B,4524,50.4259677996127,2094
B,4525,45.7249659249631,3958
B,4526,55.1198608812285,3749
B,4527,47.8504453321588,3384
B,4528,48.822260001659,4498
B,4529,46.3529158808418,2639
B,4530,53.0043210450837,3568
B,4531,53.4944893266156,4534
B,4532,52.4066129852262,3253
B,4533,53.6795160152119,2957
B,4534,48.2693173139369,3330
B,4535,43.397644181512,2306
B,4536,56.3992437240164,2907
B,4537,52.3184729624839,3634
B,4538,40.0793718599033,2685
B,4539,43.5017812632124,3065
B,4540,51.0696860987891,3584
B,4541,41.7642349958374,2163
B,4542,36.5066981207148,2214
B,4543,51.1523722080744,3476
B,4544,48.8558786902743,3920
B,4545,52.4935666994574,3465
B,4546,44.4940463581163,3573
B,4547,46.1946279920529,2656
B,4548,54.9147127975308,3017
B,4549,45.3076661876205,4226
B,4550,45.4066775365194,2320
B,4551,51.9688851855825,3407
B,4552,39.9445799823979,2490
B,4553,55.6544519404237,2716
B,4554,54.8275310329884,4697
B,4555,50.077649978685,2036
B,4556,51.5527361273839,3049
B,4557,57.7773245443176,3555
B,4558,52.2278614981557,4061
B,4559,52.743264851658,2814
B,4560,46.4533222384866,2332
B,4561,48.9957113994744,2564
B,4562,42.6846613574183,2355
B,4563,59.1444679633778,1911
B,4564,45.6874376833979,3195
B,4565,50.1200730981146,4577
B,4566,42.9076629887189,3423
B,4567,50.9785926669114,3305
B,4568,52.5457463711859,4226
B,4569,51.3617686565979,2942
B,4570,49.0169268471915,2858
B,4571,53.8137070002485,4163
B,4572,52.2532203363515,2620
B,4573,42.7090525351916,3425
B,4574,53.318228095572,3254
B,4575,54.77272290008,3554
B,4576,49.6960049250779,3393
B,4577,51.6177676577862,2733
B,4578,52.3415285375556,1794
B,4579,48.5033841882316,2948
B,4580,56.9296203216954,2721
B,4581,50.3841830962837,2656
B,4582,48.0107406318927,3352
B,4583,41.3384383578311,2570
B,4584,45.1863985925588,2310
B,4585,48.9245797907665,3480
B,4586,47.1354512295159,3383
B,4587,55.591164895818,3272
B,4588,50.5870276970535,3701
B,4589,37.7295797618565,2611
B,4590,56.6936207322961,1930
B,4591,53.5846391555613,2566
B,4592,52.032357383024,3378
B,4593,49.7914271952869,2972
B,4594,56.8970216450007,4054
B,4595,50.6916605644178,3196
B,4596,45.9508334771922,2802
B,4597,51.8993260380329,2327
B,4598,55.4313074928217,2671
B,4599,44.5045705758152,1591
B,4600,50.0268961481821,2925
B,4601,54.1084862396088,3474
B,4602,45.2824667680535,2222
B,4603,48.9075766841792,3396
B,4604,49.642423695055,2776
B,4605,45.7773878560044,2329
B,4606,49.9254845795185,3092
B,4607,54.258153091174,4339
B,4608,39.8624794094333,2859
B,4609,51.2542984519978,3580
B,4610,49.02858714592,2565
B,4611,52.4368542474837,2508
B,4612,55.0778902957131,1867
B,4613,49.9634286565873,2077
B,4614,50.2957897559286,3312
B,4615,50.1942699856281,2788
B,4616,50.385883078587,4104
B,4617,47.1035748481046,2590
B,4618,45.4586167558931,2739
B,4619,54.9515177026395,3543
B,4620,49.15146640053,1821
B,4621,49.0706409556305,2464
B,4622,44.8706521385855,2320
B,4623,45.8541560382667,3626
B,4624,46.2894892077642,3344
B,4625,52.3733318181142,2806
B,4626,51.6455877060047,3234
B,4627,46.3700345233198,3269
B,4628,52.888923451531,3484
B,4629,45.9082756805257,3125
B,4630,51.9130536737022,3775
B,4631,57.4641590614722,2323
B,4632,50.0280276308622,2602
B,4633,51.5165103413818,2775
B,4634,56.8690729002687,3914
B,4635,52.5945224881286,3976
B,4636,45.6558647595175,2306
B,4637,51.251099063465,2877
B,4638,49.5468572467942,3472
B,4639,51.2242626355855,1924
B,4640,46.5185397680705,2220
B,4641,53.3467578898229,2642
B,4642,52.08726477061,2571
B,4643,59.7899438093851,2893
B,4644,46.9205805804637,2366
B,4645,54.3653957096514,3686
B,4646,50.4667060539133,2416
B,4647,47.9414510234587,2732
B,4648,55.8015852883476,3446
B,4649,48.408290246353,3558
B,4650,54.8904789543972,3205
B,4651,52.0866838020851,3700
B,4652,49.0415451230053,2501
B,4653,47.958946494263,2955
B,4654,44.0511756825726,2012
B,4655,50.7951720717855,2472
B,4656,52.2917546628059,5420
B,4657,41.0206791734188,2507
B,4658,59.3016102683822,2452
B,4659,41.3206124168217,2238
B,4660,43.3898408708099,2466
B,4661,56.5546298510431,2094
B,4662,51.5988684635752,3537
B,4663,50.0063936590437,1890
B,4664,47.5494864506665,3358
B,4665,50.5851867511258,3615
B,4666,44.182960199552,2893
B,4667,50.9215096335185,1634
B,4668,56.4876557926534,2198
B,4669,53.2875880116184,2037
B,4670,55.0952965759021,2853
B,4671,52.9374418520173,3617
B,4672,58.3570529759849,2464
B,4673,54.7154143681273,3393
B,4674,55.0453315611737,4117
B,4675,52.4380628728219,2063
B,4676,54.8969672918809,4134
B,4677,46.9540816801227,2130
B,4678,49.9665522788344,2244
B,4679,49.7402258104253,3258
B,4680,57.2989628537077,2082
B,4681,50.8266157861958,1795
B,4682,47.6788591126804,2027
B,4683,50.9194184073785,3368
B,4684,44.9236701381336,2986
B,4685,50.6126962387072,3887
B,4686,51.5947518105673,3498
B,4687,51.7880829234035,2781
B,4688,51.627255793095,5147
B,4689,56.4181038095781,3097
B,4690,54.9176637236334,3352
B,4691,52.2416840224113,2565
B,4692,50.5042978458033,3051
B,4693,50.9396213593128,2887
B,4694,50.5983417695971,3242
B,4695,46.8368977338789,2073
B,4696,43.5740441212844,2245
B,4697,47.3000260809775,4513
B,4698,44.5468636819038,2195
B,4699,52.3523550334912,2669
B,4700,51.2045731181445,3155
B,4701,49.107516379641,5285
B,4702,46.0535060286205,2028
B,4703,48.9109803331092,2264
B,4704,46.379518841373,3693
B,4705,56.4759059012256,3548
B,4706,50.1922183336904,4046
B,4707,49.290128591516,4390
B,4708,50.0630433909896,3400
B,4709,53.099898224966,4950
B,4710,49.5645837434983,2531
B,4711,51.1243706617697,4040
B,4712,53.0610447714179,2597
B,4713,44.701715753833,1600
B,4714,47.2508800250059,2719
B,4715,51.8217302329004,3907
B,4716,48.0832559283112,2573
B,4717,56.9723682524596,3526
B,4718,50.0583136021837,3348
B,4719,57.3409562874757,1411
B,4720,53.9937901830381,3474
B,4721,49.935582650012,1413
B,4722,43.5669603884091,2503
B,4723,52.3392128305441,2345
B,4724,49.8582793397995,3177
B,4725,51.4732949986389,3887
B,4726,42.6502371474996,2349
B,4727,43.2480249735329,1942
B,4728,52.2745671772083,2816
B,4729,53.3732492696182,4247
B,4730,49.5618869389621,3492
B,4731,57.1245577864804,4402
B,4732,54.7529032825368,3216
B,4733,47.9063011447539,2546
B,4734,54.1650114581758,2709
B,4735,56.4148871602648,2669
B,4736,50.2918379862819,3730
B,4737,44.7140242789498,2338
B,4738,51.479192811317,4810
B,4739,41.0631631620436,2354
B,4740,51.4531457194088,2983
B,4741,54.9203340468348,3007
B,4742,51.7548413721842,2573
B,4743,55.2657712421245,2542
B,4744,44.719274887055,2350
B,4745,47.3022234605585,3822
B,4746,57.9822835287892,2039
B,4747,39.745103777729,1760
B,4748,55.0230504030024,4328
B,4749,47.7889981774893,2959
B,4750,55.2032415264983,1998
B,4751,52.8036045917891,3068
B,4752,54.3491761757097,5370
B,4753,47.8096506614319,3220
B,4754,53.40516511481,3045
B,4755,45.448736399428,3120
B,4756,42.7183692132232,2308
B,4757,55.6398208762068,4231
B,4758,46.4953673848667,1510
B,4759,48.074510978337,2523
B,4760,49.0573517203249,4297
B,4761,48.7921791688981,3468
B,4762,51.0460172817518,2894
B,4763,51.2719707157243,2309
B,4764,51.3294997376601,3154
B,4765,45.7549455367549,3252
B,4766,46.1835004425927,3043
B,4767,52.7608091737897,3752
B,4768,50.967002237059,4173
B,4769,40.1979036145522,2119
B,4770,52.8921178091536,5349
B,4771,51.5963375997477,3323
B,4772,53.1784733342477,2995
B,4773,45.8433271544818,1553
B,4774,53.4307485895147,3712
B,4775,43.7123448020257,2737
B,4776,53.8660617083623,3328
B,4777,48.6142250592919,3697
B,4778,59.9568287154859,1794
B,4779,47.0092603465347,2417
B,4780,55.0240379306942,3407
B,4781,46.9685114213587,3681
B,4782,50.599933147324,3774
B,4783,52.4362258853532,3664
B,4784,44.6500432470537,1754
B,4785,43.1754373956807,1579
B,4786,45.6442079669464,2601
B,4787,50.3037182643318,2552
B,4788,53.5569553701777,2941
B,4789,50.2940215568407,2023
B,4790,49.5533436218059,3401
B,4791,51.560131687086,4602
B,4792,60.8941823811177,5157
B,4793,45.7712223671648,1436
B,4794,57.1683257997462,3100
B,4795,45.5730654693121,1941
B,4796,49.1330780283238,3860
B,4797,47.1736555841577,2239
B,4798,41.9552904377252,2226
B,4799,48.3746269703878,3419
B,4800,46.2233531525993,2769
B,4801,44.9994471317001,2355
B,4802,54.1064794841424,2581
B,4803,47.294063147604,3839
B,4804,51.7503806930161,3772
B,4805,51.6271111744276,4970
B,4806,52.4332348364857,5320
B,4807,52.9224478301097,2480
B,4808,55.9486316814296,2648
B,4809,51.6935113187573,4784
B,4810,50.0258380240911,3095
B,4811,47.5207214398063,2946
B,4812,50.9135866783455,3859
B,4813,48.566786269319,3304
B,4814,53.613678777634,3009
B,4815,47.8869674727185,2030
B,4816,48.8398512997484,2340
B,4817,55.6922549139147,2175
B,4818,51.6261972469321,3612
B,4819,53.8135143058438,2721
B,4820,46.0237373823133,3142
B,4821,42.3478740717153,1824
B,4822,48.8712022727665,2979
B,4823,43.5460183314435,1751
B,4824,49.904257063385,3750
B,4825,52.3150720381902,4534
B,4826,52.4005152098698,3341
B,4827,49.3539937964363,3004
B,4828,44.6214119154311,1814
B,4829,43.2536251548328,2083
B,4830,50.0457044026836,2298
B,4831,42.9006726068585,3139
B,4832,41.495086869506,2140
B,4833,54.0003597510981,2612
B,4834,47.8183320000998,1473
B,4835,48.8011341401034,3616
B,4836,55.0957430817151,4187
B,4837,41.9907415846032,1606
B,4838,47.46138468178,1663
B,4839,49.4153637624359,3044
B,4840,48.0780060809116,2578
B,4841,49.3710425925472,2870
B,4842,56.6665665986779,1490
B,4843,42.6490209712835,1853
B,4844,44.8353662019029,2146
B,4845,50.854059073876,3828
B,4846,50.6331529706022,3847
B,4847,46.4930416010028,2137
B,4848,49.9864604263981,3282
B,4849,56.3674057246746,2284
B,4850,53.0635057419945,3220
B,4851,45.9529818892399,3008
B,4852,45.7032592943832,3404
B,4853,50.6519387367634,2720
B,4854,44.0647222077198,2539
B,4855,52.3382712204056,2558
B,4856,48.5033242382361,2685
B,4857,52.1492348145542,5107
B,4858,46.9673251236246,2835
B,4859,48.9809389348517,2513
B,4860,58.0150993733902,4018
B,4861,50.8445954980339,3401
B,4862,50.119744708482,4459
B,4863,48.6533195529688,2873
B,4864,51.9005437262652,1774
B,4865,42.8447247630475,2876
B,4866,50.111842000307,4205
B,4867,52.9115015092885,2392
B,4868,43.3839600221877,1959
B,4869,59.2103990869113,2827
B,4870,39.3077574630322,2023
B,4871,47.650126020024,3184
B,4872,47.0045697127476,2453
B,4873,51.5503506505686,3437
B,4874,51.809655442907,4435
B,4875,55.3447320865701,5531
B,4876,62.6893103188714,3444
B,4877,47.4064875166196,2865
B,4878,46.9119589617566,2021
B,4879,53.2926550336085,3373
B,4880,48.5654362299519,3156
B,4881,53.6243170325911,4323
B,4882,50.6437727256656,3505
B,4883,52.2569625436995,3274
B,4884,52.0712137339263,2239
B,4885,51.1666030154259,3019
B,4886,49.6439695367893,2355
B,4887,52.3884776286109,3479
B,4888,47.2528866374382,3184
B,4889,54.8283000318332,5821
B,4890,50.3619895678846,2911
B,4891,50.8002825146855,3173
B,4892,48.4311144752471,3931
B,4893,48.4008911375432,3338
B,4894,49.0659160989373,4311
B,4895,57.6769579088577,2781
B,4896,62.0272156848824,1513
B,4897,48.8694054686555,3159
B,4898,54.3401473363765,2056
B,4899,45.3347485804806,3491
B,4900,49.1168757687822,4251
B,4901,54.7214586879877,3205
B,4902,54.7266869757668,2012
B,4903,48.6692591564886,2267
B,4904,43.712058022286,2773
B,4905,64.8341415191474,2357
B,4906,48.6332443068192,1481
B,4907,50.2577333470057,1809
B,4908,46.1562323871806,2459
B,4909,54.9299331142074,2721
B,4910,49.5050679971985,2653
B,4911,53.6813943913825,2974
B,4912,48.2649264166976,3472
B,4913,48.2008948446198,2718
B,4914,56.1112822724414,2231
B,4915,45.7995443464602,2002
B,4916,54.217168597134,2037
B,4917,45.6837088832917,3979
B,4918,58.7176079331322,3282
B,4919,49.7391490318101,5271
B,4920,45.6759011221367,1423
B,4921,41.7357331356356,2077
B,4922,50.8988281607873,2339
B,4923,54.208484259334,2840
B,4924,48.7279425166279,2334
B,4925,47.0537164210637,1977
B,4926,57.397013182499,4216
B,4927,53.1068660084638,4407
B,4928,49.7648481586688,2985
B,4929,49.5797067907322,2642
B,4930,45.5976737958803,3280
B,4931,46.7613289786581,3476
B,4932,49.1237003019675,2397
B,4933,52.0494138229712,2618
B,4934,53.5070616838879,5071
B,4935,53.2480448901461,3539
B,4936,53.4771506224435,2475
B,4937,40.7181531256252,2274
B,4938,48.7562196662822,3357
B,4939,52.2148410561823,2595
B,4940,45.3833452767015,3064
B,4941,44.9524155452121,2348
B,4942,45.9394291314217,3074
B,4943,49.7599828844885,2447
B,4944,51.934644448512,1930
B,4945,50.713233516337,2736
B,4946,51.3060980595175,2274
B,4947,50.2647200724339,1901
B,4948,48.156601945245,1495
B,4949,53.1881849103945,4222
B,4950,52.3423328028588,2674
B,4951,51.9945031247531,4882
B,4952,50.3988971922502,3182
B,4953,52.2645715877209,4256
B,4954,42.3833873928116,2847
B,4955,54.4572271965244,4998
B,4956,49.2199216085459,3927
B,4957,45.963017861471,3635
B,4958,47.2339586773194,2672
B,4959,54.8887231964101,1506
B,4960,51.2738695224727,3834
B,4961,54.9179154958881,3786
B,4962,50.9868873384486,2618
B,4963,43.7352677352409,2039
B,4964,48.6660223365616,2020
B,4965,47.3275963869723,2214
B,4966,46.0426283237903,2153
B,4967,48.6333394030712,1737
B,4968,48.2940123542611,3605
B,4969,45.5300960264499,3819
B,4970,43.3083653597592,2705
B,4971,42.6577772512228,2466
B,4972,42.5846492816992,2445
B,4973,55.1789023704393,3651
B,4974,51.0471967163238,3653
B,4975,44.5212714121611,2940
B,4976,50.4905987558127,3016
B,4977,53.9816301526655,4470
B,4978,49.7272464265886,3107
B,4979,53.1195431089509,1433
B,4980,51.4273687254538,6043
B,4981,61.0532361787838,2324
B,4982,51.7387494830138,4399
B,4983,44.0957411115034,3382
B,4984,43.0571267147998,4436
B,4985,51.2969954929532,3260
B,4986,66.3481904809103,1650
B,4987,52.4933531945295,3882
B,4988,47.9619983280186,2759
B,4989,42.623288099245,1934
B,4990,49.9947089971735,2804
B,4991,43.6648357618833,2195
B,4992,53.6651912626864,3236
B,4993,52.3231003392354,2857
B,4994,54.8454305489586,2702
B,4995,46.0386487452261,3337
B,4996,48.4251236947561,2861
B,4997,42.121698509342,2030
B,4998,51.7361168625257,3684
B,4999,54.3921142893889,5038
B,5000,49.6183917164612,2739
