Platform,WindowID,DateKey,OperationID,Scale_km,StartUnit,Length_m,ObservedExtraTime_s,PredictedExtraTime_s,ExtraTimeError_s,ObservedTotalTime_s,PredictedTotalTime_s,TotalTimeError_s,TotalTimeError_pct
A,1,20230706,3,1,1,1000,89.5007797195162,172.058393957077,82.5576142375605,809.141196527866,891.698810765427,82.5576142375605,10.2031159199193
A,2,20230706,3,1,2,1000,108.1935117677,87.156247896684,-21.0372638710158,734.962789790124,713.925525919109,-21.0372638710157,-2.86235768167571
A,3,20230706,3,1,3,1000,58.2429983859156,48.5934376313933,-9.64956075452225,708.388924220172,698.73936346565,-9.64956075452221,-1.36218402414252
A,4,20230706,3,1,4,1000,23.3931076887408,110.275038447981,86.88193075924,701.902186387268,788.784117146508,86.88193075924,12.378068118925
A,5,20230706,3,1,5,1000,55.4990215478836,105.202602049378,49.7035805014944,785.756907827616,835.46048832911,49.7035805014943,6.32556710686896
A,6,20230706,3,1,6,1000,21.3230745009673,54.2068221899615,32.8837476889941,676.36908554221,709.252833231204,32.8837476889942,4.86180524685468
A,7,20230706,3,1,7,1000,73.084889240743,23.2081748602869,-49.8767143804561,697.769187699014,647.892473318558,-49.8767143804561,-7.14802477090327
A,8,20230706,3,1,8,1000,73.8059401304317,55.5137862748038,-18.2921538556279,713.522123672504,695.229969816876,-18.2921538556279,-2.56364214209338
A,9,20230706,3,1,9,1000,79.2233033277362,69.8536330750171,-9.36967025271909,721.231000824233,711.861330571514,-9.36967025271906,-1.29912195149838
A,10,20230706,3,1,10,1000,85.3362316103494,52.5364035638255,-32.7998280465239,651.855138960202,619.055310913678,-32.7998280465239,-5.03176642878725
A,11,20230706,3,1,11,1000,98.5874967549203,97.6364641485117,-0.951032606408518,721.179706420895,720.228673814486,-0.951032606408489,-0.13187179255616
A,12,20230706,3,1,12,1000,49.4510247072667,70.3386321484037,20.887607441137,774.587938062867,795.475545504004,20.887607441137,2.69660892130258
A,13,20230706,3,2,1,2000,197.694291487216,259.214641853761,61.5203503665448,1544.10398631799,1605.62433668454,61.520350366545,3.98421031949046
A,14,20230706,3,2,2,2000,166.436510153615,135.749685528077,-30.686824625538,1443.3517140103,1412.66488938476,-30.6868246255381,-2.12608086633825
A,15,20230706,3,2,3,2000,81.6361060746564,158.868476079374,77.2323700047178,1410.29111060744,1487.52348061216,77.2323700047177,5.47634239653204
A,16,20230706,3,2,4,2000,78.8921292366243,215.477640497359,136.585511260734,1487.65909421488,1624.24460547562,136.585511260734,9.18123727350437
A,17,20230706,3,2,5,2000,76.8220960488509,159.409424239339,82.5873281904885,1462.12599336983,1544.71332156031,82.5873281904885,5.6484412810517
A,18,20230706,3,2,6,2000,94.4079637417103,77.4149970502484,-16.9929666914619,1374.13827324122,1357.14530654976,-16.9929666914618,-1.23662713006166
A,19,20230706,3,2,7,2000,146.890829371175,78.7219611350908,-68.168868236084,1411.29131137152,1343.12244313543,-68.1688682360839,-4.83024785080241
A,20,20230706,3,2,8,2000,153.029243458168,125.367419349821,-27.661824108347,1434.75312449674,1407.09130038839,-27.661824108347,-1.92798493594846
A,21,20230706,3,2,9,2000,164.559534938086,122.390036638843,-42.169498299243,1373.08613978443,1330.91664148519,-42.1694982992431,-3.07114732844535
A,22,20230706,3,2,10,2000,183.92372836527,150.172867712337,-33.7508606529324,1373.0348453811,1339.28398472816,-33.7508606529325,-2.45812120256603
A,23,20230706,3,2,11,2000,148.038521462187,167.975096296915,19.9365748347285,1495.76764448376,1515.70421931849,19.9365748347286,1.33286576349292
A,24,20230706,3,3,1,3000,255.937289873132,307.808079485154,51.8707896120225,2252.49291053816,2304.36370015019,51.8707896120227,2.30281699752963
A,25,20230706,3,3,2,3000,189.829617842356,246.024723976058,56.195106133702,2145.25390039756,2201.44900653127,56.1951061337022,2.61950840053422
A,26,20230706,3,3,3,3000,137.13512762254,264.071078128752,126.935950506212,2196.04801843506,2322.98396894127,126.935950506213,5.78019922336076
A,27,20230706,3,3,4,3000,100.215203737592,269.68446268732,169.469258949729,2164.02817975709,2333.49743870682,169.469258949729,7.83119464593807
A,28,20230706,3,3,5,3000,149.906985289594,182.617599099626,32.7106138100325,2159.89518106884,2192.60579487887,32.7106138100326,1.51445376130917
A,29,20230706,3,3,6,3000,168.213903872142,132.928783325052,-35.2851205470898,2087.66039691373,2052.37527636664,-35.2851205470897,-1.69017530817048
A,30,20230706,3,3,7,3000,226.114132698911,148.575594210108,-77.5385384888031,2132.52231219575,2054.98377370695,-77.5385384888032,-3.63600127629922
A,31,20230706,3,3,8,3000,238.365475068517,177.903822913646,-60.4616521548709,2086.60826345694,2026.14661130207,-60.461652154871,-2.89760436655717
A,32,20230706,3,3,9,3000,263.147031693006,220.026500787354,-43.1205309056515,2094.26584620533,2051.14531529968,-43.1205309056513,-2.05898076329626
A,33,20230706,3,3,10,3000,233.374753072536,220.511499860741,-12.8632532117954,2147.62278344396,2134.75953023217,-12.8632532117954,-0.598953098791756
A,34,20230706,3,4,1,4000,279.330397561872,418.083117933135,138.752720371263,2954.39509692543,3093.14781729669,138.752720371263,4.69648492565057
A,35,20230706,3,4,2,4000,245.32863939024,351.227326025436,105.898686635196,2931.01080822518,3036.90949486038,105.898686635196,3.61304319786255
A,36,20230706,3,4,3,4000,158.458202123507,318.277900318714,159.819698195206,2872.41710397727,3032.23680217247,159.819698195206,5.56394466437042
A,37,20230706,3,4,4,4000,173.300092978335,292.892637547607,119.592544569273,2861.79736745611,2981.38991202538,119.592544569272,4.17893125241009
A,38,20230706,3,4,5,4000,223.712925420026,238.13138537443,14.4184599544046,2873.41730474134,2887.83576469575,14.4184599544046,0.501787886173482
A,39,20230706,3,4,6,4000,247.437207199878,202.782416400069,-44.6547907998089,2808.89139773796,2764.23660693815,-44.6547907998088,-1.58976565757473
A,40,20230706,3,4,7,4000,311.45036430926,201.111997773933,-110.338366535327,2784.37745115595,2674.03908462063,-110.338366535327,-3.96276612890682
A,41,20230706,3,4,8,4000,336.952971823438,275.540287062158,-61.4126847612794,2807.78796987783,2746.37528511655,-61.4126847612793,-2.18722657907646
A,42,20230706,3,4,9,4000,312.598056400273,290.365132935758,-22.2329234645145,2868.8537842682,2846.62086080368,-22.2329234645144,-0.77497583133836
A,43,20230706,3,5,1,5000,334.829419109756,523.285719982513,188.456300872757,3740.15200475305,3928.6083056258,188.456300872757,5.03873373684448
A,44,20230706,3,5,2,5000,266.651713891207,405.434148215398,138.782434324191,3607.37989376739,3746.16232809158,138.78243432419,3.84718101256733
A,45,20230706,3,5,3,5000,231.54309136425,341.486075179001,109.94298381475,3570.18629167628,3680.12927549103,109.942983814751,3.07947470615406
A,46,20230706,3,5,4,5000,247.106033108766,348.406423822411,101.300390713645,3575.31949112861,3676.61988184226,101.300390713644,2.83332415368751
A,47,20230706,3,5,5,5000,302.936228747762,307.985018449447,5.04878970168551,3594.64830556558,3599.69709526726,5.04878970168556,0.140452953182334
A,48,20230706,3,5,6,5000,332.773438810228,255.318819963895,-77.4546188463328,3460.74653669816,3383.29191785183,-77.4546188463328,-2.23808990415781
A,49,20230706,3,5,7,5000,410.037861064181,298.748461922445,-111.289399141735,3505.55715757685,3394.26775843511,-111.289399141735,-3.17465652788449
A,50,20230706,3,5,8,5000,386.403996530704,345.878919210562,-40.5250773201424,3582.3759079407,3541.85083062056,-40.5250773201424,-1.13123464319628
A,51,20230706,3,6,1,6000,356.152493610723,577.492542172474,221.340048561751,4416.52109029526,4637.86113885701,221.34004856175,5.01163798465985
A,52,20230706,3,6,2,6000,339.73660313195,428.642323075685,88.9057199437345,4305.1490814664,4394.05480141014,88.9057199437348,2.06510200370232
A,53,20230706,3,6,3,6000,305.349031494682,396.999861453804,91.6508299591223,4283.70841534878,4375.35924530791,91.6508299591223,2.13952073933725
A,54,20230706,3,6,4,6000,326.329336436503,418.260056897428,91.9307204609256,4296.55049195284,4388.48121241377,91.9307204609258,2.13964017490557
A,55,20230706,3,6,5,6000,388.272460358111,360.521422013273,-27.7510383448384,4246.50344452578,4218.75240618094,-27.751038344838,-0.653503257618034
A,56,20230706,3,6,6,6000,431.360935565148,352.955284112407,-78.4056514527413,4181.92624311906,4103.52059166632,-78.405651452741,-1.87486930410955
A,57,20230706,3,6,7,6000,459.488885771447,369.087094070849,-90.4017917005984,4280.14509563971,4189.74330393912,-90.4017917005986,-2.11211979221669
A,58,20230706,3,7,1,7000,429.237382851466,600.700717032761,171.463334181295,5114.29027799427,5285.75361217556,171.463334181295,3.35263203418598
A,59,20230706,3,7,2,7000,413.542543262382,484.156109350488,70.6135660881066,5018.67120513891,5089.28477122701,70.6135660881073,1.40701718048
A,60,20230706,3,7,3,7000,384.572334822418,466.853494528821,82.2811597064033,5004.93941617302,5087.22057587942,82.2811597064028,1.64399911496468
A,61,20230706,3,7,4,7000,411.665568046852,470.796460461254,59.1308924144016,4948.40563091305,5007.53652332745,59.1308924144014,1.19494836973361
A,62,20230706,3,7,5,7000,486.859957113031,458.157886161785,-28.7020709512469,4967.68315094667,4938.98107999543,-28.7020709512472,-0.577775797672956
A,63,20230706,3,7,6,7000,480.811960272415,423.29391626081,-57.5180440116042,4956.51418118192,4898.99613717032,-57.5180440116046,-1.16045353466312
A,64,20230706,3,8,1,8000,503.043322981898,656.214503307565,153.171180325667,5827.81240166677,5980.98358199244,153.171180325667,2.62827918554584
A,65,20230706,3,8,2,8000,492.765846590118,554.009742425505,61.2438958353875,5739.90220596314,5801.14610179853,61.2438958353878,1.066985004932
A,66,20230706,3,8,3,8000,469.908566432768,519.389898092647,49.4813316598794,5656.79455513322,5706.2758867931,49.4813316598793,0.874723859557137
A,67,20230706,3,8,4,8000,510.253064801772,568.432924609765,58.1798598079931,5669.58533733394,5727.76519714193,58.1798598079931,1.02617486723203
A,68,20230706,3,8,5,8000,536.310981820298,528.496518310188,-7.81446351010982,5742.27108900954,5734.45662549943,-7.81446351010982,-0.136086635217664
A,69,20230706,3,9,1,9000,582.266626309634,726.068136382582,143.801510072948,6549.04340249101,6692.84491256395,143.801510072948,2.19576358309446
A,70,20230706,3,9,2,9000,578.102078200467,606.546145989331,28.4440677888635,6391.75734492334,6420.20141271221,28.4440677888642,0.445011696375739
A,71,20230706,3,9,3,9000,568.496063187688,617.026362241159,48.5302990534708,6377.97426155411,6426.50456060758,48.530299053471,0.760904592324989
A,72,20230706,3,9,4,9000,559.704089509039,638.771556758169,79.0674672491301,6444.17327539681,6523.24074264594,79.0674672491305,1.22696060254931
A,73,20230706,3,10,1,10000,667.602857919984,778.604539946408,111.001682026424,7200.89854145121,7311.90022347763,111.001682026424,1.54149765320889
A,74,20230706,3,10,2,10000,676.689574955388,704.182610137843,27.4930351824551,7112.93705134424,7140.43008652669,27.493035182456,0.386521559012816
A,75,20230706,3,10,3,10000,617.947087894955,687.364994389562,69.4179064946079,7152.56219961698,7221.98010611159,69.4179064946084,0.970532021354889
A,76,20230706,4,1,1,1000,244.083043107609,142.709892424817,-101.373150682792,1021.68234133889,920.3091906561,-101.373150682792,-9.92217899645255
A,77,20230706,5,1,1,1000,220.123207368309,301.655535764134,81.5323283958249,1000.66637230773,1082.19870070356,81.5323283958249,8.14780336904852
A,78,20230706,5,1,2,1000,21.2063614134523,108.208470411369,87.0021089979169,618.381448345798,705.383557343715,87.0021089979169,14.06932714923
A,79,20230706,5,1,3,1000,156.169537151883,105.389297153269,-50.7802399986135,738.515975874491,687.735735875877,-50.7802399986135,-6.8759839539671
A,80,20230706,5,1,4,1000,64.3914595207261,84.1049305720378,19.7134710513117,656.185051019095,675.898522070406,19.7134710513117,3.00425482425963
A,81,20230706,5,1,5,1000,220.171348957985,79.5325027696222,-140.638846188363,749.424599575163,608.785753386801,-140.638846188363,-18.7662436311923
A,82,20230706,5,1,6,1000,148.893546373343,82.2263141729641,-66.6672322003787,678.165562982977,611.498330782599,-66.6672322003787,-9.83052455614768
A,83,20230706,5,1,7,1000,100.172590688684,55.9541776513159,-44.2184130373682,626.268210722106,582.049797684738,-44.2184130373681,-7.06061912137979
A,84,20230706,5,1,8,1000,178.917762111683,37.735127744768,-141.182634366915,566.318679526915,425.13604516,-141.182634366915,-24.9298918560933
A,85,20230706,5,1,9,1000,2.6965989770174,2.91573069383374,0.219131716816338,342.563902766623,342.783034483439,0.219131716816321,0.0639681282956447
A,86,20230706,5,1,10,1000,288.865276822798,57.5928874288309,-231.272389393968,655.144676244245,423.872286850277,-231.272389393968,-35.3009644708991
A,87,20230706,5,1,11,1000,133.192093782321,98.4480012736833,-34.7440925086373,749.983197336308,715.239104827671,-34.7440925086373,-4.63264945561938
A,88,20230706,5,1,12,1000,83.1615802524102,84.2664493867451,1.10486913433486,609.050726919897,610.155596054232,1.10486913433488,0.181408392683881
A,89,20230706,5,1,13,1000,181.307071535506,87.6541078984559,-93.6529636370498,758.397419959805,664.744456322755,-93.6529636370498,-12.3487977638444
A,90,20230706,5,1,14,1000,27.2099887557033,56.4656165950299,29.2556278393265,584.637050123378,613.892677962704,29.2556278393265,5.00406668259437
A,91,20230706,5,1,15,1000,82.0946491189452,91.9533548586338,9.8587057396886,610.129904442038,619.988610181726,9.85870573968862,1.61583716318648
A,92,20230706,5,1,16,1000,11.4484337964886,54.9742020575773,43.5257682610887,534.551075924515,578.076844185604,43.5257682610887,8.14249006716714
A,93,20230706,5,1,17,1000,91.4391734370483,46.2488869743783,-45.19028646267,577.843007903819,532.652721441149,-45.19028646267,-7.82051281136066
A,94,20230706,5,1,18,1000,62.6251002800745,60.2789554537233,-2.34614482635121,492.198330488311,489.852185661959,-2.34614482635124,-0.476666555131063
A,95,20230706,5,1,19,1000,52.7812196102686,38.2784917447146,-14.502727865554,498.864614483224,484.36188661767,-14.502727865554,-2.90714703839588
A,96,20230706,5,2,1,2000,241.329568781761,409.864006175503,168.534437393742,1619.04782065353,1787.58225804727,168.534437393742,10.4094786604705
A,97,20230706,5,2,2,2000,177.375898565335,213.597767564639,36.2218689993034,1356.89742422029,1393.11929321959,36.2218689993033,2.6694625807929
A,98,20230706,5,2,3,2000,220.560996672609,189.494227725307,-31.0667689473019,1394.70102689359,1363.63425794628,-31.0667689473019,-2.22748591621079
A,99,20230706,5,2,4,2000,284.562808478711,163.63743334166,-120.925375137051,1405.60965059426,1284.68427545721,-120.925375137051,-8.60305527113637
A,100,20230706,5,2,5,2000,369.064895331328,161.758816942586,-207.306078388741,1427.59016255814,1220.2840841694,-207.306078388741,-14.5214000366368
A,101,20230706,5,2,6,2000,249.066137062027,138.18049182428,-110.885645237747,1304.43377370508,1193.54812846734,-110.885645237747,-8.50067266525841
A,102,20230706,5,2,7,2000,279.090352800367,93.6893053960839,-185.401047404283,1192.58689024902,1007.18584284474,-185.401047404283,-15.5461248920463
A,103,20230706,5,2,8,2000,181.614361088701,40.6508584386017,-140.963502650099,908.882582293538,767.919079643439,-140.963502650099,-15.5095394494613
A,104,20230706,5,2,9,2000,291.561875799816,60.5086181226646,-231.053257677151,997.708579010868,766.655321333716,-231.053257677151,-23.1583913918249
A,105,20230706,5,2,10,2000,422.057370605119,156.040888702514,-266.016481902605,1405.12787358055,1139.11139167795,-266.016481902605,-18.9318343834957
A,106,20230706,5,2,11,2000,216.353674034731,182.714450660428,-33.6392233743024,1359.0339242562,1325.3947008819,-33.6392233743024,-2.47523058651484
A,107,20230706,5,2,12,2000,264.468651787916,171.920557285201,-92.5480945027149,1367.4481468797,1274.90005237699,-92.548094502715,-6.76794178367165
A,108,20230706,5,2,13,2000,208.517060291209,144.119724493486,-64.3973357977232,1343.03447008318,1278.63713428546,-64.3973357977231,-4.79491310403482
A,109,20230706,5,2,14,2000,109.304637874649,148.418971453664,39.1143335790152,1194.76695456542,1233.88128814443,39.1143335790152,3.2738044377234
A,110,20230706,5,2,15,2000,93.5430829154338,146.927556916211,53.3844740007773,1144.68098036655,1198.06545436733,53.3844740007773,4.66369887474521
A,111,20230706,5,2,16,2000,102.887607233537,101.223089031956,-1.66451820158134,1112.39408382833,1110.72956562675,-1.66451820158136,-0.149633859598828
A,112,20230706,5,2,17,2000,154.064273717123,106.527842428102,-47.5364312890212,1070.04133839213,1022.50490710311,-47.5364312890213,-4.44248549877995
A,113,20230706,5,2,18,2000,115.406319890343,98.5574471984379,-16.8488726919052,991.062944971534,974.214072279629,-16.8488726919053,-1.70008098651991
A,114,20230706,5,3,1,3000,397.499105933644,515.253303328772,117.754197395128,2357.56379652802,2475.31799392315,117.754197395128,4.9947406542527
A,115,20230706,5,3,2,3000,241.767358086061,297.702698136677,55.9353400506151,2013.08247523938,2069.01781529,55.9353400506152,2.77859157479197
A,116,20230706,5,3,3,3000,440.732345630594,269.026730494929,-171.705615135664,2144.12562646875,1972.42001133308,-171.705615135665,-8.00818818710981
A,117,20230706,5,3,4,3000,433.456354852054,245.863747514624,-187.59260733743,2083.77521357724,1896.18260623981,-187.59260733743,-9.00253569171637
A,118,20230706,5,3,5,3000,469.237486020012,217.712994593902,-251.524491426109,2053.85837328025,1802.33388185414,-251.524491426109,-12.2464379578615
A,119,20230706,5,3,6,3000,427.98389917371,175.915619569048,-252.068279604662,1870.752453232,1618.68417362734,-252.068279604662,-13.4741653909996
A,120,20230706,5,3,7,3000,281.786951777385,96.6050360899176,-185.181915687467,1535.15079301564,1349.96887732818,-185.181915687467,-12.0627834431624
A,121,20230706,5,3,8,3000,470.479637911499,98.2437458674326,-372.235892044067,1564.02725853778,1191.79136649372,-372.235892044067,-23.7998340509789
A,122,20230706,5,3,9,3000,424.753969582137,158.956619396348,-265.797350185789,1747.69177634718,1481.89442616139,-265.797350185789,-15.2084797664567
A,123,20230706,5,3,10,3000,505.218950857529,240.307338089259,-264.91161276827,2014.17860050045,1749.26698773218,-264.91161276827,-13.1523397529121
A,124,20230706,5,3,11,3000,397.660745570236,270.368558558884,-127.292187011352,2117.43134421601,1990.13915720466,-127.292187011352,-6.01163231851954
A,125,20230706,5,3,12,3000,291.678640543619,228.386173880231,-63.2924666633884,1952.08519700308,1888.79273033969,-63.2924666633883,-3.24230042625995
A,126,20230706,5,3,13,3000,290.611709410154,236.07307935212,-54.5386300580346,1953.16437452522,1898.62574446719,-54.5386300580346,-2.79232156644737
A,127,20230706,5,3,14,3000,120.753071671137,203.393173511241,82.6401018401039,1729.31803048993,1811.95813233003,82.6401018401039,4.77876829958751
A,128,20230706,5,3,15,3000,184.982256352482,193.176443890589,8.19418753810726,1722.52398827037,1730.71817580848,8.19418753810714,0.475708181360953
A,129,20230706,5,3,16,3000,165.512707513612,161.502044485679,-4.01066302793257,1604.59241431664,1600.58175128871,-4.01066302793265,-0.249949020832227
A,130,20230706,5,3,17,3000,206.845493327392,144.806334172816,-62.0391591545753,1568.90595287535,1506.86679372078,-62.0391591545754,-3.9542943310831
A,131,20230706,5,4,1,4000,461.89056545437,599.35823390081,137.46766844644,3013.74884754712,3151.21651599356,137.46766844644,4.56135117424682
A,132,20230706,5,4,2,4000,461.938707044046,377.235200906299,-84.7035061377475,2762.50707481455,2677.8035686768,-84.7035061377474,-3.06618241487884
A,133,20230706,5,4,3,4000,589.625892003937,351.253044667894,-238.372847336043,2822.29118945173,2583.91834211568,-238.372847336043,-8.44607559372182
A,134,20230706,5,4,4,4000,533.628945540738,301.81792516594,-231.811020374798,2710.04342429934,2478.23240392454,-231.811020374798,-8.5537751275971
A,135,20230706,5,4,5,4000,648.155248131695,255.44812233867,-392.707125793025,2620.17705280716,2227.46992701414,-392.707125793025,-14.9878087578964
A,136,20230706,5,4,6,4000,430.680498150728,178.831350262882,-251.849147887846,2213.31635599862,1961.46720811078,-251.849147887846,-11.3788138421909
A,137,20230706,5,4,7,4000,570.652228600183,154.197923518748,-416.454305081435,2190.29546925989,1773.84116417845,-416.454305081435,-19.013613045648
A,138,20230706,5,4,8,4000,603.67173169382,196.691747141116,-406.979984552704,2314.01045587409,1907.03047132139,-406.979984552704,-17.587646742027
A,139,20230706,5,4,9,4000,507.915549834547,243.223068783093,-264.692481051454,2356.74250326707,2092.05002221562,-264.692481051454,-11.2312855852737
A,140,20230706,5,4,10,4000,686.526022393035,327.961445987715,-358.56457640532,2772.57602046025,2414.01144405494,-358.56457640532,-12.9325426520062
A,141,20230706,5,4,11,4000,424.87073432594,326.834175153914,-98.0365591720256,2702.06839433939,2604.03183516736,-98.0365591720256,-3.62820420746581
A,142,20230706,5,4,12,4000,373.773289662564,320.339528738865,-53.4337609236998,2562.21510144512,2508.78134052142,-53.4337609237,-2.08545179885806
A,143,20230706,5,4,13,4000,302.060143206643,291.047281409697,-11.012861796946,2487.71545044974,2476.70258865279,-11.0128617969458,-0.442689769642057
A,144,20230706,5,4,14,4000,212.192245108185,249.642060485619,37.4498153774338,2307.16103839375,2344.61085377118,37.4498153774339,1.62319902053766
A,145,20230706,5,4,15,4000,247.607356632557,253.455399344313,5.84804271175602,2214.72231875868,2220.57036147044,5.84804271175608,0.264053089736045
A,146,20230706,5,4,16,4000,218.29392712388,199.780536230394,-18.5133908934866,2103.45702879987,2084.94363790638,-18.5133908934868,-0.880141150496885
A,147,20230706,5,5,1,5000,682.061914412355,678.890736670432,-3.17117774192263,3763.17344712228,3760.00226938036,-3.17117774192229,-0.0842687106103842
A,148,20230706,5,5,2,5000,610.832253417389,459.461515079263,-151.370738338126,3440.67263779752,3289.3018994594,-151.370738338126,-4.39945191748968
A,149,20230706,5,5,3,5000,689.798482692621,407.207222319209,-282.591260373411,3448.55940017383,3165.96813980042,-282.591260373411,-8.19447275169935
A,150,20230706,5,5,4,5000,712.546707652421,339.553052910708,-372.993654741713,3276.36210382626,2903.36844908454,-372.993654741713,-11.3843843544069
A,151,20230706,5,5,5,5000,650.851847108712,258.363853032504,-392.487994076208,2962.74095557378,2570.25296149758,-392.487994076208,-13.2474623992294
A,152,20230706,5,5,6,5000,719.545774973526,236.424237691713,-483.121537281813,2868.46103224287,2385.33949496105,-483.121537281813,-16.8425344409876
A,153,20230706,5,5,7,5000,703.844322382504,252.645924792432,-451.198397590072,2940.2786665962,2489.08026900612,-451.198397590072,-15.3454297620164
A,154,20230706,5,5,8,5000,686.83331194623,280.958196527861,-405.875115418369,2923.06118279399,2517.18606737562,-405.875115418369,-13.8852760868459
A,155,20230706,5,5,9,5000,689.222621370052,330.877176681549,-358.345444688504,3115.13992322688,2756.79447853837,-358.345444688503,-11.5033498821878
A,156,20230706,5,5,10,5000,713.736011148738,384.427062582745,-329.308948565993,3357.21307058363,3027.90412201764,-329.308948565993,-9.80899757157042
A,157,20230706,5,5,11,5000,506.965383444885,418.787530012548,-88.1778534323371,3312.19829878143,3224.02044534909,-88.1778534323371,-2.66221540735584
A,158,20230706,5,5,12,5000,385.221723459053,375.313730796442,-9.90799266261104,3096.76617736963,3086.85818470702,-9.90799266261092,-0.319946424596599
A,159,20230706,5,5,13,5000,393.499316643691,337.296168384075,-56.2031482596159,3065.55845835355,3009.35531009394,-56.2031482596158,-1.83337388678607
A,160,20230706,5,5,14,5000,274.81734538826,309.921015939343,35.1036705510826,2799.35936888206,2834.46303943314,35.1036705510824,1.25398942848489
A,161,20230706,5,5,15,5000,300.388576242825,291.733891089027,-8.65468515379803,2713.58693324191,2704.93224808811,-8.6546851537978,-0.318938930895356
A,162,20230706,5,6,1,6000,830.955460785698,761.117050843396,-69.8384099423014,4441.33901010526,4371.50060016296,-69.838409942301,-1.57246293929375
A,163,20230706,5,6,2,6000,711.004844106073,515.415692730579,-195.589151375494,4066.94084851963,3871.35169714414,-195.589151375494,-4.80924504831903
A,164,20230706,5,6,3,6000,868.716244804304,444.942350063977,-423.773894740327,4014.87807970075,3591.10418496042,-423.773894740327,-10.5550875102019
A,165,20230706,5,6,4,6000,715.243306629438,342.468783604542,-372.774523024897,3618.92600659288,3246.15148356798,-372.774523024897,-10.3006948013246
A,166,20230706,5,6,5,6000,939.717123931511,315.956740461335,-623.760383470176,3617.88563181803,2994.12524834785,-623.760383470176,-17.2410199477956
A,167,20230706,5,6,6,6000,852.737868755847,334.872238965396,-517.865629790451,3618.44422957917,3100.57859978872,-517.865629790451,-14.3118311885846
A,168,20230706,5,6,7,6000,787.005902634914,336.912374179177,-450.093528455737,3549.32939351609,3099.23586506036,-450.093528455737,-12.6810864406659
A,169,20230706,5,6,8,6000,868.140383481736,368.612304426317,-499.528079055419,3681.45860275379,3181.93052369837,-499.528079055419,-13.5687544790471
A,170,20230706,5,6,9,6000,716.432610125756,387.342793276579,-329.089816849177,3699.77697335026,3370.68715650108,-329.089816849177,-8.89485553371549
A,171,20230706,5,6,10,6000,795.830660267683,476.380417441379,-319.450242826305,3967.34297502567,3647.89273219937,-319.450242826304,-8.05199461799084
A,172,20230706,5,6,11,6000,518.413817241374,473.761732070125,-44.6520851712484,3846.74937470594,3802.09728953469,-44.6520851712485,-1.16077448312218
A,173,20230706,5,6,12,6000,476.660896896101,421.56261777082,-55.0982791252811,3674.60918527345,3619.51090614817,-55.0982791252809,-1.49943235721762
A,174,20230706,5,6,13,6000,456.124416923766,397.575123837799,-58.5492930859672,3557.75678884187,3499.2074957559,-58.5492930859673,-1.6456800326991
A,175,20230706,5,6,14,6000,327.598564998529,348.199507684057,20.6009426855285,3298.22398336528,3318.82492605081,20.6009426855285,0.624607145828485
A,176,20230706,5,7,1,7000,931.128051474382,817.071228494712,-114.05682297967,5067.60722082736,4953.55039784769,-114.05682297967,-2.25070369524512
A,177,20230706,5,7,2,7000,889.922606217756,553.150820475347,-336.77178574241,4633.25952804655,4296.48774230414,-336.77178574241,-7.26857158991044
A,178,20230706,5,7,3,7000,871.412843781321,447.858080757811,-423.55476302351,4357.44198246737,3933.88721944386,-423.554763023511,-9.72026167480205
A,179,20230706,5,7,4,7000,1004.10858345224,400.061671033373,-604.046912418864,4274.07068283712,3670.02377041826,-604.046912418864,-14.1328245890847
A,180,20230706,5,7,5,7000,1072.90921771383,414.404741735018,-658.504475978813,4367.86882915434,3709.36435317552,-658.504475978813,-15.076104657344
A,181,20230706,5,7,6,7000,935.899449008257,419.138688352141,-516.760760656116,4227.49495649907,3710.73419584296,-516.760760656116,-12.223805491753
A,182,20230706,5,7,7,7000,968.31297417042,424.566482077633,-543.746492092787,4307.7268134759,3763.98032138311,-543.746492092787,-12.6225853132511
A,183,20230706,5,7,8,7000,895.350372237439,425.077921021347,-470.272451216092,4266.09565287717,3795.82320166108,-470.272451216092,-11.0234858634482
A,184,20230706,5,7,9,7000,798.527259244701,479.296148135213,-319.231111109488,4309.90687779229,3990.6757666828,-319.231111109488,-7.40691435247462
A,185,20230706,5,7,10,7000,807.279094064172,531.354619498956,-275.924474565216,4501.89405095019,4225.96957638497,-275.924474565216,-6.12907526126649
A,186,20230706,5,7,11,7000,609.852990678422,520.010619044504,-89.8423716339184,4424.59238260976,4334.75001097584,-89.8423716339184,-2.03052312766779
A,187,20230706,5,7,12,7000,539.285997176176,481.841573224544,-57.4444239516323,4166.80751576176,4109.36309181013,-57.4444239516324,-1.37861957228256
A,188,20230706,5,7,13,7000,508.905636534034,435.853615582513,-73.0520209515212,4056.62140332509,3983.56938237357,-73.0520209515212,-1.80080943446294
A,189,20230706,5,8,1,8000,1110.04581358606,854.80635623948,-255.239457346585,5633.92590035428,5378.68644300769,-255.239457346585,-4.53040139080521
A,190,20230706,5,8,2,8000,892.619205194774,556.06655116918,-336.552654025593,4975.82343081317,4639.27077678758,-336.552654025593,-6.76375797303146
A,191,20230706,5,8,3,8000,1160.27812060412,505.450968186642,-654.827152417478,5012.58665871162,4357.75950629414,-654.827152417478,-13.0636574886825
A,192,20230706,5,8,4,8000,1137.30067723456,498.509672307056,-638.791004927501,5024.05388017343,4385.26287524593,-638.791004927501,-12.7146527518023
A,193,20230706,5,8,5,8000,1156.07079796624,498.671191121763,-657.399606844478,4976.91955607423,4319.51994922976,-657.399606844479,-13.2089658962266
A,194,20230706,5,8,6,8000,1117.20652054376,506.792796250597,-610.413724293166,4985.89237645888,4375.47865216571,-610.413724293166,-12.2428178990638
A,195,20230706,5,8,7,8000,995.522962926123,481.032098672663,-514.49086425346,4892.36386359928,4377.87299934582,-514.49086425346,-10.5162019546713
A,196,20230706,5,8,8,8000,977.445021356384,517.031275879981,-460.413745476404,4876.22555731921,4415.8118118428,-460.413745476403,-9.44201083531345
A,197,20230706,5,8,9,8000,809.97569304119,534.27035019279,-275.7053428484,4844.45795371681,4568.75261086841,-275.7053428484,-5.69114946362308
A,198,20230706,5,8,10,8000,898.71826750122,577.603506473335,-321.114761027886,5079.737058854,4758.62229782612,-321.114761027886,-6.32148391358528
A,199,20230706,5,8,11,8000,672.478090958497,580.289574498227,-92.1885164602696,4916.79071309807,4824.6021966378,-92.1885164602691,-1.8749733685976
A,200,20230706,5,8,12,8000,592.067216786445,520.120064969258,-71.9471518171864,4665.67213024499,4593.7249784278,-71.9471518171868,-1.54205331640843
A,201,20230706,5,9,1,9000,1112.74241256308,857.722086933314,-255.020325629768,5976.4898031209,5721.46947749113,-255.020325629769,-4.26705865868956
A,202,20230706,5,9,2,9000,1181.48448201757,613.659438598011,-567.825043419561,5630.96810705741,5063.14306363785,-567.825043419561,-10.0839683802843
A,203,20230706,5,9,3,9000,1293.47021438644,603.898969460325,-689.571244926115,5762.56985604792,5072.99861112181,-689.571244926115,-11.9663841333289
A,204,20230706,5,9,4,9000,1220.46225748697,582.776121693801,-637.686135793167,5633.10460709333,4995.41847130016,-637.686135793166,-11.3203318644248
A,205,20230706,5,9,5,9000,1337.37786950175,586.325299020219,-751.052570481528,5735.31697603404,4984.26440555251,-751.052570481528,-13.0952233960202
A,206,20230706,5,9,6,9000,1144.41650929947,563.258412845627,-581.158096453839,5570.52942658225,4989.37133012841,-581.15809645384,-10.4327264421329
A,207,20230706,5,9,7,9000,1077.61761204507,572.985453531296,-504.632158513772,5502.49376804131,4997.86160952754,-504.632158513772,-9.17097192267067
A,208,20230706,5,9,8,9000,988.893455152873,572.005477937558,-416.887977215315,5410.77663324372,4993.88865602841,-416.887977215315,-7.70477152307419
A,209,20230706,5,9,9,9000,901.414866478238,580.519237167168,-320.89562931107,5422.30096162063,5101.40533230956,-320.89562931107,-5.9180711580266
A,210,20230706,5,9,10,9000,961.343367781295,637.882461927058,-323.460905854237,5571.93538934231,5248.47448348808,-323.460905854236,-5.80518048491614
A,211,20230706,5,9,11,9000,725.259310568765,618.568066242941,-106.691244325824,5415.65532758129,5308.96408325547,-106.691244325823,-1.97005233664811
A,212,20230706,5,10,1,10000,1401.60768938588,915.314974362145,-486.292715023736,6631.63447936515,6145.34176434141,-486.292715023736,-7.33292398030794
A,213,20230706,5,10,2,10000,1314.67657579989,712.107439871695,-602.569135928198,6380.95130439372,5778.38216846552,-602.569135928198,-9.44324924581838
A,214,20230706,5,10,3,10000,1376.63179463885,688.16541884707,-688.46637579178,6371.62058296782,5683.15420717604,-688.466375791781,-10.8052004482524
A,215,20230706,5,10,4,10000,1401.76932902247,670.430229592257,-731.339099430216,6391.50202705313,5660.16292762292,-731.339099430216,-11.4423666977605
A,216,20230706,5,10,5,10000,1364.58785825745,642.790915615249,-721.796942642202,6319.95402615742,5598.15708351522,-721.796942642201,-11.4209207797206
A,217,20230706,5,10,6,10000,1226.51115841841,655.21176770426,-571.299390714151,6180.65933102429,5609.35994031014,-571.299390714151,-9.24334055828753
A,218,20230706,5,10,7,10000,1089.06604584156,627.959655588874,-461.106390252683,6037.04484396583,5575.93845371315,-461.106390252683,-7.63794873436413
A,219,20230706,5,10,8,10000,1080.33262858992,618.254364911936,-462.078263677985,5988.61964114754,5526.54137746956,-462.078263677985,-7.71593942121596
A,220,20230706,5,10,9,10000,964.039966758312,640.798192620892,-323.241774137421,5914.49929210894,5591.25751797152,-323.241774137421,-5.46524326359607
A,221,20230706,5,10,10,10000,1014.12458739156,676.160953671772,-337.963633719791,6070.80000382554,5732.83637010575,-337.963633719791,-5.56703619797756
A,222,20230707,1,1,1,1000,126.652247526315,51.8133831857378,-74.8388643405771,745.079331254391,670.240466913814,-74.8388643405771,-10.0444155677464
A,223,20230707,1,1,2,1000,162.530867436007,120.414576269314,-42.1162911666924,824.47249479767,782.356203630978,-42.1162911666925,-5.10827121977283
A,224,20230707,1,2,1,2000,289.183114962322,172.227959455052,-116.95515550727,1569.55182605206,1452.59667054479,-116.955155507269,-7.45150007575411
A,225,20230707,2,1,1,1000,44.0916141742636,63.0581073833921,18.9664932091286,521.417558252618,540.384051461747,18.9664932091285,3.63748648447692
A,226,20230707,2,1,2,1000,70.3330121950692,48.2453260415977,-22.0876861534715,555.831841359142,533.74415520567,-22.0876861534715,-3.97380727585916
A,227,20230707,2,1,3,1000,89.4999697591834,88.1555330877092,-1.34443667147423,612.531873419535,611.187436748061,-1.34443667147423,-0.219488442939099
A,228,20230707,2,1,4,1000,71.8452945152171,83.1134156496296,11.2681211344125,581.685089347329,592.953210481742,11.2681211344125,1.93715144857086
A,229,20230707,2,1,5,1000,24.9202696437953,37.9401964045529,13.0199267607576,511.104251960069,524.124178720826,13.0199267607576,2.54741116138764
A,230,20230707,2,1,6,1000,77.6763481642665,82.7357620134054,5.05941384913883,568.393704018012,573.453117867151,5.05941384913888,0.890124892899685
A,231,20230707,2,1,7,1000,105.254136376872,55.0927430431975,-50.1613933336746,609.686025443851,559.524632110177,-50.1613933336746,-8.22741398692173
A,232,20230707,2,1,8,1000,116.791801211956,75.1061319387835,-41.6856692731725,596.295616469587,554.609947196414,-41.6856692731725,-6.99077238232534
A,233,20230707,2,1,9,1000,93.6212394241006,112.84608206151,19.2248426374092,565.403031313394,584.627873950804,19.2248426374092,3.40020155052072
A,234,20230707,2,1,10,1000,80.8933231715437,109.433772213664,28.5404490421204,584.290593441526,612.831042483646,28.5404490421204,4.88463264041519
A,235,20230707,2,1,11,1000,104.884130335045,100.783782289784,-4.10034804526148,581.899019397889,577.798671352627,-4.10034804526151,-0.704649416578204
A,236,20230707,2,1,12,1000,133.483183192756,74.9823672138756,-58.5008159788807,559.500776289092,500.999960310211,-58.5008159788807,-10.4558954085621
A,237,20230707,2,1,13,1000,108.396871904945,88.9339311575026,-19.4629407474427,597.052789862393,577.58984911495,-19.4629407474428,-3.25983582656544
A,238,20230707,2,1,14,1000,134.416945340877,114.330128404034,-20.0868169368429,766.950493654619,746.863676717776,-20.0868169368429,-2.61905000427427
A,239,20230707,2,1,15,1000,158.649959594043,132.440892143083,-26.2090674509592,833.136423531523,806.927356080564,-26.2090674509592,-3.14583142816676
A,240,20230707,2,2,1,2000,114.424626369333,111.30343342499,-3.12119294434287,1077.24939961176,1074.12820666742,-3.12119294434297,-0.289737264691709
A,241,20230707,2,2,2,2000,159.832981954253,136.400859129307,-23.4321228249457,1168.36371477868,1144.93159195373,-23.4321228249457,-2.00555037173373
A,242,20230707,2,2,3,2000,161.345264274401,171.268948737339,9.92368446293827,1194.21696276686,1204.1406472298,9.92368446293835,0.830978354213485
A,243,20230707,2,2,4,2000,96.7655641590125,121.053612054183,24.2880478951701,1092.7893413074,1117.07738920257,24.2880478951702,2.22257364499111
A,244,20230707,2,2,5,2000,102.596617808062,120.675958417958,18.0793406098964,1079.49795597808,1097.57729658798,18.0793406098965,1.67479155562788
A,245,20230707,2,2,6,2000,182.930484541139,137.828505056603,-45.1019794845358,1178.07972946186,1132.97774997733,-45.1019794845358,-3.82843184180226
A,246,20230707,2,2,7,2000,222.045937588828,130.198874981981,-91.8470626068471,1205.98164191344,1114.13457930659,-91.8470626068472,-7.61595860291211
A,247,20230707,2,2,8,2000,210.413040636057,187.952214000293,-22.4608266357633,1161.69864778298,1139.23782114722,-22.4608266357632,-1.93344691229761
A,248,20230707,2,2,9,2000,174.514562595644,222.279854275174,47.7652916795295,1149.69362475492,1197.45891643445,47.7652916795296,4.15461046761146
A,249,20230707,2,2,10,2000,185.777453506589,210.217554503448,24.4401009968589,1166.18961283941,1190.62971383627,24.440100996859,2.0957227476373
A,250,20230707,2,2,11,2000,238.367313527802,175.76614950366,-62.6011640241422,1141.39979568698,1078.79863166284,-62.6011640241422,-5.48459569212242
A,251,20230707,2,2,12,2000,241.880055097702,163.916298371378,-77.9637567263234,1156.55356615149,1078.58980942516,-77.9637567263235,-6.74104157455962
A,252,20230707,2,2,13,2000,242.813817245823,203.264059561537,-39.5497576842856,1364.00328351701,1324.45352583273,-39.5497576842856,-2.89953537225428
A,253,20230707,2,2,14,2000,293.06690493492,246.771020547118,-46.2958843878021,1600.08691718614,1553.79103279834,-46.2958843878021,-2.89333559886962
A,254,20230707,2,3,1,3000,203.924596128516,199.458966512699,-4.46562961581708,1689.78127303129,1685.31564341548,-4.46562961581708,-0.264272642092085
A,255,20230707,2,3,2,3000,231.67827646947,219.514274778936,-12.1640016905332,1750.04880412601,1737.88480243547,-12.1640016905333,-0.695066426825057
A,256,20230707,2,3,3,3000,186.265533918196,209.209145141892,22.9436112236958,1705.32121472693,1728.26482595063,22.9436112236958,1.34541287738391
A,257,20230707,2,3,4,3000,174.441912323279,203.789374067588,29.3474617443089,1661.18304532541,1690.53050706972,29.3474617443089,1.76666032240656
A,258,20230707,2,3,5,3000,207.850754184934,175.768701461156,-32.0820527237782,1689.18398142193,1657.10192869815,-32.0820527237784,-1.89926337667328
A,259,20230707,2,3,6,3000,299.722285753095,212.934636995386,-86.7876487577083,1774.37534593145,1687.58769717374,-86.7876487577082,-4.89116628884118
A,260,20230707,2,3,7,3000,315.667177012929,243.044957043491,-72.622219969438,1771.38467322683,1698.76245325739,-72.622219969438,-4.09974304661597
A,261,20230707,2,3,8,3000,291.3063638076,297.385986213957,6.07962240635709,1745.98924122451,1752.06886363086,6.07962240635698,0.348205032586179
A,262,20230707,2,3,9,3000,279.39869293069,323.063636564958,43.6649436342681,1731.59264415281,1775.25758778708,43.6649436342682,2.52166372857466
A,263,20230707,2,3,10,3000,319.260636699345,285.199921717324,-34.0607149820218,1725.69038912851,1691.62967414648,-34.0607149820216,-1.97374425891209
A,264,20230707,2,3,11,3000,346.764185432747,264.700080661162,-82.0641047715849,1738.45258554937,1656.38848077779,-82.0641047715849,-4.7205259121664
A,265,20230707,2,3,12,3000,376.297000438579,278.246426775413,-98.0505736631663,1923.5040598061,1825.45348614294,-98.0505736631662,-5.0974976196853
A,266,20230707,2,3,13,3000,401.463776839865,335.70495170462,-65.7588251352449,2197.13970704854,2131.38088191329,-65.7588251352449,-2.99292871201077
A,267,20230707,2,4,1,4000,275.769890643733,282.572382162329,6.80249151859539,2271.46636237862,2278.26885389722,6.80249151859516,0.299475776144524
A,268,20230707,2,4,2,4000,256.598546113265,257.454471183489,0.85592507022443,2261.15305608607,2262.0089811563,0.855925070224202,0.0378534778050699
A,269,20230707,2,4,3,4000,263.941882082462,291.944907155297,28.0030250728346,2273.71491874494,2301.71794381778,28.0030250728346,1.23159789479201
A,270,20230707,2,4,4,4000,279.696048700151,258.882117110785,-20.8139315893657,2270.86907076926,2250.05513917989,-20.8139315893654,-0.916562379455663
A,271,20230707,2,4,5,4000,324.64255539689,250.874833399939,-73.7677219969507,2285.47959789152,2211.71187589457,-73.7677219969505,-3.22766924128333
A,272,20230707,2,4,6,4000,393.343525177195,325.780719056896,-67.5628061202991,2339.77837724484,2272.21557112454,-67.5628061202992,-2.88757289055113
A,273,20230707,2,4,7,4000,396.560500184472,352.478729257155,-44.0817709273176,2355.67526666836,2311.59349574104,-44.0817709273178,-1.87130083467162
A,274,20230707,2,4,8,4000,396.190494142646,398.169768503741,1.97927436109563,2327.8882606224,2329.86753498349,1.97927436109558,0.0850244573408514
A,275,20230707,2,4,9,4000,412.881876123446,398.046003778833,-14.8358723446126,2291.0934204419,2276.25754809729,-14.8358723446127,-0.647545499988872
A,276,20230707,2,4,10,4000,427.657508604291,374.133852874826,-53.5236557294645,2322.7431789909,2269.21952326143,-53.5236557294647,-2.30432947618073
A,277,20230707,2,4,11,4000,481.181130773624,379.030209065197,-102.150921708428,2505.40307920399,2403.25215749557,-102.150921708428,-4.07722504040678
A,278,20230707,2,4,12,4000,534.946960032622,410.687318918496,-124.259641114126,2756.64048333763,2632.3808422235,-124.259641114126,-4.5076476916452
A,279,20230707,2,5,1,5000,300.690160287529,320.512578566882,19.822418279353,2782.57061433869,2802.39303261805,19.8224182793529,0.712377906142154
A,280,20230707,2,5,2,5000,334.274894277532,340.190233196895,5.91533891936325,2829.54676010409,2835.46209902345,5.91533891936342,0.209056058120977
A,281,20230707,2,5,3,5000,369.196018459334,347.037650198494,-22.15836826084,2883.4009441888,2861.24257592796,-22.1583682608398,-0.76848030120465
A,282,20230707,2,5,4,5000,396.487849912107,333.988249049569,-62.4996008625382,2867.16468723885,2804.66508637631,-62.499600862538,-2.17983993527511
A,283,20230707,2,5,5,5000,418.263794820991,363.720915461449,-54.5428793595415,2850.88262920491,2796.33974984537,-54.5428793595411,-1.91319273549864
A,284,20230707,2,5,6,5000,474.236848348739,435.21449127056,-39.0223570781787,2924.06897068637,2885.04661360819,-39.0223570781786,-1.33452245721204
A,285,20230707,2,5,7,5000,501.444630519518,453.262511546939,-48.1821189725791,2937.57428606625,2889.39216709367,-48.1821189725792,-1.64020086917021
A,286,20230707,2,5,8,5000,529.673677335402,473.152135717617,-56.521541617785,2887.38903691149,2830.8674952937,-56.5215416177848,-1.9575312122901
A,287,20230707,2,5,9,5000,521.278748028391,486.979934936336,-34.2988130920554,2888.14621030429,2853.84739721224,-34.2988130920553,-1.1875719092643
A,288,20230707,2,5,10,5000,562.074453945168,488.463981278861,-73.6104726663074,3089.69367264552,3016.08319997921,-73.6104726663075,-2.38245212844286
A,289,20230707,2,5,11,5000,639.831090367667,511.47110120828,-128.359989159387,3338.53950273552,3210.17951357613,-128.359989159387,-3.84479467905688
A,290,20230707,2,6,1,6000,378.366508451795,403.248340580287,24.8818321284917,3350.9643183567,3375.8461504852,24.8818321284916,0.74252751639843
A,291,20230707,2,6,2,6000,439.529030654404,395.282976240092,-44.2460544143114,3439.23278554794,3394.98673113363,-44.2460544143109,-1.2865094389725
A,292,20230707,2,6,3,6000,485.98781967129,422.143782137278,-63.8440375340124,3479.69656065838,3415.85252312437,-63.8440375340124,-1.83475876189425
A,293,20230707,2,6,4,6000,490.109089336208,446.834331111079,-43.2747582251291,3432.56771855224,3389.29296032711,-43.2747582251291,-1.26071098295422
A,294,20230707,2,6,5,6000,499.157117992534,473.154687675113,-26.0024303174212,3435.17322264644,3409.17079232902,-26.0024303174209,-0.756946699106743
A,295,20230707,2,6,6,6000,579.120978683784,535.998273560344,-43.1227051234403,3505.96799008426,3462.84528496082,-43.12270512344,-1.22998000111244
A,296,20230707,2,6,7,6000,634.927813712274,528.244878760814,-106.68293495146,3497.07506235534,3390.39212740388,-106.68293495146,-3.05063325920167
A,297,20230707,2,6,8,6000,638.070549240347,562.08606687512,-75.9844823652278,3484.44182677388,3408.45734440865,-75.9844823652274,-2.18067874691938
A,298,20230707,2,6,9,6000,655.695693369269,601.31006334037,-54.3856300288983,3655.09670395891,3600.71107393002,-54.385630028898,-1.4879395658668
A,299,20230707,2,6,10,6000,720.724413539211,620.904873421944,-99.8195401172666,3922.83009617704,3823.01055605978,-99.8195401172666,-2.54457974650864
A,300,20230707,2,7,1,7000,483.620644828667,458.341083623484,-25.2795612051829,3960.65034380056,3935.37078259537,-25.2795612051827,-0.638267936091653
A,301,20230707,2,7,2,7000,556.32083186636,470.389108178876,-85.931723687484,4035.52840201752,3949.59667833004,-85.9317236874836,-2.12937972743601
A,302,20230707,2,7,3,7000,579.609059095391,534.989864198788,-44.6191948966032,4045.09959197178,4000.48039707517,-44.6191948966029,-1.10304317315593
A,303,20230707,2,7,4,7000,571.002412507751,556.268103324743,-14.7343091830087,4016.85831199377,4002.12400281076,-14.7343091830085,-0.366811772748218
A,304,20230707,2,7,5,7000,604.04124832758,573.938469964897,-30.1027783626827,4017.07224204433,3986.96946368164,-30.1027783626823,-0.749371097876067
A,305,20230707,2,7,6,7000,712.604161876541,610.98064077422,-101.623521102321,4065.46876637335,3963.84524527103,-101.623521102321,-2.49967536198723
A,306,20230707,2,7,7,7000,743.32468561722,617.178809918317,-126.145875698903,4094.12785221773,3967.98197651883,-126.145875698902,-3.08114158258567
A,307,20230707,2,7,8,7000,772.487494581225,676.416195279154,-96.0712993020707,4251.3923204285,4155.32102112643,-96.0712993020707,-2.25976085153175
A,308,20230707,2,7,9,7000,814.345652963311,733.750955483454,-80.5946974798575,4488.23312749044,4407.63843001058,-80.5946974798571,-1.79568875302431
A,309,20230707,2,8,1,8000,600.412446040623,533.447215562268,-66.9652304783554,4556.94596027014,4489.98072979179,-66.9652304783549,-1.46951996056554
A,310,20230707,2,8,2,8000,649.94207129046,583.235190240386,-66.7068810500747,4600.93143333092,4534.22455228084,-66.7068810500741,-1.44985601321558
A,311,20230707,2,8,3,8000,660.502382266935,644.423636412452,-16.0787458544828,4629.3901854133,4613.31143955882,-16.0787458544819,-0.347318873771847
A,312,20230707,2,8,4,8000,675.886542842797,657.051885614527,-18.8346572282702,4598.75733139166,4579.92267416339,-18.8346572282708,-0.40955971083108
A,313,20230707,2,8,5,8000,737.524431520336,648.920837178773,-88.6035943415633,4576.57301833342,4487.96942399186,-88.6035943415627,-1.93602492490829
A,314,20230707,2,8,6,8000,821.001033781486,699.914571931722,-121.086461849764,4662.52155623574,4541.43509438598,-121.086461849764,-2.59701666553842
A,315,20230707,2,8,7,8000,877.741630958097,731.508938322351,-146.232692635745,4861.07834587235,4714.84565323661,-146.232692635745,-3.00823566770766
A,316,20230707,2,8,8,8000,931.137454175267,808.857087422237,-122.28036675303,5084.52874396002,4962.24837720699,-122.28036675303,-2.4049498569221
A,317,20230707,2,9,1,9000,694.033685464724,646.293297623778,-47.7403878409463,5122.34899158354,5074.60860374259,-47.7403878409459,-0.932001859291265
A,318,20230707,2,9,2,9000,730.835394462004,692.66896245405,-38.1664320079543,5185.22202677244,5147.05559476449,-38.1664320079535,-0.736061673172177
A,319,20230707,2,9,3,9000,765.38651260198,745.207418702236,-20.1790938997443,5211.28920481119,5191.11011091145,-20.1790938997437,-0.387218845599932
A,320,20230707,2,9,4,9000,809.369726035553,732.034252828402,-77.3354732071508,5158.25810768075,5080.9226344736,-77.3354732071512,-1.49925559351125
A,321,20230707,2,9,5,9000,845.921303425281,737.854768336275,-108.066535089006,5173.62580819581,5065.55927310681,-108.066535089006,-2.08879689207155
A,322,20230707,2,9,6,9000,955.417979122363,814.244700335757,-141.173278786606,5429.47204989036,5288.29877110376,-141.173278786607,-2.6001290270839
A,323,20230707,2,9,7,9000,1036.39159055214,863.949830465435,-172.441760086705,5694.21476940387,5521.77300931717,-172.441760086704,-3.02836768667854
A,324,20230707,2,10,1,10000,774.927008636267,755.727069837441,-19.199938798826,5706.63958502506,5687.43964622624,-19.1999387988253,-0.336449122338274
A,325,20230707,2,10,2,10000,835.719524797049,793.452744743834,-42.2667800532158,5767.12104617033,5724.85426611712,-42.2667800532154,-0.732892195513786
A,326,20230707,2,10,3,10000,898.869695794737,820.189785916112,-78.679909878625,5770.78998110028,5692.11007122166,-78.6799098786241,-1.36341662296334
A,327,20230707,2,10,4,10000,917.766597940499,820.968183985905,-96.7984139545936,5755.31089754314,5658.51248358855,-96.7984139545943,-1.68189721941722
A,328,20230707,2,10,5,10000,980.338248766159,852.18489674031,-128.153352025849,5940.57630185043,5812.42294982458,-128.153352025849,-2.15725454087561
A,329,20230707,2,10,6,10000,1114.06793871641,946.68559247884,-167.382346237566,6262.60847342189,6095.22612718432,-167.382346237565,-2.67272570124613
A,330,20230707,3,1,1,1000,343.822217888923,214.759950820612,-129.062267068311,997.97967489855,868.917407830239,-129.062267068311,-12.9323542667771
A,331,20230707,3,1,2,1000,133.221921467976,240.673365257001,107.451443789025,880.22485033915,987.676294128176,107.451443789025,12.2072722381815
A,332,20230707,3,1,3,1000,172.141222015581,233.909750763758,61.7685287481764,969.312016006171,1031.08054475435,61.7685287481765,6.37240926844998
A,333,20230707,3,1,4,1000,111.495418473493,170.009688570898,58.5142700974051,844.81931976305,903.333589860455,58.5142700974051,6.92624668122135
A,334,20230707,3,1,5,1000,129.155301085838,122.426900149855,-6.72840093598313,751.522468436445,744.794067500462,-6.72840093598313,-0.895302697999393
A,335,20230707,3,1,6,1000,226.785104443194,124.992490116966,-101.792614326228,804.040979332684,702.248365006457,-101.792614326228,-12.6601276480598
A,336,20230707,3,1,7,1000,140.424359022971,79.5248881974774,-60.8994708254933,669.736963694108,608.837492868614,-60.8994708254934,-9.09304310898216
A,337,20230707,3,1,8,1000,211.126312222311,121.236481932252,-89.8898302900587,725.36695770283,635.477127412772,-89.8898302900586,-12.3923249240262
A,338,20230707,3,1,9,1000,153.674513399256,62.5623676287885,-91.1121457704678,649.802200648578,558.69005487811,-91.1121457704678,-14.0215200378711
A,339,20230707,3,1,10,1000,192.117693767982,78.2295864621409,-113.888107305842,781.485445038843,667.597337733001,-113.888107305842,-14.5732857891142
A,340,20230707,3,1,11,1000,82.6857345744602,87.9873320098526,5.30159743539245,649.558737469715,654.860334905108,5.30159743539241,0.816184454087124
A,341,20230707,3,1,12,1000,180.16897373797,82.6994870855291,-97.4694866524411,688.111023151265,590.641536498824,-97.4694866524411,-14.1647907638612
A,342,20230707,3,1,13,1000,103.793760910273,75.3194800582953,-28.4742808519775,618.898314555399,590.424033703422,-28.4742808519775,-4.60080116269709
A,343,20230707,3,1,14,1000,71.865327662118,115.207092971441,43.3417653093227,709.757844066786,753.099609376108,43.3417653093227,6.10655671813109
A,344,20230707,3,1,15,1000,328.266845393598,210.641078855449,-117.625766538149,1015.17451664372,897.548750105568,-117.625766538149,-11.5867532734208
A,345,20230707,3,1,16,1000,206.63013399491,160.486857506792,-46.1432764881176,1000.50809413131,954.364817643196,-46.1432764881176,-4.61198432664169
A,346,20230707,3,1,17,1000,205.615194057574,131.522874284033,-74.0923197735404,978.747473161402,904.655153387862,-74.0923197735403,-7.57011607235302
A,347,20230707,3,1,18,1000,162.285081207179,154.16054610243,-8.1245351047491,876.954228386145,868.829693281396,-8.12453510474916,-0.926449162540753
A,348,20230707,3,1,19,1000,125.809448088739,98.1648381711207,-27.6446099176187,809.8795841749,782.234974257281,-27.6446099176187,-3.41342224915854
A,349,20230707,3,2,1,2000,477.044139356898,455.433316077613,-21.6108232792853,1878.2045252377,1856.59370195841,-21.6108232792853,-1.15061075558586
A,350,20230707,3,2,2,2000,305.363143483557,474.583116020759,169.219972537202,1849.53686634532,2018.75683888252,169.219972537202,9.14931600534029
A,351,20230707,3,2,3,2000,283.636640489074,403.919439334656,120.282798845582,1814.13133576922,1934.4141346148,120.282798845582,6.63032474407811
A,352,20230707,3,2,4,2000,240.650719559331,292.436588720753,51.7858691614219,1596.3417881995,1648.12765736092,51.7858691614219,3.24403392457895
A,353,20230707,3,2,5,2000,355.940405529032,247.419390266821,-108.521015262211,1555.56344776913,1447.04243250692,-108.521015262211,-6.97631558634549
A,354,20230707,3,2,6,2000,367.209463466165,204.517378314443,-162.692085151721,1473.77794302679,1311.08585787507,-162.692085151721,-11.039117929638
A,355,20230707,3,2,7,2000,351.550671245282,200.76137012973,-150.789301115552,1395.10392139694,1244.31462028139,-150.789301115552,-10.808463713912
A,356,20230707,3,2,8,2000,364.800825621567,183.798849561041,-181.001976060526,1375.16915835141,1194.16718229088,-181.001976060526,-13.1621608120936
A,357,20230707,3,2,9,2000,345.792207167239,140.791954090929,-205.000253076309,1431.28764568742,1226.28739261111,-205.000253076309,-14.3227850595924
A,358,20230707,3,2,10,2000,274.803428342443,166.216918471994,-108.586509870449,1431.04418250856,1322.45767263811,-108.586509870449,-7.58792154691559
A,359,20230707,3,2,11,2000,262.85470831243,170.686819095382,-92.1678892170487,1337.66976062098,1245.50187140393,-92.1678892170487,-6.89018260936556
A,360,20230707,3,2,12,2000,283.962734648243,158.018967143824,-125.943767504419,1307.00933770666,1181.06557020225,-125.943767504419,-9.63602660447745
A,361,20230707,3,2,13,2000,175.659088572391,190.526573029736,14.8674844573451,1328.65615862219,1343.52364307953,14.8674844573452,1.11898660619334
A,362,20230707,3,2,14,2000,400.132173055717,325.84817182689,-74.2840012288265,1724.9323607105,1650.64835948168,-74.2840012288266,-4.3064877742933
A,363,20230707,3,2,15,2000,534.896979388508,371.127936362241,-163.769043026267,2015.68261077503,1851.91356774876,-163.769043026267,-8.12474355589631
A,364,20230707,3,2,16,2000,412.245328052483,292.009731790825,-120.235596261658,1979.25556729272,1859.01997103106,-120.235596261658,-6.07478883720508
A,365,20230707,3,2,17,2000,367.900275264753,285.683420386463,-82.2168548782895,1855.70170154755,1773.48484666926,-82.2168548782895,-4.43049951453541
A,366,20230707,3,2,18,2000,288.094529295919,252.325384273551,-35.7691450223678,1686.83381256104,1651.06466753868,-35.7691450223679,-2.12049016067927
A,367,20230707,3,3,1,3000,649.18536137248,689.343066841371,40.1577054688911,2847.51654124387,2887.67424671276,40.157705468891,1.41027119201032
A,368,20230707,3,3,2,3000,416.85856195705,644.592804591657,227.734242634607,2694.35618610837,2922.09042874298,227.734242634607,8.45226936990605
A,369,20230707,3,3,3,3000,412.791941574912,526.346339484511,113.554397909598,2565.65380420567,2679.20820211527,113.554397909599,4.42594389482549
A,370,20230707,3,3,4,3000,467.435824002525,417.429078837719,-50.0067451648059,2400.38276753218,2350.37602236737,-50.006745164806,-2.08328212655091
A,371,20230707,3,3,5,3000,496.364764552002,326.944278464298,-169.420486087704,2225.30041146324,2055.87992537553,-169.420486087704,-7.61337593859081
A,372,20230707,3,3,6,3000,578.335775688475,325.753860246696,-252.58191544178,2199.14490072962,1946.56298528784,-252.58191544178,-11.4854603422439
A,373,20230707,3,3,7,3000,505.225184644538,263.323737758518,-241.90144688602,2044.90612204552,1803.0046751595,-241.90144688602,-11.8294646525898
A,374,20230707,3,3,8,3000,556.91851938955,262.028436023182,-294.890083366368,2156.65460339025,1861.76452002388,-294.890083366368,-13.6734961130448
A,375,20230707,3,3,9,3000,428.477941741699,228.779286100782,-199.698655640917,2080.84638315714,1881.14772751622,-199.698655640917,-9.59699174611472
A,376,20230707,3,3,10,3000,454.972402080413,248.916405557523,-206.05599652289,2119.15520565982,1913.09920913693,-206.05599652289,-9.72349717342823
A,377,20230707,3,3,11,3000,366.648469222703,246.006299153677,-120.642170069026,1956.56807517638,1835.92590510735,-120.642170069026,-6.16600933029895
A,378,20230707,3,3,12,3000,355.828062310361,273.226060115265,-82.602002195096,2016.76718177345,1934.16517957835,-82.602002195096,-4.09576290915542
A,379,20230707,3,3,13,3000,503.925933965989,401.167651885185,-102.758282080804,2343.8306752659,2241.0723931851,-102.758282080804,-4.38420245818935
A,380,20230707,3,3,14,3000,606.762307050626,486.335029333682,-120.427277716944,2725.44045484182,2605.01317712487,-120.427277716944,-4.41863543571468
A,381,20230707,3,3,15,3000,740.512173446082,502.650810646275,-237.861362799807,2994.43008393643,2756.56872113663,-237.861362799807,-7.94346022890332
A,382,20230707,3,3,16,3000,574.530409259663,446.170277893256,-128.360131366407,2856.20979567886,2727.84966431245,-128.360131366407,-4.49407223379047
A,383,20230707,3,3,17,3000,493.709723353492,383.848258557584,-109.861464795908,2665.58128572245,2555.71982092654,-109.861464795908,-4.12148244678768
A,384,20230707,3,4,1,4000,760.680779845973,859.352755412269,98.6719755662963,3692.33586100692,3791.00783657322,98.6719755662962,2.67234561753512
A,385,20230707,3,4,2,4000,546.013863042888,767.019704741512,221.005841698624,3445.87865454482,3666.88449624344,221.005841698623,6.4136281005466
A,386,20230707,3,4,3,4000,639.577046018106,651.338829601477,11.7617835833705,3369.69478353835,3381.45656712172,11.7617835833707,0.349045962288023
A,387,20230707,3,4,4,4000,607.860183025496,496.953967035196,-110.906215990299,3070.11973122629,2959.21351523599,-110.906215990299,-3.61243943883584
A,388,20230707,3,4,5,4000,707.491076774313,448.18076039655,-259.310316377763,2950.66736916607,2691.3570527883,-259.310316377763,-8.78819209130478
A,389,20230707,3,4,6,4000,732.010289087732,388.316227875484,-343.694061212248,2848.9471013782,2505.25304016595,-343.694061212248,-12.063897607856
A,390,20230707,3,4,7,4000,697.34287841252,341.553324220659,-355.789554191861,2826.39156708436,2470.6020128925,-355.789554191861,-12.5881197189845
A,391,20230707,3,4,8,4000,639.60425396401,350.015768033034,-289.588485930976,2806.21334085997,2516.62485492899,-289.588485930975,-10.3195463336451
A,392,20230707,3,4,9,4000,608.646915479669,311.478773186311,-297.168142293358,2768.9574063084,2471.78926401504,-297.168142293358,-10.7321312208101
A,393,20230707,3,4,10,4000,558.766162990686,324.235885615818,-234.530277374868,2738.05352021522,2503.52324284035,-234.530277374868,-8.56558411452938
A,394,20230707,3,4,11,4000,438.513796884821,361.213392125118,-77.3004047597035,2666.32591924317,2589.02551448346,-77.3004047597033,-2.8991356308626
A,395,20230707,3,4,12,4000,684.09490770396,483.867138970714,-200.227768733245,3031.94169841717,2831.71392968392,-200.227768733245,-6.60394521562782
A,396,20230707,3,4,13,4000,710.556067960899,561.654509391977,-148.901558568922,3344.33876939722,3195.43721082829,-148.901558568922,-4.45234675181425
A,397,20230707,3,4,14,4000,812.3775011082,617.857903617715,-194.519597490485,3704.18792800322,3509.66833051273,-194.519597490485,-5.25134256877033
A,398,20230707,3,4,15,4000,902.797254653261,656.811356748705,-245.985897904556,3871.38431232258,3625.39841441802,-245.985897904556,-6.35395192157972
A,399,20230707,3,4,16,4000,700.339857348402,544.335116064376,-156.004741284026,3666.08937985376,3510.08463856973,-156.004741284026,-4.25534473167288
A,400,20230707,3,5,1,5000,889.836080931811,981.779655562124,91.9435746303132,4443.85832944337,4535.80190407368,91.9435746303134,2.06900328080059
A,401,20230707,3,5,2,5000,772.798967486082,892.012194858478,119.213227372396,4249.9196338775,4369.1328612499,119.213227372395,2.80507015761209
A,402,20230707,3,5,3,5000,780.001405041077,730.863717798954,-49.1376872421229,4039.43174723246,3990.29405999034,-49.1376872421224,-1.21645048900228
A,403,20230707,3,5,4,5000,818.986495247806,618.190448967449,-200.796046280358,3795.48668892912,3594.69064264876,-200.796046280358,-5.29038994830493
A,404,20230707,3,5,5,5000,861.16559017357,510.743128025339,-350.422462148231,3600.46956981465,3250.04710766641,-350.422462148231,-9.73268778845063
A,405,20230707,3,5,6,5000,924.127982855714,466.545814337625,-457.582168518089,3630.43254641704,3172.85037789895,-457.582168518089,-12.6040674951994
A,406,20230707,3,5,7,5000,780.028612986981,429.540656230512,-350.487956756469,3475.95030455407,3125.46234779761,-350.487956756469,-10.0832269177517
A,407,20230707,3,5,8,5000,819.77322770198,432.715255118563,-387.057972583417,3494.32436401123,3107.26639142781,-387.057972583417,-11.0767614068633
A,408,20230707,3,5,9,5000,712.440676389942,386.798253244606,-325.642423145336,3387.8557208638,3062.21329771846,-325.642423145336,-9.61205110181926
A,409,20230707,3,5,10,5000,630.631490652804,439.442978587259,-191.188512065545,3447.81136428201,3256.62285221646,-191.188512065545,-5.54521381436885
A,410,20230707,3,5,11,5000,766.78064227842,571.854470980567,-194.926171297853,3681.50043588688,3486.57426458903,-194.926171297853,-5.2947480162635
A,411,20230707,3,5,12,5000,890.725041698869,644.353996477506,-246.371045221363,4032.44979254848,3786.07874732712,-246.371045221363,-6.1097114135588
A,412,20230707,3,5,13,5000,916.171262018473,693.177383676011,-222.993878342462,4323.08624255862,4100.09236421616,-222.993878342462,-5.15821026532386
A,413,20230707,3,5,14,5000,974.662582315379,772.018449720145,-202.644132595234,4581.14215638936,4378.49802379413,-202.644132595234,-4.42344126589925
A,414,20230707,3,5,15,5000,1028.606702742,754.976194919825,-273.630507822175,4681.26389649748,4407.6333886753,-273.630507822175,-5.8452271410485
A,415,20230707,3,6,1,6000,1116.621185375,1106.77214567909,-9.84903969591483,5247.89930877605,5238.05026908014,-9.84903969591505,-0.187675851162855
A,416,20230707,3,6,2,6000,913.223326509053,971.537083055955,58.3137565469025,4919.65659757161,4977.97035411851,58.3137565469015,1.18532168638936
A,417,20230707,3,6,3,6000,991.127717263388,852.100199731206,-139.027517532181,4764.79870493529,4625.77118740311,-139.027517532181,-2.91780463649344
A,418,20230707,3,6,4,6000,972.661008647063,680.752816596237,-291.908192050826,4445.2888895777,4153.38069752687,-291.908192050825,-6.56668664966242
A,419,20230707,3,6,5,6000,1053.28328394155,588.97271448748,-464.310569454072,4381.95501485349,3917.64444539942,-464.310569454073,-10.5959684177542
A,420,20230707,3,6,6,6000,1006.81371743017,554.533146347478,-452.280571082697,4279.99128388676,3827.71071280406,-452.280571082696,-10.5673245827728
A,421,20230707,3,6,7,6000,960.197586724951,512.240143316041,-447.95744340891,4164.06132770534,3716.10388429643,-447.95744340891,-10.7577052342734
A,422,20230707,3,6,8,6000,923.566988612253,508.034735176859,-415.532253435394,4113.22267856663,3697.69042513124,-415.532253435394,-10.1023524838728
A,423,20230707,3,6,9,6000,784.30600405206,502.005346216047,-282.300657836013,4097.61356493059,3815.31290709457,-282.300657836013,-6.88939191953292
A,424,20230707,3,6,10,6000,958.898336046402,650.084057442708,-308.814278603694,4462.98588092573,4154.17160232203,-308.814278603694,-6.9194545275962
A,425,20230707,3,6,11,6000,973.410776273329,732.341328487359,-241.06944778597,4682.0085300182,4440.93908223223,-241.069447785971,-5.14884683016658
A,426,20230707,3,6,12,6000,1096.34023575644,775.87687076154,-320.463364994903,5011.19726570988,4690.73390071498,-320.463364994903,-6.39494611772195
A,427,20230707,3,6,13,6000,1078.45634322565,847.337929778441,-231.118413447211,5200.04047094476,4968.92205749755,-231.118413447211,-4.44455028261003
A,428,20230707,3,6,14,6000,1100.47203040412,870.183287891266,-230.288742512852,5391.02174056426,5160.73299805141,-230.288742512852,-4.27170865923364
A,429,20230707,3,7,1,7000,1257.04554439798,1186.29703387657,-70.7485105214082,5917.63627247016,5846.88776194875,-70.7485105214082,-1.19555354982769
A,430,20230707,3,7,2,7000,1124.34963873136,1092.77356498821,-31.5760737431563,5645.02355527444,5613.44748153128,-31.5760737431574,-0.55936123975345
A,431,20230707,3,7,3,7000,1144.80223066264,914.662567359995,-230.139663302649,5414.60090558387,5184.46124228122,-230.139663302649,-4.25035320821734
A,432,20230707,3,7,4,7000,1164.77870241505,758.982403058378,-405.796299356667,5226.77433461654,4820.97803525987,-405.796299356667,-7.76379987689746
A,433,20230707,3,7,5,7000,1135.96901851601,676.960046497332,-459.00897201868,5031.5137523232,4572.50478030452,-459.008972018681,-9.12268145559062
A,434,20230707,3,7,6,7000,1186.98269116814,637.232633433007,-549.750057735138,4968.10230703802,4418.35224930289,-549.750057735137,-11.0655945421321
A,435,20230707,3,7,7,7000,1063.99134763522,587.559623374336,-476.431724260888,4782.95964226074,4306.52791799985,-476.431724260888,-9.96102329719209
A,436,20230707,3,7,8,7000,995.432316274371,623.241828148299,-372.190488126072,4822.98052263342,4450.79003450734,-372.190488126072,-7.71702241755789
A,437,20230707,3,7,9,7000,1112.57284944566,712.646425071496,-399.926424374162,5112.7880815743,4712.86165720014,-399.926424374162,-7.82208098582131
A,438,20230707,3,7,10,7000,1165.52847004131,810.5709149495,-354.957555091812,5463.49397505704,5108.53641996523,-354.957555091813,-6.49689661437042
A,439,20230707,3,7,11,7000,1179.0259703309,863.864202771392,-315.161767559511,5660.7560031796,5345.59423562009,-315.161767559511,-5.56748546276305
A,440,20230707,3,7,12,7000,1258.62531696362,930.03741686397,-328.587900099652,5888.15149409603,5559.56359399638,-328.587900099652,-5.58049330811415
A,441,20230707,3,7,13,7000,1204.26579131439,945.502767949562,-258.76302336483,6009.92005511966,5751.15703175483,-258.76302336483,-4.30559842712712
A,442,20230707,3,8,1,8000,1468.17185662029,1307.53351580882,-160.638340811467,6643.00323017299,6482.36488936152,-160.638340811467,-2.4181584028416
A,443,20230707,3,8,2,8000,1278.02415213062,1155.335932617,-122.688219513624,6294.82575592302,6172.13753640939,-122.688219513625,-1.94903281315108
A,444,20230707,3,8,3,8000,1336.91992443063,992.892153822135,-344.027770608491,6196.08635062271,5852.05858001422,-344.027770608491,-5.55233983422319
A,445,20230707,3,8,4,8000,1247.46443698951,846.969735068231,-400.494701921275,5876.33307208625,5475.83837016498,-400.494701921274,-6.81538464563391
A,446,20230707,3,8,5,8000,1316.13799225398,759.659533582862,-556.478458671121,5719.62477547447,5163.14631680335,-556.478458671122,-9.72928261058803
A,447,20230707,3,8,6,8000,1290.77645207842,712.552113491302,-578.224338587115,5587.00062159342,5008.77628300631,-578.224338587115,-10.3494589986676
A,448,20230707,3,8,7,8000,1135.85667529734,702.766716345777,-433.089958951565,5492.71748632752,5059.62752737596,-433.089958951565,-7.8848031057416
A,449,20230707,3,8,8,8000,1323.69916166797,833.882907003749,-489.816254664221,5838.15503927713,5348.33878461291,-489.816254664221,-8.38991515930808
A,450,20230707,3,8,9,8000,1319.20298344057,873.133282578288,-446.06970086228,6113.29617570562,5667.22647484334,-446.06970086228,-7.29671339391295
A,451,20230707,3,8,10,8000,1371.14366409889,942.093789233533,-429.049874865352,6442.24144821844,6013.19157335309,-429.049874865353,-6.65994713662903
A,452,20230707,3,8,11,8000,1341.31105153808,1018.02474887382,-323.28630266426,6537.71023156574,6214.42392890148,-323.28630266426,-4.94494694951989
A,453,20230707,3,8,12,8000,1384.43476505236,1028.20225503509,-356.232510017271,6698.03107827093,6341.79856825366,-356.232510017271,-5.31846606643741
A,454,20230707,3,9,1,9000,1621.84637001954,1370.09588343761,-251.750486581935,7292.80543082157,7041.05494423963,-251.750486581935,-3.45203898513406
A,455,20230707,3,9,2,9000,1470.1418458986,1233.56551907914,-236.576326819466,7076.31120096186,6839.73487414239,-236.576326819467,-3.34321541408905
A,456,20230707,3,9,3,9000,1419.60565900509,1080.87948583199,-338.726173173098,6845.64508809242,6506.91891491933,-338.726173173099,-4.94805338013056
A,457,20230707,3,9,4,9000,1427.63341072748,929.66922215376,-497.964188573716,6564.44409523752,6066.4799066638,-497.964188573716,-7.58577849623225
A,458,20230707,3,9,5,9000,1419.93175316426,834.979013641157,-584.952739523099,6338.52309002987,5753.57035050677,-584.9527395231,-9.22853370122129
A,459,20230707,3,9,6,9000,1362.64177974054,827.759206462743,-534.882573277793,6296.75846566021,5761.87589238242,-534.882573277792,-8.49457028080099
A,460,20230707,3,9,7,9000,1464.12352069094,913.407795201226,-550.715725489714,6507.89200297124,5957.17627748153,-550.715725489714,-8.46227511517215
A,461,20230707,3,9,8,9000,1530.32929566288,994.36976451054,-535.959531152338,6838.66313340845,6302.70360225611,-535.959531152338,-7.83719742728739
A,462,20230707,3,9,9,9000,1524.81817749814,1004.65615686232,-520.16202063582,7092.04364886702,6571.8816282312,-520.16202063582,-7.33444471564861
A,463,20230707,3,9,10,9000,1533.42874530606,1096.25433533596,-437.174409970101,7319.19567660459,6882.02126663448,-437.174409970102,-5.97298431803793
A,464,20230707,3,9,11,9000,1467.12049962682,1116.18958704494,-350.930912581879,7347.58981574064,6996.65890315876,-350.930912581878,-4.77613641183512
A,465,20230707,3,10,1,10000,1813.96406378752,1448.32546989975,-365.638593887776,8074.29087586041,7708.65228197263,-365.638593887777,-4.52842979661435
A,466,20230707,3,10,2,10000,1552.82758047306,1321.55285108899,-231.274729384073,7725.86993843158,7494.5952090475,-231.274729384074,-2.99351052020201
A,467,20230707,3,10,3,10000,1599.77463274306,1163.57897291752,-436.19565982554,7533.75611124369,7097.56045141815,-436.195659825539,-5.78988293999248
A,468,20230707,3,10,4,10000,1531.42717163775,1004.98870221206,-526.438469425693,7183.34240979292,6656.90394036723,-526.438469425693,-7.3286005231772
A,469,20230707,3,10,5,10000,1491.79708082637,950.186106612597,-541.610974213776,7048.28093409665,6506.66995988288,-541.610974213777,-7.68429889895121
A,470,20230707,3,10,6,10000,1690.90862513413,1038.40028531819,-652.508339815942,7311.93298230393,6659.42464248798,-652.508339815941,-8.92388293759144
A,471,20230707,3,10,7,10000,1670.75365468585,1073.89465270802,-596.859001977832,7508.40009710256,6911.54109512472,-596.859001977831,-7.9492168006358
A,472,20230707,3,10,8,10000,1735.94448972045,1125.89263879457,-610.051850925879,7817.41060656985,7207.35875564397,-610.051850925878,-7.80375857976787
A,473,20230707,3,10,9,10000,1687.10325870532,1158.81670296475,-528.286555740569,7968.99787725316,7440.71132151259,-528.286555740569,-6.62927213531477
A,474,20230707,3,10,10,10000,1659.2381933948,1194.41917350708,-464.81901988772,8129.07526077949,7664.25624089177,-464.81901988772,-5.71798150437039
A,475,20230708,1,1,1,1000,91.276265488439,65.6958894512751,-25.5803760371639,633.24963983385,607.669263796686,-25.5803760371639,-4.03954055842426
A,476,20230708,1,1,2,1000,104.078885677208,101.384205563952,-2.69468011325657,781.879506373741,779.184826260484,-2.6946801132566,-0.344641353468156
A,477,20230708,1,1,3,1000,177.503239948932,193.782707183477,16.2794672345449,954.580187085238,970.859654319783,16.2794672345449,1.70540594229736
A,478,20230708,1,1,4,1000,163.85955432178,137.105268338392,-26.7542859833886,942.577689675042,915.823403691654,-26.7542859833886,-2.83841706380853
A,479,20230708,1,1,5,1000,139.041360031252,135.824814776671,-3.21654525458064,831.641156510241,828.42461125566,-3.21654525458064,-0.386770812074526
A,480,20230708,1,1,6,1000,68.0832606924225,51.919741100644,-16.1635195917785,682.049095254143,665.885575662365,-16.1635195917786,-2.36984693686248
A,481,20230708,1,1,7,1000,178.946742994196,76.0377194447106,-102.909023549486,629.659579556677,526.750556007191,-102.909023549486,-16.3435969038922
A,482,20230708,1,1,8,1000,65.2521315266708,62.5469361880934,-2.70519533857747,548.519935661378,545.8147403228,-2.70519533857748,-0.493180860476055
A,483,20230708,1,1,9,1000,39.7536252468244,48.6363039064964,8.88267865967195,547.504712675533,556.387391335205,8.88267865967191,1.62239309617341
A,484,20230708,1,1,10,1000,60.4675064648964,50.6044789526285,-9.86302751226788,563.183839492793,553.320811980525,-9.86302751226788,-1.75129803460813
A,485,20230708,1,1,11,1000,51.4705416201605,77.9521181156436,26.4815764954832,536.389767721852,562.871344217335,26.4815764954832,4.9370025472252
A,486,20230708,1,1,12,1000,55.6028396236388,63.7423853240492,8.13954570041034,529.570579979248,537.710125679658,8.13954570041028,1.53700866478067
A,487,20230708,1,1,13,1000,107.83072103092,134.950637378403,27.1199163474823,582.092069184057,609.21198553154,27.1199163474823,4.65904240638383
A,488,20230708,1,1,14,1000,105.529257779749,104.625868880381,-0.903388899368522,578.351736304752,577.448347405384,-0.903388899368565,-0.156200602965345
A,489,20230708,1,1,15,1000,-35.545396272264,96.7211818998259,132.26657817209,513.684143946164,645.950722118254,132.26657817209,25.7486199897095
A,490,20230708,1,1,16,1000,-24.2306497326472,76.2782645626902,100.508914295337,475.946156860975,576.455071156312,100.508914295337,21.1177068763886
A,491,20230708,1,1,17,1000,92.265829705223,84.4173795890014,-7.84845011622166,447.720208216278,439.871758100057,-7.84845011622167,-1.75298098504197
A,492,20230708,1,2,1,2000,195.355151165647,167.080095015227,-28.2750561504205,1415.12914620759,1386.85409005717,-28.2750561504204,-1.99805482250117
A,493,20230708,1,2,2,2000,281.582125626141,295.166912747429,13.5847871212883,1736.45969345898,1750.04448058027,13.5847871212882,0.782326659954177
A,494,20230708,1,2,3,2000,341.362794270713,330.887975521869,-10.4748187488437,1897.15787676028,1886.68305801144,-10.4748187488437,-0.552132159223948
A,495,20230708,1,2,4,2000,302.900914353032,272.930083115063,-29.9708312379693,1774.21884618528,1744.24801494731,-29.9708312379694,-1.6892409469333
A,496,20230708,1,2,5,2000,207.124620723674,187.744555877315,-19.3800648463592,1513.69025176438,1494.31018691802,-19.3800648463591,-1.28031906288419
A,497,20230708,1,2,6,2000,247.030003686619,127.957460545355,-119.072543141264,1311.70867481082,1192.63613166956,-119.072543141264,-9.07766681945878
A,498,20230708,1,2,7,2000,244.198874520867,138.584655632804,-105.614218888063,1178.17951521805,1072.56529632999,-105.614218888063,-8.96418733511221
A,499,20230708,1,2,8,2000,105.005756773495,111.18324009459,6.17748332109448,1096.02464833691,1102.20213165801,6.17748332109454,0.563626313556739
A,500,20230708,1,2,9,2000,100.221131711721,99.2407828591248,-0.980348852595924,1110.68855216833,1109.70820331573,-0.980348852595853,-0.0882649641685764
A,501,20230708,1,2,10,2000,111.938048085057,128.556597068272,16.6185489832153,1099.57360721464,1116.19215619786,16.6185489832153,1.51136302964857
A,502,20230708,1,2,11,2000,107.073381243799,141.694503439693,34.6211221958935,1065.9603477011,1100.58146989699,34.6211221958936,3.24788086822921
A,503,20230708,1,2,12,2000,163.433560654559,198.693022702452,35.2594620478926,1111.66264916331,1146.9221112112,35.2594620478926,3.17177716409117
A,504,20230708,1,2,13,2000,213.359978810669,239.576506258783,26.2165274481137,1160.44380548881,1186.66033293692,26.2165274481138,2.2591811274369
A,505,20230708,1,2,14,2000,69.983861507485,201.347050780206,131.363189272721,1092.03588025092,1223.39906952364,131.363189272721,12.0292008393111
A,506,20230708,1,2,15,2000,-59.7760460049112,172.999446462516,232.775492467427,989.630300807139,1222.40579327457,232.775492467427,23.5214597084968
A,507,20230708,1,2,16,2000,68.0351799725759,160.695644151692,92.6604641791157,923.666365077253,1016.32682925637,92.6604641791157,10.0318110177549
A,508,20230708,1,3,1,3000,372.85839111458,360.862802198704,-11.9955889158755,2369.70933329283,2357.71374437695,-11.9955889158755,-0.506205075337532
A,509,20230708,1,3,2,3000,445.441679947921,432.272181085821,-13.1694988621003,2679.03738313402,2665.86788427192,-13.1694988621007,-0.491575778113801
A,510,20230708,1,3,3,3000,480.404154301964,466.71279029854,-13.6913640034243,2728.79903327052,2715.1076692671,-13.6913640034245,-0.501735885878526
A,511,20230708,1,3,4,3000,370.984175045454,324.849824215707,-46.1343508297478,2456.26794143943,2410.13359060968,-46.1343508297477,-1.87822957143316
A,512,20230708,1,3,5,3000,386.071363717871,263.782275322025,-122.289088395845,2143.34983132106,2021.06074292522,-122.289088395845,-5.70551230642885
A,513,20230708,1,3,6,3000,312.28213521329,190.504396733448,-121.777738479842,1860.2286104722,1738.45087199236,-121.777738479842,-6.54638563208261
A,514,20230708,1,3,7,3000,283.952499767692,187.2209595393,-96.7315402283914,1725.68422789359,1628.9526876652,-96.7315402283914,-5.60540211614869
A,515,20230708,1,3,8,3000,165.473263238392,161.787719047218,-3.68554419117339,1659.2084878297,1655.52294363853,-3.68554419117345,-0.222126647627885
A,516,20230708,1,3,9,3000,151.691673331881,177.192900974768,25.5012276428872,1647.07831989018,1672.57954753307,25.5012276428872,1.54827049417951
A,517,20230708,1,3,10,3000,167.540887708696,192.298982392321,24.7580946836256,1629.14418719389,1653.90228187752,24.7580946836256,1.51969941508185
A,518,20230708,1,3,11,3000,214.90410227472,276.645140818095,61.7410385433757,1648.05241688516,1709.79345542853,61.7410385433757,3.74630308543627
A,519,20230708,1,3,12,3000,268.962818434308,303.318891582832,34.3560731485241,1690.01438546806,1724.37045861658,34.356073148524,2.03288643244353
A,520,20230708,1,3,13,3000,177.814582538405,336.297688158609,158.483105620204,1674.12794943497,1832.61105505518,158.483105620204,9.46660652034944
A,521,20230708,1,3,14,3000,45.7532117748378,277.625315342897,231.872103568059,1567.98203711189,1799.85414067995,231.872103568059,14.7879311165548
A,522,20230708,1,3,15,3000,32.4897837003118,257.416826051517,224.927042351206,1437.35050902342,1662.27755137462,224.927042351206,15.6487259676158
A,523,20230708,1,4,1,4000,536.71794543636,497.968070537096,-38.7498748992642,3312.28702296787,3273.53714806861,-38.7498748992639,-1.16988276168601
A,524,20230708,1,4,2,4000,584.483039979173,568.096995862492,-16.3860441166809,3510.67853964426,3494.29249552758,-16.3860441166812,-0.466748633679847
A,525,20230708,1,4,3,4000,548.487414994387,518.632531399184,-29.8548835952029,3410.84812852466,3380.99324492946,-29.8548835952029,-0.875292081917361
A,526,20230708,1,4,4,4000,549.930918039651,400.887543660417,-149.043374379234,3085.9275209961,2936.88414661687,-149.043374379234,-4.82977559794159
A,527,20230708,1,4,5,4000,451.323495244541,326.329211510119,-124.994283734423,2691.86976698244,2566.87548324802,-124.994283734422,-4.6434001104942
A,528,20230708,1,4,6,4000,352.035760460114,239.140700639944,-112.89505982017,2407.73332314773,2294.83826332756,-112.89505982017,-4.68885232159254
A,529,20230708,1,4,7,4000,344.420006232588,237.825438491929,-106.594567740659,2288.86806738638,2182.27349964572,-106.594567740659,-4.65708658613853
A,530,20230708,1,4,8,4000,216.943804858552,239.739837162862,22.7960323043098,2195.59825555156,2218.39428785587,22.7960323043098,1.03826063109088
A,531,20230708,1,4,9,4000,207.29451295552,240.935286298818,33.6407733432976,2176.64889986943,2210.28967321272,33.6407733432975,1.54553053298194
A,532,20230708,1,4,10,4000,275.371608739616,327.249619770724,51.8780110311079,2211.23625637795,2263.11426740906,51.8780110311077,2.34610891900284
A,533,20230708,1,4,11,4000,320.433360054469,381.271009698476,60.8376496440072,2226.40415318991,2287.24180283392,60.8376496440073,2.73255192938988
A,534,20230708,1,4,12,4000,233.417422162044,400.040073482658,166.622651320614,2203.69852941422,2370.32118073484,166.622651320614,7.56104562836482
A,535,20230708,1,4,13,4000,153.583932805758,412.575952721299,258.992019915541,2150.07410629595,2409.06612621149,258.992019915541,12.0457252685918
A,536,20230708,1,4,14,4000,138.019041480061,362.042694931898,224.023653451837,2015.70224532817,2239.72589878001,224.023653451837,11.11392587725
A,537,20230708,1,5,1,5000,675.759305467612,633.792885313767,-41.9664201538448,4143.92817947811,4101.96175932427,-41.9664201538453,-1.01272074071348
A,538,20230708,1,5,2,5000,652.566300671595,620.016736963136,-32.5495637084595,4192.72763489841,4160.17807118994,-32.5495637084605,-0.776333846194357
A,539,20230708,1,5,3,5000,727.434157988583,594.670250843895,-132.763907144689,4040.50770808134,3907.74380093665,-132.763907144689,-3.28582239502106
A,540,20230708,1,5,4,5000,615.183049566322,463.434479848511,-151.748569717811,3634.44745665748,3482.69888693967,-151.748569717811,-4.17528583168377
A,541,20230708,1,5,5,5000,491.077120491366,374.965515416615,-116.111605074751,3239.37447965797,3123.26287458322,-116.111605074751,-3.58438352230922
A,542,20230708,1,5,6,5000,412.503266925011,289.745179592573,-122.758087332438,2970.91716264052,2848.15907530809,-122.758087332438,-4.13199293726963
A,543,20230708,1,5,7,5000,395.890547852749,315.777556607572,-80.1129912451761,2825.25783510823,2745.14484386306,-80.1129912451761,-2.83559929467843
A,544,20230708,1,5,8,5000,272.546644482191,303.482222486911,30.9355780047201,2725.1688355308,2756.10441353552,30.9355780047199,1.13518023549151
A,545,20230708,1,5,9,5000,315.12523398644,375.88592367722,60.7606896907799,2758.74096905348,2819.50165874426,60.7606896907801,2.20247897038434
A,546,20230708,1,5,10,5000,380.900866519365,431.875488651104,50.9746221317394,2789.5879926827,2840.56261481444,50.9746221317391,1.82731723342119
A,547,20230708,1,5,11,5000,284.887963782205,477.992191598302,193.104227816097,2740.08829713607,2933.19252495217,193.104227816097,7.04737245211874
A,548,20230708,1,5,12,5000,209.186772429397,476.318338045348,267.131565615951,2679.6446862752,2946.77625189115,267.131565615951,9.96891740849694
A,549,20230708,1,5,13,5000,245.849762510981,496.993332310301,251.143569799319,2597.79431451223,2848.93788431155,251.143569799319,9.66756946061278
A,550,20230708,1,6,1,6000,743.842566160034,685.712626414411,-58.1299397456233,4825.97727473225,4767.84733498663,-58.1299397456232,-1.20452162197238
A,551,20230708,1,6,2,6000,831.513043665792,696.054456407846,-135.458587257945,4822.38721445508,4686.92862719714,-135.458587257946,-2.80895293625344
A,552,20230708,1,6,3,6000,792.686289515254,657.217187031988,-135.469102483266,4589.02764374272,4453.55854125945,-135.469102483265,-2.95202193144297
A,553,20230708,1,6,4,6000,654.936674813146,512.070783755007,-142.865891058139,4181.95216933301,4039.08627827488,-142.865891058139,-3.4162488061389
A,554,20230708,1,6,5,6000,551.544626956262,425.569994369244,-125.974632587018,3802.55831915076,3676.58368656375,-125.974632587018,-3.31289153285498
A,555,20230708,1,6,6,6000,463.973808545171,367.697297708216,-96.2765108369546,3507.30693036238,3411.03041952542,-96.2765108369545,-2.74502667569522
A,556,20230708,1,6,7,6000,451.493387476387,379.519941931622,-71.9734455447658,3354.82841508748,3282.85496954271,-71.973445544766,-2.14536890235828
A,557,20230708,1,6,8,6000,380.377365513111,438.432859865314,58.0554943522023,3307.26090471486,3365.31639906706,58.0554943522025,1.75539505424075
A,558,20230708,1,6,9,6000,420.654491766189,480.511792557601,59.8573007914113,3337.09270535824,3396.95000614965,59.8573007914115,1.79369607249151
A,559,20230708,1,6,10,6000,345.355470247101,528.59667055093,183.241200303829,3303.27213662887,3486.5133369327,183.241200303829,5.54726322036655
A,560,20230708,1,6,11,6000,260.657314049557,554.270456160992,293.613142111435,3216.03445399705,3509.64759610848,293.613142111435,9.12966407267551
A,561,20230708,1,6,12,6000,301.45260213462,560.73571763435,259.28311549973,3127.36489449147,3386.6480099912,259.28311549973,8.29078550943735
A,562,20230708,1,7,1,7000,922.789309154231,761.750345859121,-161.038963295109,5455.63685428893,5294.59789099382,-161.038963295109,-2.95179037014733
A,563,20230708,1,7,2,7000,896.765175192462,758.60139259594,-138.163782596523,5370.90715011646,5232.74336751994,-138.163782596524,-2.5724477957793
A,564,20230708,1,7,3,7000,832.439914762079,705.853490938484,-126.586423823594,5136.53235641825,5009.94593259466,-126.586423823594,-2.4644334940365
A,565,20230708,1,7,4,7000,715.404181278043,562.675262707636,-152.728918570407,4745.13600882581,4592.4070902554,-152.728918570407,-3.21864153706734
A,566,20230708,1,7,5,7000,603.015168576423,503.522112484887,-99.4930560915353,4338.94808687262,4239.45503078108,-99.4930560915354,-2.29302250452245
A,567,20230708,1,7,6,7000,519.57664816881,431.439683032266,-88.1369651365443,4036.87751034162,3948.74054520508,-88.1369651365439,-2.18329550279283
A,568,20230708,1,7,7,7000,559.324108507308,514.470579310024,-44.8535291972835,3936.92048427154,3892.06695507425,-44.8535291972835,-1.13930493075689
A,569,20230708,1,7,8,7000,485.90662329286,543.058728745694,57.1521054528339,3885.61264101961,3942.76474647245,57.1521054528339,1.47086471897612
A,570,20230708,1,7,9,7000,385.109095493925,577.232974457427,192.123878963501,3850.7768493044,4042.9007282679,192.123878963501,4.98922390161887
A,571,20230708,1,7,10,7000,321.124820514454,604.87493511362,283.750114599167,3779.21829348984,4062.96840808901,283.750114599166,7.50816948277267
A,572,20230708,1,7,11,7000,352.923143754781,638.687835749993,285.764691995213,3663.75466221333,3949.51935420854,285.764691995213,7.79977695948065
A,573,20230708,1,8,1,8000,988.041440680901,824.297282047215,-163.744158633687,6004.15678995031,5840.41263131662,-163.744158633687,-2.72717992487738
A,574,20230708,1,8,2,8000,936.518800439287,807.237696502436,-129.281103936851,5918.41186279199,5789.13075885514,-129.281103936852,-2.18438842943018
A,575,20230708,1,8,3,8000,892.907421226975,756.457969891113,-136.449451335862,5699.71619591104,5563.26674457518,-136.449451335861,-2.39396921962096
A,576,20230708,1,8,4,8000,766.874722898203,640.627380823279,-126.247342074924,5281.52577654766,5155.27843447274,-126.247342074924,-2.3903573970143
A,577,20230708,1,8,5,8000,658.618008200061,567.264497808937,-91.3535103911249,4868.51866685186,4777.16515646074,-91.3535103911254,-1.87641286071513
A,578,20230708,1,8,6,8000,627.40736919973,566.390320410668,-61.017048789062,4618.96957952568,4557.95253073662,-61.0170487890618,-1.32100997286342
A,579,20230708,1,8,7,8000,664.853366287057,619.096448190405,-45.756918096652,4515.27222057629,4469.51530247964,-45.756918096652,-1.01338116200693
A,580,20230708,1,8,8,8000,450.361227020596,639.77991064552,189.418683624924,4399.29678496578,4588.7154685907,189.418683624924,4.30565821956468
A,581,20230708,1,8,9,8000,360.878445761278,653.511239020117,292.632793258839,4326.72300616537,4619.35579942421,292.632793258838,6.76338172889391
A,582,20230708,1,8,10,8000,413.390650219677,689.292314702622,275.901664482945,4226.93850170612,4502.84016618906,275.901664482945,6.5272221105555
A,583,20230708,1,9,1,9000,1027.79506592773,872.933585953711,-154.861479974015,6551.66150262584,6396.80002265183,-154.861479974015,-2.36369781790388
A,584,20230708,1,9,2,9000,996.986306904183,857.842175455065,-139.144131449119,6481.59570228479,6342.45157083567,-139.144131449119,-2.14675733940132
A,585,20230708,1,9,3,9000,944.377962847135,834.410088006756,-109.967874840379,6236.1059636329,6126.13808879252,-109.967874840378,-1.76340613007024
A,586,20230708,1,9,4,9000,822.477562521842,704.369766147328,-118.107796374514,5811.09635652691,5692.98856015239,-118.107796374514,-2.03245289921681
A,587,20230708,1,9,5,9000,766.448729230982,702.215135187339,-64.2335940436426,5450.61073603592,5386.37714199228,-64.2335940436433,-1.17846599499341
A,588,20230708,1,9,6,9000,732.936626979479,671.016189291049,-61.9204376884305,5197.32131583043,5135.400878142,-61.92043768843,-1.19139137116321
A,589,20230708,1,9,7,9000,629.307970014793,715.817630090231,86.5096600754378,5028.95636452245,5115.46602459789,86.5096600754378,1.72023087505259
A,590,20230708,1,9,8,9000,426.130577287949,716.05817520821,289.927597920261,4875.24294182675,5165.17053974701,289.927597920261,5.9469364169086
A,591,20230708,1,9,9,9000,453.144275466501,737.928618609118,284.784343142617,4774.44321438165,5059.22755752427,284.784343142617,5.96476553087458
A,592,20230708,1,10,1,10000,1088.26257239262,923.53806490634,-164.724507486283,7114.84534211864,6950.12083463235,-164.724507486284,-2.31522260239648
A,593,20230708,1,10,2,10000,1048.45684852434,935.794293570708,-112.662554953636,7017.98547000664,6905.322915053,-112.662554953637,-1.60534038486019
A,594,20230708,1,10,3,10000,999.980802470774,898.152473330805,-101.828329139969,6765.67654361214,6663.84821447218,-101.828329139968,-1.50507238239331
A,595,20230708,1,10,4,10000,930.308283552762,839.320403525731,-90.9878800270312,6393.18842571096,6302.20054568393,-90.9878800270308,-1.42320034962699
A,596,20230708,1,10,5,10000,871.977987010731,806.84100406772,-65.136982943011,6028.96247234067,5963.82548939766,-65.1369829430114,-1.08040120073467
A,597,20230708,1,10,6,10000,697.391230707215,767.737371190875,70.3461404836594,5711.0054597766,5781.35160026026,70.3461404836598,1.23176454617523
A,598,20230708,1,10,7,10000,605.077320282146,792.095894652921,187.018574370775,5504.90252138343,5691.9210957542,187.018574370775,3.39730946450576
A,599,20230708,1,10,8,10000,518.396406993172,800.475554797212,282.07914780404,5322.96315004303,5605.04229784707,282.07914780404,5.29928800656378
A,600,20230708,3,1,1,1000,235.141768014595,90.8565253025924,-144.285242712003,697.363254607045,553.078011895042,-144.285242712003,-20.6901126147384
A,601,20230708,3,1,2,1000,95.5945216448827,102.954498215823,7.35997657094066,547.680153184366,555.040129755307,7.3599765709406,1.34384576986178
A,602,20230708,3,1,3,1000,249.973679728658,139.995079773126,-109.978599955532,715.436113477881,605.457513522349,-109.978599955532,-15.3722460865029
A,603,20230708,3,1,4,1000,85.8988649851075,86.7743792289888,0.875514243881369,575.102412718534,575.977926962415,0.875514243881412,0.152236232107394
A,604,20230708,3,1,5,1000,131.462954585209,53.992848125407,-77.4701064598025,648.86437484624,571.394268386438,-77.4701064598024,-11.9393373196302
A,605,20230708,3,1,6,1000,31.3634309627837,45.5885486070448,14.2251176442612,539.747503127698,553.972620771959,14.2251176442611,2.63551337650109
A,606,20230708,3,1,7,1000,74.7022808840118,81.8342314408446,7.13195055683281,565.647707879984,572.779658436817,7.13195055683286,1.26084671739642
A,607,20230708,3,1,8,1000,41.1347105853474,64.3280260943556,23.1933155090082,519.053599676707,542.246915185715,23.1933155090082,4.46838544679282
A,608,20230708,3,1,9,1000,160.504539653805,128.156071276638,-32.3484683771669,635.907977271051,603.559508893884,-32.3484683771669,-5.08697319948522
A,609,20230708,3,1,10,1000,63.626420561352,116.269806706948,52.6433861455965,537.47714257852,590.120528724117,52.6433861455964,9.7945348695281
A,610,20230708,3,1,11,1000,12.1284238212888,97.1049738558385,84.9765500345497,468.14739800866,553.12394804321,84.9765500345496,18.1516655643097
A,611,20230708,3,1,12,1000,132.480444160986,100.637097843751,-31.8433463172349,557.279603391888,525.436257074654,-31.8433463172348,-5.71406994324212
A,612,20230708,3,1,13,1000,27.5834508655289,42.3790378686402,14.7955870031113,464.989428090259,479.78501509337,14.7955870031113,3.18191900918646
A,613,20230708,3,1,14,1000,43.5865417969071,52.7904586870508,9.20391689014368,501.48953199985,510.693448889994,9.20391689014366,1.8353158546381
A,614,20230708,3,1,15,1000,31.0809883346924,45.5969202076418,14.5159318729495,497.411267422334,511.927199295284,14.5159318729495,2.91829574914404
A,615,20230708,3,1,16,1000,48.4025050000255,59.9325232457931,11.5300182457676,510.65000226566,522.180020511428,11.5300182457676,2.25791015267032
A,616,20230708,3,1,17,1000,123.057212059744,93.016354490629,-30.0408575691145,601.576515965926,571.535658396811,-30.0408575691145,-4.99368854531815
A,617,20230708,3,1,18,1000,126.313780421275,81.1990316623161,-45.1147487589587,701.772679255902,656.657930496944,-45.1147487589586,-6.42868411560198
A,618,20230708,3,1,19,1000,130.367382371991,151.320241372706,20.9528590007149,830.644764235734,851.597623236449,20.9528590007149,2.52248131847232
A,619,20230708,3,1,20,1000,221.75976198629,168.330784327192,-53.4289776590985,922.969928197315,869.540950538217,-53.4289776590985,-5.78881023387755
A,620,20230708,3,1,21,1000,77.6003344244255,108.929976978697,31.3296425542716,878.276690697219,909.606333251491,31.3296425542716,3.56717226884395
A,621,20230708,3,1,22,1000,111.01546713966,202.330289690718,91.3148225510579,1082.64093759833,1173.95576014939,91.3148225510579,8.43445129219163
A,622,20230708,3,1,23,1000,-11.1815187402281,78.1507485060805,89.3322672463086,745.971096773123,835.303364019431,89.3322672463086,11.9752987257465
A,623,20230708,3,2,1,2000,330.736289659478,193.811023518416,-136.925266141062,1245.04340779141,1108.11814165035,-136.925266141062,-10.9976299046436
A,624,20230708,3,2,2,2000,345.568201373541,242.949577988949,-102.618623384591,1263.11626666225,1160.49764327766,-102.618623384591,-8.12424209022012
A,625,20230708,3,2,3,2000,335.872544713765,226.769459002115,-109.103085711651,1290.53852619641,1181.43544048476,-109.103085711651,-8.45407428736038
A,626,20230708,3,2,4,2000,217.361819570317,140.767227354396,-76.5945922159211,1223.96678756477,1147.37219534885,-76.594592215921,-6.25789792616146
A,627,20230708,3,2,5,2000,162.826385547993,99.5813967324518,-63.2449888155413,1188.61187797394,1125.3668891584,-63.2449888155413,-5.32091172800211
A,628,20230708,3,2,6,2000,106.065711846795,127.422780047889,21.357068201094,1105.39521100768,1126.75227920878,21.3570682010939,1.93207533273323
A,629,20230708,3,2,7,2000,115.836991469359,146.1622575352,30.325266065841,1084.70130755669,1115.02657362253,30.3252660658411,2.7957250401172
A,630,20230708,3,2,8,2000,201.639250239152,192.484097370994,-9.15515286815864,1154.96157694776,1145.8064240796,-9.15515286815867,-0.792680297846201
A,631,20230708,3,2,9,2000,224.130960215157,244.425877983586,20.2949177684296,1173.38511984957,1193.680037618,20.2949177684295,1.7296041534114
A,632,20230708,3,2,10,2000,75.7548443826408,213.374780562787,137.619936180146,1005.62454058718,1143.24447676733,137.619936180146,13.6850216582613
A,633,20230708,3,2,11,2000,144.608867982275,197.742071699589,53.1332037173148,1025.42700140055,1078.56020511786,53.1332037173147,5.18156861919418
A,634,20230708,3,2,12,2000,160.063895026515,143.016135712391,-17.0477593141235,1022.26903148215,1005.22127216802,-17.0477593141236,-1.66763922109689
A,635,20230708,3,2,13,2000,71.169992662436,95.169496555691,23.999503893255,966.478960090109,990.478463983364,23.999503893255,2.48318948309205
A,636,20230708,3,2,14,2000,74.6675301315995,98.3873788946926,23.7198487630931,998.900799422185,1022.62064818528,23.7198487630931,2.37459503254115
A,637,20230708,3,2,15,2000,79.4834933347179,105.529443453435,26.045950118717,1008.06126968799,1034.10721980671,26.045950118717,2.58376657271819
A,638,20230708,3,2,16,2000,171.459717059769,152.948877736422,-18.5108393233469,1112.22651823159,1093.71567890824,-18.5108393233468,-1.66430479941969
A,639,20230708,3,2,17,2000,249.370992481018,174.215386152945,-75.1556063280731,1303.34919522183,1228.19358889376,-75.1556063280732,-5.76634462994254
A,640,20230708,3,2,18,2000,256.681162793266,232.519273035022,-24.1618897582438,1532.41744349164,1508.25555373339,-24.1618897582439,-1.57671722289918
A,641,20230708,3,2,19,2000,352.127144358281,319.651025699897,-32.4761186583837,1753.61469243305,1721.13857377467,-32.4761186583837,-1.85195292891421
A,642,20230708,3,2,20,2000,299.360096410715,277.260761305888,-22.0993351048269,1801.24661889453,1779.14728378971,-22.0993351048269,-1.22689113600611
A,643,20230708,3,2,21,2000,188.615801564086,311.260266669415,122.644465105329,1960.91762829555,2083.56209340088,122.644465105329,6.25444247813373
A,644,20230708,3,2,22,2000,99.8339483994323,280.481038196799,180.647089797366,1828.61203437145,2009.25912416882,180.647089797366,9.87891834909968
A,645,20230708,3,3,1,3000,580.709969388136,333.806103291542,-246.903866096594,1960.47952126929,1713.5756551727,-246.903866096594,-12.59405484311
A,646,20230708,3,3,2,3000,431.467066358648,329.723957217938,-101.74310914071,1838.21867938078,1736.47557024007,-101.74310914071,-5.53487516376358
A,647,20230708,3,3,3,3000,467.335499298975,280.762307127522,-186.573192171453,1939.40290104265,1752.8297088712,-186.573192171453,-9.62013576813505
A,648,20230708,3,3,4,3000,248.725250533101,186.355775961441,-62.36947457166,1763.71429069247,1701.34481612081,-62.3694745716598,-3.53625725554292
A,649,20230708,3,3,5,3000,237.528666432005,181.415628173296,-56.1130382587085,1754.25958585392,1698.14654759521,-56.1130382587085,-3.19867360060024
A,650,20230708,3,3,6,3000,147.200422432143,191.750806142245,44.5503837101022,1624.44881068439,1668.99919439449,44.5503837101023,2.74249230982742
A,651,20230708,3,3,7,3000,276.341531123164,274.318328811838,-2.02320231132586,1720.60928482774,1718.58608251642,-2.0232023113258,-0.117586388099048
A,652,20230708,3,3,8,3000,265.265670800504,308.753904077942,43.4882332774379,1692.43871952628,1735.92695280372,43.4882332774378,2.56956029046714
A,653,20230708,3,3,9,3000,236.259384036446,341.530851839425,105.271467802979,1641.53251785823,1746.80398566121,105.271467802979,6.41299923441851
A,654,20230708,3,3,10,3000,208.235288543627,314.011878406538,105.776589862911,1562.90414397907,1668.68073384198,105.776589862911,6.76795120611875
A,655,20230708,3,3,11,3000,172.192318847804,240.12110956823,67.9287907204261,1490.41642949081,1558.34522021123,67.9287907204262,4.5577054423396
A,656,20230708,3,3,12,3000,203.650436823422,195.806594399442,-7.84384242397985,1523.758563482,1515.91472105802,-7.84384242397982,-0.514769374359122
A,657,20230708,3,3,13,3000,102.250980997128,140.766416763333,38.5154357662044,1463.89022751244,1502.40566327865,38.5154357662045,2.63103305441508
A,658,20230708,3,3,14,3000,123.070035131625,158.319902140486,35.2498670088607,1509.55080168784,1544.80066869671,35.2498670088607,2.33512293653499
A,659,20230708,3,3,15,3000,202.540705394461,198.545797944064,-3.99490745039748,1609.63778565392,1605.64287820352,-3.99490745039748,-0.248186734059212
A,660,20230708,3,3,16,3000,297.773497481044,234.147909398738,-63.6255880823056,1813.99919748749,1750.37360940518,-63.6255880823055,-3.50747608766483
A,661,20230708,3,3,17,3000,379.738374853009,325.535627525651,-54.2027473273583,2133.99395945756,2079.7912121302,-54.2027473273583,-2.53996723313763
A,662,20230708,3,3,18,3000,478.440924779556,400.850057362213,-77.5908674173422,2455.38737168895,2377.79650427161,-77.5908674173425,-3.16002551418073
A,663,20230708,3,3,19,3000,429.727478782706,428.581002678594,-1.14647610411203,2631.89138313027,2630.74490702616,-1.14647610411203,-0.0435609201603317
A,664,20230708,3,3,20,3000,410.375563550376,479.591050996607,69.215487446231,2883.88755649286,2953.10304393909,69.2154874462308,2.40007580359356
A,665,20230708,3,3,21,3000,177.434282823858,389.411015175496,211.976732351638,2706.88872506867,2918.86545742031,211.976732351638,7.83101020697703
A,666,20230708,3,4,1,4000,666.608834373243,420.58048252053,-246.028351852713,2535.58193398782,2289.55358213511,-246.028351852713,-9.70303300220209
A,667,20230708,3,4,2,4000,562.930020943857,383.716805343345,-179.213215600512,2487.08305422702,2307.86983862651,-179.213215600512,-7.20575918427506
A,668,20230708,3,4,3,4000,498.698930261759,326.350855734567,-172.348074527192,2479.15040417035,2306.80232964316,-172.348074527192,-6.95190070910071
A,669,20230708,3,4,4,4000,323.427531417112,268.190007402285,-55.2375240148272,2329.36199857246,2274.12447455763,-55.2375240148267,-2.37135851141553
A,670,20230708,3,4,5,4000,278.663377017352,245.743654267652,-32.9197227497003,2273.31318553063,2240.39346278093,-32.9197227497002,-1.44809447986447
A,671,20230708,3,4,6,4000,307.704962085948,319.906877418883,12.2019153329353,2260.35678795544,2272.55870328837,12.2019153329352,0.539822535891433
A,672,20230708,3,4,7,4000,339.967951684516,390.588135518787,50.6201838342707,2258.08642740626,2308.70661124053,50.6201838342708,2.24172924560799
A,673,20230708,3,4,8,4000,277.394094621793,405.858877933781,128.464783311988,2160.58611753494,2289.05090084693,128.464783311988,5.94583026658321
A,674,20230708,3,4,9,4000,368.739828197432,442.167949683176,73.4281214857444,2198.81212125012,2272.24024273586,73.4281214857442,3.33944500196757
A,675,20230708,3,4,10,4000,235.818739409156,356.390916275178,120.572176866023,2027.89357206933,2148.46574893535,120.572176866023,5.94568563788025
A,676,20230708,3,4,11,4000,215.778860644711,292.91156825528,77.1327076105698,1991.90596149066,2069.03866910123,77.1327076105699,3.87230668022335
A,677,20230708,3,4,12,4000,234.731425158114,241.403514607084,6.67208944896959,2021.16983090433,2027.8419203533,6.67208944896947,0.330110283012892
A,678,20230708,3,4,13,4000,150.653485997154,200.698940009126,50.045454011972,1974.5402297781,2024.58568379008,50.045454011972,2.53453706626155
A,679,20230708,3,4,14,4000,246.127247191368,251.336256631115,5.20900943974624,2111.12731765377,2116.33632709352,5.2090094397463,0.246740658234454
A,680,20230708,3,4,15,4000,328.854485815736,279.74482960638,-49.1096562093561,2311.41046490982,2262.30080870047,-49.1096562093562,-2.12466184413819
A,681,20230708,3,4,16,4000,428.140879853035,385.468150771444,-42.6727290815907,2644.64396172322,2601.97123264163,-42.6727290815907,-1.6135528902645
A,682,20230708,3,4,17,4000,601.498136839299,493.866411852842,-107.631724986457,3056.96388765488,2949.33216266842,-107.631724986457,-3.52087001816124
A,683,20230708,3,4,18,4000,556.041259203981,509.780034340911,-46.2612248630706,3333.66406238617,3287.4028375231,-46.2612248630708,-1.38769906017338
A,684,20230708,3,4,19,4000,540.742945922367,630.911292369312,90.1683464469457,3714.5323207286,3804.70066717554,90.1683464469456,2.42744815932196
A,685,20230708,3,4,20,4000,399.194044810148,557.741799502687,158.54775469254,3629.85865326599,3788.40640795853,158.547754692539,4.36787681938759
A,686,20230708,3,5,1,5000,798.071788958453,474.573330645937,-323.498458312515,3184.44630883406,2860.94785052155,-323.498458312515,-10.1587034899941
A,687,20230708,3,5,2,5000,594.293451906641,429.30535395039,-164.988097956251,3026.83055735472,2861.84245939847,-164.988097956251,-5.4508534531395
A,688,20230708,3,5,3,5000,573.40121114577,408.185087175411,-165.216123970359,3044.79811205034,2879.58198807998,-165.21612397036,-5.42617664259864
A,689,20230708,3,5,4,5000,364.56224200246,332.518033496641,-32.0442085058189,2848.41559824916,2816.37138974334,-32.0442085058185,-1.12498360581634
A,690,20230708,3,5,5,5000,439.167916671157,373.89972554429,-65.2681911268672,2909.22116280168,2843.95297167481,-65.2681911268669,-2.243493618203
A,691,20230708,3,5,6,5000,371.3313826473,436.176684125832,64.8453014785318,2797.83393053396,2862.67923201249,64.8453014785314,2.31769658559241
A,692,20230708,3,5,7,5000,352.096375505805,487.693109374625,135.59673386882,2726.23382541492,2861.83055928374,135.596733868821,4.97377490531955
A,693,20230708,3,5,8,5000,409.874538782779,506.495975777532,96.6214369947527,2717.86572092683,2814.48715792158,96.6214369947529,3.5550482222427
A,694,20230708,3,5,9,5000,396.32327906296,484.546987551816,88.2237084888557,2663.80154934038,2752.02525782923,88.2237084888557,3.31194748763105
A,695,20230708,3,5,10,5000,279.405281206063,409.181374962229,129.776093756166,2529.38310406918,2659.15919782534,129.776093756166,5.1307409125722
A,696,20230708,3,5,11,5000,246.859848979403,338.508488462922,91.6486394835193,2489.31722891299,2580.96586839651,91.6486394835192,3.68167778774983
A,697,20230708,3,5,12,5000,283.13393015814,301.336037852877,18.2021076947372,2531.81983316999,2550.02194086473,18.2021076947372,0.718933766781778
A,698,20230708,3,5,13,5000,273.710698056897,293.715294499755,20.0045964428575,2576.11674574403,2596.12134218689,20.0045964428573,0.776540755612362
A,699,20230708,3,5,14,5000,372.441027612643,332.535288293431,-39.9057393192124,2812.89999690967,2772.99425759046,-39.9057393192124,-1.41866896665555
A,700,20230708,3,5,15,5000,459.221868187727,431.065070979086,-28.1567972086413,3142.05522914556,3113.89843193692,-28.1567972086414,-0.896126743650469
A,701,20230708,3,5,16,5000,649.900641839325,553.798935098636,-96.1017067406891,3567.61388992054,3471.51218317985,-96.1017067406892,-2.69372498554853
A,702,20230708,3,5,17,5000,679.098471263725,602.796388831539,-76.3020824321852,3935.2405783521,3858.93849591991,-76.3020824321852,-1.93894327203083
A,703,20230708,3,5,18,5000,667.056726343641,712.110324031629,45.0535976879872,4416.3049999845,4461.35859767249,45.0535976879873,1.02016499512931
A,704,20230708,3,5,19,5000,529.561427182139,709.062040875393,179.500613693254,4460.50341750172,4640.00403119498,179.500613693254,4.02422320738386
A,705,20230708,3,6,1,6000,829.435219921236,520.161879252982,-309.273340668254,3724.19381196176,3414.92047129351,-309.273340668254,-8.30443731673944
A,706,20230708,3,6,2,6000,668.995732790653,511.139585391234,-157.856147399419,3592.4782652347,3434.62211783528,-157.856147399418,-4.39407383273633
A,707,20230708,3,6,3,6000,614.535921731118,472.513113269767,-142.022808461351,3563.85171172704,3421.82890326569,-142.022808461351,-3.98509309447466
A,708,20230708,3,6,4,6000,525.066781656265,460.674104773279,-64.3926768829858,3484.32357552021,3419.93089863723,-64.3926768829851,-1.84806822579247
A,709,20230708,3,6,5,6000,502.794337232509,490.169532251238,-12.6248049812707,3446.6983053802,3434.07350039893,-12.6248049812707,-0.366286917586135
A,710,20230708,3,6,6,6000,383.459806468589,533.28165798167,149.821851513081,3265.98132854262,3415.8031800557,149.821851513081,4.58734562269945
A,711,20230708,3,6,7,6000,484.576819666791,588.330207218376,103.753387551585,3283.51342880681,3387.2668163584,103.753387551586,3.15982833026781
A,712,20230708,3,6,8,6000,437.457989648308,548.875013646172,111.417023997864,3182.85514901709,3294.27217301495,111.417023997864,3.50053705812755
A,713,20230708,3,6,9,6000,439.909820859868,537.337446238867,97.4276253789993,3165.29108134023,3262.71870671923,97.4276253789994,3.07799892254292
A,714,20230708,3,6,10,6000,310.486269540755,454.778295169871,144.292025629116,3026.79437149151,3171.08639712063,144.292025629116,4.76715653326701
A,715,20230708,3,6,11,6000,295.262353979429,398.441011708715,103.178657729287,2999.96723117865,3103.14588890794,103.178657729287,3.43932615853104
A,716,20230708,3,6,12,6000,406.191142217883,394.352392343506,-11.8387498743774,3133.39634913592,3121.55759926154,-11.8387498743773,-0.377824844202746
A,717,20230708,3,6,13,6000,400.024478478172,374.914326162071,-25.1101523161012,3277.88942499993,3252.77927268383,-25.110152316101,-0.766046350575157
A,718,20230708,3,6,14,6000,502.808409984634,483.855529666137,-18.9528803184976,3643.54476114541,3624.59188082691,-18.9528803184976,-0.520176958455684
A,719,20230708,3,6,15,6000,680.981630174017,599.395855306277,-81.5857748677397,4065.02515734287,3983.43938247513,-81.5857748677399,-2.00701771108027
A,720,20230708,3,6,16,6000,727.50097626375,662.728912077333,-64.7720641864175,4445.89058061776,4381.11851643134,-64.772064186418,-1.4568973979881
A,721,20230708,3,6,17,6000,790.113938403385,805.126678522258,15.0127401188727,5017.88151595043,5032.8942560693,15.0127401188729,0.299184826727208
A,722,20230708,3,6,18,6000,655.875207603413,790.261072537709,134.385864934296,5162.27609675762,5296.66196169192,134.385864934296,2.60322893265438
A,723,20230708,3,7,1,7000,904.137500805248,601.996110693827,-302.141390111421,4289.84151984175,3987.70012973033,-302.141390111422,-7.04318303401025
A,724,20230708,3,7,2,7000,710.130443376,575.46761148559,-134.66283189041,4111.53186491141,3976.869033021,-134.66283189041,-3.27524719046075
A,725,20230708,3,7,3,7000,775.040461384923,600.669184546405,-174.371276838518,4199.75968899809,4025.38841215958,-174.371276838518,-4.15193462843386
A,726,20230708,3,7,4,7000,588.693202217617,576.943911480227,-11.7492907373894,4021.80071809873,4010.05142736134,-11.7492907373889,-0.292140052701152
A,727,20230708,3,7,5,7000,514.922761053798,587.274506107077,72.3517450532789,3914.84570338886,3987.19744844214,72.351745053279,1.84813784590918
A,728,20230708,3,7,6,7000,515.940250629574,633.918755825421,117.978505195847,3823.26093193451,3941.23943713036,117.978505195847,3.08580835303206
A,729,20230708,3,7,7,7000,512.16027053232,630.709245087016,118.548974554697,3748.50285689707,3867.05183145177,118.548974554697,3.16256860619894
A,730,20230708,3,7,8,7000,481.044531445215,601.665472333223,120.620940888008,3684.34468101694,3804.96562190494,120.620940888008,3.27387775387819
A,731,20230708,3,7,9,7000,470.99080919456,582.934366446509,111.943557251949,3662.70234876256,3774.64590601451,111.943557251949,3.05631052137689
A,732,20230708,3,7,10,7000,358.888774540781,514.710818415664,155.822043874883,3537.44437375717,3693.26641763206,155.822043874883,4.40493269748245
A,733,20230708,3,7,11,7000,418.319566039172,491.457366199344,73.1378001601723,3601.54374714458,3674.68154730475,73.1378001601724,2.03073474307118
A,734,20230708,3,7,12,7000,532.504922639158,475.551424005822,-56.953498633336,3835.16902839182,3778.21552975848,-56.953498633336,-1.48503229484042
A,735,20230708,3,7,13,7000,530.391860850163,526.234567534777,-4.15729331538626,4108.53418923567,4104.37689592028,-4.1572933153866,-0.101186776692249
A,736,20230708,3,7,14,7000,724.568171970924,652.186313993328,-72.381857977596,4566.51468934272,4494.13283136513,-72.3818579775962,-1.58505693951932
A,737,20230708,3,7,15,7000,758.581964598442,708.325832284974,-50.2561323134681,4943.30184804009,4893.04571572662,-50.2561323134687,-1.01665109391194
A,738,20230708,3,7,16,7000,838.51644340341,865.059201768051,26.5427583646403,5528.53151821609,5555.07427658073,26.5427583646406,0.480105038330418
A,739,20230708,3,7,17,7000,778.932419663157,883.277427028338,104.345007365181,5763.85261272355,5868.19762008873,104.345007365181,1.81033441304246
A,740,20230708,3,8,1,8000,945.272211390596,666.324136788182,-278.948074602413,4808.89511951845,4529.94704491604,-278.948074602413,-5.80066871224145
A,741,20230708,3,8,2,8000,870.634983029805,703.623682762228,-167.011300267577,4747.43984218246,4580.42854191488,-167.011300267576,-3.51792346653094
A,742,20230708,3,8,3,8000,838.666881946275,716.938991253353,-121.727890692921,4737.23683157661,4615.50894088369,-121.727890692921,-2.56959689837607
A,743,20230708,3,8,4,8000,600.821626038905,674.048885336066,73.2272592971602,4489.94811610739,4563.17537540455,73.2272592971613,1.63091548952344
A,744,20230708,3,8,5,8000,647.403205214784,687.911603950828,40.5083987360441,4472.12530678075,4512.63370551679,40.5083987360449,0.905797489051236
A,745,20230708,3,8,6,8000,543.523701495103,676.297793694061,132.774092198958,4288.25036002477,4421.02445222373,132.774092198958,3.09622995515101
A,746,20230708,3,8,7,8000,555.746812329227,683.499703774067,127.75289144484,4249.99238889692,4377.74528034176,127.75289144484,3.00595577014665
A,747,20230708,3,8,8,8000,512.125519779907,647.262392540864,135.136872760957,4181.75594843927,4316.89282120023,135.136872760957,3.23158200591293
A,748,20230708,3,8,9,8000,519.393314194585,642.866889692302,123.473575497716,4173.35235102822,4296.82592652594,123.473575497716,2.95861851845065
A,749,20230708,3,8,10,8000,481.945986600524,607.727172906293,125.781186305769,4139.0208897231,4264.80207602887,125.781186305769,3.03891160873516
A,750,20230708,3,8,11,8000,544.633346460447,572.65639786166,28.0230514012137,4303.31642640048,4331.33947780169,28.0230514012137,0.651196626613248
A,751,20230708,3,8,12,8000,662.872305011149,626.871665378528,-36.0006396326212,4665.81379262755,4629.81315299493,-36.0006396326216,-0.771583291418663
A,752,20230708,3,8,13,8000,752.151622836453,694.565351861968,-57.5862709744848,5031.50411743298,4973.9178464585,-57.5862709744843,-1.14451403855482
A,753,20230708,3,8,14,8000,802.16850639535,761.116290972025,-41.0522154233245,5444.79138003994,5403.73916461662,-41.0522154233249,-0.753972238014816
A,754,20230708,3,8,15,8000,869.597431738103,910.656121975693,41.0586902375898,6025.94278563842,6067.00147587601,41.058690237589,0.681365417797258
A,755,20230708,3,8,16,8000,827.334924663182,943.209950274131,115.875025610949,6274.50261498921,6390.37764060016,115.875025610949,1.84676033657447
A,756,20230708,3,9,1,9000,1105.7767510444,794.480208064821,-311.29654297958,5444.8030967895,5133.50655380992,-311.29654297958,-5.71731497807762
A,757,20230708,3,9,2,9000,934.261403591157,819.893489469177,-114.367914121981,5284.91698476098,5170.549070639,-114.36791412198,-2.16404372011441
A,758,20230708,3,9,3,9000,850.795305767563,814.043965109192,-36.7513406583718,5205.38422958527,5168.6328889269,-36.7513406583712,-0.706025511997589
A,759,20230708,3,9,4,9000,733.302070199891,774.685983179817,41.3839129799253,5047.22771949928,5088.61163247921,41.3839129799262,0.819933541338843
A,760,20230708,3,9,5,9000,674.986656080313,730.290641819468,55.3039857391553,4937.11473487101,4992.41872061016,55.3039857391559,1.12016812873604
A,761,20230708,3,9,6,9000,587.11024329201,729.088252381112,141.978009089102,4789.73989202462,4931.71790111372,141.978009089102,2.96421125759896
A,762,20230708,3,9,7,9000,586.827800663919,729.096623981709,142.26882331779,4747.40365631925,4889.67247963704,142.26882331779,2.99677115360553
A,763,20230708,3,9,8,9000,560.528024779933,707.194915786657,146.666891006725,4692.40595070493,4839.07284171166,146.666891006725,3.12562238961212
A,764,20230708,3,9,9,9000,642.450526254329,735.883244182931,93.432717928602,4774.92886699415,4868.36158492275,93.432717928602,1.95673528404662
A,765,20230708,3,9,10,9000,608.259767021799,688.926204568609,80.6664375468102,4840.793568979,4921.46000652581,80.6664375468108,1.66638871080439
A,766,20230708,3,9,11,9000,675.000728832438,723.976639234366,48.9759104019286,5133.96119063622,5182.93710103814,48.9759104019286,0.953959498004295
A,767,20230708,3,9,12,9000,884.632066997439,795.202449705719,-89.4296172917195,5588.78372082487,5499.35410353315,-89.4296172917193,-1.60016242815924
A,768,20230708,3,9,13,9000,829.751957260878,803.495328840665,-26.2566284202132,5909.7808081302,5883.52417970999,-26.256628420213,-0.444291070560371
A,769,20230708,3,9,14,9000,913.18397353501,963.446580662743,50.2626071277333,6527.43231763827,6577.694924766,50.2626071277327,0.770021115223429
A,770,20230708,3,9,15,9000,858.415912997875,988.806870481773,130.390957483898,6771.91388241154,6902.30483989544,130.390957483898,1.92546685838044
A,771,20230708,3,10,1,10000,1169.40317160575,910.750014771769,-258.653156833983,5982.28023936802,5723.62708253404,-258.653156833983,-4.32365496908429
A,772,20230708,3,10,2,10000,946.389827412446,916.998463325015,-29.3913640874309,5753.06438276964,5723.67301868221,-29.3913640874307,-0.51088189062263
A,773,20230708,3,10,3,10000,983.275749928549,914.681062952943,-68.5946869756067,5762.66383297716,5694.06914600156,-68.5946869756062,-1.19032948934257
A,774,20230708,3,10,4,10000,760.88552106542,817.065021048457,56.1794999830366,5512.21714758954,5568.39664757258,56.1794999830381,1.01918154671401
A,775,20230708,3,10,5,10000,718.57319787722,783.081100506519,64.507902629299,5438.60426687086,5503.11216950016,64.5079026292997,1.18611135254404
A,776,20230708,3,10,6,10000,618.191231626703,774.685172588754,156.493940962051,5287.15115944695,5443.645100409,156.493940962051,2.95989156055112
A,777,20230708,3,10,7,10000,635.230305663945,789.029147227502,153.798841563557,5258.05365858491,5411.85250014847,153.798841563557,2.92501468318885
A,778,20230708,3,10,8,10000,683.585236839676,800.211270277287,116.62603343761,5293.98246667086,5410.60850010847,116.62603343761,2.20299243852523
A,779,20230708,3,10,9,10000,768.764306675604,817.082275845247,48.3179691696434,5476.70154625005,5525.0195154197,48.3179691696432,0.882245796335697
A,780,20230708,3,10,10,10000,738.62714939379,840.246445941315,101.619296547525,5671.43833321474,5773.05762976226,101.619296547526,1.79177292561559
A,781,20230708,3,10,11,10000,896.760490818728,892.307423561558,-4.45306725716989,6056.93111883353,6052.47805157636,-4.45306725717001,-0.073520189842073
A,782,20230708,3,10,12,10000,962.232401421864,904.132426684416,-58.099974737448,6467.06041152209,6408.96043678464,-58.0999747374472,-0.898398515559448
A,783,20230708,3,10,13,10000,940.767424400539,1005.82561853138,65.0581941308448,6992.42174572853,7057.47993985938,65.0581941308455,0.930410042423252
A,784,20230708,3,10,14,10000,902.002454794782,1041.59732916882,139.594874374042,7273.40341441139,7412.99828878544,139.594874374042,1.91925109086416
A,785,20230709,1,1,1,1000,109.363560691654,34.4502995307478,-74.913261160906,484.690192670221,409.776931509315,-74.913261160906,-15.4559061218465
A,786,20230709,1,1,2,1000,-86.1265290910965,63.6264841725396,149.753013263636,568.790508492441,718.543521756077,149.753013263636,26.3283249329443
A,787,20230709,1,1,3,1000,177.16463562104,192.258898530638,15.0942629095979,1017.09851051834,1032.19277342794,15.094262909598,1.48405122547133
A,788,20230709,1,1,4,1000,124.351307391568,187.063700631212,62.7123932396432,932.893623483178,995.606016722821,62.7123932396432,6.72235200895593
A,789,20230709,1,1,5,1000,215.296748095574,70.8895179915544,-144.407230104019,855.58722205633,711.179991952311,-144.407230104019,-16.8781424478207
A,790,20230709,1,1,6,1000,101.695318273515,65.4006512113622,-36.2946670621529,607.055513471179,570.760846409026,-36.2946670621529,-5.9788052750922
A,791,20230709,1,1,7,1000,35.8220625126828,43.4982329599355,7.67617044725274,555.258218760397,562.934389207649,7.67617044725273,1.38245057666857
A,792,20230709,1,1,8,1000,28.9350016702592,34.9823414527795,6.0473397825203,514.571367741387,520.618707523907,6.04733978252034,1.17521886401569
A,793,20230709,1,1,9,1000,29.7209466154131,41.9697057901008,12.2487591746877,474.778250736244,487.027009910932,12.2487591746877,2.57989053957155
A,794,20230709,1,1,10,1000,30.7698628613521,35.4152691061027,4.64540624475062,463.493249276826,468.138655521576,4.64540624475063,1.00225974207795
A,795,20230709,1,1,11,1000,25.9260311665112,44.7931314371578,18.8671002706466,451.446226657376,470.313326928023,18.8671002706466,4.17925749658901
A,796,20230709,1,1,12,1000,74.4695149605691,70.9668240162259,-3.50269094434316,483.208992797947,479.706301853604,-3.50269094434316,-0.724881158370288
A,797,20230709,1,1,13,1000,94.2367697478417,69.3813815782172,-24.8553881696245,477.41153497135,452.556146801726,-24.8553881696245,-5.20628144670113
A,798,20230709,1,1,14,1000,81.3839209066318,66.0531244854773,-15.3307964211545,492.984358080148,477.653561658993,-15.3307964211546,-3.10979368206691
A,799,20230709,1,1,15,1000,36.8564876369637,60.0742732607673,23.2177856238035,466.09108895431,489.308874578114,23.2177856238035,4.98138371962729
A,800,20230709,1,1,16,1000,54.3301031148221,38.6149661962084,-15.7151369186138,522.659980455079,506.944843536465,-15.7151369186138,-3.00676108871597
A,801,20230709,1,1,17,1000,47.7699265734491,74.666762930678,26.8968363572289,518.515164108483,545.412000465712,26.8968363572289,5.18728056940715
A,802,20230709,1,1,18,1000,59.0740785041426,49.5637094342183,-9.51036906992429,493.968645545248,484.458276475324,-9.51036906992431,-1.92529812482868
A,803,20230709,1,1,19,1000,69.00017164156,81.0938573832994,12.0936857417394,481.805246245507,493.898931987247,12.0936857417395,2.51007763738153
A,804,20230709,1,1,20,1000,77.2234459494093,64.7289463796321,-12.4944995697772,527.197638918258,514.703139348481,-12.4944995697772,-2.36998397705542
A,805,20230709,1,1,21,1000,144.097787879639,70.8160745555441,-73.2817133240952,464.638115346166,391.356402022071,-73.2817133240952,-15.7717825773933
A,806,20230709,1,1,22,1000,128.362767841169,59.7741890906095,-68.5885787505591,439.45586892889,370.867290178331,-68.5885787505591,-15.6076146889866
A,807,20230709,1,2,1,2000,23.2370316005574,98.0767837032875,74.8397521027301,1053.48070116266,1128.32045326539,74.83975210273,7.10404585676168
A,808,20230709,1,2,2,2000,91.0381065299435,255.885382703178,164.847276173234,1585.88901901078,1750.73629518401,164.847276173234,10.3946287663975
A,809,20230709,1,2,3,2000,301.515943012608,379.322599161849,77.8066561492412,1949.99213400152,2027.79879015076,77.8066561492412,3.9901010261809
A,810,20230709,1,2,4,2000,339.648055487142,257.953218622766,-81.6948368643759,1788.48084553951,1706.78600867513,-81.6948368643759,-4.56783404016452
A,811,20230709,1,2,5,2000,316.992066369089,136.290169202917,-180.701897166172,1462.64273552751,1281.94083836134,-180.701897166172,-12.3544795169
A,812,20230709,1,2,6,2000,137.517380786198,108.898884171298,-28.6184966149002,1162.31373223158,1133.69523561668,-28.6184966149001,-2.4622006796697
A,813,20230709,1,2,7,2000,64.757064182942,78.4805744127151,13.723510229773,1069.82958650178,1083.55309673156,13.723510229773,1.28277535066563
A,814,20230709,1,2,8,2000,58.6559482856724,76.9520472428803,18.296098957208,989.349618477631,1007.64571743484,18.296098957208,1.8493057070524
A,815,20230709,1,2,9,2000,60.4908094767652,77.3849748962035,16.8941654194383,938.27150001307,955.165665432508,16.8941654194383,1.80056256842534
A,816,20230709,1,2,10,2000,56.6958940278632,80.2084005432605,23.5125065153972,914.939475934202,938.451982449599,23.5125065153973,2.56984282937292
A,817,20230709,1,2,11,2000,100.39554612708,115.759955453384,15.3644093263035,934.655219455323,950.019628781627,15.3644093263035,1.64385850594803
A,818,20230709,1,2,12,2000,168.706284708411,140.348205594443,-28.3580791139676,960.620527769297,932.262448655329,-28.3580791139676,-2.9520584137234
A,819,20230709,1,2,13,2000,175.620690654473,135.434506063694,-40.186184590779,970.395893051498,930.209708460719,-40.186184590779,-4.14121544397822
A,820,20230709,1,2,14,2000,118.240408543596,126.127397746245,7.886989202649,959.075447034458,966.962436237107,7.88698920264903,0.822353364069142
A,821,20230709,1,2,15,2000,91.1865907517858,98.6892394569756,7.50264870518977,988.751069409389,996.253718114579,7.50264870518981,0.758800565411411
A,822,20230709,1,2,16,2000,102.100029688271,113.281729126886,11.1816994386151,1041.17514456356,1052.35684400218,11.1816994386152,1.07394990141666
A,823,20230709,1,2,17,2000,106.844005077592,124.230472364896,17.3864672873046,1012.48380965373,1029.87027694104,17.3864672873046,1.71720941327949
A,824,20230709,1,2,18,2000,128.074250145703,130.657566817518,2.58331667181514,975.773891790755,978.357208462571,2.58331667181517,0.264745418333978
A,825,20230709,1,2,19,2000,146.223617590969,145.822803762931,-0.400813828037798,1009.00288516377,1008.60207133573,-0.400813828037826,-0.0397237544046044
A,826,20230709,1,2,20,2000,221.321233829049,135.545020935176,-85.7762128938724,991.835754264424,906.059541370552,-85.7762128938724,-8.64822754423555
A,827,20230709,1,2,21,2000,272.460555720808,130.590263646154,-141.870292074654,904.093984275056,762.223692200402,-141.870292074654,-15.6919849641973
A,828,20230709,1,3,1,3000,200.401667221597,290.335682233925,89.934015012328,2070.579211681,2160.51322669333,89.934015012328,4.34342306273398
A,829,20230709,1,3,2,3000,215.389413921512,442.949083334389,227.559669412877,2518.78264249396,2746.34231190683,227.559669412877,9.03450998802979
A,830,20230709,1,3,3,3000,516.812691108182,450.212117153404,-66.600573954778,2805.57935605785,2738.97878210307,-66.6005739547777,-2.37386170563926
A,831,20230709,1,3,4,3000,441.343373760657,323.353869834128,-117.989503926529,2395.53635901069,2277.54685508416,-117.989503926529,-4.92538981855639
A,832,20230709,1,3,5,3000,352.814128881771,179.788402162852,-173.025726718919,2017.90095428791,1844.87522756899,-173.025726718919,-8.57454011066554
A,833,20230709,1,3,6,3000,166.452382456457,143.881225624077,-22.5711568323799,1676.88509997296,1654.31394314058,-22.57115683238,-1.34601689959222
A,834,20230709,1,3,7,3000,94.4780107983552,120.450280202816,25.9722694044607,1544.60783723803,1570.58010664249,25.9722694044606,1.68147984092212
A,835,20230709,1,3,8,3000,89.4258111470244,112.367316348983,22.9415052019586,1452.84286775446,1475.78437295642,22.9415052019585,1.57907683694778
A,836,20230709,1,3,9,3000,86.4168406432764,122.178106333361,35.7612656900849,1389.71772667045,1425.47899236053,35.7612656900849,2.57327549356109
A,837,20230709,1,3,10,3000,131.165408988432,151.175224559486,20.0098155710541,1398.14846873215,1418.1582843032,20.0098155710541,1.43116528884798
A,838,20230709,1,3,11,3000,194.632315874922,185.141337031601,-9.49097884332096,1412.06675442667,1402.57577558335,-9.49097884332105,-0.672133864321065
A,839,20230709,1,3,12,3000,250.090205615043,206.40133007992,-43.6888755351222,1453.60488584945,1409.91601031432,-43.6888755351222,-3.00555370722985
A,840,20230709,1,3,13,3000,212.477178291437,195.508779324462,-16.9683989669755,1436.48698200581,1419.51858303883,-16.9683989669754,-1.18124279436782
A,841,20230709,1,3,14,3000,172.570511658418,164.742363942453,-7.82814771596477,1481.73542748954,1473.90727977357,-7.82814771596486,-0.528309411433043
A,842,20230709,1,3,15,3000,138.956517325235,173.356002387654,34.3994850624186,1507.26623351787,1541.66571858029,34.3994850624185,2.28224346153713
A,843,20230709,1,3,16,3000,161.174108192414,162.845438561105,1.67133036869083,1535.14379010881,1536.8151204775,1.67133036869086,0.10887125880061
A,844,20230709,1,3,17,3000,175.844176719152,205.324329748196,29.4801530290441,1494.28905589924,1523.76920892828,29.480153029044,1.9728547775051
A,845,20230709,1,3,18,3000,205.297696095112,195.38651319715,-9.91118289796211,1502.97153070901,1493.06034781105,-9.91118289796214,-0.659439164046349
A,846,20230709,1,3,19,3000,290.321405470609,216.638878318476,-73.682527152133,1473.64100050993,1399.9584733578,-73.6825271521329,-5.00003237739966
A,847,20230709,1,3,20,3000,349.684001670217,195.319210025786,-154.364791644432,1431.29162319331,1276.92683154888,-154.364791644432,-10.7849993071316
A,848,20230709,1,4,1,4000,324.752974613166,477.399382865137,152.646408251971,3003.47283516418,3156.11924341615,152.646408251971,5.08233024333736
A,849,20230709,1,4,2,4000,430.686162017085,513.838601325943,83.152439308858,3374.36986455029,3457.52230385914,83.152439308858,2.46423606915242
A,850,20230709,1,4,3,4000,618.508009381697,515.612768364766,-102.895241016931,3412.63486952903,3309.73962851209,-102.895241016931,-3.01512599357374
A,851,20230709,1,4,4,4000,477.16543627334,366.852102794064,-110.313333479276,2950.79457777108,2840.48124429181,-110.313333479276,-3.73842809358157
A,852,20230709,1,4,5,4000,381.749130552031,214.770743615632,-166.978386936399,2532.47232202929,2365.49393509289,-166.978386936399,-6.59349306540882
A,853,20230709,1,4,6,4000,196.17332907187,185.850931414178,-10.3223976576922,2151.66335070921,2141.34095305152,-10.3223976576924,-0.479740367111333
A,854,20230709,1,4,7,4000,125.247873659707,155.865549308919,30.6176756492113,2008.10108651485,2038.71876216407,30.6176756492114,1.52470788720849
A,855,20230709,1,4,8,4000,115.351842313536,157.160447786141,41.8086054726052,1904.28909441183,1946.09769988444,41.8086054726052,2.19549676544876
A,856,20230709,1,4,9,4000,160.886355603845,193.144930349587,32.2585747457418,1872.92671946839,1905.18529421414,32.2585747457417,1.72236182069622
A,857,20230709,1,4,10,4000,225.402178736274,220.556606137704,-4.84557259857033,1875.5600037035,1870.71443110493,-4.84557259857024,-0.258353376538321
A,858,20230709,1,4,11,4000,276.016236781554,251.194461517078,-24.8217752644755,1905.05111250682,1880.22933724235,-24.8217752644755,-1.30294536989157
A,859,20230709,1,4,12,4000,286.946693252006,266.475603340688,-20.4710899113186,1919.69597480376,1899.22488489244,-20.4710899113186,-1.06637145568903
A,860,20230709,1,4,13,4000,266.807281406259,234.12374552067,-32.6835358855892,1959.14696246089,1926.4634265753,-32.6835358855892,-1.6682534037434
A,861,20230709,1,4,14,4000,220.340438231867,239.409126873131,19.0686886412641,2000.25059159802,2019.31928023928,19.0686886412641,0.953314985700363
A,862,20230709,1,4,15,4000,198.030595829377,222.919711821872,24.8891159924943,2001.23487906312,2026.12399505561,24.8891159924942,1.24368789755184
A,863,20230709,1,4,16,4000,230.174279833974,243.939295944404,13.7650161104303,2016.94903635432,2030.71405246475,13.7650161104302,0.682467224621144
A,864,20230709,1,4,17,4000,253.067622668561,270.053276127828,16.9856534592668,2021.4866948175,2038.47234827676,16.9856534592668,0.84025551604238
A,865,20230709,1,4,18,4000,349.395483974751,266.202587752694,-83.1928962220573,1967.60964605518,1884.41674983312,-83.1928962220572,-4.22811996215047
A,866,20230709,1,4,19,4000,418.684173311777,276.413067409085,-142.271105902692,1913.09686943882,1770.82576353613,-142.271105902692,-7.43669116684223
A,867,20230709,1,5,1,5000,540.049722708739,548.288900856691,8.23917814795209,3859.06005722051,3867.29923536846,8.23917814795186,0.213502200685784
A,868,20230709,1,5,2,5000,532.381480290601,579.239252537306,46.8577722467052,3981.42537802147,4028.28315026817,46.8577722467053,1.17690946828673
A,869,20230709,1,5,3,5000,654.33007189438,559.111001324702,-95.2190705696781,3967.89308828942,3872.67401771974,-95.219070569678,-2.3997388148058
A,870,20230709,1,5,4,5000,506.100437943599,401.834444246843,-104.265993696756,3465.36594551247,3361.09995181572,-104.265993696756,-3.0088018216886
A,871,20230709,1,5,5,5000,411.470077167444,256.740449405732,-154.729627761711,3007.25057276554,2852.52094500383,-154.729627761712,-5.14521899714591
A,872,20230709,1,5,6,5000,226.943191933222,221.266200520281,-5.67699141294156,2615.15659998603,2609.47960857309,-5.67699141294179,-0.217080361955078
A,873,20230709,1,5,7,5000,151.173904826218,200.658680746076,49.4847759198579,2459.54731317223,2509.03208909209,49.4847759198578,2.01194649335834
A,874,20230709,1,5,8,5000,189.821357274105,228.127271802367,38.3059145282621,2387.49808720978,2425.80400173804,38.3059145282623,1.60443749603291
A,875,20230709,1,5,9,5000,255.123125351687,262.526311927804,7.40318657611726,2350.33825443974,2357.74144101586,7.40318657611715,0.314983877836846
A,876,20230709,1,5,10,5000,306.786099642906,286.609730623181,-20.1763690197249,2368.54436178365,2348.36799276392,-20.1763690197249,-0.851846785952997
A,877,20230709,1,5,11,5000,312.872724418517,311.268734777846,-1.60398964067195,2371.14220146113,2369.53821182046,-1.6039896406719,-0.0676462862363757
A,878,20230709,1,5,12,5000,341.276796366828,305.090569536896,-36.1862268299324,2442.35595525883,2406.1697284289,-36.1862268299324,-1.48161150515415
A,879,20230709,1,5,13,5000,314.577207979708,308.790508451348,-5.78669952836037,2477.66212656937,2471.87542704101,-5.78669952836026,-0.23355482841289
A,880,20230709,1,5,14,5000,279.414516736009,288.972836307349,9.55831957133984,2494.21923714327,2503.77755671461,9.55831957133978,0.383218901891211
A,881,20230709,1,5,15,5000,267.030767470937,304.013569205171,36.9828017342338,2483.04012530863,2520.02292704286,36.9828017342338,1.48941619417596
A,882,20230709,1,5,16,5000,307.397725783383,308.668242324036,1.27051654065298,2544.14667527258,2545.41719181323,1.27051654065281,0.049938808678029
A,883,20230709,1,5,17,5000,397.1654105482,340.869350683372,-56.2960598648284,2486.12481016366,2429.82875029883,-56.2960598648283,-2.26441004227468
A,884,20230709,1,5,18,5000,477.75825181592,325.976776843303,-151.781474972616,2407.06551498407,2255.28404001145,-151.781474972616,-6.30566447102379
A,885,20230709,1,6,1,6000,641.745040982254,613.689552068053,-28.0554889142009,4466.11557069169,4438.06008177749,-28.0554889142013,-0.628185466097471
A,886,20230709,1,6,2,6000,568.203542803283,622.737485497241,54.5339426939579,4536.68359678186,4591.21753947582,54.5339426939581,1.20206625678375
A,887,20230709,1,6,3,6000,683.265073564639,594.093342777481,-89.1717307871579,4482.46445603081,4393.29272524365,-89.1717307871577,-1.98934607651342
A,888,20230709,1,6,4,6000,535.821384559012,443.804150036944,-92.0172345220681,3940.14419624872,3848.12696172665,-92.0172345220681,-2.33537733491263
A,889,20230709,1,6,5,6000,442.239940028796,292.155718511835,-150.084221516961,3470.74382204236,3320.6596005254,-150.084221516961,-4.3242667627553
A,890,20230709,1,6,6,6000,252.869223099734,266.059331957439,13.1901088577051,3066.60282664341,3079.79293550111,13.1901088577051,0.430121199364527
A,891,20230709,1,6,7,6000,225.643419786787,271.625504762302,45.9820849755148,2942.75630597018,2988.73839094569,45.9820849755147,1.56255157391822
A,892,20230709,1,6,8,6000,284.058127021946,297.508653380584,13.4505263586376,2864.90962218113,2878.36014853977,13.4505263586375,0.469492170171751
A,893,20230709,1,6,9,6000,336.507046258319,328.579436413282,-7.92760984503724,2843.32261251989,2835.39500267485,-7.9276098450373,-0.278814996586387
A,894,20230709,1,6,10,6000,343.64258727987,346.684003883948,3.04141660407868,2834.63545073796,2837.67686734204,3.04141660407868,0.107294805873076
A,895,20230709,1,6,11,6000,367.20282753334,349.883700974054,-17.3191265592857,2893.80218191621,2876.48305535692,-17.3191265592859,-0.598490341444748
A,896,20230709,1,6,12,6000,389.046722940278,379.757332467574,-9.28939047270347,2960.87111936732,2951.58172889461,-9.28939047270342,-0.313738426908915
A,897,20230709,1,6,13,6000,373.651286483851,358.354217885566,-15.2970685982846,2971.63077211462,2956.33370351633,-15.2970685982846,-0.514770163972933
A,898,20230709,1,6,14,6000,348.414688377569,370.066693690649,21.6520053130793,2976.02448338878,2997.67648870185,21.6520053130794,0.727547956474619
A,899,20230709,1,6,15,6000,344.254213420347,368.742515584803,24.4883021644565,3010.23776422689,3034.72606639134,24.4883021644564,0.813500596380489
A,900,20230709,1,6,16,6000,451.495513663022,379.48431687958,-72.0111967834421,3008.78479061874,2936.7735938353,-72.0111967834423,-2.39336482316615
A,901,20230709,1,6,17,6000,525.528178389369,400.643539773981,-124.884638615387,2925.58067909255,2800.69604047717,-124.884638615387,-4.26871285785643
A,902,20230709,1,7,1,7000,677.567103494937,657.187785027989,-20.3793184669481,5021.37378945208,5000.99447098514,-20.3793184669485,-0.405851452639462
A,903,20230709,1,7,2,7000,597.138544473543,657.719826950021,60.5812824764781,5051.25496452325,5111.83624699973,60.5812824764789,1.19933131275223
A,904,20230709,1,7,3,7000,712.986020180052,636.063048567582,-76.9229716124702,4957.24270676705,4880.31973515458,-76.9229716124701,-1.55172897843924
A,905,20230709,1,7,4,7000,566.591247420364,479.219419143047,-87.3718282773174,4403.63744552554,4316.26561724822,-87.371828277317,-1.98408314394942
A,906,20230709,1,7,5,7000,468.165971195307,336.948849948993,-131.217121246314,3922.19004869974,3790.97292745343,-131.217121246314,-3.34550645473731
A,907,20230709,1,7,6,7000,327.338738060303,337.026155973665,9.68741791336191,3549.81181944136,3559.49923735472,9.68741791336197,0.272899477665453
A,908,20230709,1,7,7,7000,319.880189534629,341.006886340519,21.1266968058903,3420.16784094153,3441.29453774742,21.1266968058903,0.617709357797904
A,909,20230709,1,7,8,7000,365.442047928578,363.561777866061,-1.8802700625169,3357.89398026128,3356.01371019876,-1.88027006251696,-0.0559955160457643
A,910,20230709,1,7,9,7000,373.363533895283,388.653709674049,15.2901757787662,3309.4137014742,3324.70387725297,15.2901757787663,0.462020682755836
A,911,20230709,1,7,10,7000,397.972690394692,385.298970080157,-12.6737203145351,3357.29543119304,3344.6217108785,-12.6737203145349,-0.377497916828582
A,912,20230709,1,7,11,7000,414.972754106789,424.550463904732,9.57770979794321,3412.31734602469,3421.89505582264,9.57770979794304,0.280680512001645
A,913,20230709,1,7,12,7000,448.12080144442,429.321041901792,-18.7997595426277,3454.83976491257,3436.04000536994,-18.7997595426277,-0.544157206176637
A,914,20230709,1,7,13,7000,442.651458125411,439.448075268866,-3.2033828565452,3453.43601836013,3450.23263550358,-3.20338285654543,-0.092759293628569
A,915,20230709,1,7,14,7000,425.638134326979,434.795640070281,9.15750574330195,3503.22212230703,3512.37962805034,9.15750574330195,0.261402372547
A,916,20230709,1,7,15,7000,488.352001299986,439.558590140347,-48.7934111596387,3474.87587957305,3426.08246841341,-48.7934111596387,-1.40417709439549
A,917,20230709,1,7,16,7000,579.858281504191,439.25850597019,-140.599775534001,3448.24065954763,3307.64088401363,-140.599775534001,-4.07743511592507
A,918,20230709,1,8,1,8000,706.502105165196,692.170126480768,-14.3319786844279,5535.94515719347,5521.61317850904,-14.3319786844286,-0.258889462909607
A,919,20230709,1,8,2,8000,626.859491088956,699.689532740121,72.8300416511657,5526.03321525949,5598.86325691066,72.8300416511674,1.31794433392213
A,920,20230709,1,8,3,8000,743.755883041404,671.478317673685,-72.2775653677196,5420.73595604388,5348.45839067616,-72.2775653677199,-1.3333533666611
A,921,20230709,1,8,4,8000,592.517278586875,524.012550580205,-68.5047280066708,4855.08367218292,4786.57894417625,-68.504728006671,-1.41098964780292
A,922,20230709,1,8,5,8000,542.635486155876,407.915673965219,-134.719812190657,4405.39904149769,4270.67922930703,-134.719812190658,-3.05806150411422
A,923,20230709,1,8,6,8000,421.575507808144,406.407537551882,-15.1679702562626,4027.22335441271,4012.05538415644,-15.1679702562624,-0.376635933034172
A,924,20230709,1,8,7,8000,401.264110441261,407.060010825997,5.79590038473583,3913.15219902168,3918.94809940641,5.79590038473589,0.148113339066774
A,925,20230709,1,8,8,8000,402.298535565542,423.636051126829,21.3375155612867,3823.98506921559,3845.32258477688,21.3375155612866,0.557991602348583
A,926,20230709,1,8,9,8000,427.693637010105,427.268675870257,-0.424961139847539,3832.07368192928,3831.64872078943,-0.42496113984771,-0.0110895868691585
A,927,20230709,1,8,10,8000,445.742616968141,459.965733010835,14.2231160426938,3875.81059530152,3890.03371134421,14.2231160426936,0.366971390705616
A,928,20230709,1,8,11,8000,474.046832610931,474.11417333895,0.0673407280189053,3906.28599156994,3906.35333229796,0.0673407280187348,0.00172390675347533
A,929,20230709,1,8,12,8000,517.12097308598,510.414899285092,-6.7060738008883,3936.64501115807,3929.93893735718,-6.70607380088813,-0.170349975216977
A,930,20230709,1,8,13,8000,519.87490407482,504.177021648498,-15.6978824263225,3980.63365727838,3964.93577485206,-15.6978824263224,-0.394356370815979
A,931,20230709,1,8,14,8000,569.735922206618,505.611714625825,-64.1242075807933,3967.8602376532,3903.73603007241,-64.1242075807932,-1.61609037970348
A,932,20230709,1,8,15,8000,616.714769141155,499.332779230957,-117.381989910198,3914.33174850194,3796.94975859174,-117.381989910198,-2.99877469392116
A,933,20230709,1,9,1,9000,736.223051780609,734.139832270869,-2.08321950974016,6010.72340792971,6008.64018841997,-2.08321950974096,-0.0346583825000606
A,934,20230709,1,9,2,9000,657.629353950308,735.104801846224,77.4754478959164,5989.52646453632,6067.00191243224,77.4754478959176,1.29351541152119
A,935,20230709,1,9,3,9000,769.681914207915,716.271449110842,-53.4104650970729,5872.18218270126,5818.77171760418,-53.410465097073,-0.909550545867154
A,936,20230709,1,9,4,9000,666.986793547444,594.97937459643,-72.007418951014,5338.29266498086,5266.28524602985,-72.0074189510133,-1.34888481149378
A,937,20230709,1,9,5,9000,636.872255903718,477.297055543436,-159.575200360282,4882.81057646904,4723.23537610876,-159.575200360282,-3.26810139081163
A,938,20230709,1,9,6,9000,502.959428714776,472.460662037359,-30.4987666774171,4520.20771249285,4489.70894581544,-30.4987666774168,-0.674720468998028
A,939,20230709,1,9,7,9000,438.120598078225,467.134284086764,29.0136860085393,4379.24328797599,4408.25697398452,29.0136860085395,0.662527384313218
A,940,20230709,1,9,8,9000,456.628638680364,462.251017323037,5.62237864267286,4346.64504967067,4352.26742831334,5.62237864267263,0.129349845189191
A,941,20230709,1,9,9,9000,475.463563583554,501.935438800935,26.4718752173814,4350.58884603776,4377.06072125514,26.4718752173812,0.608466489346382
A,942,20230709,1,9,10,9000,504.816695472283,509.529442445053,4.71274697276954,4369.77924084677,4374.49198781954,4.71274697276931,0.107848628340687
A,943,20230709,1,9,11,9000,543.047004252491,555.20803072225,12.1610264697583,4388.09123781545,4400.25226428521,12.1610264697583,0.277137046854398
A,944,20230709,1,9,12,9000,594.344419035389,575.143845664724,-19.2005733706656,4463.84265007633,4444.64207670567,-19.2005733706656,-0.430135532898706
A,945,20230709,1,9,13,9000,663.97269195446,574.993096204042,-88.9795957504177,4445.27177262455,4356.29217687413,-88.9795957504175,-2.00166829615195
A,946,20230709,1,9,14,9000,698.098690047786,565.385903716434,-132.712786331352,4407.31610658209,4274.60332025074,-132.712786331353,-3.01119282397632
A,947,20230709,1,10,1,10000,766.992914641962,769.555101376972,2.56218673501053,6474.21665720654,6476.77884394155,2.56218673500916,0.0395752393018414
A,948,20230709,1,10,2,10000,683.555385116819,779.897933283382,96.342548166563,6440.9726911937,6537.31523936026,96.3425481665636,1.49577638014653
A,949,20230709,1,10,3,10000,844.151429168484,787.238273127068,-56.9131560414161,6355.3911754992,6298.47801945779,-56.9131560414171,-0.895509882394402
A,950,20230709,1,10,4,10000,761.223563295286,664.360756174648,-96.8628071206384,5815.70419995221,5718.84139283158,-96.8628071206385,-1.66553875146254
A,951,20230709,1,10,5,10000,718.25617681035,543.350180028913,-174.905996781436,5375.79493454919,5200.88893776775,-174.905996781436,-3.25358386826383
A,952,20230709,1,10,6,10000,539.81591635174,532.534935298126,-7.28098105361357,4986.29880144716,4979.01782039355,-7.28098105361278,-0.146019750190254
A,953,20230709,1,10,7,10000,492.450701193047,505.749250282972,13.2985490899255,4901.90326843106,4915.20181752099,13.2985490899255,0.271293584587235
A,954,20230709,1,10,8,10000,504.398565253813,536.917780253715,32.5192149999018,4865.16021377915,4897.67942877905,32.519214999902,0.668409950977582
A,955,20230709,1,10,9,10000,534.537642087696,551.499148235153,16.961506147457,4844.55749158301,4861.51899773047,16.9615061474569,0.350114663246871
A,956,20230709,1,10,10,10000,573.816867113843,590.623299828352,16.806432714509,4851.58448709227,4868.39091980678,16.8064327145084,0.346411213887386
A,957,20230709,1,10,11,10000,620.270450201901,619.936977101882,-0.333473100018864,4915.28887673371,4914.95540363369,-0.333473100018637,-0.00678440491253965
A,958,20230709,1,10,12,10000,738.442206915029,645.959920220268,-92.4822866947608,4928.4807654225,4835.99847872774,-92.4822866947607,-1.8764867125708
A,959,20230709,1,10,13,10000,792.335459795628,634.767285294651,-157.568174500977,4884.72764155344,4727.15946705246,-157.568174500977,-3.22573101436761
A,960,20230709,2,1,1,1000,14.5289461393552,125.195149617662,110.666203478307,600.875847628244,711.542051106551,110.666203478307,18.4174823992551
A,961,20230709,2,1,2,1000,55.1881543601614,136.881223912831,81.6930695526696,698.681081353536,780.374150906206,81.6930695526696,11.6924691011252
A,962,20230709,2,1,3,1000,104.51778861896,94.1309170452925,-10.3868715736677,759.817531869709,749.430660296041,-10.3868715736678,-1.36702183590164
A,963,20230709,2,1,4,1000,143.375329929222,138.032220565805,-5.34310936341691,793.145178333761,787.802068970344,-5.34310936341694,-0.673660952543612
A,964,20230709,2,1,5,1000,136.269274041517,125.93360817616,-10.335665865357,724.785935387131,714.450269521774,-10.335665865357,-1.42603013672394
A,965,20230709,2,1,6,1000,76.121499080898,104.38837477544,28.2668756945421,636.880096817912,665.146972512454,28.266875694542,4.4383355416151
A,966,20230709,2,1,7,1000,137.090482564521,118.618585626622,-18.4718969378994,718.042904199114,699.571007261214,-18.4718969378994,-2.57253387365515
A,967,20230709,2,1,8,1000,319.85079815278,134.652219920808,-185.198578231972,860.003865408549,674.805287176578,-185.198578231972,-21.5346216082403
A,968,20230709,2,1,9,1000,97.4502088777749,48.3127150748353,-49.1374938029396,606.062650207128,556.925156404189,-49.1374938029396,-8.10765913163373
A,969,20230709,2,1,10,1000,79.8013677847734,56.6559246533134,-23.14544313146,576.312941854717,553.167498723257,-23.1454431314601,-4.01612413161716
A,970,20230709,2,1,11,1000,65.640495144637,53.9818070021975,-11.6586881424395,552.157405263923,540.498717121484,-11.6586881424395,-2.11147908753787
A,971,20230709,2,1,12,1000,94.8209081566056,56.0965761810394,-38.7243319755662,594.523233671746,555.79890169618,-38.7243319755662,-6.51351028561266
A,972,20230709,2,1,13,1000,180.384311477852,64.8343836292277,-115.549927848625,691.206366579871,575.656438731247,-115.549927848625,-16.7171388221397
A,973,20230709,2,1,14,1000,131.364133937269,159.615870881712,28.2517369444427,888.492085278918,916.743822223361,28.2517369444428,3.17973985503471
A,974,20230709,2,1,15,1000,27.9013744383474,136.148786514915,108.247412076568,766.825989431174,875.073401507742,108.247412076568,14.1162941225903
A,975,20230709,2,1,16,1000,135.053105756777,67.0764169944586,-67.9766887623183,732.640883176251,664.664194413933,-67.9766887623183,-9.27830951333427
A,976,20230709,2,1,17,1000,103.2772383999,74.0831842912547,-29.1940541086453,678.925952167863,649.731898059218,-29.1940541086453,-4.30003507973535
A,977,20230709,2,1,18,1000,12.6487062467468,21.6947685304417,9.04606228369495,445.911283725554,454.957346009249,9.04606228369494,2.02866861948767
A,978,20230709,2,2,1,2000,69.7171004995166,262.076373530493,192.359273030976,1299.55692898178,1491.91620201276,192.359273030976,14.801912001015
A,979,20230709,2,2,2,2000,159.705942979122,231.012140958124,71.3061979790019,1458.49861322324,1529.80481120225,71.306197979002,4.8890137661096
A,980,20230709,2,2,3,2000,247.893118548182,232.163137611098,-15.7299809370846,1552.96271020347,1537.23272926638,-15.7299809370845,-1.01290139381541
A,981,20230709,2,2,4,2000,279.644603970739,263.965828741965,-15.6787752287739,1517.93111372089,1502.25233849212,-15.6787752287739,-1.0329042660138
A,982,20230709,2,2,5,2000,212.390773122415,230.3219829516,17.9312098291851,1361.66603220504,1379.59724203423,17.931209829185,1.31685812857854
A,983,20230709,2,2,6,2000,213.211981645419,223.006960402062,9.79497875664265,1354.92300101703,1364.71797977367,9.79497875664265,0.722917741398617
A,984,20230709,2,2,7,2000,456.941280717301,253.27080554743,-203.670475169871,1578.04676960766,1374.37629443779,-203.670475169871,-12.906491689122
A,985,20230709,2,2,8,2000,417.301007030555,182.964934995644,-234.336072034911,1466.06651561568,1231.73044358077,-234.336072034911,-15.9840000122028
A,986,20230709,2,2,9,2000,177.251576662548,104.968639728149,-72.2829369343996,1182.37559206185,1110.09265512745,-72.2829369343997,-6.11336511170292
A,987,20230709,2,2,10,2000,145.44186292941,110.637731655511,-34.8041312738995,1128.47034711864,1093.66621584474,-34.8041312738994,-3.08418660381869
A,988,20230709,2,2,11,2000,160.461403301243,110.078383183237,-50.3830201180057,1146.68063893567,1096.29761881766,-50.3830201180058,-4.39381449439754
A,989,20230709,2,2,12,2000,275.205219634458,120.930959810267,-154.274259824191,1285.72960025162,1131.45534042743,-154.274259824191,-11.9989661740695
A,990,20230709,2,2,13,2000,311.748445415121,224.450254510939,-87.298190904182,1579.69845185879,1492.40026095461,-87.2981909041819,-5.5262566600265
A,991,20230709,2,2,14,2000,159.265508375616,295.764657396627,136.499149021011,1655.31807471009,1791.8172237311,136.49914902101,8.24609790145115
A,992,20230709,2,2,15,2000,162.954480195124,203.225203509374,40.2707233142496,1499.46687260743,1539.73759592167,40.2707233142496,2.68566942357471
A,993,20230709,2,2,16,2000,238.330344156677,141.159601285713,-97.1707428709636,1411.56683534411,1314.39609247315,-97.1707428709635,-6.88389245467609
A,994,20230709,2,2,17,2000,115.925944646647,95.7779528216964,-20.1479918249503,1124.83723589342,1104.68924406847,-20.1479918249504,-1.79119175486288
A,995,20230709,2,3,1,3000,174.234889118477,356.207290575786,181.972401457309,2059.37446085149,2241.3468623088,181.972401457308,8.83629494861602
A,996,20230709,2,3,2,3000,303.081272908344,369.044361523929,65.963088615585,2251.64379155701,2317.60688017259,65.9630886155851,2.92955257234413
A,997,20230709,2,3,3,3000,384.162392589699,358.096745787258,-26.0656468024416,2277.7486455906,2251.68299878816,-26.0656468024413,-1.1443601054445
A,998,20230709,2,3,4,3000,355.766103051637,368.354203517405,12.5881004657682,2154.8112105388,2167.39931100457,12.5881004657681,0.584185770159441
A,999,20230709,2,3,5,3000,349.481255686936,348.940568578222,-0.540687108714337,2079.70893640416,2079.16824929544,-0.540687108714337,-0.0259982105788896
A,1000,20230709,2,3,6,3000,533.062779798199,357.65918032287,-175.403599475329,2214.92686642558,2039.52326695025,-175.403599475329,-7.91915986636585
A,1001,20230709,2,3,7,3000,554.391489595076,301.583520622265,-252.807968972811,2184.10941981479,1931.30145084198,-252.807968972811,-11.5748765459859
A,1002,20230709,2,3,8,3000,497.102374815328,239.620859648957,-257.481515166371,2042.37945747039,1784.89794230402,-257.481515166371,-12.6069381585573
A,1003,20230709,2,3,9,3000,242.892071807185,158.950446730346,-83.9416250768391,1734.53299732577,1650.59137224893,-83.941625076839,-4.83943662105344
A,1004,20230709,2,3,10,3000,240.262771086016,166.73430783655,-73.5284632494657,1722.99358079039,1649.46511754092,-73.5284632494656,-4.26748329588878
A,1005,20230709,2,3,11,3000,340.845714779095,174.912766812465,-165.93294796663,1837.88700551554,1671.95405754891,-165.93294796663,-9.02846298323356
A,1006,20230709,2,3,12,3000,406.569353571727,280.546830691979,-126.022522879748,2174.22168553054,2048.19916265079,-126.022522879748,-5.79621313311467
A,1007,20230709,2,3,13,3000,339.649819853469,360.599041025855,20.9492211723859,2346.52444128996,2367.47366246235,20.9492211723859,0.8927766020144
A,1008,20230709,2,3,14,3000,294.318614132393,362.841074391085,68.5224602586923,2387.95895788634,2456.48141814504,68.5224602586923,2.86949907712583
A,1009,20230709,2,3,15,3000,266.231718595024,277.308387800628,11.0766692056042,2178.39282477529,2189.46949398089,11.076669205604,0.508478961169304
A,1010,20230709,2,3,16,3000,250.979050403424,162.854369816155,-88.1246805872686,1857.47811906967,1769.3534384824,-88.1246805872686,-4.74431863732567
A,1011,20230709,2,4,1,4000,317.610219047699,494.239511141591,176.629292093892,2852.51963918525,3029.14893127914,176.629292093892,6.1920447336286
A,1012,20230709,2,4,2,4000,439.350546949861,494.977969700089,55.627422750228,2976.42972694414,3032.05714969436,55.6274227502281,1.86893116429596
A,1013,20230709,2,4,3,4000,460.283891670598,462.485120562698,2.2012288921004,2914.62874240851,2916.82997130061,2.20122889210052,0.0755234743990593
A,1014,20230709,2,4,4,4000,492.856585616158,486.972789144027,-5.88379647213117,2872.85411473792,2866.97031826579,-5.88379647213151,-0.204806656973888
A,1015,20230709,2,4,5,4000,669.332053839716,483.59278849903,-185.739265340686,2939.71280181271,2753.97353647202,-185.739265340686,-6.31827929674471
A,1016,20230709,2,4,6,4000,630.512988675974,405.971895397706,-224.541093278268,2820.9895166327,2596.44842335443,-224.541093278269,-7.95965713287351
A,1017,20230709,2,4,7,4000,634.192857379849,358.239445275579,-275.953412104271,2760.42236166951,2484.46894956524,-275.953412104271,-9.99678222927355
A,1018,20230709,2,4,8,4000,562.742869959965,293.602666651155,-269.140203308811,2594.53686273432,2325.39665942551,-269.140203308811,-10.3733428179228
A,1019,20230709,2,4,9,4000,337.712979963791,215.047022911386,-122.665957052405,2329.05623099751,2206.39027394511,-122.665957052405,-5.26676665938067
A,1020,20230709,2,4,10,4000,420.647082563868,231.568691465778,-189.07839109809,2414.19994737026,2225.12155627217,-189.07839109809,-7.83192756275427
A,1021,20230709,2,4,11,4000,472.209848716364,334.528637694176,-137.681211022188,2726.37909079446,2588.69787977227,-137.681211022188,-5.04996577647856
A,1022,20230709,2,4,12,4000,434.470728010074,416.695617206894,-17.7751108031803,2941.04767496171,2923.27256415853,-17.7751108031803,-0.604380233428609
A,1023,20230709,2,4,13,4000,474.702925610246,427.675458020313,-47.0274675899324,3079.16532446621,3032.13785687628,-47.0274675899323,-1.5272797214318
A,1024,20230709,2,4,14,4000,397.595852532293,436.92425868234,39.328406150047,3066.88491005421,3106.21331620425,39.3284061500472,1.28235676601741
A,1025,20230709,2,4,15,4000,278.880424841771,299.00315633107,20.1227314892992,2624.30410850084,2644.42683999014,20.1227314892994,0.766783522691459
A,1026,20230709,2,5,1,5000,453.879493089216,620.173119317751,166.293626228535,3577.30557457238,3743.59920080091,166.293626228534,4.64857202612367
A,1027,20230709,2,5,2,5000,515.472046030759,599.366344475529,83.8942984447701,3613.30982376205,3697.20412220682,83.8942984447699,2.32181303394078
A,1028,20230709,2,5,3,5000,597.374374235119,581.10370618932,-16.270668045799,3632.67164660763,3616.40097856183,-16.2706680457986,-0.4478981209599
A,1029,20230709,2,5,4,5000,812.707383768938,621.625009064836,-191.082374704103,3732.85798014647,3541.77560544236,-191.082374704103,-5.11892967052032
A,1030,20230709,2,5,5,5000,766.782262717491,531.905503573866,-234.876759143625,3545.77545201983,3310.89869287621,-234.876759143625,-6.62412954012158
A,1031,20230709,2,5,6,5000,710.314356460747,462.627820051019,-247.686536409729,3397.30245848742,3149.61592207769,-247.686536409728,-7.29068251756442
A,1032,20230709,2,5,7,5000,699.833352524486,412.221252277776,-287.61210024671,3312.57976693343,3024.96766668672,-287.61210024671,-8.68242036366003
A,1033,20230709,2,5,8,5000,657.563778116571,349.699242832194,-307.864535284377,3189.06009640606,2881.19556112169,-307.864535284377,-9.65377026388832
A,1034,20230709,2,5,9,5000,518.097291441643,279.881406540613,-238.21588490103,3020.26259757739,2782.04671267636,-238.21588490103,-7.88725738921204
A,1035,20230709,2,5,10,5000,552.011216501137,391.18456234749,-160.826654153648,3302.69203264918,3141.86537849553,-160.826654153648,-4.86956254363942
A,1036,20230709,2,5,11,5000,500.111223154711,470.677424209091,-29.4337989456198,3493.20508022563,3463.77128128001,-29.4337989456199,-0.842601515503312
A,1037,20230709,2,5,12,5000,569.523833766851,483.772034201353,-85.7517995654986,3673.68855813796,3587.93675857246,-85.7517995654985,-2.33421527732777
A,1038,20230709,2,5,13,5000,577.980164010145,501.758642311568,-76.2215216985777,3758.09127663408,3681.8697549355,-76.2215216985778,-2.02819772293677
A,1039,20230709,2,5,14,5000,410.24455877904,458.619027212782,48.374468433742,3512.79619377976,3561.1706622135,48.3744684337421,1.37709294149773
A,1040,20230709,2,6,1,6000,530.000992170114,724.561494093191,194.560501923077,4214.18567139029,4408.74617331337,194.560501923076,4.61679947430719
A,1041,20230709,2,6,2,6000,652.56252859528,717.984930102151,65.4224015068706,4331.35272796116,4396.77512946803,65.4224015068703,1.51043809211229
A,1042,20230709,2,6,3,6000,917.225172387899,715.755926110128,-201.469246277771,4492.67551201618,4291.2062657384,-201.46924627777,-4.48439344748842
A,1043,20230709,2,6,4,6000,910.157592646713,669.937724139671,-240.219868507042,4338.92063035359,4098.70076184655,-240.219868507043,-5.53639692845606
A,1044,20230709,2,6,5,6000,846.583630502265,588.561428227179,-258.022202275086,4122.08839387455,3864.06619159947,-258.022202275085,-6.25950192282407
A,1045,20230709,2,6,6,6000,775.954851605385,516.609627053217,-259.345224552168,3949.45986375134,3690.11463919918,-259.345224552168,-6.56659982628187
A,1046,20230709,2,6,7,6000,794.654260681092,468.317828458816,-326.336432222276,3907.10300060518,3580.7665683829,-326.336432222276,-8.35238876916553
A,1047,20230709,2,6,8,6000,837.948089594423,414.533626461422,-423.414463133002,3880.26646298594,3456.85199985293,-423.414463133001,-10.911994502748
A,1048,20230709,2,6,9,6000,649.461425378912,439.497277422325,-209.964147956587,3908.7546828563,3698.79053489972,-209.964147956587,-5.37163789985297
A,1049,20230709,2,6,10,6000,579.912590939485,527.333348862405,-52.5792420770798,4069.51802208035,4016.93878000327,-52.5792420770799,-1.29202627416308
A,1050,20230709,2,6,11,6000,635.164328911488,537.75384120355,-97.410487707938,4225.84596340188,4128.43547569395,-97.410487707938,-2.30511212551441
A,1051,20230709,2,6,12,6000,672.801072166751,557.855218492607,-114.945853674144,4352.61451030582,4237.66865663168,-114.945853674144,-2.64084617192685
A,1052,20230709,2,6,13,6000,590.628870256892,523.453410842009,-67.1754594148828,4204.00256035963,4136.82710094475,-67.1754594148824,-1.59789292347947
A,1053,20230709,2,7,1,7000,667.091474734635,843.180079719813,176.088604985177,4932.22857558941,5108.31718057458,176.088604985178,3.57016310753877
A,1054,20230709,2,7,2,7000,972.41332674806,852.637150022959,-119.776176725101,5191.35659336971,5071.58041664461,-119.776176725102,-2.30722306531741
A,1055,20230709,2,7,3,7000,1014.67538126567,764.068641184963,-250.60674008071,5098.7381622233,4848.13142214259,-250.60674008071,-4.915073732114
A,1056,20230709,2,7,4,7000,989.958960431487,726.593648792984,-263.365311638502,4915.23357220831,4651.86826056981,-263.365311638503,-5.35814438458473
A,1057,20230709,2,7,5,7000,912.224125646902,642.543235229377,-269.680890417525,4674.24579913847,4404.56490872095,-269.680890417525,-5.76950596965249
A,1058,20230709,2,7,6,7000,870.77575976199,572.706203234256,-298.069556527734,4543.98309742309,4245.91354089536,-298.069556527735,-6.55965372531361
A,1059,20230709,2,7,7,7000,975.038572158944,533.152212088044,-441.886360070901,4598.30936718505,4156.42300711415,-441.886360070901,-9.60975708212105
A,1060,20230709,2,7,8,7000,969.312223531692,574.149497343133,-395.162726188559,4768.75854826485,4373.5958220763,-395.162726188559,-8.28649054442778
A,1061,20230709,2,7,9,7000,677.36279981726,575.64606393724,-101.716735880019,4675.58067228748,4573.86393640746,-101.71673588002,-2.17548884319123
A,1062,20230709,2,7,10,7000,714.965696696262,594.409765856863,-120.555930839398,4802.1589052566,4681.6029744172,-120.555930839399,-2.51045276130771
A,1063,20230709,2,7,11,7000,738.441567311388,611.837025494805,-126.604541816583,4904.77191556975,4778.16737375316,-126.604541816583,-2.58125238025215
A,1064,20230709,2,7,12,7000,685.449778413498,579.549987023049,-105.899791390449,4798.52579403138,4692.62600264093,-105.89979139045,-2.20692345807899
A,1065,20230709,2,8,1,8000,986.942272887415,977.832299640621,-9.1099732467942,5792.23244099796,5783.12246775116,-9.10997324679374,-0.157279137872861
A,1066,20230709,2,8,2,8000,1069.86353562584,900.949865097795,-168.91367052804,5797.41924357684,5628.5055730488,-168.913670528042,-2.91360109440398
A,1067,20230709,2,8,3,8000,1094.47674905045,820.724565838277,-273.75218321217,5675.05110407802,5401.29892086585,-273.75218321217,-4.82378357818585
A,1068,20230709,2,8,4,8000,1055.59945557612,780.575455795182,-275.023999780942,5467.39097747224,5192.36697769129,-275.023999780941,-5.0302603364959
A,1069,20230709,2,8,5,8000,1007.04503380351,698.639811410416,-308.405222393091,5268.76903281022,4960.36381041713,-308.405222393091,-5.85345875806205
A,1070,20230709,2,8,6,8000,1051.16007123984,637.540586863484,-413.619484376359,5235.18946400296,4821.5699796266,-413.619484376359,-7.90075482884424
A,1071,20230709,2,8,7,8000,1106.40270609621,692.768082969755,-413.634623126458,5486.80145246397,5073.16682933751,-413.634623126458,-7.53872044961106
A,1072,20230709,2,8,8,8000,997.21359797004,710.298283858049,-286.915314111991,5535.58453769603,5248.66922358404,-286.915314111991,-5.18310780294593
A,1073,20230709,2,8,9,8000,812.415905574037,642.722480931699,-169.693424642338,5408.22155546373,5238.52813082139,-169.693424642338,-3.13769365589142
A,1074,20230709,2,8,10,8000,818.242935096162,668.492950148118,-149.749984948043,5481.08485742446,5331.33487247642,-149.749984948043,-2.73212308955949
A,1075,20230709,2,8,11,8000,751.090273558135,633.531794025246,-117.558479532888,5350.6831992953,5233.12471976241,-117.558479532889,-2.19707418948615
A,1076,20230709,2,9,1,9000,1084.39248176519,1026.14501471546,-58.2474670497336,6398.29509120508,6340.04762415535,-58.2474670497331,-0.910359185055382
A,1077,20230709,2,9,2,9000,1149.66490341061,957.605789751108,-192.059113659501,6373.73218543156,6181.67307177206,-192.059113659501,-3.01329124086027
A,1078,20230709,2,9,3,9000,1160.11724419508,874.706372840474,-285.41087135461,6227.20850934194,5941.79763798733,-285.41087135461,-4.5832875344778
A,1079,20230709,2,9,4,9000,1150.42036373273,836.672031976221,-313.748331756508,6061.91421114398,5748.16587938747,-313.748331756507,-5.17573031930615
A,1080,20230709,2,9,5,9000,1187.42934528136,763.474195039644,-423.955150241716,5959.97539939009,5536.02024914838,-423.955150241716,-7.11337080829396
A,1081,20230709,2,9,6,9000,1182.52420517711,797.156457745195,-385.367747431916,6123.68154928188,5738.31380184996,-385.367747431916,-6.29307295506095
A,1082,20230709,2,9,7,9000,1134.30408053456,828.91686948467,-305.38721104989,6253.62744189514,5948.24023084525,-305.387211049891,-4.88336111940407
A,1083,20230709,2,9,8,9000,1132.26670372682,777.374700852507,-354.892002874309,6268.22542087228,5913.33341799797,-354.89200287431,-5.66176196683308
A,1084,20230709,2,9,9,9000,915.693143973936,716.805665222954,-198.887478750983,6087.14750763159,5888.26002888061,-198.887478750983,-3.2673346341884
A,1085,20230709,2,9,10,9000,830.891641342908,690.18771867856,-140.703922664348,5926.99614115002,5786.29221848567,-140.703922664348,-2.37394996240115
A,1086,20230709,2,10,1,10000,1164.19384954996,1082.80093936877,-81.3929101811937,6974.6080330598,6893.21512287861,-81.3929101811927,-1.16698902354639
A,1087,20230709,2,10,2,10000,1215.30539855525,1011.58759675331,-203.71780180194,6925.88959069548,6722.17178889354,-203.717801801941,-2.94139545735214
A,1088,20230709,2,10,3,10000,1254.93815235169,930.802949021514,-324.135203330176,6821.73174301369,6497.59653968351,-324.135203330176,-4.75150908216424
A,1089,20230709,2,10,4,10000,1330.80467521058,901.506415605449,-429.298259605133,6753.12057772385,6323.82231811872,-429.298259605132,-6.35703530929442
A,1090,20230709,2,10,5,10000,1318.79347921863,923.090065921355,-395.703413297273,6848.46748466901,6452.76407137174,-395.703413297273,-5.77798484380769
A,1091,20230709,2,10,6,10000,1210.42557961546,933.30524426011,-277.120335355348,6890.50753871305,6613.38720335771,-277.120335355348,-4.02176956919934
A,1092,20230709,2,10,7,10000,1269.35718629134,895.993286479129,-373.363899812209,6986.26832507139,6612.90442525918,-373.363899812209,-5.3442536478642
A,1093,20230709,2,10,8,10000,1235.54394212672,851.457885143762,-384.086056982955,6947.15137304014,6563.06531605719,-384.086056982955,-5.52868415208973
A,1094,20230709,2,10,9,10000,928.341850220683,738.500433753395,-189.841416467288,6533.05879135715,6343.21737488986,-189.841416467289,-2.90585807552257
A,1095,20230710,1,1,1,1000,-136.654862166367,84.4913993904635,221.14626155683,680.516526332692,901.662787889523,221.14626155683,32.4968245442309
A,1096,20230710,1,1,2,1000,-166.002741196327,66.3120828323531,232.31482402868,473.143488343643,705.458312372323,232.31482402868,49.1002898173568
A,1097,20230710,1,1,3,1000,107.536435954497,108.945687938231,1.40925198373337,712.226646638722,713.635898622455,1.40925198373338,0.197865664024816
A,1098,20230710,1,1,4,1000,108.008284982737,94.2832855453607,-13.7249994373764,746.99655814693,733.271558709554,-13.7249994373764,-1.837357788023
A,1099,20230710,1,1,5,1000,143.831421588677,91.2029662217624,-52.6284553669149,761.250024611191,708.621569244276,-52.628455366915,-6.91342576885892
A,1100,20230710,1,1,6,1000,112.098358140963,67.162786223467,-44.9355719174957,626.012718130401,581.077146212906,-44.9355719174957,-7.17806054351366
A,1101,20230710,1,1,7,1000,61.7035340501018,43.9086341945808,-17.794899855521,590.116354904929,572.321455049408,-17.794899855521,-3.01549003134946
A,1102,20230710,1,1,8,1000,52.9204670096833,64.7424033373055,11.8219363276222,617.454831947018,629.27676827464,11.8219363276222,1.91462366410579
A,1103,20230710,1,1,9,1000,73.4805404625467,85.3880170750649,11.9074766125181,667.113804475037,679.021281087555,11.9074766125182,1.78492433114742
A,1104,20230710,1,1,10,1000,64.8950167353905,74.3000344870734,9.40501775168285,710.72830355443,720.133321306113,9.40501775168286,1.32329298054508
A,1105,20230710,1,1,11,1000,151.335534619403,85.7537921322388,-65.5817424871642,778.786581545179,713.204839058014,-65.5817424871642,-8.42101598066115
A,1106,20230710,1,1,12,1000,86.7403377107744,42.6177618342748,-44.1225758764996,561.213519763707,517.090943887208,-44.1225758764996,-7.86199446782339
A,1107,20230710,1,1,13,1000,122.532895304117,54.4273010524204,-68.1055942516967,596.522051269238,528.416457017541,-68.1055942516967,-11.4171125957182
A,1108,20230710,1,1,14,1000,163.041502424864,145.278488671643,-17.7630137532214,700.892833003674,683.129819250453,-17.7630137532213,-2.5343409030305
A,1109,20230710,1,1,15,1000,79.7063969309629,88.506810356093,8.80041342513012,652.685362876333,661.485776301463,8.80041342513016,1.3483393263712
A,1110,20230710,1,1,16,1000,101.834473980324,91.8709439130229,-9.96353006730131,710.267723430594,700.304193363292,-9.96353006730135,-1.40278513842323
A,1111,20230710,1,1,17,1000,129.907636226259,119.473665636937,-10.433970589323,749.10623868344,738.672268094117,-10.4339705893229,-1.39285591956366
A,1112,20230710,1,1,18,1000,110.684348832814,81.4973974177028,-29.1869514151112,663.648544873073,634.461593457961,-29.1869514151113,-4.39795304918411
A,1113,20230710,1,1,19,1000,88.0809252275358,81.094585348922,-6.98633987861382,581.483017256767,574.496677378153,-6.98633987861376,-1.20146928994984
A,1114,20230710,1,1,20,1000,96.7608188279291,88.8111033966954,-7.94971543123377,555.214439022322,547.264723591088,-7.94971543123381,-1.43182793394791
A,1115,20230710,1,2,1,2000,-302.657603362694,150.803482222817,453.46108558551,1153.66001467634,1607.12110026185,453.461085585511,39.3063016674571
A,1116,20230710,1,2,2,2000,-58.4663052418299,175.257770770584,233.724076012414,1185.37013498236,1419.09421099478,233.724076012414,19.7173919870936
A,1117,20230710,1,2,3,2000,215.544720937234,203.228973483591,-12.315747453643,1459.22320478565,1446.90745733201,-12.3157474536431,-0.843993394105337
A,1118,20230710,1,2,4,2000,251.839706571414,185.486251767123,-66.3534548042913,1508.24658275812,1441.89312795383,-66.3534548042912,-4.3993771020486
A,1119,20230710,1,2,5,2000,255.92977972964,158.365752445229,-97.5640272844107,1387.26274274159,1289.69871545718,-97.5640272844107,-7.032844195873
A,1120,20230710,1,2,6,2000,173.801892191065,111.071420418048,-62.7304717730167,1216.12907303533,1153.39860126231,-62.7304717730167,-5.15820838132321
A,1121,20230710,1,2,7,2000,114.624001059785,108.651037531886,-5.97296352789878,1207.57118685195,1201.59822332405,-5.97296352789886,-0.49462620447826
A,1122,20230710,1,2,8,2000,126.40100747223,150.13042041237,23.7294129401403,1284.56863642205,1308.29804936219,23.7294129401403,1.84726703325363
A,1123,20230710,1,2,9,2000,138.375557197937,159.688051562138,21.312494364201,1377.84210802947,1399.15460239367,21.312494364201,1.54680236871852
A,1124,20230710,1,2,10,2000,216.230551354794,160.053826619312,-56.1767247354813,1489.51488509961,1433.33816036413,-56.1767247354812,-3.77147790179516
A,1125,20230710,1,2,11,2000,238.075872330177,128.371553966514,-109.704318363664,1340.00010130889,1230.29578294522,-109.704318363664,-8.18688881116552
A,1126,20230710,1,2,12,2000,209.273233014892,97.0450628866952,-112.228170128196,1157.73557103294,1045.50740090475,-112.228170128196,-9.69376539308238
A,1127,20230710,1,2,13,2000,285.574397728981,199.705789724063,-85.8686080049181,1297.41488427291,1211.54627626799,-85.8686080049181,-6.61843863869652
A,1128,20230710,1,2,14,2000,242.747899355827,233.785299027736,-8.96260032809124,1353.57819588001,1344.61559555192,-8.96260032809118,-0.662141304829773
A,1129,20230710,1,2,15,2000,181.540870911287,180.377754269116,-1.16311664217119,1362.95308630693,1361.78996966476,-1.16311664217119,-0.0853379807314413
A,1130,20230710,1,2,16,2000,231.742110206584,211.344609549959,-20.3975006566243,1459.37396211403,1438.97646145741,-20.3975006566243,-1.39768840517592
A,1131,20230710,1,2,17,2000,240.591985059074,200.971063054639,-39.6209220044342,1412.75478355651,1373.13386155208,-39.6209220044343,-2.80451515475965
A,1132,20230710,1,2,18,2000,198.76527406035,162.591982766625,-36.1732912937251,1245.13156212984,1208.95827083611,-36.173291293725,-2.90517824733712
A,1133,20230710,1,2,19,2000,184.841744055465,169.905688745617,-14.9360553098476,1136.69745627909,1121.76140096924,-14.9360553098477,-1.3139868684795
A,1134,20230710,1,3,1,3000,-195.121167408197,259.749170161047,454.870337569244,1865.88666131506,2320.7569988843,454.870337569243,24.3782404901622
A,1135,20230710,1,3,2,3000,49.5419797409072,269.541056315944,219.999076575037,1932.36669312929,2152.36576970433,219.999076575037,11.3849549030867
A,1136,20230710,1,3,3,3000,359.376142525912,294.431939705354,-64.9442028205579,2220.47322939684,2155.52902657629,-64.9442028205581,-2.92479107429722
A,1137,20230710,1,3,4,3000,363.938064712377,252.64903799059,-111.289026721787,2134.25930088852,2022.97027416674,-111.289026721787,-5.21440982712156
A,1138,20230710,1,3,5,3000,317.633313779742,202.27438663981,-115.358927139932,1977.37909764652,1862.02017050659,-115.358927139932,-5.83393074586618
A,1139,20230710,1,3,6,3000,226.722359200748,175.813823755353,-50.9085354453945,1833.58390498235,1782.67536953695,-50.9085354453946,-2.7764497336098
A,1140,20230710,1,3,7,3000,188.104541522332,194.039054606951,5.93451308461934,1874.68499132698,1880.6195044116,5.93451308461931,0.316560548149404
A,1141,20230710,1,3,8,3000,191.296024207621,224.430454899444,33.1344306918232,1995.29693997648,2028.43137066831,33.1344306918231,1.66062654775653
A,1142,20230710,1,3,9,3000,289.71109181734,245.441843694377,-44.2692481229632,2156.62868957465,2112.35944145168,-44.2692481229633,-2.05270607485494
A,1143,20230710,1,3,10,3000,302.970889065568,202.671588453587,-100.299300611981,2050.72840486332,1950.42910425133,-100.299300611981,-4.89091097456496
A,1144,20230710,1,3,11,3000,360.608767634295,182.798855018934,-177.80991261536,1936.52215257812,1758.71223996276,-177.80991261536,-9.18191988553496
A,1145,20230710,1,3,12,3000,372.314735439756,242.323551558338,-129.991183881418,1858.62840403662,1728.6372201552,-129.991183881418,-6.99393077169698
A,1146,20230710,1,3,13,3000,365.280794659944,288.212600080156,-77.068194579788,1950.10024714924,1873.03205256946,-77.068194579788,-3.95201193848625
A,1147,20230710,1,3,14,3000,344.582373336151,325.656242940759,-18.9261303953925,2063.8459193106,2044.91978891521,-18.9261303953926,-0.917032139769167
A,1148,20230710,1,3,15,3000,311.448507137547,299.851419906052,-11.5970872314941,2112.05932499037,2100.46223775887,-11.5970872314942,-0.549089085437841
A,1149,20230710,1,3,16,3000,342.426459039398,292.842006967662,-49.5844520717355,2123.02250698711,2073.43805491537,-49.5844520717355,-2.33555941628256
A,1150,20230710,1,3,17,3000,328.672910286609,282.065648403561,-46.607261883048,1994.23780081328,1947.63053893023,-46.6072618830481,-2.33709650193377
A,1151,20230710,1,3,18,3000,295.526092888279,251.40308616332,-44.1230067249588,1800.34600115216,1756.2229944272,-44.1230067249589,-2.45080705024044
A,1152,20230710,1,4,1,4000,-87.1128824254596,354.032455706408,441.145338131868,2612.88321946199,3054.02855759385,441.145338131867,16.8834693738323
A,1153,20230710,1,4,2,4000,193.373401329585,360.744022537707,167.370621208122,2693.61671774049,2860.98733894861,167.370621208122,6.2136019614743
A,1154,20230710,1,4,3,4000,471.474500666874,361.594725928821,-109.879774738054,2846.48594752725,2736.60617278919,-109.879774738054,-3.86019031056544
A,1155,20230710,1,4,4,4000,425.641598762479,296.557672185171,-129.083926577308,2724.37565579345,2595.29172921614,-129.083926577308,-4.73811041083148
A,1156,20230710,1,4,5,4000,370.553780789425,267.016789977116,-103.53699081231,2594.83392959354,2491.29693878123,-103.536990812309,-3.990120124124
A,1157,20230710,1,4,6,4000,300.202899663295,261.201840830418,-39.0010588328764,2500.69770945738,2461.69665062451,-39.001058832876,-1.55960709226781
A,1158,20230710,1,4,7,4000,252.999558257722,268.339089094025,15.3395308363022,2585.41329488141,2600.75282571772,15.3395308363024,0.593310588549673
A,1159,20230710,1,4,8,4000,342.631558827024,310.184247031683,-32.447311795341,2774.08352152166,2741.63620972632,-32.4473117953412,-1.16965879158328
A,1160,20230710,1,4,9,4000,376.451429528115,288.059605528652,-88.3918239994628,2717.84220933835,2629.45038533889,-88.3918239994628,-3.25227946257341
A,1161,20230710,1,4,10,4000,425.503784369685,257.098889506007,-168.404894863678,2647.25045613255,2478.84556126888,-168.404894863678,-6.36150215683428
A,1162,20230710,1,4,11,4000,523.650270059159,328.077343690577,-195.572926368582,2637.4149855818,2441.84205921322,-195.572926368582,-7.41532627355719
A,1163,20230710,1,4,12,4000,452.021132370719,330.830361914431,-121.190770456288,2511.31376691295,2390.12299645666,-121.190770456288,-4.82579166542229
A,1164,20230710,1,4,13,4000,467.115268640268,380.083543993179,-87.0317246470893,2660.36797057984,2573.33624593275,-87.0317246470895,-3.27141679683208
A,1165,20230710,1,4,14,4000,474.490009562411,445.129908577695,-29.3601009847155,2812.95215799404,2783.59205700933,-29.3601009847157,-1.04374690132138
A,1166,20230710,1,4,15,4000,422.132855970361,381.348817323755,-40.7840386466054,2775.70786986344,2734.92383121683,-40.7840386466055,-1.46932028004129
A,1167,20230710,1,4,16,4000,430.507384266934,373.936592316584,-56.5707919503494,2704.50552424387,2647.93473229352,-56.5707919503493,-2.09172403026115
A,1168,20230710,1,4,17,4000,425.433729114538,370.876751800257,-54.5569773142818,2549.4522398356,2494.89526252132,-54.5569773142815,-2.13994898440614
A,1169,20230710,1,5,1,5000,56.7185391632178,445.23542192817,388.516882764953,3374.13324407318,3762.65012683813,388.516882764952,11.5145684731746
A,1170,20230710,1,5,2,5000,305.471759470547,427.906808761174,122.435049290627,3319.62943587089,3442.06448516151,122.435049290627,3.68821435210905
A,1171,20230710,1,5,3,5000,533.178034716976,405.503360123402,-127.674674593575,3436.60230243217,3308.9276278386,-127.674674593574,-3.71514255528536
A,1172,20230710,1,5,4,5000,478.562065772162,361.300075522477,-117.261990249686,3341.83048774047,3224.56849749078,-117.261990249686,-3.5089149698006
A,1173,20230710,1,5,5,5000,444.034321251972,352.404807052181,-91.6295141997914,3261.94773406858,3170.31821986878,-91.6295141997916,-2.80904299117949
A,1174,20230710,1,5,6,5000,365.097916398685,335.501875317492,-29.5960410811936,3211.42601301181,3181.82997193062,-29.5960410811931,-0.921585643302324
A,1175,20230710,1,5,7,5000,404.335092877125,354.092881226263,-50.242211650862,3364.19987642659,3313.95766477573,-50.2422116508619,-1.49343717663495
A,1176,20230710,1,5,8,5000,429.371896537798,352.802008865957,-76.5698876718406,3335.29704128537,3258.72715361353,-76.5698876718407,-2.29574417882528
A,1177,20230710,1,5,9,5000,498.984324832232,342.486906581072,-156.49741825116,3314.36426060759,3157.86684235643,-156.49741825116,-4.72179295773816
A,1178,20230710,1,5,10,5000,588.545286794549,402.37737817765,-186.167908616899,3348.14328913623,3161.97538051933,-186.167908616899,-5.56033277371852
A,1179,20230710,1,5,11,5000,603.356666990122,416.58415404667,-186.772512943452,3290.10034845813,3103.32783551468,-186.772512943452,-5.67680292885232
A,1180,20230710,1,5,12,5000,553.855606351043,422.701305827454,-131.154300523589,3221.58149034355,3090.42718981996,-131.154300523589,-4.07111541076066
A,1181,20230710,1,5,13,5000,597.022904866528,499.557209630116,-97.4656952364122,3409.47420926328,3312.00851402687,-97.4656952364121,-2.8586723129216
A,1182,20230710,1,5,14,5000,585.174358395225,526.627305995398,-58.5470523998267,3476.60070286711,3418.05365046729,-58.5470523998265,-1.68403154125648
A,1183,20230710,1,5,15,5000,510.213781197896,462.443402672677,-47.7703785252193,3357.19088712021,3309.42050859499,-47.7703785252193,-1.42292708789629
A,1184,20230710,1,5,16,5000,527.268203094863,462.74769571328,-64.5205073815831,3259.7199632662,3195.19945588461,-64.5205073815832,-1.97932669396958
A,1185,20230710,1,6,1,6000,168.816897304181,512.398208151637,343.581310847457,4000.14596220358,4343.72727305104,343.581310847456,8.58921934584071
A,1186,20230710,1,6,2,6000,367.175293520649,471.815442955755,104.640149435106,3909.74579077582,4014.38594021092,104.640149435106,2.67639266169124
A,1187,20230710,1,6,3,6000,586.098501726659,470.245763460707,-115.852738265952,4054.05713437919,3938.20439611324,-115.852738265952,-2.85769870590867
A,1188,20230710,1,6,4,6000,552.042606234709,446.688092597541,-105.354513637168,4008.94429221551,3903.58977857834,-105.354513637168,-2.62798647119501
A,1189,20230710,1,6,5,6000,508.929337987362,426.704841539254,-82.2244964481086,3972.67603762301,3890.4515411749,-82.2244964481088,-2.06975085985885
A,1190,20230710,1,6,6,6000,516.433451018088,421.25566744973,-95.1777835683577,3990.21259455699,3895.03481098864,-95.1777835683574,-2.38528101731192
A,1191,20230710,1,6,7,6000,491.0754305879,396.710643060538,-94.3647875273616,3925.4133961903,3831.04860866294,-94.3647875273614,-2.40394521552671
A,1192,20230710,1,6,8,6000,551.904791841915,407.229309918378,-144.675481923537,3931.81909255461,3787.14361063107,-144.675481923538,-3.67960678042127
A,1193,20230710,1,6,9,6000,662.025827257096,487.765395252715,-174.260432004381,4015.25709361126,3840.99666160688,-174.260432004381,-4.33995701748836
A,1194,20230710,1,6,10,6000,668.251683725512,490.884188533743,-177.367495191769,4000.82865201256,3823.46115682079,-177.367495191769,-4.43326897048057
A,1195,20230710,1,6,11,6000,705.191140970446,508.455097959693,-196.736043010753,4000.36807188872,3803.63202887797,-196.736043010753,-4.91794853561728
A,1196,20230710,1,6,12,6000,683.763242577302,542.17497146439,-141.588271112912,3970.68772902699,3829.09945791407,-141.588271112912,-3.56583747641136
A,1197,20230710,1,6,13,6000,707.707253699342,581.054607047818,-126.652646651523,4073.12275413635,3946.47010748483,-126.652646651523,-3.10947286140357
A,1198,20230710,1,6,14,6000,673.255283622761,607.72189134432,-65.5333922784406,4058.08372012388,3992.55032784544,-65.5333922784407,-1.61488517236505
A,1199,20230710,1,6,15,6000,606.974600025826,551.254506069373,-55.720093956453,3912.40532614253,3856.68523218608,-55.7200939564527,-1.42419021833278
A,1200,20230710,1,7,1,7000,230.520431354282,556.306842346218,325.786410991936,4590.26231710851,4916.04872810044,325.786410991936,7.09733754817643
A,1201,20230710,1,7,2,7000,420.095760530332,536.55784629306,116.462085762728,4527.20062272283,4643.66270848556,116.462085762728,2.57249668102146
A,1202,20230710,1,7,3,7000,659.579042189206,555.633780535772,-103.945261653434,4721.17093885423,4617.22567720079,-103.945261653434,-2.20168392544289
A,1203,20230710,1,7,4,7000,616.9376229701,520.988127084615,-95.9494958854849,4719.67259576994,4623.72309988445,-95.9494958854857,-2.03296932019144
A,1204,20230710,1,7,5,7000,660.264872606765,512.458633671493,-147.806238935273,4751.46261916818,4603.65638023291,-147.806238935273,-3.11075243103035
A,1205,20230710,1,7,6,7000,603.173788728863,463.873429284005,-139.300359444857,4551.4261143207,4412.12575487584,-139.300359444857,-3.06058707635745
A,1206,20230710,1,7,7,7000,613.608325892017,451.137944112959,-162.470381779058,4521.93544745954,4359.46506568048,-162.470381779058,-3.59293898966061
A,1207,20230710,1,7,8,7000,714.946294266779,552.50779859002,-162.438495676759,4632.71192555828,4470.27342988152,-162.438495676759,-3.5063370718261
A,1208,20230710,1,7,9,7000,741.732224188059,576.272205608808,-165.460018579251,4667.9424564876,4502.48243790835,-165.460018579251,-3.54460279066403
A,1209,20230710,1,7,10,7000,770.086157705836,582.755132446766,-187.33102525907,4711.09637544315,4523.76535018408,-187.33102525907,-3.97637853972895
A,1210,20230710,1,7,11,7000,835.098777196705,627.928763596629,-207.170013600076,4749.47431057216,4542.30429697209,-207.170013600076,-4.36195671463941
A,1211,20230710,1,7,12,7000,794.447591410116,623.672368882093,-170.775222528023,4634.33627390006,4463.56105137204,-170.775222528023,-3.68499850754908
A,1212,20230710,1,7,13,7000,795.788178926878,662.14919239674,-133.638986530137,4654.60577139312,4520.96678486298,-133.638986530137,-2.87111289534923
A,1213,20230710,1,7,14,7000,770.01610245069,696.532994741015,-73.4831077096743,4613.2981591462,4539.81505143653,-73.4831077096742,-1.5928540747792
A,1214,20230710,1,8,1,8000,283.440898363966,621.049245683524,337.608347319558,5207.71714905553,5545.32549637508,337.608347319558,6.48284723721576
A,1215,20230710,1,8,2,8000,493.576300992879,621.945863368125,128.369562375246,5194.31442719787,5322.68398957312,128.369562375246,2.47134755075843
A,1216,20230710,1,8,3,8000,724.474058924597,629.933815022845,-94.5402439017515,5431.89924240866,5337.35899850691,-94.5402439017516,-1.74046387244528
A,1217,20230710,1,8,4,8000,768.273157589503,606.741919216853,-161.531238372649,5498.45917731512,5336.92793894247,-161.53123837265,-2.93775461749495
A,1218,20230710,1,8,5,8000,747.00521031754,555.076395505768,-191.928814811772,5312.67613893189,5120.74732412012,-191.928814811772,-3.61265791086522
A,1219,20230710,1,8,6,8000,725.70668403298,518.300730336426,-207.405953696554,5147.94816558994,4940.54221189338,-207.405953696553,-4.02890524583954
A,1220,20230710,1,8,7,8000,776.649828316881,596.416432784601,-180.23339553228,5222.82828046321,5042.59488493093,-180.233395532279,-3.45087729968971
A,1221,20230710,1,8,8,8000,794.652691197742,641.014608946114,-153.638082251629,5285.39728843461,5131.75920618299,-153.638082251628,-2.90684075136255
A,1222,20230710,1,8,9,8000,843.566698168383,668.143149521831,-175.423548646552,5378.21017991819,5202.78663127164,-175.423548646551,-3.26174587414915
A,1223,20230710,1,8,10,8000,899.993793932096,702.228798083703,-197.764995848393,5460.20261412659,5262.4376182782,-197.764995848393,-3.62193511531489
A,1224,20230710,1,8,11,8000,945.783126029519,709.426161014332,-236.356965015187,5413.12285544524,5176.76589043005,-236.356965015187,-4.36636986314522
A,1225,20230710,1,8,12,8000,882.528516637652,704.766954231015,-177.761562406637,5215.81929115683,5038.05772875019,-177.761562406637,-3.4081234890178
A,1226,20230710,1,8,13,8000,892.548997754807,750.960295793436,-141.588701961371,5209.82021041544,5068.23150845407,-141.588701961371,-2.71772721980516
A,1227,20230710,1,9,1,9000,356.921438826512,706.437262758589,349.515823932076,5874.83095353056,6224.34677746264,349.515823932075,5.94937670031218
A,1228,20230710,1,9,2,9000,558.47131772827,696.245897855198,137.774580126929,5905.0427307523,6042.81731087923,137.774580126929,2.33316821586111
A,1229,20230710,1,9,3,9000,875.809593544,715.687607155084,-160.121986388916,6210.68582395384,6050.56383756492,-160.121986388916,-2.57816915760487
A,1230,20230710,1,9,4,9000,855.013495300277,649.359681051128,-205.653814249149,6059.67269707882,5854.01888282967,-205.65381424915,-3.39381059885114
A,1231,20230710,1,9,5,9000,869.538105621657,609.503696558188,-260.034409063469,5909.19819020113,5649.16378113766,-260.034409063469,-4.40050241494131
A,1232,20230710,1,9,6,9000,888.748186457844,663.579219008068,-225.168967449775,5848.84099859361,5623.67203114384,-225.168967449775,-3.84980490158508
A,1233,20230710,1,9,7,9000,856.356225247844,684.923243140694,-171.43298210715,5875.51364333954,5704.08066123239,-171.432982107149,-2.91775311085329
A,1234,20230710,1,9,8,9000,896.487165178066,732.885552859136,-163.60161231893,5995.66501186521,5832.06339954628,-163.601612318929,-2.72866499371075
A,1235,20230710,1,9,9,9000,973.474334394642,787.616815158767,-185.857519235875,6127.31641860163,5941.45889936576,-185.857519235875,-3.03326132581694
A,1236,20230710,1,9,10,9000,1010.67814276491,783.726195501405,-226.951947263504,6123.85115899967,5896.89921173616,-226.951947263504,-3.70603303984574
A,1237,20230710,1,9,11,9000,1033.86405125706,790.520746363254,-243.343304893801,5994.605872702,5751.2625678082,-243.3433048938,-4.05937120907193
A,1238,20230710,1,9,12,9000,979.289335465581,793.578057627711,-185.711277837871,5771.03373017915,5585.32245234128,-185.711277837871,-3.21798981812755
A,1239,20230710,1,10,1,10000,421.816455561903,780.737297245662,358.920841683759,6585.55925708499,6944.48009876875,358.920841683759,5.45011938504112
A,1240,20230710,1,10,2,10000,709.806852347673,781.999689987437,72.1928376397645,6683.82931229748,6756.02214993724,72.1928376397645,1.08011192785755
A,1241,20230710,1,10,3,10000,962.549931254774,758.305368989359,-204.244562265415,6771.89934371754,6567.65478145213,-204.244562265415,-3.01606022031172
A,1242,20230710,1,10,4,10000,977.546390604394,703.786982103549,-273.759408500845,6656.19474834806,6382.43533984721,-273.759408500846,-4.112851544327
A,1243,20230710,1,10,5,10000,1032.57960804652,754.782185229831,-277.79742281669,6610.0910232048,6332.29360038811,-277.79742281669,-4.20262628519758
A,1244,20230710,1,10,6,10000,968.454583388807,752.086029364161,-216.368554024645,6501.52636146995,6285.1578074453,-216.368554024644,-3.32796549602431
A,1245,20230710,1,10,7,10000,958.190699228168,776.794187053717,-181.396512174451,6585.78136677014,6404.38485459569,-181.39651217445,-2.75436583864934
A,1246,20230710,1,10,8,10000,1026.39480140433,852.359218496073,-174.035582908253,6744.77125054865,6570.7356676404,-174.035582908253,-2.58030371147273
A,1247,20230710,1,10,9,10000,1084.15868322746,869.11421257647,-215.044470650986,6790.9649634747,6575.92049282372,-215.044470650986,-3.16662612467603
A,1248,20230710,1,10,10,10000,1098.75906799245,864.820780850327,-233.938287142118,6705.33417625643,6471.39588911432,-233.938287142118,-3.48883860211609
A,1249,20230710,1,10,11,10000,1130.62487008498,879.331849759949,-251.293020325035,6549.82031172433,6298.52729139929,-251.293020325034,-3.83663991323875
A,1250,20230710,2,1,1,1000,167.306674556713,103.900306805086,-63.4063677516271,612.347415533103,548.941047781476,-63.406367751627,-10.354639562972
A,1251,20230710,2,1,2,1000,164.110160228174,87.6017917882423,-76.5083684399321,557.666365523135,481.157997083203,-76.508368439932,-13.7193801114688
A,1252,20230710,2,1,3,1000,65.6655207674618,50.3100189002777,-15.355501867184,403.162798357626,387.807296490442,-15.355501867184,-3.80875962011825
A,1253,20230710,2,1,4,1000,118.522734732212,35.1290331642591,-83.3937015679526,496.630307732132,413.236606164179,-83.3937015679526,-16.7919074348827
A,1254,20230710,2,1,5,1000,318.512300555495,85.2575690327737,-233.254731522722,872.509006528025,639.254275005303,-233.254731522722,-26.7337906861171
A,1255,20230710,2,1,6,1000,333.550633500294,331.347395305661,-2.203238194633,1127.95640104372,1125.75316284908,-2.20323819463306,-0.195330084797104
A,1256,20230710,2,1,7,1000,47.3619041301095,191.914338664279,144.55243453417,799.151345716907,943.703780251076,144.55243453417,18.0882426475168
A,1257,20230710,2,1,8,1000,86.6202843382907,163.445152701934,76.8248683636436,620.518858105456,697.3437264691,76.8248683636436,12.3807467509049
A,1258,20230710,2,1,9,1000,85.2485863346428,72.0568872143661,-13.1916991202767,529.251739337989,516.060040217713,-13.1916991202768,-2.49251880339166
A,1259,20230710,2,1,10,1000,244.101107640925,209.235892574546,-34.8652150663782,693.261374003,658.396158936622,-34.8652150663781,-5.02915875221216
A,1260,20230710,2,1,11,1000,247.288978698497,152.725058205529,-94.5639204929681,692.489462666755,597.925542173787,-94.5639204929681,-13.6556475717054
A,1261,20230710,2,1,12,1000,124.143031554839,71.9860181448494,-52.1570134099897,540.214716190862,488.057702780872,-52.1570134099897,-9.65486719387376
A,1262,20230710,2,1,13,1000,157.032587214891,120.102218739284,-36.9303684756063,550.000252883756,513.06988440815,-36.9303684756063,-6.71460936280909
A,1263,20230710,2,1,14,1000,132.029977448549,94.0454285852272,-37.9845488633216,524.369669317846,486.385120454525,-37.9845488633216,-7.24384934634679
A,1264,20230710,2,1,15,1000,92.2865428148425,84.6809241426729,-7.60561867216961,435.645929647384,428.040310975214,-7.60561867216961,-1.74582571638525
A,1265,20230710,2,1,16,1000,102.701149875498,85.425934850624,-17.2752150248743,438.091305181099,420.816090156224,-17.2752150248742,-3.94329100362606
A,1266,20230710,2,1,17,1000,58.7214929665779,56.7199198461796,-2.00157312039834,392.6889380916,390.687364971202,-2.00157312039835,-0.509709575758779
A,1267,20230710,2,1,18,1000,87.8678186252855,66.8912094809768,-20.9766091443087,422.837203217463,401.860594073154,-20.9766091443087,-4.96091852483484
A,1268,20230710,2,1,19,1000,40.3681446406399,60.5714854155648,20.2033407749249,409.064775277417,429.268116052341,20.2033407749249,4.93890992232795
A,1269,20230710,2,1,20,1000,17.1815164343689,41.5939409487567,24.4124245143878,383.132628537798,407.545053052186,24.4124245143878,6.37179469875909
A,1270,20230710,2,1,21,1000,79.8580797663235,67.4944509568541,-12.3636288094694,421.830366643533,409.466737834064,-12.3636288094694,-2.93094802724747
A,1271,20230710,2,1,22,1000,39.8379651650794,33.2144558412493,-6.62350932383002,380.974946757589,374.351437433759,-6.62350932383004,-1.73856821300234
A,1272,20230710,2,1,23,1000,17.6515088263932,43.0814478051122,25.429938978719,333.662764527518,359.092703506237,25.429938978719,7.62144946402064
A,1273,20230710,2,1,24,1000,183.027172789919,79.8126025768627,-103.214570213056,480.11101645792,376.896446244864,-103.214570213056,-21.4980632968047
A,1274,20230710,2,1,25,1000,2.376719972518,67.0371483083787,64.6604283358607,415.035395206054,479.695823541915,64.6604283358607,15.5794973351028
A,1275,20230710,2,1,26,1000,103.809501060749,78.8567847167607,-24.9527163439888,513.779908694711,488.827192350722,-24.9527163439888,-4.85669367791797
A,1276,20230710,2,1,27,1000,117.957350808128,59.8303415710268,-58.1270092371007,514.683608805384,456.556599568284,-58.1270092371007,-11.2937362376893
A,1277,20230710,2,1,28,1000,153.302995224033,55.8064259256989,-97.4965692983342,470.811477220615,373.314907922281,-97.4965692983342,-20.7081972329763
A,1278,20230710,2,1,29,1000,76.5935300823185,22.310293621266,-54.2832364610524,414.415571562344,360.132335101291,-54.2832364610524,-13.0987443971772
A,1279,20230710,2,2,1,2000,331.416834784888,191.502098593328,-139.914736191559,1170.01378105624,1030.09904486468,-139.914736191559,-11.9583836068367
A,1280,20230710,2,2,2,2000,229.775680995636,137.91181068852,-91.8638703071161,960.829163880761,868.965293573645,-91.863870307116,-9.56089529340268
A,1281,20230710,2,2,3,2000,184.188255499673,85.4390520645369,-98.7492034351366,899.793106089758,801.043902654621,-98.7492034351366,-10.9746565923662
A,1282,20230710,2,2,4,2000,437.035035287707,120.386602197033,-316.648433090674,1369.13931426016,1052.49088116948,-316.648433090674,-23.1275539160003
A,1283,20230710,2,2,5,2000,652.06293405579,416.604964338435,-235.457969717355,2000.46540757174,1765.00743785439,-235.457969717355,-11.7701595251859
A,1284,20230710,2,2,6,2000,380.912537630404,523.261733969941,142.349196339537,1927.10774676062,2069.45694310016,142.349196339537,7.3866755285904
A,1285,20230710,2,2,7,2000,133.9821884684,355.359491366213,221.377302897813,1419.67020382236,1641.04750672018,221.377302897813,15.5935725284485
A,1286,20230710,2,2,8,2000,171.868870672934,235.5020399163,63.6331692433669,1149.77059744345,1213.40376668681,63.6331692433669,5.53442307403385
A,1287,20230710,2,2,9,2000,329.349693975567,281.292779788912,-48.0569141866549,1222.51311334099,1174.45619915433,-48.0569141866549,-3.930993758858
A,1288,20230710,2,2,10,2000,491.390086339421,361.960950780075,-129.429135559346,1385.75083666975,1256.32170111041,-129.429135559346,-9.34000053504505
A,1289,20230710,2,2,11,2000,371.432010253336,224.711076350378,-146.720933902958,1232.70417885762,1085.98324495466,-146.720933902958,-11.9023636343091
A,1290,20230710,2,2,12,2000,281.17561876973,192.088236884134,-89.087381885596,1090.21496907462,1001.12758718902,-89.087381885596,-8.1715427152146
A,1291,20230710,2,2,13,2000,289.062564663439,214.147647324511,-74.9149173389279,1074.3699222016,999.455004862674,-74.9149173389279,-6.97291647791219
A,1292,20230710,2,2,14,2000,224.316520263391,178.7263527279,-45.5901675354912,960.01559896523,914.425431429739,-45.5901675354912,-4.74889862046319
A,1293,20230710,2,2,15,2000,194.987692690341,170.106858993297,-24.8808336970439,873.737234828483,848.856401131439,-24.8808336970438,-2.84763344232755
A,1294,20230710,2,2,16,2000,161.422642842076,142.145854696804,-19.2767881452726,830.780243272698,811.503455127426,-19.2767881452726,-2.32032337087548
A,1295,20230710,2,2,17,2000,146.589311591863,123.611129327156,-22.978182264707,815.526141309063,792.547959044356,-22.978182264707,-2.81758990923614
A,1296,20230710,2,2,18,2000,128.235963265925,127.462694896542,-0.773268369383814,831.90197849488,831.128710125496,-0.7732683693838,-0.0929518608409656
A,1297,20230710,2,2,19,2000,57.5496610750088,102.165426364321,44.6157652893127,792.197403815215,836.813169104527,44.6157652893127,5.63189996261583
A,1298,20230710,2,2,20,2000,97.0395962006924,109.088391905611,12.0487957049184,804.962995181331,817.01179088625,12.0487957049185,1.49681361466862
A,1299,20230710,2,2,21,2000,119.696044931403,100.708906798103,-18.9871381332994,802.805313401122,783.818175267823,-18.9871381332994,-2.36509871277003
A,1300,20230710,2,2,22,2000,57.4894739914726,76.2959036463615,18.806429654889,714.637711285108,733.444140939997,18.806429654889,2.63160330862894
A,1301,20230710,2,2,23,2000,200.678681616312,122.894050381975,-77.7846312343372,813.773780985439,735.989149751102,-77.7846312343372,-9.55850791114749
A,1302,20230710,2,2,24,2000,185.403892762437,146.849750885241,-38.5541418771956,895.146411663975,856.592269786779,-38.5541418771955,-4.30702077054946
A,1303,20230710,2,2,25,2000,106.186221033267,145.893933025139,39.7077119918719,928.815303900765,968.523015892637,39.707711991872,4.2750923488352
A,1304,20230710,2,2,26,2000,221.766851868877,138.687126287787,-83.0797255810895,1028.46351750009,945.383791919005,-83.0797255810895,-8.07804303871011
A,1305,20230710,2,2,27,2000,271.260346032161,115.636767496726,-155.623578535435,985.495086026,829.871507490565,-155.623578535435,-15.7914109103259
A,1306,20230710,2,2,28,2000,229.896525306352,78.116719546965,-151.779805759387,885.227048782959,733.447243023573,-151.779805759387,-17.1458617275713
A,1307,20230710,2,3,1,3000,397.082355552349,241.812117493606,-155.270238058743,1573.17657941386,1417.90634135512,-155.270238058743,-9.86985441371076
A,1308,20230710,2,3,2,3000,348.298415727848,173.040843852779,-175.257571875069,1457.45947161289,1282.20189973782,-175.257571875069,-12.0248676061723
A,1309,20230710,2,3,3,3000,502.700556055169,170.696621097311,-332.003934957858,1772.30211261778,1440.29817765992,-332.003934957858,-18.7329198895707
A,1310,20230710,2,3,4,3000,770.585668788001,451.733997502694,-318.851671285307,2497.09571530387,2178.24404401857,-318.851671285307,-12.7689006605222
A,1311,20230710,2,3,5,3000,699.424838185899,608.519303002714,-90.9055351831851,2799.61675328865,2708.71121810546,-90.9055351831853,-3.24707069553004
A,1312,20230710,2,3,6,3000,467.532821968695,686.706886671875,219.17406470318,2547.62660486608,2766.80066956926,219.17406470318,8.60306860842747
A,1313,20230710,2,3,7,3000,219.230774803043,427.41637858058,208.185603777537,1948.92194316035,2157.10754693789,208.185603777536,10.6820903991642
A,1314,20230710,2,3,8,3000,415.969978313858,444.737932490847,28.7679541769887,1843.03197144645,1871.79992562343,28.7679541769887,1.56090369688004
A,1315,20230710,2,3,9,3000,576.638672674064,434.017837994441,-142.620834679623,1915.00257600774,1772.38174132812,-142.620834679623,-7.44755315039567
A,1316,20230710,2,3,10,3000,615.533117894261,433.946968924925,-181.586148969336,1925.96555286062,1744.37940389128,-181.586148969336,-9.42831758852738
A,1317,20230710,2,3,11,3000,528.464597468227,344.813295089663,-183.651302378564,1782.70443174137,1599.05312936281,-183.651302378564,-10.3018368669881
A,1318,20230710,2,3,12,3000,413.205596218279,286.133665469361,-127.071930748918,1614.58463839246,1487.51270764355,-127.071930748918,-7.87025515586688
A,1319,20230710,2,3,13,3000,381.349107478282,298.828571467184,-82.5205360110975,1510.01585184899,1427.49531583789,-82.5205360110976,-5.46487878985196
A,1320,20230710,2,3,14,3000,327.01767013889,264.152287578524,-62.8653825603655,1398.10690414633,1335.24152158596,-62.8653825603656,-4.49646463900059
A,1321,20230710,2,3,15,3000,253.709185656919,226.826778839476,-26.8824068174422,1266.42617292008,1239.54376610264,-26.8824068174422,-2.12269829795586
A,1322,20230710,2,3,16,3000,249.290461467362,209.03706417778,-40.2533972895812,1253.61744649016,1213.36404920058,-40.2533972895812,-3.21097934639323
A,1323,20230710,2,3,17,3000,186.957456232503,184.182614742721,-2.77484148978212,1224.59091658648,1221.8160750967,-2.77484148978215,-0.226593342494893
A,1324,20230710,2,3,18,3000,145.417479700294,169.056635845298,23.639156145004,1215.03460703268,1238.67376317768,23.6391561450041,1.9455541437404
A,1325,20230710,2,3,19,3000,137.407740841332,169.659877321176,32.2521364798433,1214.02777045875,1246.27990693859,32.2521364798433,2.65662262961712
A,1326,20230710,2,3,20,3000,136.877561365772,142.30284774686,5.4252863810884,1185.93794193892,1191.36322832001,5.42528638108843,0.457467982870882
A,1327,20230710,2,3,21,3000,137.347553757796,143.790354603216,6.44280084541961,1136.46807792864,1142.91087877406,6.4428008454197,0.566914370103781
A,1328,20230710,2,3,22,3000,240.516646781392,156.108506223224,-84.4081405581672,1194.74872774303,1110.34058718486,-84.4081405581674,-7.06492826467544
A,1329,20230710,2,3,23,3000,203.05540158883,189.931198690354,-13.1242028984765,1228.80917619149,1215.68497329302,-13.1242028984766,-1.0680423903696
A,1330,20230710,2,3,24,3000,289.213393823186,225.706535602002,-63.5068582211844,1408.92632035869,1345.4194621375,-63.5068582211843,-4.50746481938223
A,1331,20230710,2,3,25,3000,224.143571841395,205.724274596166,-18.4192972452288,1443.49891270615,1425.07961546092,-18.4192972452288,-1.27601739655611
A,1332,20230710,2,3,26,3000,375.06984709291,194.493552213486,-180.576294879424,1499.27499472071,1318.69869984129,-180.576294879424,-12.044241084209
A,1333,20230710,2,3,27,3000,347.853876114479,137.947061117992,-209.906814996487,1399.91065758834,1190.00384259186,-209.906814996487,-14.9943008047455
A,1334,20230710,2,4,1,4000,515.605090284561,276.941150657865,-238.663939626696,2069.806887146,1831.1429475193,-238.663939626696,-11.530734635625
A,1335,20230710,2,4,2,4000,666.810716283343,258.298412885553,-408.51230339779,2329.96847814092,1921.45617474313,-408.51230339779,-17.5329540820115
A,1336,20230710,2,4,3,4000,836.251189555463,502.044016402972,-334.207173152491,2900.2585136615,2566.05134050901,-334.207173152491,-11.5233580585395
A,1337,20230710,2,4,4,4000,817.947572918111,643.648336166973,-174.299236751138,3296.24706102078,3121.94782426964,-174.299236751138,-5.28780863583572
A,1338,20230710,2,4,5,4000,786.04512252419,771.964455704649,-14.0806668195414,3420.13561139411,3406.05494457456,-14.0806668195414,-0.411699079201187
A,1339,20230710,2,4,6,4000,552.781408303337,758.763773886241,205.982365582904,3076.87834420407,3282.86070978697,205.982365582904,6.6945242073322
A,1340,20230710,2,4,7,4000,463.331882443968,636.652271155126,173.320388711158,2642.18331716335,2815.50370587451,173.320388711159,6.55974124071131
A,1341,20230710,2,4,8,4000,663.258957012355,597.462990696376,-65.7959663159794,2535.5214341132,2469.72546779722,-65.7959663159795,-2.59496786068352
A,1342,20230710,2,4,9,4000,700.781704228903,506.003856139291,-194.777848089613,2455.21729219861,2260.43944410899,-194.777848089613,-7.93322239577387
A,1343,20230710,2,4,10,4000,772.565705109151,554.049187664209,-218.516517444942,2475.96580574437,2257.44928829943,-218.516517444942,-8.82550627064284
A,1344,20230710,2,4,11,4000,660.494574916775,438.85872367489,-221.635851241886,2307.07410105922,2085.43824981733,-221.635851241886,-9.60679378005798
A,1345,20230710,2,4,12,4000,505.492139033121,370.814589612034,-134.677549421087,2050.23056803985,1915.55301861876,-134.677549421087,-6.56889773865032
A,1346,20230710,2,4,13,4000,484.05025735378,384.254506317808,-99.7957510359718,1948.10715703008,1848.31140599411,-99.7957510359718,-5.12270337264772
A,1347,20230710,2,4,14,4000,385.739163105467,320.872207424704,-64.8669556807638,1790.79584223793,1725.92888655717,-64.8669556807638,-3.62224180729058
A,1348,20230710,2,4,15,4000,341.577004282204,293.717988320453,-47.8590159617509,1689.26337613755,1641.40436017579,-47.8590159617509,-2.83312931765437
A,1349,20230710,2,4,16,4000,289.658606108002,269.608549593345,-20.0500565146564,1662.68222176758,1642.63216525292,-20.0500565146563,-1.20588626330179
A,1350,20230710,2,4,17,4000,204.138972666872,225.776555691478,21.6375830246056,1607.72354512428,1629.36112814888,21.6375830246056,1.34585222006766
A,1351,20230710,2,4,18,4000,225.275559466618,236.551086802152,11.2755273355346,1636.86497367621,1648.14050101175,11.2755273355347,0.68884895925234
A,1352,20230710,2,4,19,4000,177.245706006412,202.874333162425,25.6286271560133,1595.00271721634,1620.63134437235,25.6286271560132,1.60680774266901
A,1353,20230710,2,4,20,4000,154.529070192165,185.384295551972,30.8552253598074,1519.60070646644,1550.45593182625,30.8552253598075,2.03048243058243
A,1354,20230710,2,4,21,4000,320.374726547715,223.602957180078,-96.7717693676366,1616.57909438656,1519.80732501892,-96.7717693676366,-5.98620690467102
A,1355,20230710,2,4,22,4000,242.89336675391,223.145654531603,-19.7477122223066,1609.78412294908,1590.03641072678,-19.7477122223065,-1.22673046284798
A,1356,20230710,2,4,23,4000,306.86490264958,268.787983407114,-38.0769192424654,1742.5890848862,1704.51216564374,-38.0769192424655,-2.18507734110776
A,1357,20230710,2,4,24,4000,407.170744631314,285.536877173029,-121.633867458285,1923.60992916407,1801.97606170578,-121.633867458285,-6.32320854733489
A,1358,20230710,2,4,25,4000,377.446567065428,261.530700521865,-115.915866543563,1914.31038992676,1798.3945233832,-115.915866543563,-6.05522840776085
A,1359,20230710,2,4,26,4000,451.663377175229,216.803845834752,-234.859531340476,1913.69056628305,1678.83103494258,-234.859531340476,-12.272597016384
A,1360,20230710,2,5,1,5000,834.117390840056,362.198719690639,-471.918671149417,2942.31589367402,2470.3972225246,-471.918671149418,-16.0390212405148
A,1361,20230710,2,5,2,5000,1000.36134978364,589.645808191214,-410.715541592423,3457.92487918463,3047.20933759221,-410.715541592424,-11.8775148663515
A,1362,20230710,2,5,3,5000,883.613093685573,693.958355067251,-189.654738618322,3699.40985937841,3509.75512076008,-189.654738618322,-5.12662142956467
A,1363,20230710,2,5,4,5000,904.567857256402,807.093488868908,-97.4743683874941,3916.76591912624,3819.29155073874,-97.474368387494,-2.48864421311241
A,1364,20230710,2,5,5,5000,871.293708858833,844.021342919015,-27.2723659398181,3949.38735073209,3922.11498479228,-27.272365939818,-0.690546748592855
A,1365,20230710,2,5,6,5000,796.882515944262,967.999666460787,171.117150516525,3770.13971820707,3941.2568687236,171.117150516526,4.53874825089778
A,1366,20230710,2,5,7,5000,710.620861142464,789.377329360655,78.7564682181903,3334.67277983011,3413.4292480483,78.7564682181901,2.36174501721883
A,1367,20230710,2,5,8,5000,787.401988567194,669.449008841225,-117.952979725969,3075.73615030406,2957.78317057809,-117.952979725969,-3.8349511779256
A,1368,20230710,2,5,9,5000,857.814291443794,626.106074878575,-231.708216565219,3005.21754508236,2773.50932851714,-231.708216565219,-7.71019778399666
A,1369,20230710,2,5,10,5000,904.5956825577,648.094616249436,-256.501066308264,3000.33547506222,2743.83440875395,-256.501066308264,-8.54907954261164
A,1370,20230710,2,5,11,5000,752.781117731618,523.539647817563,-229.241469914055,2742.7200307066,2513.47856079255,-229.241469914055,-8.35817973936612
A,1371,20230710,2,5,12,5000,608.193288908619,456.240524462658,-151.952764445962,2488.32187322095,2336.36910877498,-151.952764445961,-6.10663620656398
A,1372,20230710,2,5,13,5000,542.771750320358,440.974426163988,-101.79732415637,2340.79609512168,2238.99877096531,-101.79732415637,-4.34883347458242
A,1373,20230710,2,5,14,5000,473.606981730753,387.763416905681,-85.8435648250725,2213.63304545539,2127.78948063032,-85.8435648250725,-3.87794919312892
A,1374,20230710,2,5,15,5000,381.945148922844,354.289473736018,-27.655675186826,2098.32815141496,2070.67247622814,-27.6556751868261,-1.31798618667805
A,1375,20230710,2,5,16,5000,306.84012254237,311.202490542102,4.36236799973136,2045.81485030538,2050.17721830511,4.3623679997313,0.213233763508958
A,1376,20230710,2,5,17,5000,283.997052433196,293.271006648332,9.27395421513626,2029.55391176781,2038.82786598295,9.2739542151362,0.45694544802992
A,1377,20230710,2,5,18,5000,265.113524631697,269.765542643402,4.65201801170463,2017.8399204338,2022.4919384455,4.65201801170451,0.23054445323415
A,1378,20230710,2,5,19,5000,194.897214832805,245.955780967537,51.0585661347323,1928.66548174386,1979.72404787859,51.0585661347322,2.64735210009391
A,1379,20230710,2,5,20,5000,337.556242982084,265.196898128835,-72.3593448532488,1999.71172292436,1927.35237807111,-72.3593448532488,-3.61848880634811
A,1380,20230710,2,5,21,5000,322.751446520233,290.640105488457,-32.111341031776,2031.61448959262,1999.50314856084,-32.111341031776,-1.58058239869194
A,1381,20230710,2,5,22,5000,346.702867814659,302.002439248364,-44.7004285662954,2123.56403164379,2078.8636030775,-44.7004285662952,-2.10497201403877
A,1382,20230710,2,5,23,5000,424.822253457707,328.618324978141,-96.2039284795661,2257.27269369159,2161.06876521202,-96.203928479566,-4.261954204666
A,1383,20230710,2,5,24,5000,560.473739855347,341.343303098728,-219.130436756619,2394.42140638468,2175.29096962807,-219.130436756619,-9.15170722130663
A,1384,20230710,2,5,25,5000,454.040097147747,283.840994143131,-170.199103004615,2328.72596148911,2158.52685848449,-170.199103004616,-7.30867890079181
A,1385,20230710,2,6,1,6000,1167.66802434035,693.546114996301,-474.12190934405,4070.27229471774,3596.15038537369,-474.121909344051,-11.6484076497622
A,1386,20230710,2,6,2,6000,1047.72325391375,781.560146855493,-266.163107058254,4257.07622490154,3990.91311784329,-266.163107058254,-6.25225138092071
A,1387,20230710,2,6,3,6000,970.233378023863,857.403507769185,-112.829870254678,4319.92871748386,4207.09884722918,-112.829870254678,-2.61184564916608
A,1388,20230710,2,6,4,6000,989.816443591045,879.150376083274,-110.666067507771,4446.01765846423,4335.35159095645,-110.666067507771,-2.48910544241963
A,1389,20230710,2,6,5,6000,1115.39481649976,1053.25723549356,-62.1375810061961,4642.64872473509,4580.5111437289,-62.1375810061954,-1.33840797980556
A,1390,20230710,2,6,6,6000,1044.17149464276,1120.72472466632,76.5532300235573,4462.62918087382,4539.18241089738,76.5532300235573,1.71542888554696
A,1391,20230710,2,6,7,6000,834.763892697304,861.363347505504,26.5994548082007,3874.88749602097,3901.48695082917,26.5994548082008,0.686457473552849
A,1392,20230710,2,6,8,6000,944.434575782085,789.551227580509,-154.883348201575,3625.73640318782,3470.85305498624,-154.883348201575,-4.27177629530373
A,1393,20230710,2,6,9,6000,989.844268892343,720.151503463802,-269.692765428541,3529.58721440021,3259.89444897167,-269.692765428541,-7.64091518487582
A,1394,20230710,2,6,10,6000,996.882225372543,732.775540392109,-264.106684980434,3435.9814047096,3171.87471972917,-264.106684980434,-7.68649925224945
A,1395,20230710,2,6,11,6000,855.482267607116,608.965582668187,-246.51668493893,3180.8113358877,2934.29465094877,-246.51668493893,-7.75011966782154
A,1396,20230710,2,6,12,6000,666.914781875197,512.960444308837,-153.95433756636,2881.01081131255,2727.05647374619,-153.95433756636,-5.34376118832475
A,1397,20230710,2,6,13,6000,630.639568945644,507.865635644965,-122.773933300679,2763.63329833915,2640.85936503847,-122.773933300679,-4.44248277709137
A,1398,20230710,2,6,14,6000,513.975126371393,448.334902321245,-65.6402240501477,2622.69782073281,2557.05759668266,-65.6402240501475,-2.50277494918598
A,1399,20230710,2,6,15,6000,399.126665357213,395.883414684775,-3.24325067243825,2481.46077995276,2478.21752928032,-3.24325067243808,-0.130699251772975
A,1400,20230710,2,6,16,6000,386.698202308694,378.696941498956,-8.00126080973797,2467.64521694891,2459.64395613917,-8.00126080973814,-0.32424680642022
A,1401,20230710,2,6,17,6000,323.835017598275,326.485462489581,2.65044489130622,2410.5288585254,2413.17930341671,2.65044489130605,0.109952838022749
A,1402,20230710,2,6,18,6000,282.76503345809,312.846990448514,30.0819569904236,2351.50268496132,2381.58464195174,30.0819569904238,1.27926526228562
A,1403,20230710,2,6,19,6000,377.924387622724,325.7683835444,-52.1560040783239,2408.77649820178,2356.62049412345,-52.1560040783238,-2.16524879403547
A,1404,20230710,2,6,20,6000,339.932962954602,332.234046437214,-7.69891651738817,2414.74711813041,2407.04820161303,-7.69891651738817,-0.318829100553973
A,1405,20230710,2,6,21,6000,426.560947580982,369.496890205218,-57.0640573757647,2545.39439828733,2488.33034091156,-57.0640573757646,-2.24185522739267
A,1406,20230710,2,6,22,6000,464.660218622786,361.83278081939,-102.827437803396,2638.24764044918,2535.42020264578,-102.827437803396,-3.897565801893
A,1407,20230710,2,6,23,6000,578.12524868174,384.42475090384,-193.7004977779,2728.0841709122,2534.3836731343,-193.7004977779,-7.10023905578879
A,1408,20230710,2,6,24,6000,637.067269937666,363.653596719994,-273.413673217672,2808.83697794703,2535.42330472936,-273.413673217672,-9.73405275437199
A,1409,20230710,2,7,1,7000,1215.02992847046,885.460453660579,-329.569474809881,4869.42364043464,4539.85416562476,-329.569474809881,-6.76814134784264
A,1410,20230710,2,7,2,7000,1134.34353825204,945.005299557428,-189.33823869461,4877.595083007,4688.25684431239,-189.33823869461,-3.88179493115868
A,1411,20230710,2,7,3,7000,1055.48196435851,929.460394983552,-126.021569374955,4849.18045682185,4723.1588874469,-126.021569374954,-2.59882201739196
A,1412,20230710,2,7,4,7000,1233.91755123197,1088.38626865782,-145.531282574149,5139.27903246723,4993.74774989308,-145.531282574148,-2.83174510772346
A,1413,20230710,2,7,5,7000,1362.68379519825,1205.98229369909,-156.701501499164,5335.13818740185,5178.43668590268,-156.701501499164,-2.93715918866341
A,1414,20230710,2,7,6,7000,1168.3145261976,1192.71074281117,24.3962166135675,5002.84389706469,5027.24011367825,24.396216613568,0.487646968714773
A,1415,20230710,2,7,7,7000,991.796479912194,981.465566244789,-10.3309136674056,4424.88774890472,4414.55683523732,-10.3309136674052,-0.233472898153458
A,1416,20230710,2,7,8,7000,1076.46455323063,883.596656165736,-192.867897064897,4150.10607250566,3957.23817544077,-192.867897064897,-4.64730042305765
A,1417,20230710,2,7,9,7000,1082.13081170719,804.832427606475,-277.29838410071,3965.23314404759,3687.93475994688,-277.29838410071,-6.99324286938781
A,1418,20230710,2,7,10,7000,1099.58337524804,818.201475242733,-281.381900005308,3874.0727098907,3592.69080988539,-281.381900005308,-7.26320647743462
A,1419,20230710,2,7,11,7000,914.203760573694,665.685502514366,-248.518258059328,3573.5002739793,3324.98201591997,-248.518258059328,-6.95447709543865
A,1420,20230710,2,7,12,7000,754.782600500483,579.851653789814,-174.930946710668,3303.84801453001,3128.91706781934,-174.930946710669,-5.29476374038209
A,1421,20230710,2,7,13,7000,671.007713586283,568.43712106053,-102.570592525754,3172.69807361656,3070.12748109081,-102.570592525754,-3.23291375812617
A,1422,20230710,2,7,14,7000,531.156642805762,489.928843270002,-41.2277995357599,3005.83044927061,2964.60264973485,-41.2277995357599,-1.37159431416913
A,1423,20230710,2,7,15,7000,478.984745123536,463.377865641629,-15.6068794819077,2903.29114659629,2887.68426711439,-15.6068794819075,-0.537558194954179
A,1424,20230710,2,7,16,7000,426.536167473773,411.911397340205,-14.6247701335679,2848.6201637065,2833.99539357293,-14.6247701335678,-0.513398392663862
A,1425,20230710,2,7,17,7000,341.486526424668,369.566910294694,28.0803838700253,2744.19162305292,2772.27200692294,28.0803838700253,1.02326614636284
A,1426,20230710,2,7,18,7000,465.792206248009,392.659593025377,-73.1326132226326,2831.61370141924,2758.48108819661,-73.1326132226327,-2.58271858149216
A,1427,20230710,2,7,19,7000,380.301107595242,392.805531852778,12.5044242575367,2823.81189340783,2836.31631766537,12.5044242575368,0.442820723530781
A,1428,20230710,2,7,20,7000,443.742464015351,411.090831153974,-32.651632861377,2928.52702682512,2895.87539396375,-32.651632861377,-1.11495070942799
A,1429,20230710,2,7,21,7000,544.51829838911,429.327231776245,-115.191066612865,3060.07800709271,2944.88694047984,-115.191066612866,-3.76431797966828
A,1430,20230710,2,7,22,7000,617.96321384682,417.639206745089,-200.32400710173,3109.05911766979,2908.73511056806,-200.32400710173,-6.44323570314967
A,1431,20230710,2,7,23,7000,654.718778764059,406.735044525106,-247.983734238953,3142.49974247455,2894.51600823559,-247.983734238953,-7.89128892795642
A,1432,20230710,2,8,1,8000,1301.65021280875,1048.90560636251,-252.744606446237,5489.9424985401,5237.19789209386,-252.744606446237,-4.60377511264367
A,1433,20230710,2,8,2,8000,1219.59212458668,1017.06218677179,-202.529937814887,5406.84682234499,5204.3168845301,-202.529937814887,-3.74580498522517
A,1434,20230710,2,8,3,8000,1299.58307199943,1138.6962875581,-160.886784441333,5542.44183082485,5381.55504638352,-160.886784441333,-2.90281412691686
A,1435,20230710,2,8,4,8000,1481.20652993047,1241.11132686335,-240.095203067117,5831.76849513398,5591.67329206686,-240.095203067117,-4.11702219090919
A,1436,20230710,2,8,5,8000,1486.82682675309,1277.96831184394,-208.858514909154,5875.35290359271,5666.49438868356,-208.858514909153,-3.55482501793958
A,1437,20230710,2,8,6,8000,1325.34711341249,1312.81296155045,-12.5341518620387,5552.84414994844,5540.3099980864,-12.5341518620389,-0.225724899233041
A,1438,20230710,2,8,7,8000,1123.82645736074,1075.51099483002,-48.3154625307275,4949.25741822257,4900.94195569184,-48.315462530727,-0.976216398703274
A,1439,20230710,2,8,8,8000,1168.75109604548,968.277580308409,-200.473515737067,4585.75200215305,4385.27848641598,-200.473515737067,-4.37166064896102
A,1440,20230710,2,8,9,8000,1184.83196158268,890.258362457099,-294.573599125585,4403.32444922869,4108.75085010311,-294.573599125584,-6.68980000274982
A,1441,20230710,2,8,10,8000,1158.30486821462,874.921395088913,-283.383473125706,4266.7616479823,3983.37817485659,-283.383473125706,-6.64165229992903
A,1442,20230710,2,8,11,8000,1002.07157919898,732.576711995343,-269.494867203637,3996.33747719676,3726.84260999313,-269.494867203637,-6.74354627809547
A,1443,20230710,2,8,12,8000,795.150745141123,640.423139205379,-154.727605935744,3712.91278980743,3558.18518387168,-154.727605935744,-4.16728360441153
A,1444,20230710,2,8,13,8000,688.189230020652,610.031062009286,-78.1581680113662,3555.83070215436,3477.672534143,-78.1581680113663,-2.19802838093537
A,1445,20230710,2,8,14,8000,611.014722572085,557.423294226856,-53.5914283452291,3427.66081591414,3374.06938756891,-53.5914283452294,-1.56349858470278
A,1446,20230710,2,8,15,8000,518.822710288616,496.592321482878,-22.2303888057377,3284.26609335388,3262.03570454815,-22.2303888057377,-0.676875386276514
A,1447,20230710,2,8,16,8000,444.187676300166,454.992845145318,10.8051688451511,3182.28292823402,3193.08809707917,10.805168845151,0.339541426354169
A,1448,20230710,2,8,17,8000,524.513699214587,449.379512871556,-75.134186343031,3224.30263951084,3149.16845316781,-75.1341863430312,-2.33024609484021
A,1449,20230710,2,8,18,8000,468.168926220527,459.696741333755,-8.47218488677191,3246.64909662529,3238.17691173852,-8.47218488677208,-0.260951665382577
A,1450,20230710,2,8,19,8000,484.110608655991,471.662316569539,-12.4482920864521,3337.59180210254,3325.14351001609,-12.4482920864521,-0.372972275357644
A,1451,20230710,2,8,20,8000,561.699814823479,470.921172725001,-90.7786420984777,3443.21063563051,3352.43199353203,-90.7786420984776,-2.63645334848516
A,1452,20230710,2,8,21,8000,697.821293613143,485.133657701943,-212.6876359112,3530.88948431333,3318.20184840213,-212.6876359112,-6.02362766821524
A,1453,20230710,2,8,22,8000,694.556743929138,439.949500366355,-254.607243562783,3523.47468923214,3268.86744566935,-254.607243562783,-7.22602731732035
A,1454,20230710,2,9,1,9000,1386.89879914339,1120.96249357688,-265.936305566514,6019.19423787809,5753.25793231158,-265.936305566514,-4.41813796094182
A,1455,20230710,2,9,2,9000,1463.69323222761,1226.29807934634,-237.395152881265,6100.10819634799,5862.71304346672,-237.395152881265,-3.89165479103123
A,1456,20230710,2,9,3,9000,1546.87205069793,1291.42134576363,-255.450704934301,6234.93129349161,5979.48058855731,-255.450704934301,-4.09708933282001
A,1457,20230710,2,9,4,9000,1605.34956148531,1313.0973450082,-292.252216477106,6371.98321132484,6079.73099484774,-292.252216477106,-4.58651893428863
A,1458,20230710,2,9,5,9000,1643.85941396798,1398.07053058322,-245.78888338476,6425.35315647647,6179.56427309171,-245.78888338476,-3.82529765133635
A,1459,20230710,2,9,6,9000,1457.37709086104,1406.85839013568,-50.5187007253603,6077.21381926629,6026.69511854093,-50.5187007253598,-0.831280620161873
A,1460,20230710,2,9,7,9000,1216.11300017559,1160.19191897269,-55.9210812028969,5384.90334786995,5328.98226666706,-55.9210812028969,-1.03847882850148
A,1461,20230710,2,9,8,9000,1271.45224592097,1053.70351515903,-217.748730761941,5023.84330733415,4806.09457657221,-217.74873076194,-4.33430577828843
A,1462,20230710,2,9,9,9000,1243.55345454926,946.978282303279,-296.575172245983,4796.01338732029,4499.43821507431,-296.575172245983,-6.1837853295003
A,1463,20230710,2,9,10,9000,1246.1726868399,941.812604569889,-304.360082270015,4689.59885119976,4385.23876892975,-304.360082270015,-6.4901091101246
A,1464,20230710,2,9,11,9000,1042.43972383962,793.148197410908,-249.291526428712,4405.40225247418,4156.11072604547,-249.291526428712,-5.65876876030342
A,1465,20230710,2,9,12,9000,812.332261575491,682.017080154136,-130.315181421356,4096.04541834522,3965.73023692387,-130.315181421356,-3.18148770611051
A,1466,20230710,2,9,13,9000,768.047309786976,677.52551296614,-90.5217968208356,3977.6610687979,3887.13927197706,-90.5217968208353,-2.2757544007688
A,1467,20230710,2,9,14,9000,650.852687737165,590.637750068105,-60.2149376690592,3808.63576267173,3748.42082500267,-60.2149376690591,-1.58101066684357
A,1468,20230710,2,9,15,9000,536.474219115009,539.67376928799,3.19955017298139,3617.9288578814,3621.12840805438,3.19955017298162,0.0884359615311845
A,1469,20230710,2,9,16,9000,627.214849090085,534.80544772218,-92.4094013679052,3662.39394469194,3569.98454332403,-92.409401367905,-2.52319665124605
A,1470,20230710,2,9,17,9000,526.890419187105,516.416661179935,-10.4737580071703,3639.33803471689,3628.86427670972,-10.4737580071705,-0.287792942212506
A,1471,20230710,2,9,18,9000,571.978427281277,538.553526050516,-33.4249012307607,3760.42900532,3727.00410408924,-33.424901230761,-0.88885872286044
A,1472,20230710,2,9,19,9000,602.067959464119,531.492658140566,-70.5753013235527,3852.27541090793,3781.70010958437,-70.5753013235526,-1.83204194393046
A,1473,20230710,2,9,20,9000,715.002810047512,526.7275986507,-188.275211396812,3914.02211285112,3725.74690145431,-188.275211396812,-4.81027459652406
A,1474,20230710,2,9,21,9000,774.414823695462,507.44395132321,-266.970872372252,3945.30505587567,3678.33418350342,-266.970872372252,-6.7667992358324
A,1475,20230710,2,10,1,10000,1630.99990678432,1330.19838615143,-300.801520632892,6712.45561188109,6411.6540912482,-300.801520632892,-4.48124409345026
A,1476,20230710,2,10,2,10000,1710.9822109261,1379.02313755187,-331.959073374233,6792.59765901474,6460.63858564051,-331.959073374233,-4.88707104466399
A,1477,20230710,2,10,3,10000,1671.01508225277,1363.40736390848,-307.607718344291,6775.14600968247,6467.53829133818,-307.60771834429,-4.54023747834635
A,1478,20230710,2,10,4,10000,1762.3821487002,1433.19956374748,-329.182584952713,6921.9834642086,6592.80087925589,-329.182584952712,-4.75561068088088
A,1479,20230710,2,10,5,10000,1775.88939141653,1492.11595916845,-283.773432248082,6949.72282579431,6665.94939354623,-283.773432248081,-4.08323381178367
A,1480,20230710,2,10,6,10000,1549.66363367588,1491.53931427835,-58.1243193975301,6512.85974891367,6454.73542951614,-58.1243193975297,-0.892454645706514
A,1481,20230710,2,10,7,10000,1318.81415005108,1245.61785382331,-73.1962962277712,5822.99465305105,5749.79835682328,-73.1962962277712,-1.25702152567526
A,1482,20230710,2,10,8,10000,1330.17373888755,1110.42343500521,-219.750303882339,5416.53224542575,5196.78194154341,-219.750303882339,-4.05702936722878
A,1483,20230710,2,10,9,10000,1331.42127317455,1013.86949178426,-317.551781390291,5218.85059053775,4901.29880914746,-317.551781390292,-6.08470727186637
A,1484,20230710,2,10,10,10000,1286.54083148054,1002.38408998545,-284.15674149509,5098.66362647718,4814.50688498209,-284.15674149509,-5.57316117147783
A,1485,20230710,2,10,11,10000,1059.62124027399,834.742138359665,-224.879101914324,4788.53488101198,4563.65577909765,-224.879101914324,-4.69619847202197
A,1486,20230710,2,10,12,10000,892.190341341815,749.51153111099,-142.678810230825,4517.87578498876,4375.19697475793,-142.678810230826,-3.15809502122424
A,1487,20230710,2,10,13,10000,807.885274952055,710.73996880739,-97.1453061446655,4358.63601555548,4261.49070941082,-97.1453061446655,-2.22880061097015
A,1488,20230710,2,10,14,10000,668.504196563558,633.719197873218,-34.7849986903401,4142.29852719925,4107.51352850891,-34.7849986903402,-0.839751130005098
A,1489,20230710,2,10,15,10000,719.501391904928,619.486371864853,-100.015020040075,4098.03987433932,3998.02485429925,-100.015020040075,-2.44055751302808
A,1490,20230710,2,10,16,10000,629.591569062603,601.842596030559,-27.7489730320445,4077.42933989799,4049.68036686595,-27.7489730320444,-0.680550678353108
A,1491,20230710,2,10,17,10000,630.699920247855,595.273445896696,-35.4264743511591,4153.1179434116,4117.69146906044,-35.4264743511594,-0.85300910867121
A,1492,20230710,2,10,18,10000,689.935778089404,598.383867621543,-91.5519104678614,4275.11261412539,4183.56070365753,-91.5519104678615,-2.14150874447997
A,1493,20230710,2,10,19,10000,755.370954688152,587.299084066265,-168.071870621887,4323.08688812854,4155.01501750665,-168.071870621887,-3.88777452249277
A,1494,20230710,2,10,20,10000,791.59634012983,549.037892271966,-242.558447857864,4328.43768441347,4085.8792365556,-242.558447857864,-5.60383365876579
B,1,20200817,2,1,1,1000,281.012093173473,216.364919928099,-64.6471732453735,657.13104951947,592.483876274096,-64.6471732453736,-9.83779008656601
B,2,20200817,2,1,2,1000,64.0188446132013,178.687953352022,114.669108738821,520.202198118402,634.871306857223,114.669108738821,22.0431803544054
B,3,20200817,2,1,3,1000,142.077173754992,135.939514798307,-6.13765895668467,495.177544828412,489.039885871728,-6.13765895668467,-1.23948652776884
B,4,20200817,2,1,4,1000,132.989550426557,198.767568483988,65.7780180574312,506.41411022932,572.192128286751,65.7780180574313,12.9889781364198
B,5,20200817,2,1,5,1000,202.899554095715,194.979510560558,-7.92004353515645,538.327982716277,530.407939181121,-7.92004353515642,-1.47123014025645
B,6,20200817,2,1,6,1000,150.05905205201,103.594870371707,-46.4641816803025,471.351227029684,424.887045349381,-46.4641816803025,-9.85765582347289
B,7,20200817,2,1,7,1000,99.9236935915419,95.5783511443341,-4.34534244720786,449.961582382147,445.616239934939,-4.34534244720783,-0.965714100346767
B,8,20200817,2,2,1,2000,345.030937786674,395.052873280121,50.021935493447,1177.33324763787,1227.35518313132,50.021935493447,4.24874907710352
B,9,20200817,2,2,2,2000,206.096018368193,314.627468150329,108.531449782136,1015.37974294681,1123.91119272895,108.531449782136,10.6887546788316
B,10,20200817,2,2,3,2000,275.066724181549,334.707083282295,59.6403591007466,1001.59165505773,1061.23201415848,59.6403591007468,5.95455830722841
B,11,20200817,2,2,4,2000,335.889104522272,393.747079044546,57.8579745222748,1044.7420929456,1102.60006746787,57.8579745222748,5.53801506734999
B,12,20200817,2,2,5,2000,352.958606147724,298.574380932265,-54.384225215459,1009.67920974596,955.294984530502,-54.384225215459,-5.38628751493677
B,13,20200817,2,2,6,2000,249.982745643551,199.173221516041,-50.8095241275104,921.312809411831,870.50328528432,-50.8095241275104,-5.51490477593027
B,14,20200817,2,3,1,3000,487.108111541666,530.992388078428,43.8842765367624,1672.51079246628,1716.39506900305,43.8842765367624,2.62385610511073
B,15,20200817,2,3,2,3000,339.08556879475,513.395036634317,174.309467839567,1521.79385317613,1696.1033210157,174.309467839567,11.4542102713693
B,16,20200817,2,3,3,3000,477.966278277263,529.686593842854,51.7203155655902,1539.91963777401,1591.6399533396,51.7203155655905,3.35863731437008
B,17,20200817,2,3,4,3000,485.948156574281,497.341949416253,11.3937928419722,1516.09331997528,1527.48711281725,11.3937928419723,0.75152318738256
B,18,20200817,2,3,5,3000,452.882299739266,394.152732076599,-58.7295676626669,1459.64079212811,1400.91122446544,-58.7295676626668,-4.02356305602018
B,19,20200817,2,4,1,4000,620.097661968223,729.759956562416,109.662294594194,2178.9249026956,2288.5871972898,109.662294594194,5.03286251208233
B,20,20200817,2,4,2,4000,541.985122890465,708.374547194875,166.389424304411,2060.12183589241,2226.51126019682,166.389424304411,8.07667883546964
B,21,20200817,2,4,3,4000,628.025330329273,633.281464214561,5.25613388528757,2011.27086480369,2016.52699868898,5.25613388528768,0.261333964373849
B,22,20200817,2,4,4,4000,585.871850165823,592.920300560587,7.04845039476436,1966.05490235743,1973.10335275219,7.04845039476436,0.358507302431525
B,23,20200817,2,5,1,5000,822.997216063937,924.739467122975,101.742251059037,2717.25288541188,2818.99513647092,101.742251059037,3.74430556704017
B,24,20200817,2,5,2,5000,692.044174942474,811.969417566582,119.925242624108,2531.4730629221,2651.3983055462,119.925242624108,4.73736988872707
B,25,20200817,2,5,3,5000,727.949023920815,728.859815358894,0.910791438079627,2461.23244718584,2462.14323862392,0.910791438080196,0.0370055026343241
B,26,20200817,2,6,1,6000,973.056268115947,1028.33433749468,55.2780693787346,3188.60411244157,3243.8821818203,55.278069378734,1.73361343802592
B,27,20200817,2,6,2,6000,791.967868534016,907.547768710916,115.5799001769,2981.43464530424,3097.01454548114,115.579900176901,3.87665382365295
B,28,20200817,2,7,1,7000,1072.97996170749,1123.91268863902,50.932726931527,3638.56569482371,3689.49842175524,50.9327269315268,1.39980231781948
B,29,20200817,3,1,1,1000,120.619500473481,114.715540978297,-5.90395949518393,538.289495246598,532.385535751414,-5.90395949518393,-1.09680005783491
B,30,20200817,3,1,2,1000,143.944542679187,83.3737236134885,-60.5708190656987,472.157952429705,411.587133364006,-60.5708190656987,-12.8285076538484
B,31,20200817,3,1,3,1000,160.273125034967,115.450457869898,-44.8226671650684,486.826952981136,442.004285816068,-44.8226671650684,-9.20710467869375
B,32,20200817,3,2,1,2000,264.564043152668,198.089264591785,-66.4747785608826,1010.4474476763,943.97266911542,-66.4747785608827,-6.57874674370773
B,33,20200817,3,2,2,2000,304.217667714154,198.824181483387,-105.393486230767,958.984905410841,853.591419180074,-105.393486230767,-10.9901089825408
B,34,20200817,3,3,1,3000,424.837168187635,313.539722461684,-111.297445725951,1497.27440065744,1385.97695493149,-111.297445725951,-7.43333657992693
B,35,20200817,4,1,1,1000,30.429672212422,33.2858572732497,2.85618506082771,369.391076024566,372.247261085393,2.85618506082773,0.773214418595695
B,36,20200817,4,1,2,1000,288.483574857942,108.823452954114,-179.660121903828,624.88829778262,445.228175878792,-179.660121903828,-28.7507579420741
B,37,20200817,4,1,3,1000,144.291353751634,62.9832700098757,-81.3080837417579,439.749746283044,358.441662541286,-81.3080837417579,-18.4896260723307
B,38,20200817,4,1,4,1000,218.630640236856,54.8246433567214,-163.805996880134,513.304410970004,349.498414089869,-163.805996880134,-31.9120571301124
B,39,20200817,4,1,5,1000,231.864157764469,112.347845297504,-119.516312466965,536.562571989327,417.046259522362,-119.516312466965,-22.2744408026549
B,40,20200817,4,1,6,1000,498.085356635317,227.266320164024,-270.819036471293,805.880339984833,535.06130351354,-270.819036471293,-33.6053658383563
B,41,20200817,4,1,7,1000,337.813613707352,128.371047027321,-209.442566680031,703.449439476087,494.006872796056,-209.442566680031,-29.773648954219
B,42,20200817,4,1,8,1000,86.2968163250767,118.661323532788,32.364507207711,476.510665819791,508.875173027502,32.364507207711,6.79197959861633
B,43,20200817,4,1,9,1000,209.335579756232,116.807417711917,-92.5281620443151,582.730046272963,490.201884228648,-92.5281620443151,-15.8783921708017
B,44,20200817,4,1,10,1000,725.108502562487,159.169523713356,-565.93897884913,1098.47283609328,532.533857244146,-565.93897884913,-51.5205256109832
B,45,20200817,4,1,11,1000,300.202284084243,228.340188622224,-71.862095462019,655.931067356503,584.068971894484,-71.8620954620189,-10.9557389546486
B,46,20200817,4,1,12,1000,80.0091067331391,55.2120878959706,-24.7970188371685,419.399311220665,394.602292383497,-24.7970188371685,-5.91250824065412
B,47,20200817,4,1,13,1000,202.563130210132,86.9660519395336,-115.597078270598,541.308808766026,425.711730495428,-115.597078270598,-21.3551075464881
B,48,20200817,4,1,14,1000,241.521959503036,51.3260388123554,-190.19592069068,585.121632989213,394.925712298533,-190.19592069068,-32.5053646912738
B,49,20200817,4,1,15,1000,64.9735413658009,58.2423010582426,-6.73124030755828,401.402379860825,394.671139553267,-6.73124030755827,-1.67693084178827
B,50,20200817,4,1,16,1000,196.155577449358,99.360990302564,-96.7945871467942,532.609053353575,435.814466206781,-96.7945871467942,-18.1736653812635
B,51,20200817,4,1,17,1000,728.909039612944,159.847828001868,-569.061211611076,1072.51461150437,503.453399893296,-569.061211611076,-53.0585975712608
B,52,20200817,4,1,18,1000,200.522067803891,82.7276778116316,-117.79438999226,542.102163494988,424.307773502729,-117.79438999226,-21.7291864752627
B,53,20200817,4,1,19,1000,292.626864661817,116.905809541741,-175.721055120076,664.816433158336,489.09537803826,-175.721055120076,-26.4315149800495
B,54,20200817,4,1,20,1000,139.404804712132,107.508135941484,-31.8966687706484,522.919102624577,491.022433853929,-31.8966687706484,-6.09973294350048
B,55,20200817,4,1,21,1000,143.400315423458,160.87848374425,17.4781683207925,520.940263507609,538.418431828402,17.4781683207925,3.3551194916492
B,56,20200817,4,1,22,1000,120.93764485819,138.505567590105,17.567922731915,487.94695335998,505.514876091895,17.567922731915,3.60037553486975
B,57,20200817,4,1,23,1000,55.0025890494198,80.3703184254755,25.3677293760557,404.985045137902,430.352774513958,25.3677293760557,6.26386817997629
B,58,20200817,4,1,24,1000,264.074977061607,202.430318020726,-61.644659040881,624.50495064952,562.860291608639,-61.6446590408809,-9.87096402947119
B,59,20200817,4,1,25,1000,37.4224766914249,28.8138301790523,-8.6086465123726,404.66244994252,396.053803430147,-8.60864651237262,-2.12736479838824
B,60,20200817,4,1,26,1000,463.535803797878,407.62626025691,-55.9095435409677,824.909946757247,769.000403216279,-55.9095435409677,-6.77765418646608
B,61,20200817,4,1,27,1000,78.2446450384223,50.2761294645172,-27.9685155739051,428.507315643037,400.538800069132,-27.9685155739051,-6.52696338029475
B,62,20200817,4,1,28,1000,207.367652700419,98.8447867369193,-108.5228659635,559.310429454226,450.787563490727,-108.5228659635,-19.4029755657151
B,63,20200817,4,1,29,1000,110.495769776407,137.304266763219,26.8084969868129,469.274219994222,496.082716981035,26.8084969868129,5.71275724184102
B,64,20200817,4,1,30,1000,358.902611633133,178.155424252733,-180.747187380401,713.343082114967,532.595894734566,-180.747187380401,-25.3380444714638
B,65,20200817,4,1,31,1000,104.308190309815,76.4747981268028,-27.8333921830126,455.286229535021,427.452837352008,-27.8333921830126,-6.1133832691225
B,66,20200817,4,1,32,1000,102.373226881056,68.3587797086984,-34.0144471723579,443.662541377253,409.648094204895,-34.0144471723579,-7.66673856818463
B,67,20200817,4,1,33,1000,218.363023583834,120.267555235891,-98.0954683479423,558.45172488406,460.356256536118,-98.0954683479422,-17.565612921745
B,68,20200817,4,2,1,2000,318.913247070364,142.109310227363,-176.803936843,994.279373807185,817.475436964185,-176.803936843,-17.7821185373686
B,69,20200817,4,2,2,2000,432.774928609575,171.806722963989,-260.968205645586,1064.63804406566,803.669838420077,-260.968205645586,-24.5123877641076
B,70,20200817,4,2,3,2000,362.921993988489,117.807913366597,-245.114080621892,953.054157253048,707.940076631155,-245.114080621892,-25.7187987436491
B,71,20200817,4,2,4,2000,450.494798001325,167.172488654226,-283.322309347099,1049.86698295933,766.544673612231,-283.322309347099,-26.9864958081146
B,72,20200817,4,2,5,2000,729.949514399786,339.614165461528,-390.335348938258,1342.44291197416,952.107563035902,-390.335348938258,-29.076495205613
B,73,20200817,4,2,6,2000,835.898970342669,355.637367191345,-480.261603151324,1509.32977946092,1029.0681763096,-480.261603151324,-31.819527427787
B,74,20200817,4,2,7,2000,424.110430032429,247.032370560109,-177.07805947232,1179.96010529588,1002.88204582356,-177.07805947232,-15.007122586396
B,75,20200817,4,2,8,2000,295.632396081309,235.468741244705,-60.1636548366041,1059.24071209275,999.07705725615,-60.1636548366041,-5.6798850487665
B,76,20200817,4,2,9,2000,934.444082318719,275.976941425273,-658.467140893446,1681.20288236624,1022.73574147279,-658.467140893446,-39.1664294535752
B,77,20200817,4,2,10,2000,1025.31078664673,387.509712335581,-637.801074311149,1754.40390344978,1116.60282913863,-637.801074311149,-36.3542895143477
B,78,20200817,4,2,11,2000,380.211390817382,283.552276518195,-96.6591142991875,1075.33037857717,978.671264277981,-96.6591142991874,-8.98878300332988
B,79,20200817,4,2,12,2000,282.572236943271,142.178139835504,-140.394097107767,960.708119986692,820.314022878925,-140.394097107767,-14.6136057546502
B,80,20200817,4,2,13,2000,444.085089713168,138.292090751889,-305.792998961279,1126.43044175524,820.637442793961,-305.792998961279,-27.1470822898556
B,81,20200817,4,2,14,2000,306.495500868837,109.568339870598,-196.927160998239,986.524012850038,789.5968518518,-196.927160998239,-19.9617199817896
B,82,20200817,4,2,15,2000,261.129118815159,157.603291360807,-103.525827454352,934.0114332144,830.485605760048,-103.525827454352,-11.0840000210777
B,83,20200817,4,2,16,2000,925.064617062302,259.208818304432,-665.85579875787,1605.12366485795,939.267866100077,-665.85579875787,-41.4831463354444
B,84,20200817,4,2,17,2000,929.431107416835,242.5755058135,-686.855601603336,1614.61677499936,927.761173396024,-686.855601603336,-42.539852938392
B,85,20200817,4,2,18,2000,493.148932465709,199.633487353373,-293.515445112336,1206.91859665332,913.403151540988,-293.515445112336,-24.3194069530644
B,86,20200817,4,2,19,2000,432.03166937395,224.413945483225,-207.617723890725,1187.73553578291,980.117811892188,-207.617723890725,-17.4801306886781
B,87,20200817,4,2,20,2000,282.80512013559,268.386619685734,-14.418500449856,1043.85936613219,1029.44086568233,-14.4185004498559,-1.38126848478457
B,88,20200817,4,2,21,2000,264.337960281648,299.384051334355,35.0460910527074,1008.88721686759,1043.9333079203,35.0460910527074,3.47373724899787
B,89,20200817,4,2,22,2000,175.94023390761,218.87588601558,42.9356521079707,892.931998497883,935.867650605854,42.9356521079707,4.80838990877226
B,90,20200817,4,2,23,2000,319.077566111026,282.800636446201,-36.2769296648253,1029.48999578742,993.213066122597,-36.2769296648253,-3.5237768033946
B,91,20200817,4,2,24,2000,301.497453753032,231.244148199778,-70.2533055532536,1029.16740059204,958.914095038786,-70.2533055532535,-6.82622725057552
B,92,20200817,4,2,25,2000,500.958280489303,436.440090435962,-64.5181900533403,1229.57239669977,1165.05420664643,-64.5181900533403,-5.24720546968282
B,93,20200817,4,2,26,2000,541.7804488363,457.902389721427,-83.8780591148727,1253.41726240028,1169.53920328541,-83.8780591148727,-6.69195020932191
B,94,20200817,4,2,27,2000,285.612297738841,149.120916201437,-136.491381537405,987.817745097263,851.326363559859,-136.491381537405,-13.8174660472378
B,95,20200817,4,2,28,2000,317.863422476826,236.149053500139,-81.7143689766869,1028.58464944845,946.870280471762,-81.714368976687,-7.94435042565569
B,96,20200817,4,2,29,2000,469.39838140954,315.459691015952,-153.938690393588,1182.61730210919,1028.6786117156,-153.938690393588,-13.0167798254803
B,97,20200817,4,2,30,2000,463.210801942949,254.630222379535,-208.580579563413,1168.62931164999,960.048732086574,-208.580579563413,-17.8483097663295
B,98,20200817,4,2,31,2000,206.681417190872,144.833577835501,-61.8478393553706,898.948770912273,837.100931556903,-61.8478393553705,-6.88001823425444
B,99,20200817,4,2,32,2000,320.73625046489,188.62633494459,-132.1099155203,1002.11426626131,870.004350741013,-132.1099155203,-13.1831189284607
B,100,20200817,4,3,1,3000,463.204600821997,205.092580237239,-258.112020584758,1434.02912009023,1175.91709950547,-258.112020584758,-17.9990780499993
B,101,20200817,4,3,2,3000,651.405568846431,226.631366320711,-424.77420252572,1577.94245503567,1153.16825250995,-424.77420252572,-26.9194989443464
B,102,20200817,4,3,3,3000,594.786151752959,230.155758664102,-364.630393088857,1489.61672924237,1124.98633615352,-364.630393088857,-24.4781349410804
B,103,20200817,4,3,4,3000,948.580154636642,394.43880881825,-554.141345818393,1855.74732294416,1301.60597712577,-554.141345818393,-29.8608188176848
B,104,20200817,4,3,5,3000,1067.76312810714,467.985212488849,-599.777915618289,2045.89235145025,1446.11443583196,-599.777915618289,-29.3162010793545
B,105,20200817,4,3,6,3000,922.195786667746,474.298690724132,-447.897095943613,1985.84044528071,1537.9433493371,-447.897095943613,-22.5545358897301
B,106,20200817,4,3,7,3000,633.446009788661,363.839788272026,-269.606221516635,1762.69015156884,1493.08393005221,-269.606221516635,-15.295156739639
B,107,20200817,4,3,8,3000,1020.7408986438,394.638264958061,-626.102633685734,2157.71354818603,1531.6109145003,-626.102633685734,-29.0169487146286
B,108,20200817,4,3,9,3000,1234.64636640296,504.317130047497,-730.329236355465,2337.13394972274,1606.80471336728,-730.329236355465,-31.2489250537867
B,109,20200817,4,3,10,3000,1105.31989337987,442.721800231551,-662.598093148318,2173.80321467045,1511.20512152213,-662.598093148318,-30.481052225731
B,110,20200817,4,3,11,3000,582.774521027514,370.518328457729,-212.256192569786,1616.63918734319,1404.38299477341,-212.256192569786,-13.1294721933971
B,111,20200817,4,3,12,3000,524.094196446307,193.50417864786,-330.590017798447,1545.8297529759,1215.23973517746,-330.590017798447,-21.3859266948396
B,112,20200817,4,3,13,3000,509.058631078969,196.534391810132,-312.524239268837,1527.83282161606,1215.30858234723,-312.524239268837,-20.4553950436976
B,113,20200817,4,3,14,3000,502.651078318195,208.929330173162,-293.721748145033,1519.13306620361,1225.41131805858,-293.721748145033,-19.3348268614189
B,114,20200817,4,3,15,3000,990.038158428103,317.451119362674,-672.587039065429,2006.52604471877,1333.93900565334,-672.587039065429,-33.5199755236517
B,115,20200817,4,3,16,3000,1125.58668486619,341.936496116064,-783.65018875013,2147.22582835294,1363.57563960281,-783.65018875013,-36.4959371484108
B,116,20200817,4,3,17,3000,1222.05797207865,359.481315355241,-862.576656723412,2279.4332081577,1416.85655143428,-862.576656723412,-37.8417166880082
B,117,20200817,4,3,18,3000,632.553737177841,307.141623294857,-325.412113882984,1729.8376992779,1404.42558539492,-325.412113882984,-18.8117136086711
B,118,20200817,4,3,19,3000,575.431984797407,385.292429227475,-190.139555569932,1708.67579929052,1518.53624372059,-190.139555569932,-11.1278895416487
B,119,20200817,4,3,20,3000,403.74276499378,406.892187275839,3.14942228205905,1531.80631949217,1534.95574177423,3.14942228205905,0.205601859842383
B,120,20200817,4,3,21,3000,319.340549331067,379.754369759831,60.4138204287631,1413.87226200549,1474.28608243426,60.4138204287631,4.27293342208084
B,121,20200817,4,3,22,3000,440.015210969216,421.306204036306,-18.7090069329102,1517.4369491474,1498.72794221449,-18.7090069329101,-1.23293471556905
B,122,20200817,4,3,23,3000,356.500042802451,311.614466625253,-44.8855761771979,1434.15244572994,1389.26686955274,-44.8855761771979,-3.12976324872858
B,123,20200817,4,3,24,3000,765.033257550909,638.870408456688,-126.162849094221,1854.07734734929,1727.91449825507,-126.162849094221,-6.80461628392106
B,124,20200817,4,3,25,3000,579.202925527725,486.716219900479,-92.4867056272453,1658.0797123428,1565.59300671556,-92.4867056272453,-5.57794085162318
B,125,20200817,4,3,26,3000,749.148101536719,556.747176458347,-192.400925078372,1812.72769185451,1620.32676677614,-192.400925078372,-10.6138901029055
B,126,20200817,4,3,27,3000,396.108067515248,286.425182964656,-109.682884550592,1457.09196509149,1347.40908054089,-109.682884550592,-7.52751968841619
B,127,20200817,4,3,28,3000,676.766034109959,414.304477752871,-262.461556357088,1741.92773156342,1479.46617520633,-262.461556357088,-15.0673045500873
B,128,20200817,4,3,29,3000,573.706571719355,391.934489142755,-181.772082576601,1637.90353164421,1456.13144906761,-181.7720825766,-11.097850335186
B,129,20200817,4,3,30,3000,565.584028824005,322.989002088234,-242.595026735771,1612.29185302724,1369.69682629147,-242.595026735771,-15.0465950863843
B,130,20200817,4,3,31,3000,425.044440774705,265.101133071393,-159.943307703313,1457.40049579633,1297.45718809302,-159.943307703313,-10.9745610876795
B,131,20200817,4,4,1,4000,681.835241058853,259.91722359396,-421.918017464893,1947.33353106023,1525.41551359534,-421.918017464892,-21.6664485428532
B,132,20200817,4,4,2,4000,883.2697266109,338.979211618215,-544.290514992685,2114.50502702499,1570.21451203231,-544.290514992685,-25.7408002362839
B,133,20200817,4,4,3,4000,1092.87150838828,457.422078828125,-635.44942956015,2295.49706922721,1660.04763966706,-635.449429560151,-27.6824326233655
B,134,20200817,4,4,4,4000,1286.39376834399,522.80985584557,-763.583912498424,2559.19676242025,1795.61284992183,-763.583912498424,-29.8368583342649
B,135,20200817,4,4,5,4000,1154.05994443222,586.646536021637,-567.413408410578,2522.40301727004,1954.98960885946,-567.413408410579,-22.4949543956969
B,136,20200817,4,4,6,4000,1131.53136642398,591.106108436049,-540.425257987928,2568.57049155367,2028.14523356575,-540.425257987928,-21.0399231699122
B,137,20200817,4,4,7,4000,1358.55451235115,523.009311985382,-835.545200365765,2861.16298766212,2025.61778729635,-835.545200365766,-29.2029920689173
B,138,20200817,4,4,8,4000,1320.94318272804,622.978453580285,-697.964729147753,2813.64461554253,2115.67988639478,-697.964729147754,-24.8064281214552
B,139,20200817,4,4,9,4000,1314.6554731361,559.529217943468,-755.126255192633,2756.53326094341,2001.40700575078,-755.126255192633,-27.3940556383562
B,140,20200817,4,4,10,4000,1307.88302359,529.687852171085,-778.195171418916,2715.11202343647,1936.91685201756,-778.195171418916,-28.6616229717832
B,141,20200817,4,4,11,4000,824.29648053055,421.844367270084,-402.452113260466,2201.76082033241,1799.30870707194,-402.452113260466,-18.2786481412502
B,142,20200817,4,4,12,4000,589.067737812108,251.746479706102,-337.321258106005,1947.23213283673,1609.91087473072,-337.321258106005,-17.3231148160335
B,143,20200817,4,4,13,4000,705.214208528327,295.895382112696,-409.318826415631,2060.44187496964,1651.12304855401,-409.318826415631,-19.8655847266578
B,144,20200817,4,4,14,4000,1231.56011793114,368.77715817503,-862.782959756109,2591.64767770799,1728.86471795188,-862.782959756109,-33.2909047467108
B,145,20200817,4,4,15,4000,1190.56022623199,400.178797174306,-790.381429057688,2548.62820821376,1758.24677915607,-790.381429057688,-31.0120333169991
B,146,20200817,4,4,16,4000,1418.21354952801,458.842305657805,-959.371243870206,2812.04226151127,1852.67101764106,-959.371243870206,-34.1165300750001
B,147,20200817,4,4,17,4000,1361.46277679079,466.989451296725,-894.47332549406,2802.35231078227,1907.87898528821,-894.47332549406,-31.918660692751
B,148,20200817,4,4,18,4000,775.954052601299,468.020107039107,-307.933945562192,2250.77796278551,1942.84401722332,-307.933945562192,-13.6812226995994
B,149,20200817,4,4,19,4000,696.369629655597,523.79799681758,-172.571632838017,2196.6227526505,2024.05111981249,-172.571632838017,-7.85622531815205
B,150,20200817,4,4,20,4000,458.7453540432,487.262505701315,28.5171516581148,1936.79136463007,1965.30851628818,28.5171516581147,1.47239151200788
B,151,20200817,4,4,21,4000,583.415526392674,582.184687780556,-1.23083861211785,2038.37721265501,2037.14637404289,-1.23083861211785,-0.0603832600009626
B,152,20200817,4,4,22,4000,477.437687660641,450.120034215358,-27.3176534452828,1922.09939908992,1894.78174564464,-27.3176534452828,-1.4212404133843
B,153,20200817,4,4,23,4000,820.035846600329,719.240726882163,-100.795119718166,2259.06239248719,2158.26727276902,-100.795119718166,-4.46181212406408
B,154,20200817,4,4,24,4000,843.277902589331,689.146537921205,-154.131364668126,2282.58466299232,2128.4532983242,-154.131364668126,-6.75249278447661
B,155,20200817,4,4,25,4000,786.570578228144,585.561006637399,-201.009571590745,2217.39014179703,2016.38057020629,-201.009571590745,-9.06514229506954
B,156,20200817,4,4,26,4000,859.643871313126,694.051443221566,-165.59242809156,2282.00191184873,2116.40948375717,-165.59242809156,-7.25645439785838
B,157,20200817,4,4,27,4000,755.010679148381,464.580607217389,-290.430071930993,2170.43504720645,1880.00497527546,-290.430071930993,-13.381191586673
B,158,20200817,4,4,28,4000,781.074224419775,490.779275879674,-290.2949485401,2197.21396109844,1906.91901255834,-290.2949485401,-13.2119563082958
B,159,20200817,4,4,29,4000,676.079798600412,460.293268851453,-215.786529748959,2081.56607302146,1865.7795432725,-215.786529748958,-10.3665472139319
B,160,20200817,4,4,30,4000,783.947052407839,443.256557324125,-340.690495083714,2170.7435779113,1830.05308282759,-340.690495083714,-15.6946448466072
B,161,20200817,4,5,1,5000,913.699398823322,372.265068891465,-541.434329931858,2483.89610304956,1942.4617731177,-541.434329931857,-21.79778491005
B,162,20200817,4,5,2,5000,1381.35508324622,566.245531782239,-815.109551463979,2920.38536700983,2105.27581554585,-815.109551463978,-27.911027108678
B,163,20200817,4,5,3,5000,1430.68512209563,585.793125855446,-844.891996240181,2998.94650870329,2154.05451246311,-844.891996240181,-28.1729598640124
B,164,20200817,4,5,4,5000,1372.69058466907,641.471179378358,-731.219405290713,3035.70742824004,2304.48802294933,-731.219405290713,-24.0872818799484
B,165,20200817,4,5,5,5000,1363.39552418845,703.453953733554,-659.941570454894,3105.133063543,2445.19149308811,-659.941570454893,-21.2532460590237
B,166,20200817,4,5,6,5000,1856.63986898646,750.275632149406,-1106.36423683706,3667.04332764695,2560.67909080989,-1106.36423683706,-30.170470812162
B,167,20200817,4,5,7,5000,1658.75679643539,751.349500607606,-907.407295827785,3517.09405501862,2609.68675919084,-907.407295827785,-25.7999155448511
B,168,20200817,4,5,8,5000,1400.95228946118,678.190541476256,-722.761747984922,3233.0439267632,2510.28217877828,-722.761747984922,-22.3554570973158
B,169,20200817,4,5,9,5000,1517.21860334623,646.495269883002,-870.723333463231,3297.84206970943,2427.1187362462,-870.723333463231,-26.4028208464194
B,170,20200817,4,5,10,5000,1549.40498309304,581.01389098344,-968.391092109597,3300.23365642568,2331.84256431609,-968.391092109597,-29.3431069713534
B,171,20200817,4,5,11,5000,889.270021896351,480.086668328327,-409.183353568024,2603.16320019323,2193.97984662521,-409.183353568024,-15.7186976804854
B,172,20200817,4,5,12,5000,785.223315261466,351.107470008666,-434.1158452528,2479.84118619031,2045.72534093751,-434.1158452528,-17.5057922124326
B,173,20200817,4,5,13,5000,1434.12324814127,455.743210114564,-978.380038026707,3132.95648647401,2154.5764484473,-978.380038026707,-31.2286507090249
B,174,20200817,4,5,14,5000,1432.08218573503,451.504835986662,-980.577349748369,3133.74984120297,2153.1724914546,-980.577349748369,-31.2908623673659
B,175,20200817,4,5,15,5000,1483.18709089381,517.084606716047,-966.102484177764,3213.4446413721,2247.34215719433,-966.102484177764,-30.0643885922134
B,176,20200817,4,5,16,5000,1557.61835424014,566.350441599289,-991.267912640855,3334.96136413585,2343.69345149499,-991.267912640855,-29.7235201373228
B,177,20200817,4,5,17,5000,1504.86309221424,627.867935040975,-876.995157173268,3323.29257428988,2446.29741711661,-876.995157173268,-26.3893454328397
B,178,20200817,4,5,18,5000,896.891697459489,606.525674629212,-290.366022830277,2738.72491614549,2448.35889331521,-290.366022830277,-10.6022339490357
B,179,20200817,4,5,19,5000,751.372218705017,604.168315243056,-147.203903461961,2601.60779778841,2454.40389432644,-147.203903461961,-5.65818966206579
B,180,20200817,4,5,20,5000,722.820331104806,689.69282372204,-33.1275073827662,2561.29631527959,2528.16880789682,-33.1275073827665,-1.29338832001366
B,181,20200817,4,5,21,5000,620.838003084099,610.998517959609,-9.83948512449047,2443.03966259753,2433.20017747304,-9.83948512449024,-0.402755848590216
B,182,20200817,4,5,22,5000,940.973491458519,857.746294472268,-83.2271969862505,2747.00934584717,2663.78214886092,-83.2271969862504,-3.02973839940044
B,183,20200817,4,5,23,5000,898.280491638751,769.516856346681,-128.763635292071,2687.56970813023,2558.80607283816,-128.763635292071,-4.79108076350709
B,184,20200817,4,5,24,5000,1050.64555528975,787.991324658124,-262.654230631626,2841.89509244655,2579.24086181492,-262.654230631626,-9.24222119703618
B,185,20200817,4,5,25,5000,897.06634800455,722.865273400618,-174.201074603932,2686.66436179125,2512.46328718732,-174.201074603932,-6.48391652792048
B,186,20200817,4,5,26,5000,1218.54648294626,872.206867474299,-346.33961547196,2995.3449939637,2649.00537849174,-346.33961547196,-11.5625951658294
B,187,20200817,4,5,27,5000,859.318869458197,541.055405344191,-318.263464114005,2625.72127674147,2307.45781262747,-318.263464114005,-12.1209919321281
B,188,20200817,4,5,28,5000,883.447451300831,559.138055588373,-324.309395712458,2640.87650247569,2316.56710676323,-324.309395712458,-12.2803696200271
B,189,20200817,4,5,29,5000,894.442822184245,580.560824087345,-313.881998096901,2640.01779790552,2326.13579980862,-313.881998096901,-11.8893894710074
B,190,20200817,4,6,1,6000,1411.78475545864,599.531389055489,-812.253366403151,3289.77644303439,2477.52307663124,-812.25336640315,-24.6902298824279
B,191,20200817,4,6,2,6000,1719.16869695357,694.61657880956,-1024.55211814401,3623.83480648591,2599.2826883419,-1024.55211814401,-28.2725944436063
B,192,20200817,4,6,3,6000,1516.9819384207,704.454449388234,-812.52748903247,3475.45717452309,2662.92968549062,-812.527489032471,-23.379010249032
B,193,20200817,4,6,4,6000,1582.0261644253,758.278597090275,-823.747567335028,3618.437474513,2794.68990717798,-823.747567335027,-22.7652839972285
B,194,20200817,4,6,5,6000,2088.50402675093,862.62347744691,-1225.88054930402,4203.60589963628,2977.72535033225,-1225.88054930402,-29.1625946526075
B,195,20200817,4,6,6,6000,2156.84215307071,978.61582077163,-1178.22633229908,4322.97439500345,3144.74806270438,-1178.22633229908,-27.2549921568096
B,196,20200817,4,6,7,6000,1738.76590316853,806.561588503577,-932.204314664953,3936.49336623929,3004.28905157433,-932.204314664953,-23.6810843544119
B,197,20200817,4,6,8,6000,1603.51541967131,765.156593415789,-838.35882625552,3774.35273552923,2935.9939092737,-838.35882625552,-22.2119893131284
B,198,20200817,4,6,9,6000,1758.74056284927,697.821308695357,-1060.91925415391,3882.96370269865,2822.04444854474,-1060.91925415391,-27.3224097721175
B,199,20200817,4,6,10,6000,1614.37852445884,639.256192041683,-975.122332417155,3701.63603628651,2726.51370386936,-975.122332417155,-26.3430094925108
B,200,20200817,4,6,11,6000,1085.42559934571,579.447658630891,-505.977940714818,3135.77225354681,2629.79431283199,-505.977940714818,-16.1356724852233
B,201,20200817,4,6,12,6000,1514.13235487441,510.955298010534,-1003.17705686388,3552.35579769468,2549.1787408308,-1003.17705686388,-28.2397685928559
B,202,20200817,4,6,13,6000,1634.64531594516,538.470887926195,-1096.17442801897,3675.058649969,2578.88422195003,-1096.17442801897,-29.8273995716562
B,203,20200817,4,6,14,6000,1724.70905039685,568.410645528403,-1156.29840486844,3798.56627436131,2642.26786949286,-1156.29840486844,-30.4403904355431
B,204,20200817,4,6,15,6000,1622.59189560594,624.592742657531,-997.999152948413,3736.36374399667,2738.36459104826,-997.999152948413,-26.7104388471794
B,205,20200817,4,6,16,6000,1701.0186696636,727.228925343539,-973.789744320062,3855.90162764346,2882.1118833234,-973.789744320062,-25.2545276917553
B,206,20200817,4,6,17,6000,1625.80073707243,766.37350263108,-859.427234441353,3811.23952764986,2951.81229320851,-859.427234441353,-22.5498090111199
B,207,20200817,4,6,18,6000,951.894286508908,686.895993054687,-264.998293454221,3143.70996128339,2878.71166782917,-264.998293454221,-8.42947653307171
B,208,20200817,4,6,19,6000,1015.44719576662,806.598633263781,-208.848562502842,3226.11274843792,3017.26418593508,-208.848562502842,-6.47369074760225
B,209,20200817,4,6,20,6000,760.242807796231,718.506653901092,-41.7361538951388,2965.95876522211,2924.22261132697,-41.7361538951391,-1.40717242547415
B,210,20200817,4,6,21,6000,1084.37380688198,1018.62477821652,-65.7490286654581,3267.94960935478,3202.20058068932,-65.7490286654584,-2.0119352047916
B,211,20200817,4,6,22,6000,1019.21813649694,908.022423936785,-111.195712560156,3175.51666149021,3064.32094893005,-111.195712560156,-3.50165734945235
B,212,20200817,4,6,23,6000,1105.64814433917,868.3616430836,-237.28650125557,3246.88013758445,3009.59363632888,-237.28650125557,-7.30813861925011
B,213,20200817,4,6,24,6000,1161.14132506616,925.295591421344,-235.845733644813,3311.16931244077,3075.32357879596,-235.845733644813,-7.12273252710728
B,214,20200817,4,6,25,6000,1255.96895963768,901.020697653351,-354.948261984333,3400.00744390622,3045.05918192189,-354.948261984333,-10.4396319078801
B,215,20200817,4,6,26,6000,1322.85467325607,948.681665601101,-374.173007654973,3450.63122349872,3076.45821584375,-374.173007654973,-10.8436104416741
B,216,20200817,4,6,27,6000,961.692096339253,609.41418505289,-352.277911286363,3069.38381811873,2717.10590683236,-352.277911286363,-11.4771541182582
B,217,20200817,4,6,28,6000,1101.81047488466,679.405610824264,-422.404864060401,3199.32822735975,2776.92336329935,-422.404864060401,-13.2029236777932
B,218,20200817,4,7,1,7000,1749.59836916599,727.90243608281,-1021.69593308318,3993.22588251048,2971.5299494273,-1021.69593308318,-25.5857285098247
B,219,20200817,4,7,2,7000,1805.46551327865,813.277902342347,-992.187610936299,4100.34547230571,3108.15786136941,-992.187610936299,-24.1976588957606
B,220,20200817,4,7,3,7000,1726.31751817694,821.261867100151,-905.055651076785,4058.18722079605,3153.13156971926,-905.055651076786,-22.3019688800669
B,221,20200817,4,7,4,7000,2307.13466698779,917.448120803631,-1389.68654618416,4716.91031060628,3327.22376442212,-1389.68654618416,-29.4617971229887
B,222,20200817,4,7,5,7000,2388.70631083518,1090.96366606913,-1297.74264476604,4859.53696699278,3561.79432222674,-1297.74264476604,-26.7050678610049
B,223,20200817,4,7,6,7000,2236.85125980385,1033.8279086676,-1203.02335113625,4742.37370622412,3539.35035508787,-1203.02335113625,-25.3675358725387
B,224,20200817,4,7,7,7000,1941.32903337866,893.52764044311,-1047.80139293555,4477.80217500531,3430.00078206976,-1047.80139293555,-23.3999036130779
B,225,20200817,4,7,8,7000,1845.03737917435,816.482632228145,-1028.5547469462,4359.47436851844,3330.91962157224,-1028.5547469462,-23.593549588772
B,226,20200817,4,7,9,7000,1823.71410421507,756.0636097536,-1067.65049446147,4284.36608255947,3216.715588098,-1067.65049446147,-24.9196841233431
B,227,20200817,4,7,10,7000,1810.5341019082,738.617182344247,-1071.91691956395,4234.24508964009,3162.32817007614,-1071.91691956395,-25.3154197943479
B,228,20200817,4,7,11,7000,1814.33463895865,739.295486632759,-1075.03915232589,4208.28686505118,3133.24771272529,-1075.03915232589,-25.5457668832854
B,229,20200817,4,7,12,7000,1714.6544226783,593.682975822166,-1120.97144685614,4094.45796118967,2973.48651433353,-1120.97144685614,-27.377773993079
B,230,20200817,4,7,13,7000,1927.27218060698,655.376697467936,-1271.89548313904,4339.87508312734,3067.97959998829,-1271.89548313904,-29.3071910775485
B,231,20200817,4,7,14,7000,1864.11385510898,675.918781469887,-1188.19507363909,4321.48537698589,3133.29030334679,-1188.19507363909,-27.4950617666518
B,232,20200817,4,7,15,7000,1765.9922110294,785.471226401782,-980.52098462762,4257.30400750428,3276.78302287666,-980.52098462762,-23.0315002851399
B,233,20200817,4,7,16,7000,1821.95631452179,865.734492933644,-956.221821588147,4343.84858100344,3387.62675941529,-956.221821588147,-22.0132401891241
B,234,20200817,4,7,17,7000,1680.80332612185,846.743821056555,-834.059505065297,4216.22457278777,3382.16506772247,-834.059505065297,-19.7821413605067
B,235,20200817,4,7,18,7000,1215.96926357052,889.326311075413,-326.642952495102,3768.21491193291,3441.57195943781,-326.642952495102,-8.6683737559849
B,236,20200817,4,7,19,7000,1052.86967245805,835.412463442834,-217.457209015215,3630.77519838044,3413.31798936523,-217.457209015215,-5.98927769232903
B,237,20200817,4,7,20,7000,1223.77861159411,1126.132914158,-97.6456974361065,3790.86871197936,3693.22301454325,-97.6456974361063,-2.57581322000259
B,238,20200817,4,7,21,7000,1162.6184519204,1068.90090768104,-93.7175442393632,3696.45692499782,3602.73938075845,-93.7175442393632,-2.53533440645784
B,239,20200817,4,7,22,7000,1226.58578919736,1006.8672106737,-219.718578523655,3734.82709094443,3515.10851242078,-219.718578523655,-5.88296521293827
B,240,20200817,4,7,23,7000,1216.14391411558,1005.66590984682,-210.478004268757,3716.15435757867,3505.67635330992,-210.478004268758,-5.66386602966348
B,241,20200817,4,7,24,7000,1520.04393669929,1103.45101567408,-416.592921025214,4024.51239455574,3607.91947353052,-416.592921025214,-10.3513886946595
B,242,20200817,4,7,25,7000,1360.2771499475,977.495495780154,-382.781654167346,3855.29367344124,3472.51201927389,-382.781654167346,-9.92872882302827
B,243,20200817,4,7,26,7000,1425.22790013713,1017.0404453098,-408.187454827331,3894.29376487597,3486.10631004864,-408.187454827331,-10.4816811332755
B,244,20200817,4,7,27,7000,1180.05511992309,729.681740288781,-450.373379634306,3627.83554300279,3177.46216336848,-450.373379634306,-12.4143824684382
B,245,20200817,4,8,1,8000,1835.89518549107,846.563759615597,-989.331425875471,4469.73654833027,3480.4051224548,-989.331425875471,-22.1339986188906
B,246,20200817,4,8,2,8000,2014.80109303488,930.085320054265,-1084.71577298061,4683.07551857867,3598.35974559805,-1084.71577298061,-23.1624659623219
B,247,20200817,4,8,3,8000,2451.42602073942,980.431390813507,-1470.99462992592,5156.66005688933,3685.66542696341,-1470.99462992592,-28.5261121287345
B,248,20200817,4,8,4,8000,2607.33695107203,1145.78830942586,-1461.54864164618,5372.84137796278,3911.29273631661,-1461.54864164618,-27.202527281763
B,249,20200817,4,8,5,8000,2468.71541756832,1146.17575396511,-1322.53966360321,5278.93627821345,3956.39661461023,-1322.53966360321,-25.053146958061
B,250,20200817,4,8,6,8000,2439.41439001398,1120.79396060713,-1318.62042940684,5283.68251499015,3965.0620855833,-1318.62042940684,-24.9564659811757
B,251,20200817,4,8,7,8000,2182.8509928817,944.853679255466,-1237.99731362623,5062.92380799453,3824.92649436829,-1237.99731362623,-24.4522209019103
B,252,20200817,4,8,8,8000,1910.01092054015,874.724933286387,-1035.28598725376,4760.87674837926,3725.5907611255,-1035.28598725376,-21.7457002558657
B,253,20200817,4,8,9,8000,2019.86968166443,855.424600056164,-1164.44508160826,4816.97513591305,3652.53005430478,-1164.44508160826,-24.1737822752441
B,254,20200817,4,8,10,8000,2539.44314152114,898.465010346115,-1640.97813117503,5306.75970114446,3665.78156996943,-1640.97813117502,-30.9224126131268
B,255,20200817,4,8,11,8000,2014.85670676254,822.02316444439,-1192.83354231815,4750.38902854617,3557.55548622801,-1192.83354231815,-25.1102285549698
B,256,20200817,4,8,12,8000,2007.28128734012,710.588785363907,-1296.69250197621,4759.274394348,3462.58189237179,-1296.69250197621,-27.2455923851781
B,257,20200817,4,8,13,8000,2066.67698531911,762.88483340942,-1303.79215190969,4862.79418575191,3559.00203384222,-1303.79215190969,-26.8115840832793
B,258,20200817,4,8,14,8000,2007.51417053244,836.797265214137,-1170.7169053183,4842.4256404935,3671.7087351752,-1170.7169053183,-24.1762495128163
B,259,20200817,4,8,15,8000,1886.92985588759,923.976793991886,-962.953061895705,4745.25096086426,3782.29789896856,-962.953061895705,-20.292984919818
B,260,20200817,4,8,16,8000,1876.95890357121,946.104811359119,-930.854092212091,4748.83362614134,3817.97953392925,-930.854092212091,-19.6017415115984
B,261,20200817,4,8,17,8000,1944.87830318346,1049.17413907728,-895.704164106178,4840.72952343729,3945.02535933111,-895.704164106178,-18.5034953878225
B,262,20200817,4,8,18,8000,1253.39174026194,918.140141254465,-335.251599007475,4172.87736187543,3837.62576286796,-335.251599007475,-8.03406306809845
B,263,20200817,4,8,19,8000,1516.40547625593,1243.03872369974,-273.366752556183,4455.68514513769,4182.31839258151,-273.366752556182,-6.13523495605376
B,264,20200817,4,8,20,8000,1302.02325663253,1176.40904362252,-125.614213010012,4219.37602762239,4093.76181461238,-125.614213010012,-2.9770803120573
B,265,20200817,4,8,21,8000,1369.98610462082,1167.74569441795,-202.240410202863,4255.76735445204,4053.52694424918,-202.240410202863,-4.75214910399873
B,266,20200817,4,8,22,8000,1337.08155897377,1144.17147743692,-192.910081536843,4204.10131093865,4011.19122940181,-192.910081536843,-4.58861638359927
B,267,20200817,4,8,23,8000,1575.04652574871,1183.82133409955,-391.225191649158,4429.49743969364,4038.27224804448,-391.225191649158,-8.83227040935408
B,268,20200817,4,8,24,8000,1624.35212700911,1179.92581380088,-444.426313208226,4479.79862409076,4035.37231088253,-444.426313208226,-9.92067613973227
B,269,20200817,4,8,25,8000,1462.65037682856,1045.85427548885,-416.796101339703,4298.95621481849,3882.16011347879,-416.796101339703,-9.6952860301998
B,270,20200817,4,8,26,8000,1643.59092372096,1137.30800054569,-506.282923175273,4452.74548976003,3946.46256658476,-506.282923175273,-11.3701293806163
B,271,20200817,4,9,1,9000,2045.2307652473,963.371177327514,-1081.85958791979,5052.46659460323,3970.60700668345,-1081.85958791979,-21.4125035299663
B,272,20200817,4,9,2,9000,2739.90959559736,1089.25484376762,-1650.65475182974,5781.54835467195,4130.8936028422,-1650.65475182974,-28.5503925690751
B,273,20200817,4,9,3,9000,2751.62830482367,1208.77157943573,-1542.85672538793,5812.59112424583,4269.73439885789,-1542.85672538793,-26.5433554917062
B,274,20200817,4,9,4,9000,2687.34605780517,1201.00039732183,-1486.34566048335,5792.24068918345,4305.8950287001,-1486.34566048335,-25.660978889551
B,275,20200817,4,9,5,9000,2671.27854777845,1233.14180590464,-1438.13674187381,5820.24508697947,4382.10834510566,-1438.13674187381,-24.7092127630687
B,276,20200817,4,9,6,9000,2680.93634951701,1172.11999941949,-1508.81635009752,5868.80414797936,4359.98779788183,-1508.81635009752,-25.7090935743189
B,277,20200817,4,9,7,9000,2247.8245342475,1003.09598031371,-1244.72855393379,5464.32618785535,4219.59763392156,-1244.72855393379,-22.7791773613413
B,278,20200817,4,9,8,9000,2106.1664979895,974.085923588951,-1132.08057440055,5293.48580173284,4161.40522733229,-1132.08057440055,-21.386296606859
B,279,20200817,4,9,9,9000,2748.77872127737,1015.27242805803,-1733.50629321934,5889.48974741742,4155.98345419808,-1733.50629321934,-29.4338961024509
B,280,20200817,4,9,10,9000,2739.96520932503,981.192688157746,-1758.77252116728,5848.86186463945,4090.08934347216,-1758.77252116729,-30.0703378173508
B,281,20200817,4,9,11,9000,2307.48357142436,938.928973986131,-1368.55459743823,5415.2054617045,4046.65086426627,-1368.55459743823,-25.2724408541179
B,282,20200817,4,9,12,9000,2146.68609205225,818.096921305391,-1328.58917074686,5282.19349697258,3953.60432622572,-1328.58917074686,-25.1522245731498
B,283,20200817,4,9,13,9000,2210.07730074257,923.763317153671,-1286.3139835889,5383.73444925952,4097.42046567062,-1286.3139835889,-23.8925971500288
B,284,20200817,4,9,14,9000,2128.45181539063,975.302832804242,-1153.14898258639,5330.37259385348,4177.22361126709,-1153.14898258639,-21.6335530449803
B,285,20200817,4,9,15,9000,1941.93244493701,1004.34711241736,-937.585332519649,5150.23600600217,4212.65067348252,-937.585332519649,-18.2047061809784
B,286,20200817,4,9,16,9000,2141.03388063282,1148.53512937984,-992.498751252972,5373.33857679086,4380.83982553789,-992.498751252972,-18.4708024083926
B,287,20200817,4,9,17,9000,1982.30077987488,1077.98796925633,-904.312810618551,5245.3919733798,4341.07916276125,-904.31281061855,-17.2401379192996
B,288,20200817,4,9,18,9000,1716.92754405982,1325.76640151138,-391.161142548443,4997.78730863268,4606.62616608424,-391.161142548443,-7.82668645928148
B,289,20200817,4,9,19,9000,1594.65012129435,1293.31485316426,-301.335268130088,4884.19246078073,4582.85719265064,-301.335268130088,-6.16960266307605
B,290,20200817,4,9,20,9000,1509.39090933295,1275.25383035944,-234.137078973511,4778.68645707662,4544.54937810311,-234.137078973511,-4.89961166267321
B,291,20200817,4,9,21,9000,1480.48187439722,1305.04996118117,-175.43191321605,4725.04157444626,4549.60966123021,-175.431913216051,-3.71281205576715
B,292,20200817,4,9,22,9000,1695.9841706069,1322.32690168966,-373.657268917244,4917.44439305362,4543.78712413638,-373.657268917244,-7.59860689924774
B,293,20200817,4,9,23,9000,1679.35471605853,1260.29613222635,-419.058583832171,4884.78366922866,4465.72508539649,-419.058583832171,-8.57885655145795
B,294,20200817,4,9,24,9000,1726.72535389016,1248.28459350958,-478.440760380584,4923.46116546801,4445.02040508743,-478.440760380585,-9.71756949635867
B,295,20200817,4,9,25,9000,1681.01340041239,1166.12183072474,-514.891569687646,4857.40793970255,4342.51637001491,-514.891569687646,-10.600130276873
B,296,20200817,4,10,1,10000,2770.33926780979,1122.54070104087,-1647.79856676892,6150.93943069651,4503.14086392759,-1647.79856676892,-26.7893804732576
B,297,20200817,4,10,2,10000,3040.11187968161,1317.59503238985,-1722.51684729176,6437.47942202845,4714.96257473668,-1722.51684729176,-26.7576287917515
B,298,20200817,4,10,3,10000,2831.63741155681,1263.9836673317,-1567.6537442251,6231.99043546649,4664.33669124139,-1567.6537442251,-25.1549446434244
B,299,20200817,4,10,4,10000,2889.9091880153,1287.96644926136,-1601.94273875394,6333.54949794948,4731.60675919553,-1601.94273875394,-25.2929694363734
B,300,20200817,4,10,5,10000,2912.80050728148,1284.46784471699,-1628.33266256449,6405.36671996869,4777.0340574042,-1628.33266256449,-25.4213807538634
B,301,20200817,4,10,6,10000,2745.90989088282,1230.36230047773,-1515.54759040508,6270.20652784018,4754.6589374351,-1515.54759040508,-24.1706167679795
B,302,20200817,4,10,7,10000,2443.98011169686,1102.45697061627,-1341.52314108058,5996.93524120893,4655.41210012834,-1341.52314108058,-22.3701455347072
B,303,20200817,4,10,8,10000,2835.07553760245,1133.93375159082,-1701.14178601163,6366.00041323721,4664.85862722558,-1701.14178601163,-26.7223009045733
B,304,20200817,4,10,9,10000,2949.30078908126,1098.00010586966,-1851.3006832116,6431.59191091241,4580.29122770081,-1851.3006832116,-28.7844861560716
B,305,20200817,4,10,10,10000,3032.59207398685,1098.09849769949,-1934.49357628736,6513.67829779778,4579.18472151042,-1934.49357628736,-29.6989425612468
B,306,20200817,4,10,11,10000,2446.88837613649,1046.43710992762,-1400.45126620888,5938.12456432908,4537.6732981202,-1400.45126620888,-23.5840668385694
B,307,20200817,4,10,12,10000,2290.08640747571,978.975405049641,-1311.11100242607,5803.13376048019,4492.02275805412,-1311.11100242607,-22.5931549493972
B,308,20200817,4,10,13,10000,2331.01494560076,1062.26888474378,-1268.74606085698,5871.6814026195,4602.93534176252,-1268.74606085698,-21.6078832255947
B,309,20200817,4,10,14,10000,2183.45440444005,1055.67315122972,-1127.78125321033,5735.35763899138,4607.57638578105,-1127.78125321033,-19.6636604759082
B,310,20200817,4,10,15,10000,2206.00742199862,1206.77743043809,-999.22999156053,5774.74095665169,4775.51096509115,-999.229991560531,-17.3034600003929
B,311,20200817,4,10,16,10000,2178.45635732424,1177.3489595589,-1001.10739776535,5778.00102673338,4776.89362896804,-1001.10739776535,-17.3261893366489
B,312,20200817,4,10,17,10000,2445.83658367276,1485.61422951324,-960.222354159519,6070.30192013705,5110.07956597753,-960.222354159519,-15.8183623614201
B,313,20200817,4,10,18,10000,1795.17218909824,1376.04253097589,-419.129658122348,5426.29462427572,5007.16496615337,-419.129658122348,-7.724049045315
B,314,20200817,4,10,19,10000,1802.01777399477,1392.15963990118,-409.858134093588,5443.50289023495,5033.64475614137,-409.858134093587,-7.52930865213331
B,315,20200817,4,10,20,10000,1619.88667910936,1412.55809712266,-207.328581986699,5247.96067707084,5040.63209508414,-207.328581986699,-3.95065044775487
B,316,20200817,4,10,21,10000,1839.38448603036,1483.20538543391,-356.179100596451,5438.38465656123,5082.20555596478,-356.179100596451,-6.54935469058323
B,317,20200817,4,10,22,10000,1800.29236091672,1398.80169981646,-401.490661100256,5372.73062258864,4971.23996148839,-401.490661100256,-7.47274876228232
B,318,20200817,4,10,23,10000,1781.72794293958,1328.65491193505,-453.073031004529,5328.44621060591,4875.37317960139,-453.073031004529,-8.50291085049743
B,319,20200817,4,10,24,10000,1945.088377474,1368.55214874547,-576.536228728527,5481.91289035207,4905.37666162355,-576.536228728526,-10.5170629351518
B,320,20200817,7,1,1,1000,169.285198724302,136.028607404757,-33.2565913195451,506.470588828612,473.213997509067,-33.2565913195451,-6.56634206469175
B,321,20200823,1,1,1,1000,509.536652855959,102.536598385109,-407.00005447085,828.856255968242,421.856201497392,-407.00005447085,-49.1038164386425
B,322,20200823,1,1,2,1000,183.067428303617,166.45033284392,-16.6170954596966,496.20381565143,479.586720191733,-16.6170954596966,-3.34884475603664
B,323,20200823,1,1,3,1000,23.2010130861764,79.7988059698487,56.5977928836723,338.583347536267,395.181140419939,56.5977928836722,16.7160592201334
B,324,20200823,1,1,4,1000,128.360223099025,150.522159878277,22.161936779252,436.872876723121,459.034813502373,22.161936779252,5.07285710788075
B,325,20200823,1,2,1,2000,692.604081159576,268.986931229029,-423.617149930547,1325.06007161967,901.442921689125,-423.617149930546,-31.9696562445462
B,326,20200823,1,2,2,2000,206.268441389793,246.249138813769,39.9806974239756,834.787163187696,874.767860611672,39.9806974239757,4.78932824880853
B,327,20200823,1,2,3,2000,151.561236185201,230.320965848126,78.7597296629243,775.456224259387,854.215953922312,78.7597296629242,10.1565668311122
B,328,20200823,1,3,1,3000,715.805094245752,348.785737198878,-367.019357046874,1663.64341915594,1296.62406210906,-367.019357046874,-22.0611792659922
B,329,20200823,1,3,2,3000,334.628664488818,396.771298692046,62.1426342032277,1271.66003991082,1333.80267411404,62.1426342032278,4.88673326619478
B,330,20200823,1,4,1,4000,844.165317344777,499.307897077155,-344.857420267622,2100.51629587906,1755.65887561144,-344.857420267622,-16.4177455297151
B,331,20200823,2,1,1,1000,126.715968371227,148.562190252422,21.8462218811954,444.119627421477,465.965849302672,21.8462218811953,4.91899491315724
B,332,20200823,2,1,2,1000,73.7265112838073,76.6924382024559,2.96592691864865,391.395063904219,394.360990822867,2.96592691864862,0.757783424518209
B,333,20200823,2,1,3,1000,47.4972957486734,79.8379802804652,32.3406845317917,373.335361965698,405.676046497489,32.3406845317917,8.66263628537905
B,334,20200823,2,1,4,1000,205.858349111678,219.396046525695,13.537697414017,529.15972769076,542.697425104777,13.537697414017,2.55833857067981
B,335,20200823,2,2,1,2000,200.442479655034,225.254628454878,24.812148799844,835.514691325696,860.32684012554,24.812148799844,2.96968432242346
B,336,20200823,2,2,2,2000,121.223807032481,156.530418482921,35.3066114504404,764.730425869916,800.037037320356,35.3066114504403,4.6168702402912
B,337,20200823,2,2,3,2000,253.355644860352,299.23402680616,45.8783819458088,902.495089656457,948.373471602266,45.8783819458088,5.08350488236704
B,338,20200823,2,3,1,3000,247.939775403707,305.092608735343,57.1528333316357,1208.85005329139,1266.00288662303,57.1528333316357,4.72786787542616
B,339,20200823,2,3,2,3000,327.082156144159,375.926465008616,48.8443088644574,1293.89015356068,1342.73446242513,48.8443088644572,3.7749965659791
B,340,20200823,2,4,1,4000,453.798124515385,524.488655261038,70.6905307456528,1738.00978098215,1808.70031172781,70.6905307456527,4.06732640513135
B,341,20200823,3,1,1,1000,114.085869906162,105.739795378458,-8.34607452770327,429.331809288705,420.985734761001,-8.34607452770325,-1.94396835900201
B,342,20200823,3,1,2,1000,20.5997333408238,47.0692536649372,26.4695203241133,313.283917884785,339.753438208898,26.4695203241133,8.44905174285004
B,343,20200823,3,1,3,1000,202.681744510143,152.985564947355,-49.6961795627876,494.300946385783,444.604766822996,-49.6961795627876,-10.053830551237
B,344,20200823,3,1,4,1000,44.6703382981302,57.2435185689912,12.573180270861,331.740070347588,344.313250618449,12.573180270861,3.79006981510769
B,345,20200823,3,1,5,1000,92.035195950342,53.9291723837039,-38.1060235666381,377.679854893874,339.573831327236,-38.1060235666381,-10.0895038675933
B,346,20200823,3,1,6,1000,54.0487486697234,62.5928162925101,8.54406762278665,355.111523054111,363.655590676898,8.54406762278666,2.4060237610157
B,347,20200823,3,1,7,1000,55.7849181915503,85.6106435904523,29.8257253989019,367.223375237783,397.049100636685,29.8257253989019,8.12195720917528
B,348,20200823,3,1,8,1000,66.7094068674496,58.6388082013897,-8.07059866605994,384.770333263714,376.699734597654,-8.07059866605994,-2.09751063643686
B,349,20200823,3,1,9,1000,25.271681528465,79.8533745487637,54.5816930202987,346.982488506173,401.564181526472,54.5816930202987,15.7303883706879
B,350,20200823,3,1,10,1000,64.2665227286618,77.2076862339371,12.9411635052753,391.341932586362,404.283096091637,12.9411635052753,3.30686860458519
B,351,20200823,3,1,11,1000,28.4364203376535,38.5042211829077,10.0678008452542,358.46749359829,368.535294443544,10.0678008452542,2.80856731085817
B,352,20200823,3,1,12,1000,35.1719853625104,55.1521920934956,19.9802067309852,363.384513827185,383.364720558171,19.9802067309852,5.49836494696831
B,353,20200823,3,1,13,1000,71.4361245703694,102.479021363224,31.0428967928548,393.591115720673,424.634012513528,31.0428967928548,7.88709286184335
B,354,20200823,3,1,14,1000,143.38587233698,136.291781965038,-7.09409037194195,462.108199248989,455.014108877047,-7.09409037194195,-1.53515786637657
B,355,20200823,3,1,15,1000,83.6147390613905,87.3589099182919,3.74417085690135,402.244677559558,405.988848416459,3.74417085690135,0.930819241566464
B,356,20200823,3,1,16,1000,24.5929344695792,16.3399088987197,-8.25302557085947,342.747161863114,334.494136292255,-8.25302557085945,-2.40790486083019
B,357,20200823,3,1,17,1000,130.834219239185,142.895347141223,12.061127902038,457.833294653221,469.894422555259,12.061127902038,2.63439292050037
B,358,20200823,3,1,18,1000,2.88496180997936,45.9288481354338,43.0438863254545,339.019782583215,382.063668908669,43.0438863254545,12.696570683125
B,359,20200823,3,1,19,1000,265.470073813878,110.057426861151,-155.412646952727,599.148316054505,443.735669101778,-155.412646952727,-25.938927438893
B,360,20200823,3,2,1,2000,134.685603246985,152.809049043395,18.1234457964101,742.61572717349,760.7391729699,18.12344579641,2.44048774261631
B,361,20200823,3,2,2,2000,223.281477850967,200.054818612292,-23.2266592386742,807.584864270568,784.358205031894,-23.2266592386743,-2.8760642090108
B,362,20200823,3,2,3,2000,247.352082808273,210.229083516346,-37.1229992919266,826.041016733372,788.918017441445,-37.1229992919266,-4.49408667849591
B,363,20200823,3,2,4,2000,136.705534248472,111.172690952695,-25.5328432957771,709.419925241463,683.887081945686,-25.5328432957771,-3.59911561365951
B,364,20200823,3,2,5,2000,146.083944620065,116.521988676214,-29.5619559438514,732.791377947985,703.229422004134,-29.5619559438514,-4.03415717398763
B,365,20200823,3,2,6,2000,109.833666861274,148.203459882962,38.3697930216886,722.334898291894,760.704691313583,38.3697930216886,5.31191184482733
B,366,20200823,3,2,7,2000,122.494325059,144.249451791842,21.755126732842,751.993708501497,773.748835234339,21.755126732842,2.89299318423735
B,367,20200823,3,2,8,2000,91.9810883959146,138.492182750153,46.5110943542387,731.752821769887,778.263916124126,46.5110943542387,6.35612094282637
B,368,20200823,3,2,9,2000,89.5382042571268,157.061060782701,67.522856525574,738.324421092535,805.847277618109,67.5228565255741,9.14541827367124
B,369,20200823,3,2,10,2000,92.7029430663154,115.711907416845,23.0089643505295,749.809426184652,772.818390535181,23.0089643505296,3.06864165040028
B,370,20200823,3,2,11,2000,63.608405700164,93.6564132764034,30.0480075762394,721.852007425476,751.900015001715,30.0480075762393,4.16262714062501
B,371,20200823,3,2,12,2000,106.60810993288,157.63121345672,51.02310352384,756.975629547858,807.998733071698,51.0231035238399,6.74038919249171
B,372,20200823,3,2,13,2000,214.821996907349,238.770803328262,23.9488064209128,855.699314969662,879.648121390575,23.9488064209129,2.79874086632429
B,373,20200823,3,2,14,2000,227.00061139837,223.65069188333,-3.3499195150406,864.352876808547,861.002957293506,-3.3499195150406,-0.38756387638918
B,374,20200823,3,2,15,2000,108.20767353097,103.698818817012,-4.50885471395812,744.991839422672,740.482984708714,-4.50885471395816,-0.605222027324792
B,375,20200823,3,2,16,2000,155.427153708764,159.235256039942,3.80810233117859,800.580456516335,804.388558847514,3.80810233117859,0.475667660905595
B,376,20200823,3,2,17,2000,133.719181049164,188.824195276657,55.1050142274925,796.853077236436,851.958091463928,55.1050142274926,6.91532928737656
B,377,20200823,3,2,18,2000,268.355035623857,155.986274996585,-112.368760627273,938.16809863772,825.799338010447,-112.368760627273,-11.9774655299449
B,378,20200823,3,3,1,3000,337.367347757128,305.794613990751,-31.5727337663775,1236.91667355927,1205.3439397929,-31.5727337663775,-2.55253522256481
B,379,20200823,3,3,2,3000,267.951816149097,257.298337181284,-10.6534789678133,1139.32493461816,1128.67145565034,-10.6534789678133,-0.935069412079862
B,380,20200823,3,3,3,3000,339.387278758615,264.15825590005,-75.2290228585647,1203.72087162725,1128.49184876868,-75.2290228585646,-6.24970660821611
B,381,20200823,3,3,4,3000,190.754282918196,173.765507245205,-16.9887756729904,1064.53144829557,1047.54267262258,-16.9887756729904,-1.59589232428889
B,382,20200823,3,3,5,3000,201.868862811616,202.132632266666,0.263769455050465,1100.01475318577,1100.27852264082,0.263769455050351,0.0239787197659345
B,383,20200823,3,3,6,3000,176.543073728723,206.842268084352,30.2991943556286,1107.10523155561,1137.40442591124,30.2991943556287,2.73679443399025
B,384,20200823,3,3,7,3000,147.766006587465,224.102826340606,76.3368197531406,1098.97619700767,1175.31301676081,76.3368197531406,6.94617590089695
B,385,20200823,3,3,8,3000,156.247611124576,215.699868984091,59.4522578595141,1123.09475435625,1182.54701221576,59.452257859514,5.29361014544064
B,386,20200823,3,3,9,3000,117.97462459478,195.565281965609,77.5906573708282,1096.79191469083,1174.38257206165,77.5906573708282,7.07432798615226
B,387,20200823,3,3,10,3000,127.874928428826,170.864099510341,42.9891710815147,1113.19394001184,1156.18311109335,42.9891710815148,3.86178630123136
B,388,20200823,3,3,11,3000,135.044530270533,196.135434639628,61.0909043690942,1115.44312314615,1176.53402751524,61.0909043690942,5.47682827581429
B,389,20200823,3,3,12,3000,249.99398226986,293.922995421758,43.929013151898,1219.08382879685,1263.01284194875,43.9290131518981,3.60344482587822
B,390,20200823,3,3,13,3000,298.43673596874,326.129713246554,27.6929772778142,1257.94399252922,1285.63696980703,27.6929772778142,2.20144755587526
B,391,20200823,3,3,14,3000,251.59354586795,239.99060078205,-11.6029450859001,1207.10003867166,1195.49709358576,-11.6029450859,-0.961224812706358
B,392,20200823,3,3,15,3000,239.041892770154,246.594165958234,7.55227318807991,1202.82513407589,1210.37740726397,7.55227318807988,0.627877899631865
B,393,20200823,3,3,16,3000,158.312115518743,205.164104175376,46.851988656633,1139.60023909955,1186.45222775618,46.851988656633,4.11126525330083
B,394,20200823,3,3,17,3000,399.189254863042,298.881622137807,-100.307632725235,1396.00139329094,1295.69376056571,-100.307632725235,-7.1853533389941
B,395,20200823,3,4,1,4000,382.037686055258,363.038132559742,-18.9995534955165,1568.65674390686,1549.65719041134,-18.9995534955165,-1.21119891711915
B,396,20200823,3,4,2,4000,359.987012099439,311.227509564988,-48.7595025344513,1517.00478951203,1468.24528697758,-48.7595025344513,-3.21419568821108
B,397,20200823,3,4,3,4000,393.436027428338,326.75107219256,-66.684955235778,1558.83239468136,1492.14743944558,-66.684955235778,-4.27787845975636
B,398,20200823,3,4,4,4000,246.539201109746,259.376150835657,12.8369497259114,1431.75482353336,1444.59177325927,12.8369497259114,0.896588543996081
B,399,20200823,3,4,5,4000,268.578269679065,260.771440468056,-7.80682921100947,1484.78508644948,1476.97825723847,-7.80682921100924,-0.525788498433633
B,400,20200823,3,4,6,4000,201.814755257188,286.695642633116,84.8808873759273,1454.08772006178,1538.96860743771,84.8808873759274,5.83739799221473
B,401,20200823,3,4,7,4000,212.032529316127,301.310512574543,89.277983258416,1490.31812959403,1579.59611285245,89.277983258416,5.99053191970064
B,402,20200823,3,4,8,4000,184.68403146223,254.204090166998,69.5200587047682,1481.56224795454,1551.08230665931,69.5200587047682,4.69234814809491
B,403,20200823,3,4,9,4000,153.146609957291,250.717474059104,97.5708641018134,1460.17642851801,1557.74729261982,97.5708641018134,6.68212841929258
B,404,20200823,3,4,10,4000,199.311052999195,273.343120873565,74.0320678743695,1506.78505573251,1580.81712360688,74.0320678743694,4.9132467562455
B,405,20200823,3,4,11,4000,278.430402607513,332.427216604666,53.9968139971522,1577.55132239514,1631.54813639229,53.9968139971522,3.42282455287546
B,406,20200823,3,4,12,4000,333.60872133125,381.28190534005,47.6731840087994,1621.32850635641,1669.0016903652,47.6731840087994,2.9403778334802
B,407,20200823,3,4,13,4000,323.029670438319,342.469622145274,19.4399517069547,1600.69115439233,1620.13110609929,19.4399517069546,1.21447236424159
B,408,20200823,3,4,14,4000,382.427765107134,382.885947923272,0.458182816137935,1664.93333332488,1665.39151614102,0.458182816137878,0.0275195893413272
B,409,20200823,3,4,15,4000,241.926854580134,292.523014093668,50.5961595135344,1541.84491665911,1592.44107617264,50.5961595135343,3.28153363330255
B,410,20200823,3,4,16,4000,423.782189332621,315.221531036527,-108.560658296094,1738.74855515405,1630.18789685796,-108.560658296094,-6.24360882856209
B,411,20200823,3,5,1,5000,474.0728820056,416.967304943446,-57.1055770621546,1946.33659880074,1889.23102173858,-57.1055770621545,-2.93400314710934
B,412,20200823,3,5,2,5000,414.035760769162,373.820325857498,-40.2154349116647,1872.11631256614,1831.90087765448,-40.2154349116645,-2.14812694284686
B,413,20200823,3,5,3,5000,449.220945619889,412.361715783013,-36.8592298368761,1926.05576991914,1889.19654008226,-36.8592298368762,-1.91371560535984
B,414,20200823,3,5,4,5000,313.248607977196,318.014959037047,4.7663510598515,1816.52515679707,1821.29150785692,4.76635105985133,0.2623883870816
B,415,20200823,3,5,5,5000,293.84995120753,340.62481501682,46.7748638092892,1831.76757495566,1878.54243876495,46.7748638092894,2.553537056164
B,416,20200823,3,5,6,5000,266.08127798585,363.903328867053,97.8220508812026,1845.42965264814,1943.25170352935,97.8220508812026,5.30077376511375
B,417,20200823,3,5,7,5000,240.46894965378,339.81473375745,99.3457841036702,1848.78562319232,1948.13140729599,99.3457841036702,5.37356970204737
B,418,20200823,3,5,8,5000,219.85601682474,309.356282260494,89.5002654357534,1844.94676178172,1934.44702721748,89.5002654357534,4.85110287677462
B,419,20200823,3,5,9,5000,224.58273452766,353.196495422328,128.613760894668,1853.76754423868,1982.38130513335,128.613760894668,6.93796594370133
B,420,20200823,3,5,10,5000,342.696925336175,409.634902838603,66.9379775024275,1968.8932549815,2035.83123248393,66.9379775024274,3.39977687124823
B,421,20200823,3,5,11,5000,362.045141668904,419.786126522957,57.7409848540536,1979.7959999547,2037.53698480875,57.7409848540535,2.91651184543129
B,422,20200823,3,5,12,5000,358.201655800829,397.621814238769,39.4201584379399,1964.07566821952,2003.49582665746,39.4201584379398,2.00705904949554
B,423,20200823,3,5,13,5000,453.863889677504,485.364969286496,31.5010796089928,2058.52444904556,2090.02552865455,31.5010796089928,1.5302747374994
B,424,20200823,3,5,14,5000,385.312726917114,428.814796058706,43.5020691415925,2003.9531159081,2047.45518504969,43.5020691415925,2.1708127199313
B,425,20200823,3,5,15,5000,507.396928394012,402.580440954819,-104.816487439193,2140.99323271361,2036.17674527442,-104.816487439193,-4.89569447663982
B,426,20200823,3,6,1,6000,528.121630675324,479.560121235956,-48.5615094393679,2301.44812185485,2252.88661241548,-48.5615094393679,-2.11004145512652
B,427,20200823,3,6,2,6000,469.820678960713,459.43096944795,-10.3897095127627,2239.33968780392,2228.94997829116,-10.3897095127622,-0.463963085607223
B,428,20200823,3,6,3,6000,515.930352487338,471.000523984402,-44.9298285029361,2310.82610318285,2265.89627467992,-44.9298285029363,-1.94431889275664
B,429,20200823,3,6,4,6000,338.520289505661,397.868333585811,59.3480440801501,2163.50764530324,2222.85568938339,59.34804408015,2.74314002120531
B,430,20200823,3,6,5,6000,358.116473936192,417.832501250757,59.7160273145644,2223.10950754202,2282.82553485658,59.7160273145646,2.68614870801347
B,431,20200823,3,6,6,6000,294.517698323504,402.407550049961,107.889851726457,2203.89714624643,2311.78699797289,107.889851726457,4.89541228864555
B,432,20200823,3,6,7,6000,275.640935016291,394.966925850946,119.325990834655,2212.17013701951,2331.49612785416,119.325990834655,5.39406932757104
B,433,20200823,3,6,8,6000,291.29214139511,411.835303623718,120.543162228608,2238.5378775024,2359.08103973101,120.543162228608,5.3849060782077
B,434,20200823,3,6,9,6000,367.96860686464,489.488277387366,121.519670522726,2315.87574348767,2437.3954140104,121.519670522726,5.24724484309852
B,435,20200823,3,6,10,6000,426.311664397566,496.993812756894,70.6821483593288,2371.13793254106,2441.82008090039,70.6821483593289,2.98093786064911
B,436,20200823,3,6,11,6000,386.638076138483,436.126035421677,49.4879592831941,2322.54316181781,2372.031121101,49.487959283194,2.13076596795991
B,437,20200823,3,6,12,6000,489.035875040014,540.517161379992,51.4812863399778,2421.90896287274,2473.39024921272,51.4812863399779,2.12564911105963
B,438,20200823,3,6,13,6000,456.748851487483,531.29381742193,74.5449659344472,2397.54423162877,2472.08919756322,74.5449659344472,3.10922171741562
B,439,20200823,3,6,14,6000,650.782800730992,538.872222919857,-111.910577811135,2603.1014319626,2491.19085415147,-111.910577811135,-4.29912474546795
B,440,20200823,3,7,1,7000,583.906548866874,565.170764826408,-18.735784040466,2668.67149709263,2649.93571305216,-18.7357840404657,-0.702064081730451
B,441,20200823,3,7,2,7000,536.530085828162,518.069777649339,-18.4603081788227,2624.11002106764,2605.64971288882,-18.4603081788223,-0.703488345786339
B,442,20200823,3,7,3,7000,541.202034015803,550.853898533166,9.65186451736258,2657.80859168903,2667.46045620639,9.65186451736236,0.363151227200625
B,443,20200823,3,7,4,7000,402.786812234322,475.076019819748,72.2892075854255,2554.84957788961,2627.13878547503,72.2892075854256,2.82948977548569
B,444,20200823,3,7,5,7000,386.552894273846,456.336722433664,69.7838281598187,2581.57700114031,2651.36082930013,69.7838281598188,2.70314726730966
B,445,20200823,3,7,6,7000,329.689683686014,457.559742143456,127.870058457442,2567.28166007362,2695.15171853106,127.870058457442,4.98075690120323
B,446,20200823,3,7,7,7000,347.07705958666,497.44594721417,150.36888762751,2605.76125274018,2756.13014036769,150.36888762751,5.77063180555718
B,447,20200823,3,7,8,7000,434.67801373209,548.127085588756,113.449071856666,2700.64607675139,2814.09514860805,113.449071856666,4.20081227352584
B,448,20200823,3,7,9,7000,451.583345926031,576.847187305658,125.263841379628,2718.12042104723,2843.38426242686,125.263841379628,4.60847284063177
B,449,20200823,3,7,10,7000,450.904598867145,513.333721655614,62.4291227884694,2713.88509440417,2776.31421719264,62.4291227884692,2.30035983900694
B,450,20200823,3,7,11,7000,517.472295377668,579.0213825629,61.5490871852321,2780.37645647103,2841.92554365626,61.5490871852321,2.21369617204113
B,451,20200823,3,7,12,7000,491.920836849994,586.446009515426,94.5251726654324,2760.92874545596,2855.45391812139,94.5251726654324,3.42367302383322
B,452,20200823,3,7,13,7000,722.218925301361,641.351244283081,-80.8676810182801,2996.69254768327,2915.82486666499,-80.8676810182801,-2.69856449173601
B,453,20200823,3,8,1,8000,650.615955734324,623.809573027798,-26.8063827065259,3053.44183035634,3026.63544764982,-26.8063827065257,-0.877907102733224
B,454,20200823,3,8,2,8000,561.801767356627,597.923152198103,36.121384841476,2971.09250957381,3007.21389441529,36.1213848414768,1.21576102814309
B,455,20200823,3,8,3,8000,605.468556744465,628.061584767103,22.5930280226379,3049.15052427539,3071.74355229803,22.593028022638,0.740961387204953
B,456,20200823,3,8,4,8000,431.223232571976,513.580241002656,82.3570084306798,2913.3170714879,2995.67407991858,82.3570084306798,2.82691538235549
B,457,20200823,3,8,5,8000,421.724879636356,511.48891452716,89.7640348908038,2944.96151496749,3034.7255498583,89.7640348908039,3.04805459883216
B,458,20200823,3,8,6,8000,401.125808256384,560.03876350668,158.912955250297,2960.87277579429,3119.78573104459,158.912955250297,5.36709839576496
B,459,20200823,3,8,7,8000,490.46293192364,633.737729179208,143.274797255568,3067.86945198917,3211.14424924474,143.274797255568,4.67017255778829
B,460,20200823,3,8,8,8000,518.29275279348,635.485995507048,117.193242713568,3102.89075431094,3220.08399702451,117.193242713568,3.77690521494343
B,461,20200823,3,8,9,8000,476.17628039561,593.187096204378,117.010815808768,3060.86758291034,3177.87839871911,117.010815808768,3.82279901496136
B,462,20200823,3,8,10,8000,581.73881810633,656.229068796837,74.4902506905074,3171.71838905739,3246.2086397479,74.4902506905073,2.34857706622072
B,463,20200823,3,8,11,8000,520.357257187647,624.950230698334,104.592973510687,3119.39623905425,3223.98921256493,104.592973510687,3.35298774170471
B,464,20200823,3,8,12,8000,757.390910663872,696.503436376577,-60.8874742872949,3360.07706151046,3299.18958722317,-60.8874742872949,-1.81208565079529
B,465,20200823,3,9,1,9000,675.887637262789,703.662947576561,27.7753103137727,3400.42431886252,3428.19962917629,27.7753103137729,0.816818952849511
B,466,20200823,3,9,2,9000,626.068290085289,675.13083843204,49.0625483467513,3362.43444216017,3411.49699050693,49.0625483467525,1.45913769296369
B,467,20200823,3,9,3,9000,633.904977082119,666.565805950011,32.6608288678921,3407.61801787368,3440.27884674157,32.6608288678922,0.958465083133708
B,468,20200823,3,9,4,9000,466.395217934486,568.732433096151,102.337215161665,3276.70158531508,3379.03880047675,102.337215161665,3.12317775961963
B,469,20200823,3,9,5,9000,493.161004206726,613.967935890384,120.806931683659,3338.55263068817,3459.35956237182,120.806931683659,3.61854207638347
B,470,20200823,3,9,6,9000,544.511680593364,696.330545471718,151.818864878355,3422.98097504328,3574.79983992164,151.818864878355,4.43528217028537
B,471,20200823,3,9,7,9000,574.077670985031,721.0966390975,147.018968112469,3470.11412954873,3617.1330976612,147.018968112469,4.23671852347947
B,472,20200823,3,9,8,9000,542.885687263059,651.825904405768,108.940217142708,3445.63791617406,3554.57813331677,108.940217142708,3.16168499978873
B,473,20200823,3,9,9,9000,607.010499634795,736.082443345601,129.071943710806,3518.70087756357,3647.77282127437,129.071943710806,3.66817039020887
B,474,20200823,3,9,10,9000,584.623779916309,702.157916932271,117.534137015962,3510.73817164061,3628.27230865657,117.534137015962,3.3478468421653
B,475,20200823,3,9,11,9000,785.827331001525,735.007657559485,-50.8196734420407,3718.54455510875,3667.72488166671,-50.8196734420408,-1.36665495569286
B,476,20200823,3,10,1,10000,740.154159991451,780.870633810499,40.716473819048,3791.76625144888,3832.48272526793,40.7164738190486,1.07381286500692
B,477,20200823,3,10,2,10000,654.504710422943,713.635059614948,59.1303491920056,3720.90193575846,3780.03228495047,59.1303491920066,1.58914021957296
B,478,20200823,3,10,3,10000,669.076962444629,721.717998043506,52.6410355988772,3771.00253170086,3823.64356729974,52.6410355988769,1.39594272759965
B,479,20200823,3,10,4,10000,537.831342504856,671.211454459376,133.38011195452,3670.29270103575,3803.67281299027,133.38011195452,3.63404564210587
B,480,20200823,3,10,5,10000,636.546876543705,750.259717855422,113.712841311717,3800.66082993715,3914.37367124887,113.712841311717,2.99192288919917
B,481,20200823,3,10,6,10000,628.126419654754,783.68945539001,155.563035735256,3825.22565260284,3980.78868833809,155.563035735256,4.06676755472987
B,482,20200823,3,10,7,10000,598.67060545461,737.43654799622,138.76594254161,3812.86129141184,3951.62723395345,138.76594254161,3.63941753806174
B,483,20200823,3,10,8,10000,673.719906502244,794.72125154699,121.001345044746,3903.47121082728,4024.47255587203,121.001345044746,3.0998395661051
B,484,20200823,3,10,9,10000,609.895461444774,782.011291481035,172.115830036261,3857.72066014678,4029.83649018304,172.11583003626,4.46159390995696
B,485,20200823,3,10,10,10000,850.093853730187,812.215343793422,-37.8785099367653,4109.88648769511,4072.00797775835,-37.8785099367656,-0.921643701113712
B,486,20200823,4,1,1,1000,152.069982605347,64.3020158922547,-87.7679667130925,490.203180081414,402.435213368322,-87.7679667130925,-17.9044058217892
B,487,20200823,4,1,2,1000,73.4209432827653,80.6386113438022,7.21766806103683,405.06062824483,412.278296305866,7.21766806103682,1.78187351664163
B,488,20200823,4,1,3,1000,101.53878714136,75.7521041486741,-25.7866829926861,430.79790115941,405.011218166724,-25.7866829926861,-5.98579587395533
B,489,20200823,4,1,4,1000,150.784701586068,78.2401081620593,-72.544593424009,481.965262532562,409.420669108553,-72.544593424009,-15.0518303005515
B,490,20200823,4,1,5,1000,111.608611562585,137.716130037375,26.1075184747902,450.551421292634,476.658939767425,26.1075184747902,5.79457021795372
B,491,20200823,4,1,6,1000,109.600374990268,117.981232462933,8.3808574726643,462.247544682849,470.628402155514,8.38085747266427,1.81306695277623
B,492,20200823,4,1,7,1000,-4.63133366439411,86.8089064661647,91.4402401305588,353.049040552961,444.48928068352,91.4402401305588,25.9001525644542
B,493,20200823,4,1,8,1000,211.94897741701,173.301330588228,-38.6476468287819,574.497290604795,535.849643776013,-38.6476468287819,-6.72721133081343
B,494,20200823,4,2,1,2000,225.490925888113,144.940627236057,-80.5502986520557,895.263808326244,814.713509674188,-80.5502986520557,-8.99738131966375
B,495,20200823,4,2,2,2000,174.959730424126,156.390715492476,-18.5690149316493,835.85852940424,817.28951447259,-18.5690149316492,-2.2215499726831
B,496,20200823,4,2,3,2000,252.323488727429,153.992212310733,-98.3312764166952,912.763163691972,814.431887275277,-98.3312764166951,-10.7729233965755
B,497,20200823,4,2,4,2000,262.393313148653,215.956238199434,-46.4370749492189,932.516683825197,886.079608875978,-46.4370749492189,-4.97975808419141
B,498,20200823,4,2,5,2000,221.208986552853,255.697362500308,34.4883759474545,912.798965975484,947.287341922938,34.4883759474544,3.77831014637463
B,499,20200823,4,2,6,2000,104.969041325874,204.790138929097,99.8210976032231,815.29658523581,915.117682839033,99.8210976032231,12.2435319135246
B,500,20200823,4,2,7,2000,207.317643752616,260.110237054392,52.7925933017768,927.546331157756,980.338924459533,52.7925933017768,5.69163949318645
B,501,20200823,4,3,1,3000,327.029713029473,220.692731384731,-106.336981644742,1326.06170948565,1219.72472784091,-106.336981644742,-8.01900702539607
B,502,20200823,4,3,2,3000,325.744432010194,234.630823654536,-91.1136083556583,1317.8237919368,1226.71018358114,-91.1136083556582,-6.9139447104494
B,503,20200823,4,3,3,3000,363.932100290013,291.708342348108,-72.223757941905,1363.31458498461,1291.0908270427,-72.223757941905,-5.29765900969368
B,504,20200823,4,3,4,3000,371.993688138921,333.937470662367,-38.0562174765545,1394.76422850805,1356.70801103149,-38.0562174765546,-2.72850541322404
B,505,20200823,4,3,5,3000,216.577652888459,342.506268966472,125.928616078013,1265.84800652844,1391.77662260646,125.928616078013,9.94816245145965
B,506,20200823,4,3,6,3000,316.918018742884,378.091469517325,61.1734507744411,1389.79387584061,1450.96732661505,61.1734507744411,4.40162040125849
B,507,20200823,4,4,1,4000,477.814414615541,298.93283954679,-178.881575068751,1808.02697201822,1629.14539694947,-178.881575068751,-9.89374482998302
B,508,20200823,4,4,2,4000,437.353043572779,372.34695369191,-65.0060898808681,1768.37521322944,1703.36912334857,-65.0060898808681,-3.67603489319175
B,509,20200823,4,4,3,4000,473.532475280282,409.689574811041,-63.8429004692406,1825.56212966746,1761.71922919822,-63.8429004692405,-3.49716393825885
B,510,20200823,4,4,4,4000,367.362354474527,420.746377128531,53.3840226540042,1747.81326906101,1801.19729171501,53.3840226540042,3.05433215315296
B,511,20200823,4,4,5,4000,428.526630305469,515.8075995547,87.2809692492312,1840.34529713324,1927.62626638247,87.2809692492312,4.74264092641698
B,512,20200823,4,5,1,5000,589.423026178126,436.648969584165,-152.774056593961,2258.57839331085,2105.80433671689,-152.774056593961,-6.76416887040211
B,513,20200823,4,5,2,5000,546.953418563047,490.328186154843,-56.6252324082038,2230.62275791229,2173.99752550408,-56.6252324082038,-2.53853916837114
B,514,20200823,4,5,3,5000,468.901141615887,496.498481277206,27.5973396613182,2178.61117022042,2206.20850988174,27.5973396613181,1.26674002403678
B,515,20200823,4,5,4,5000,579.311331891537,594.047707716759,14.7363758252222,2322.3105596658,2337.04693549102,14.7363758252222,0.634556638598023
B,516,20200823,4,6,1,6000,699.023401168394,554.630202047098,-144.393199121296,2720.8259379937,2576.4327388724,-144.393199121296,-5.30696201859094
B,517,20200823,4,6,2,6000,542.322084898653,577.137092621008,34.8150077223551,2583.67179846525,2618.4868061876,34.8150077223549,1.34750117035127
B,518,20200823,4,6,3,6000,680.850119032897,669.799811865433,-11.0503071674638,2753.10846082521,2742.05815365775,-11.0503071674639,-0.401375656814903
B,519,20200823,4,7,1,7000,694.392067504,641.439108513263,-52.9529589907376,3073.87497854666,3020.92201955592,-52.9529589907374,-1.72267770681337
B,520,20200823,4,7,2,7000,754.271062315662,750.438423209236,-3.83263910642688,3158.16908907004,3154.33644996361,-3.83263910642654,-0.121356361813898
B,521,20200823,4,8,1,8000,906.34104492101,814.74043910149,-91.6006058195196,3648.37226915146,3556.77166333194,-91.6006058195194,-2.51072530602323
B,522,20200823,6,1,1,1000,55.6700238041168,62.1732940550705,6.50327025095375,372.888405610674,379.391675861628,6.50327025095373,1.74402586755236
B,523,20200823,6,1,2,1000,29.5688507585642,67.199503268947,37.6306525103828,340.540752002161,378.171404512544,37.6306525103828,11.0502641135132
B,524,20200823,6,1,3,1000,65.2818335446468,63.2884652968874,-1.99336824775937,369.862951110549,367.86958286279,-1.99336824775935,-0.538947802631777
B,525,20200823,6,1,4,1000,173.691458947154,69.2860723737219,-104.405386573432,467.87919688059,363.473810307158,-104.405386573432,-22.3146032714248
B,526,20200823,6,1,5,1000,144.429653648094,29.4276139461439,-115.00203970195,427.636150880133,312.634111178183,-115.00203970195,-26.8924971533067
B,527,20200823,6,1,6,1000,-2.33435535878573,10.4872132060512,12.821568564837,279.623211762506,292.444780327343,12.821568564837,4.58530194400556
B,528,20200823,6,1,7,1000,1.04576485093935,22.5714779236784,21.5257130727391,273.406320484488,294.932033557227,21.5257130727391,7.8731585409564
B,529,20200823,6,1,8,1000,0.262967195655619,7.44761477672718,7.18464758107156,270.337689816072,277.522337397144,7.18464758107154,2.65765664638168
B,530,20200823,6,1,9,1000,29.0238190190707,15.466110045667,-13.5577089734038,308.621648241152,295.063939267748,-13.5577089734037,-4.39298702818474
B,531,20200823,6,1,10,1000,1.34492472380362,15.6640233690647,14.3190986452611,294.232347149335,308.551445794596,14.3190986452611,4.86659566291451
B,532,20200823,6,2,1,2000,85.238874562681,129.372797324018,44.1339227613365,713.429157612835,757.563080374171,44.1339227613365,6.1861675108725
B,533,20200823,6,2,2,2000,94.850684303211,130.487968565834,35.6372842626234,710.40370311271,746.040987375334,35.6372842626234,5.01648345954207
B,534,20200823,6,2,3,2000,238.973292491801,132.574537670609,-106.398754821192,837.742147991139,731.343393169948,-106.398754821191,-12.7006567684734
B,535,20200823,6,2,4,2000,318.121112595248,98.7136863198659,-219.407426275382,895.515347760723,676.10792148534,-219.407426275382,-24.5006885503437
B,536,20200823,6,2,5,2000,142.095298289308,39.9148271521952,-102.180471137113,707.259362642639,605.078891505526,-102.180471137113,-14.4473833128657
B,537,20200823,6,2,6,2000,-1.28859050784638,33.0586911297297,34.3472816375761,553.029532246994,587.37681388457,34.3472816375761,6.21074999340829
B,538,20200823,6,2,7,2000,1.30873204659497,30.0190927004056,28.7103606538106,543.744010300561,572.454370954371,28.7103606538107,5.28012449055589
B,539,20200823,6,2,8,2000,29.2867862147264,22.9137248223942,-6.37306139233221,578.959338057224,572.586276664892,-6.37306139233226,-1.10077875481168
B,540,20200823,6,2,9,2000,30.3687437428744,31.1301334147317,0.761389671857319,602.853995390486,603.615385062344,0.761389671857273,0.12629752438882
B,541,20200823,6,3,1,3000,150.520708107328,192.661262620905,42.1405545135771,1083.29210872338,1125.43266323696,42.1405545135772,3.89004536950224
B,542,20200823,6,3,2,3000,268.542143250365,199.774040939556,-68.7681023108088,1178.2828999933,1109.51479768249,-68.7681023108089,-5.83629808352476
B,543,20200823,6,3,3,3000,383.402946139895,162.002151616753,-221.400794523142,1265.37829887127,1043.97750434813,-221.400794523141,-17.4968066641125
B,544,20200823,6,3,4,3000,315.786757236462,109.200899525917,-206.585857710545,1175.13855952323,968.552701812683,-206.585857710545,-17.5797020731207
B,545,20200823,6,3,5,3000,143.141063140248,62.4863050758736,-80.654758064374,980.665683127127,900.010925062753,-80.6547580643741,-8.22449071605971
B,546,20200823,6,3,6,3000,-1.02562331219076,40.5063059064569,41.5319292186476,823.367222063066,864.899151281714,41.5319292186476,5.04415625321874
B,547,20200823,6,3,7,3000,30.3325510656657,45.4852027460726,15.1526516804069,852.365658541712,867.518310222119,15.1526516804068,1.77771728935338
B,548,20200823,6,3,8,3000,30.63171093853,38.5777481914589,7.94603725292889,873.191685206559,881.137722459488,7.94603725292893,0.909999188900802
B,549,20200823,6,4,1,4000,324.212167054482,261.947334994627,-62.2648320598551,1551.17130560397,1488.90647354412,-62.2648320598551,-4.01405259592597
B,550,20200823,6,4,2,4000,412.971796898459,229.2016548857,-183.770142012759,1605.91905087343,1422.14890886067,-183.770142012759,-11.4433004523366
B,551,20200823,6,4,3,4000,381.068590781109,172.489364822805,-208.579225958305,1545.00151063378,1336.42228467547,-208.579225958304,-13.5002603248422
B,552,20200823,6,4,4,4000,316.832522087402,131.772377449596,-185.060144637806,1448.54488000772,1263.48473536991,-185.060144637806,-12.7755892959851
B,553,20200823,6,4,5,4000,143.404030335903,69.9339198526008,-73.4701104833024,1251.0033729432,1177.5332624599,-73.4701104833025,-5.87289467577146
B,554,20200823,6,4,6,4000,27.99819570688,55.9724159521238,27.9742202452439,1131.98887030422,1159.96309054946,27.9742202452439,2.47124516672376
B,555,20200823,6,4,7,4000,31.6774757894693,61.1492261151373,29.471750325668,1146.59800569105,1176.06975601672,29.4717503256679,2.57036469446024
B,556,20200823,6,5,1,5000,468.641820702576,291.374948940771,-177.266871761805,1978.80745648411,1801.5405847223,-177.266871761805,-8.95826782848131
B,557,20200823,6,5,2,5000,410.637441539673,239.688868091752,-170.948573447922,1885.54226263594,1714.59368918802,-170.948573447922,-9.06628171828619
B,558,20200823,6,5,3,5000,382.114355632049,195.060842746483,-187.053512885566,1818.40783111827,1631.3543182327,-187.053512885565,-10.2866645031183
B,559,20200823,6,5,4,5000,317.095489283057,139.219992226323,-177.875497056735,1718.88256982379,1541.00707276705,-177.875497056735,-10.3483216468342
B,560,20200823,6,5,5,5000,172.427849354974,85.4000298982678,-87.0278194567062,1559.62502118435,1472.59720172764,-87.0278194567063,-5.58004765726437
B,561,20200823,6,5,6,5000,29.3431204306836,71.6364393211885,42.2933188905049,1426.22121745355,1468.51453634406,42.2933188905051,2.96541086143829
B,562,20200823,6,6,1,6000,466.30746534379,301.862162146822,-164.445303196968,2258.43066824661,2093.98536504964,-164.445303196968,-7.28139701205171
B,563,20200823,6,6,2,6000,411.683206390613,262.26034601543,-149.422860375183,2158.94858312043,2009.52572274524,-149.422860375183,-6.92109397803329
B,564,20200823,6,6,3,6000,382.377322827704,202.50845752321,-179.868865304494,2088.74552093434,1908.87665562984,-179.868865304494,-8.61133457866302
B,565,20200823,6,6,4,6000,346.119308302128,154.68610227199,-191.433206030138,2027.50421806494,1836.0710120348,-191.433206030139,-9.44181542629999
B,566,20200823,6,6,5,6000,173.772774078778,101.064053267332,-72.7087208114451,1853.85736833369,1781.14864752224,-72.7087208114453,-3.92202345517005
B,567,20200823,6,7,1,7000,467.35323019473,324.433640070501,-142.919590124229,2531.8369887311,2388.91739860687,-142.919590124229,-5.64489699614734
B,568,20200823,6,7,2,7000,411.946173586268,269.707960792157,-142.238212794111,2429.2862729365,2287.04806014239,-142.238212794111,-5.85514413754848
B,569,20200823,6,7,3,7000,411.401141846775,217.974567568877,-193.426574277898,2397.36716917549,2203.94059489759,-193.426574277898,-8.06829161443891
B,570,20200823,6,7,4,7000,347.464233025932,170.350125641054,-177.114107384877,2321.73656521428,2144.6224578294,-177.114107384877,-7.62851867169224
B,571,20200823,6,8,1,8000,467.616197390385,331.881254847228,-135.734942543158,2802.17467854717,2666.43973600402,-135.734942543158,-4.84391439200112
B,572,20200823,6,8,2,8000,440.969992605339,285.174070837824,-155.795921767515,2737.90792117765,2582.11199941014,-155.795921767515,-5.69032729561274
B,573,20200823,6,8,3,8000,412.746066570579,233.638590937942,-179.107475632637,2691.59951632482,2512.49204069219,-179.107475632636,-6.6543137099829
B,574,20200823,6,9,1,9000,496.640016409456,347.347364892895,-149.292651516561,3110.79632678833,2961.50367527176,-149.292651516561,-4.79917795424091
B,575,20200823,6,9,2,9000,442.314917329143,300.838094206889,-141.476823122254,3032.14026832699,2890.66344520473,-141.476823122254,-4.66590627749275
B,576,20200823,6,10,1,10000,497.98494113326,363.011388261959,-134.9735528713,3405.02867393766,3270.05512106636,-134.9735528713,-3.96394761384531
B,577,20200823,7,1,1,1000,-1.61833435925956,8.8553887169969,10.4737230762565,302.950837863014,313.42456093927,10.4737230762565,3.45723522342342
B,578,20200823,7,1,2,1000,-0.45237563080417,23.8816500622489,24.334025693053,305.835358060616,330.16938375367,24.334025693053,7.95657697898686
B,579,20200823,7,1,3,1000,1.00617253133464,13.1401761493998,12.1340036180652,306.596475427609,318.730479045674,12.1340036180652,3.95764615400159
B,580,20200823,7,1,4,1000,-0.229999780736875,9.59100593625678,9.82100571699365,303.219516665743,313.040522382736,9.82100571699368,3.23890949533436
B,581,20200823,7,1,5,1000,0.0211785604851684,9.22835839453557,9.2071798340504,300.051621150618,309.258800984669,9.20717983405041,3.06853194085182
B,582,20200823,7,1,6,1000,0.11684687656566,5.79407972660348,5.67723285003782,293.623629847748,299.300862697786,5.6772328500378,1.93350680017872
B,583,20200823,7,1,7,1000,-0.517434455441276,7.53361506573833,8.0510495211796,291.477414877738,299.528464398917,8.05104952117961,2.76215209489102
B,584,20200823,7,1,8,1000,14.2979319314751,38.4306009770636,24.1326690455885,304.443701192417,328.576370238005,24.1326690455885,7.92680845459042
B,585,20200823,7,2,1,2000,-2.07070999006373,32.7370387792458,34.8077487693095,608.78619592363,643.59394469294,34.8077487693095,5.71756537884376
B,586,20200823,7,2,2,2000,0.553796900530472,37.0218262116487,36.4680293111182,612.431833488226,648.899862799344,36.4680293111182,5.9546266730466
B,587,20200823,7,2,3,2000,0.776172750597766,22.7311820856566,21.9550093350588,609.815992093352,631.771001428411,21.9550093350589,3.60026788731673
B,588,20200823,7,2,4,2000,-0.208821220251707,18.8193643307923,19.0281855510441,603.271137816361,622.299323367405,19.0281855510441,3.15416806113413
B,589,20200823,7,2,5,2000,0.138025437050828,15.022438121139,14.8844126840882,593.675250998366,608.559663682454,14.8844126840883,2.50716408660418
B,590,20200823,7,2,6,2000,-0.400587578875616,13.3276947923418,13.7282823712174,585.101044725486,598.829327096703,13.7282823712175,2.34630966650528
B,591,20200823,7,2,7,2000,13.7804974760338,45.9642160428019,32.1837185667681,595.921116070155,628.104834636923,32.1837185667681,5.40066758818785
B,592,20200823,7,3,1,3000,-1.06453745872909,45.8772149286456,46.9417523873747,915.38267135124,962.324423738614,46.9417523873747,5.12810148766327
B,593,20200823,7,3,2,3000,0.323797119793596,46.6128321479055,46.2890350281119,915.651350153968,961.94038518208,46.2890350281119,5.05531226709034
B,594,20200823,7,3,3,3000,0.797351311082934,31.9595404801922,31.1621891691092,909.86761324397,941.029802413079,31.1621891691092,3.42491464862739
B,595,20200823,7,3,4,3000,-0.0919743436860472,24.6134440573958,24.7054184010819,896.894767664109,921.600186065191,24.7054184010818,2.75455039897547
B,596,20200823,7,3,5,3000,-0.379409018390447,22.5560531868774,22.9354622052678,885.152665876104,908.088128081372,22.9354622052679,2.59113067038745
B,597,20200823,7,3,6,3000,13.8973443525995,51.7582957694054,37.8609514168059,889.544745917902,927.405697334708,37.860951416806,4.25621663109685
B,598,20200823,7,4,1,4000,-1.29453723946597,55.4682208649024,56.7627581043683,1218.60218801698,1275.36494612135,56.7627581043682,4.65802200771834
B,599,20200823,7,4,2,4000,0.344975680278765,55.841190542441,55.4962148621623,1215.70297130459,1271.19918616675,55.4962148621621,4.56494852542874
B,600,20200823,7,4,3,4000,0.914198187648594,37.7536202067957,36.8394220191471,1203.49124309172,1240.33066511087,36.8394220191472,3.06104612149136
B,601,20200823,7,4,4,4000,-0.609408799127323,32.1470591231341,32.7564679222615,1188.37218254185,1221.12865046411,32.7564679222614,2.75641490128098
B,602,20200823,7,4,5,4000,13.9185229130846,60.986654163941,47.0681312508563,1189.59636706852,1236.66449831938,47.0681312508564,3.9566471917567
B,603,20200823,7,5,1,5000,-1.2733586789808,64.6965792594379,65.9699379384187,1518.6538091676,1584.62374710602,65.9699379384185,4.34397474527639
B,604,20200823,7,5,2,5000,0.461822556844425,61.6352702690445,61.1734477122001,1509.32660115233,1570.50004886453,61.1734477122,4.05302918967277
B,605,20200823,7,5,3,5000,0.396763732207319,45.287235272534,44.8904715403267,1494.96865796946,1539.85912950978,44.8904715403266,3.00277007822353
B,606,20200823,7,5,4,5000,13.6885231323478,70.5776601001977,56.88913696785,1492.81588373426,1549.70502070211,56.8891369678502,3.8108609097555
B,607,20200823,7,6,1,6000,-1.15651180241514,70.4906589860414,71.6471707884566,1812.27743901535,1883.9246098038,71.6471707884564,3.95343280482396
B,608,20200823,7,6,2,6000,-0.055611898596851,69.1688853347828,69.2244972333797,1800.80401603007,1870.02851326345,69.2244972333795,3.84408834149465
B,609,20200823,7,6,3,6000,14.6946956636824,83.7178362495976,69.0231405859152,1799.41235916187,1868.43549974779,69.0231405859154,3.83587120731264
B,610,20200823,7,7,1,7000,-1.67394625785641,78.0242740517798,79.6982203096362,2103.75485389309,2183.45307420272,79.6982203096359,3.78837962808029
B,611,20200823,7,7,2,7000,14.2423200328782,107.599486311846,93.3571662789682,2105.24771722249,2198.60488350146,93.3571662789682,4.43449792227476
B,612,20200823,7,8,1,8000,12.6239856736187,116.454875028843,103.830889355225,2408.1985550855,2512.02944444073,103.830889355224,4.3115584940436
