Platform,Path,Scenario,Time_h,FittedRMSE_m
A,BCS,WithTurning,2.33750453291839,2.50999093656298
A,BCS,WithTurning,2.34494517093075,2.50935529905322
A,BCS,WithTurning,2.35240949364329,2.50816114833076
A,BCS,WithTurning,2.35989757644806,2.50644169766789
A,BCS,WithTurning,2.36740949497712,2.50423041544337
A,BCS,WithTurning,2.37494532510325,2.50156095832328
A,BCS,WithTurning,2.38250514294077,2.49846710864504
A,BCS,WithTurning,2.39008902484626,2.49498271610304
A,BCS,WithTurning,2.39769704741937,2.49114164381221
A,BCS,WithTurning,2.40532928750357,2.48697771880542
A,BCS,WithTurning,2.41298582218694,2.48252468700144
A,BCS,WithTurning,2.42066672880295,2.47781617266295
A,BCS,WithTurning,2.42837208493122,2.47288564234817
A,BCS,WithTurning,2.43610196839832,2.46776637334559
A,BCS,WithTurning,2.44385645727857,2.46249142656878
A,BCS,WithTurning,2.45163562989479,2.45709362387743
A,BCS,WithTurning,2.45943956481913,2.45160552978161
A,BCS,WithTurning,2.46726834087384,2.44605943747875
A,BCS,WithTurning,2.47198539681849,2.44271171363945
A,BCS,WithTurning,2.47512203713207,2.44042036014237
A,BCS,WithTurning,2.48300073291869,2.43410361250216
A,BCS,WithTurning,2.49090450781105,2.42700697320159
A,BCS,WithTurning,2.49883344163982,2.41918162039499
A,BCS,WithTurning,2.50678761448979,2.41067884322585
A,BCS,WithTurning,2.51476710670065,2.4015499028901
A,BCS,WithTurning,2.52277199886785,2.39184590356374
A,BCS,WithTurning,2.53080237184336,2.38161767335377
A,BCS,WithTurning,2.53885830673654,2.37091565536395
A,BCS,WithTurning,2.54693988491491,2.35978980890484
A,BCS,WithTurning,2.55504718800503,2.34828952082124
A,BCS,WithTurning,2.56318029789325,2.3364635268583
A,BCS,WithTurning,2.57133929672659,2.32435984294253
A,BCS,WithTurning,2.57952426691358,2.31202570621324
A,BCS,WithTurning,2.58773529112504,2.29950752560532
A,BCS,WithTurning,2.59597245229496,2.28685084175494
A,BCS,WithTurning,2.60423583362131,2.27410029597523
A,BCS,WithTurning,2.6125255185669,2.26129960803029
A,BCS,WithTurning,2.62084159086021,2.24849156242112
A,BCS,WithTurning,2.62918413449626,2.23571800288778
A,BCS,WithTurning,2.6375532337374,2.22301983482699
A,BCS,WithTurning,2.64594897311424,2.21043703532318
A,BCS,WithTurning,2.64840503890846,2.20679105415569
A,BCS,WithTurning,2.65437143742644,2.19743771937658
A,BCS,WithTurning,2.6628207117436,2.18298722513991
A,BCS,WithTurning,2.66414628897993,2.18065633353557
A,BCS,WithTurning,2.6712968814061,2.16792750096971
A,BCS,WithTurning,2.67980003202599,2.15247406988417
A,BCS,WithTurning,2.68833024948782,2.13669167816216
A,BCS,WithTurning,2.69688761994953,2.12064523083871
A,BCS,WithTurning,2.70547222984331,2.10439803761658
A,BCS,WithTurning,2.71408416587648,2.08801174623974
A,BCS,WithTurning,2.72272351503237,2.07154629407463
A,BCS,WithTurning,2.73139036457118,2.05505987713603
A,BCS,WithTurning,2.74008480203087,2.0386089357633
A,BCS,WithTurning,2.74880691522807,2.02224815613417
A,BCS,WithTurning,2.75755679225891,2.00603048679867
A,BCS,WithTurning,2.76633452149997,1.99000716942161
A,BCS,WithTurning,2.76790939853823,1.98716203478536
A,BCS,WithTurning,2.77514019160914,1.97410974924678
A,BCS,WithTurning,2.78397389152652,1.95805792482663
A,BCS,WithTurning,2.78887113747996,1.94906378181234
A,BCS,WithTurning,2.79283571047531,1.94169571791327
A,BCS,WithTurning,2.80172573796273,1.92485049993384
A,BCS,WithTurning,2.81064406378093,1.90761246805857
A,BCS,WithTurning,2.81959077800786,1.89010884385045
A,BCS,WithTurning,2.82856597100821,1.87246275043524
A,BCS,WithTurning,2.83756973343432,1.85479308209494
A,BCS,WithTurning,2.84660215622707,1.83721445110127
A,BCS,WithTurning,2.85566333061685,1.81983720729484
A,BCS,WithTurning,2.86475334812443,1.80276752588414
A,BCS,WithTurning,2.87387230056192,1.78610755902825
A,BCS,WithTurning,2.88302028003365,1.76995564696708
A,BCS,WithTurning,2.89219737893716,1.75440658476372
A,BCS,WithTurning,2.90140368996412,1.7395519411144
A,BCS,WithTurning,2.91063930610121,1.72548042615497
A,BCS,WithTurning,2.91990432063112,1.71227830574152
A,BCS,WithTurning,2.92919882713349,1.7000298603012
A,BCS,WithTurning,2.93149615257518,1.69716460172373
A,BCS,WithTurning,2.93852291948582,1.68860627900813
A,BCS,WithTurning,2.94787669186444,1.67752913858138
A,BCS,WithTurning,2.95726023874545,1.66676330800457
A,BCS,WithTurning,2.96667365490571,1.65629575331289
A,BCS,WithTurning,2.97611703542373,1.64611379944184
A,BCS,WithTurning,2.9855904756807,1.63620511270194
A,BCS,WithTurning,2.9950940713614,1.62655768418923
A,BCS,WithTurning,3.00462791845522,1.61715981408875
A,BCS,WithTurning,3.01419211325708,1.6080000968311
A,BCS,WithTurning,3.0237867523684,1.59906740706435
A,BCS,WithTurning,3.03341193269815,1.59035088640627
A,BCS,WithTurning,3.04306775146372,1.58183993094387
A,BCS,WithTurning,3.052754306192,1.57352417944926
A,BCS,WithTurning,3.0624716947203,1.56539350228289
A,BCS,WithTurning,3.07222001519738,1.55743799095691
A,BCS,WithTurning,3.08199936608439,1.5496479483331
A,BCS,WithTurning,3.09180984615594,1.54201387943132
A,BCS,WithTurning,3.10165155450102,1.53452648282612
A,BCS,WithTurning,3.11152459052405,1.52717664260996
A,BCS,WithTurning,3.12142905394587,1.51995542090334
A,BCS,WithTurning,3.13136504480475,1.512854050893
A,BCS,WithTurning,3.14133266345739,1.50586393038024
A,BCS,WithTurning,3.15133201057994,1.49897661582278
A,BCS,WithTurning,3.16136318716901,1.49218381685418
A,BCS,WithTurning,3.17142629454273,1.48547739126585
A,BCS,WithTurning,3.18152143434171,1.47884934043719
A,BCS,WithTurning,3.19164870853011,1.47229180520046
A,BCS,WithTurning,3.19823847097896,1.46807009525125
A,BCS,WithTurning,3.20180821939665,1.46579605762131
A,BCS,WithTurning,3.21200006955567,1.45934575436303
A,BCS,WithTurning,3.22222436194811,1.45293943924711
A,BCS,WithTurning,3.23248119984263,1.44657976514506
A,BCS,WithTurning,3.24277068683659,1.44026933568798
A,BCS,WithTurning,3.25309292685711,1.43401070621757
A,BCS,WithTurning,3.26344802416213,1.42780638478257
A,BCS,WithTurning,3.27383608334147,1.42165883317893
A,BCS,WithTurning,3.28425720931786,1.41557046803222
A,BCS,WithTurning,3.29471150734803,1.40954366192083
A,BCS,WithTurning,3.30519908302375,1.40358074453859
A,BCS,WithTurning,3.31572004227291,1.39768400389536
A,BCS,WithTurning,3.32627449136057,1.39185568755445
A,BCS,WithTurning,3.33686253689007,1.38609800390554
A,BCS,WithTurning,3.34748428580407,1.38041312347203
A,BCS,WithTurning,3.35813984538564,1.37480318025169
A,BCS,WithTurning,3.36882932325938,1.36927027308965
A,BCS,WithTurning,3.37955282739243,1.3638164670827
A,BCS,WithTurning,3.39031046609565,1.35844379501421
A,BCS,WithTurning,3.40110234802463,1.35315425881865
A,BCS,WithTurning,3.41192858218086,1.34794983107519
A,BCS,WithTurning,3.42278927791279,1.34283245652958
A,BCS,WithTurning,3.43368454491692,1.33780405364388
A,BCS,WithTurning,3.44461449323897,1.33286651617349
A,BCS,WithTurning,3.45557923327492,1.32802171477097
A,BCS,WithTurning,3.46657887577217,1.32327149861658
A,BCS,WithTurning,3.47761353183066,1.31861769707496
A,BCS,WithTurning,3.48868331290395,1.31406212137812
A,BCS,WithTurning,3.49978833080038,1.30960656633436
A,BCS,WithTurning,3.51092869768423,1.30525281206332
A,BCS,WithTurning,3.52210452607676,1.30100262575718
A,BCS,WithTurning,3.53331592885744,1.29685776346819
A,BCS,WithTurning,3.54456301926505,1.29281997192277
A,BCS,WithTurning,3.5558459108988,1.28889099036254
A,BCS,WithTurning,3.56716471771955,1.28507255241284
A,BCS,WithTurning,3.57851955405086,1.28136638797901
A,BCS,WithTurning,3.58991053458025,1.27777422517139
A,BCS,WithTurning,3.60133777436028,1.27429779225951
A,BCS,WithTurning,3.61280138880974,1.27093881965639
A,BCS,WithTurning,3.62430149371482,1.26769904193393
A,BCS,WithTurning,3.62628450760753,1.26715358207464
A,BCS,WithTurning,3.63583820523029,1.26455345053218
A,BCS,WithTurning,3.64741163988063,1.26145402696728
A,BCS,WithTurning,3.65902191456126,1.25840203547639
A,BCS,WithTurning,3.67066914653969,1.25539987858742
A,BCS,WithTurning,3.68235345345671,1.25244993852848
A,BCS,WithTurning,3.69407495332756,1.24955457826857
A,BCS,WithTurning,3.70583376454317,1.24671614260347
A,BCS,WithTurning,3.71763000587131,1.24393695928642
A,BCS,WithTurning,3.72946379645782,1.24121934020322
A,BCS,WithTurning,3.74133525582777,1.23856558259122
A,BCS,WithTurning,3.75324450388674,1.23597797030225
A,BCS,WithTurning,3.76519166092195,1.23345877510892
A,BCS,WithTurning,3.77717684760353,1.23101025805447
A,BCS,WithTurning,3.78920018498571,1.2286346708459
A,BCS,WithTurning,3.80126179450808,1.22633425729058
A,BCS,WithTurning,3.81336179799677,1.22411125477621
A,BCS,WithTurning,3.8255003176657,1.22196789579464
A,BCS,WithTurning,3.83767747611782,1.21990640950946
A,BCS,WithTurning,3.84989339634636,1.21792902336805
A,BCS,WithTurning,3.86214820173602,1.21603796475824
A,BCS,WithTurning,3.87444201606429,1.21423546271044
A,BCS,WithTurning,3.88677496350265,1.21252374964551
A,BCS,WithTurning,3.89914716861782,1.21090506316953
A,BCS,WithTurning,3.91155875637306,1.20938164791587
A,BCS,WithTurning,3.91695493506751,1.20875101555364
A,BCS,WithTurning,3.92400985212939,1.20794914172863
A,BCS,WithTurning,3.93650058164689,1.20657695986172
A,BCS,WithTurning,3.94903107108594,1.205258577959
A,BCS,WithTurning,3.96160144700851,1.20399121384356
A,BCS,WithTurning,3.97421183637944,1.20277210302751
A,BCS,WithTurning,3.98686236656772,1.20159849760508
A,BCS,WithTurning,3.99955316534777,1.20046766520979
A,BCS,WithTurning,4.01228436090074,1.19937688803498
A,BCS,WithTurning,4.02505608181579,1.1983234619167
A,BCS,WithTurning,4.03786845709141,1.19730469547851
A,BCS,WithTurning,4.05072161613672,1.19631790933737
A,BCS,WithTurning,4.06361568877275,1.19536043537006
A,BCS,WithTurning,4.07655080523378,1.19442961603966
A,BCS,WithTurning,4.08952709616865,1.19352280378149
A,BCS,WithTurning,4.10254469264207,1.19263736044808
A,BCS,WithTurning,4.11560372613594,1.19177065681275
A,BCS,WithTurning,4.12870432855071,1.19092007213137
A,BCS,WithTurning,4.14184663220667,1.19008299376203
A,BCS,WithTurning,4.15503076984531,1.18925681684205
A,BCS,WithTurning,4.16825687463066,1.18843894402232
A,BCS,WithTurning,4.18152508015064,1.18762678525842
A,BCS,WithTurning,4.19483552041839,1.18681775765827
A,BCS,WithTurning,4.20818832987362,1.18600928538619
A,BCS,WithTurning,4.22158364338402,1.18519879962284
A,BCS,WithTurning,4.23502159624654,1.18438373858106
A,BCS,WithTurning,4.24850232418885,1.18356154757706
A,BCS,WithTurning,4.26202596337062,1.18272967915694
A,BCS,WithTurning,4.27559265038496,1.18188559327806
A,BCS,WithTurning,4.28920252225977,1.18102675754513
A,BCS,WithTurning,4.30285571645913,1.18015064750062
A,BCS,WithTurning,4.3165523708847,1.17925474696926
A,BCS,WithTurning,4.33029262387707,1.17833654845618
A,BCS,WithTurning,4.34407661421724,1.17739355359853
A,BCS,WithTurning,4.35790448112793,1.17642327366991
A,BCS,WithTurning,4.37177636427505,1.17542323013755
A,BCS,WithTurning,4.38569240376907,1.1743909552715
A,BCS,WithTurning,4.39965274016647,1.17332399280548
A,BCS,WithTurning,4.41328053662782,1.17225007904458
A,BCS,WithTurning,4.41365751447113,1.17221990759413
A,BCS,WithTurning,4.42770686813578,1.17108978804675
A,BCS,WithTurning,4.44180094306341,1.1699452773442
A,BCS,WithTurning,4.4559398816087,1.16878673034547
A,BCS,WithTurning,4.47012382657949,1.16761450118894
A,BCS,WithTurning,4.48435292123817,1.16642894325277
A,BCS,WithTurning,4.49862730930317,1.16523040911648
A,BCS,WithTurning,4.51294713495041,1.16401925052336
A,BCS,WithTurning,4.52731254281473,1.16279581834411
A,BCS,WithTurning,4.54172367799137,1.16156046254133
A,BCS,WithTurning,4.55618068603742,1.16031353213514
A,BCS,WithTurning,4.57068371297331,1.15905537516975
A,BCS,WithTurning,4.58523290528429,1.1577863386811
A,BCS,WithTurning,4.59982840992186,1.15650676866549
A,BCS,WithTurning,4.61447037430533,1.15521701004918
A,BCS,WithTurning,4.62915894632323,1.15391740665909
A,BCS,WithTurning,4.64389427433487,1.15260830119437
A,BCS,WithTurning,4.6586765071718,1.15129003519913
A,BCS,WithTurning,4.67350579413933,1.14996294903599
A,BCS,WithTurning,4.68838228501801,1.14862738186078
A,BCS,WithTurning,4.70330613006519,1.14728367159811
A,BCS,WithTurning,4.71827748001651,1.14593215491796
A,BCS,WithTurning,4.73329648608741,1.14457316721328
A,BCS,WithTurning,4.74836329997468,1.14320704257851
A,BCS,WithTurning,4.76347807385799,1.14183411378908
A,BCS,WithTurning,4.77864096040141,1.14045471228189
A,BCS,WithTurning,4.79385211275497,1.13906916813672
A,BCS,WithTurning,4.80911168455621,1.1376778100586
A,BCS,WithTurning,4.82441982993169,1.13628096536111
A,BCS,WithTurning,4.83977670349862,1.13487895995068
A,BCS,WithTurning,4.85518246036636,1.13347211831169
A,BCS,WithTurning,4.87063725613799,1.13206076349264
A,BCS,WithTurning,4.88614124691194,1.13064521709315
A,BCS,WithTurning,4.90169458928348,1.12922579925187
A,BCS,WithTurning,4.91729744034638,1.12780282863539
A,BCS,WithTurning,4.93294995769446,1.12637662242788
A,BCS,WithTurning,4.94865229942316,1.12494749632181
A,BCS,WithTurning,4.96440462413118,1.12351576450943
A,BCS,WithTurning,4.98020709092209,1.12208173967514
A,BCS,WithTurning,4.99605985940586,1.12064573298881
A,BCS,WithTurning,5.01196308970056,1.11920805409987
A,BCS,WithTurning,5.02791694243392,1.11776901113231
A,BCS,WithTurning,5.043921578745,1.11632891068053
A,BCS,WithTurning,5.05997716028575,1.11488805780599
A,BCS,WithTurning,5.07608384922272,1.11344675603478
A,BCS,WithTurning,5.09224180823865,1.11200530735591
A,BCS,WithTurning,5.10845120053411,1.11056401222053
A,BCS,WithTurning,5.12471218982917,1.10912316954186
A,BCS,WithTurning,5.14102494036507,1.10768307669605
A,BCS,WithTurning,5.15738961690582,1.10624402952371
A,BCS,WithTurning,5.17380638473993,1.10480632233232
A,BCS,WithTurning,5.19027540968201,1.10337024789941
A,BCS,WithTurning,5.20679685807452,1.10193609747649
A,BCS,WithTurning,5.22337089678941,1.10050416079379
A,BCS,WithTurning,5.23999769322978,1.09907472606574
A,BCS,WithTurning,5.25667741533164,1.09764807999721
A,BCS,WithTurning,5.27341023156553,1.0962245077905
A,BCS,WithTurning,5.29019631093828,1.0948042931531
A,BCS,WithTurning,5.30703582299469,1.09338771830615
A,BCS,WithTurning,5.32392893781924,1.09197506399364
A,BCS,WithTurning,5.34087582603784,1.09056660949235
A,BCS,WithTurning,5.35787665881949,1.0891626326225
A,BCS,WithTurning,5.37493160787807,1.08776340975911
A,BCS,WithTurning,5.39204084547405,1.086369215844
A,BCS,WithTurning,5.40920454441624,1.08498032439866
A,BCS,WithTurning,5.42642287806351,1.08359700753757
A,BCS,WithTurning,5.44369602032657,1.08221953598243
A,BCS,WithTurning,5.4610241456697,1.08084817907692
A,BCS,WithTurning,5.47840742911255,1.07948320480219
A,BCS,WithTurning,5.49584604623187,1.07812487979301
A,BCS,WithTurning,5.51320045730289,1.07678421727986
A,BCS,WithTurning,5.51334017316329,1.07677346918389
A,BCS,WithTurning,5.53088998660313,1.07542646192184
A,BCS,WithTurning,5.54849566381013,1.07408124170162
A,BCS,WithTurning,5.56615738260731,1.07273778736342
A,BCS,WithTurning,5.5838753213837,1.07139607784442
A,BCS,WithTurning,5.60164965909618,1.07005609217852
A,BCS,WithTurning,5.61948057527128,1.06871780949605
A,BCS,WithTurning,5.63736825000698,1.0673812090234
A,BCS,WithTurning,5.65531286397454,1.0660462700828
A,BCS,WithTurning,5.67331459842034,1.06471297209197
A,BCS,WithTurning,5.69137363516769,1.06338129456387
A,BCS,WithTurning,5.70949015661866,1.06205121710638
A,BCS,WithTurning,5.72766434575594,1.06072271942204
A,BCS,WithTurning,5.74589638614469,1.05939578130775
A,BCS,WithTurning,5.76418646193437,1.05807038265452
A,BCS,WithTurning,5.78253475786064,1.05674650344718
A,BCS,WithTurning,5.80094145924718,1.05542412376414
A,BCS,WithTurning,5.81940675200759,1.05410322377708
A,BCS,WithTurning,5.83793082264727,1.05278378375073
A,BCS,WithTurning,5.85651385826528,1.05146578404259
A,BCS,WithTurning,5.87515604655627,1.05014920510272
A,BCS,WithTurning,5.89385757581232,1.04883402747343
A,BCS,WithTurning,5.9126186349249,1.04752023178907
A,BCS,WithTurning,5.93143941338674,1.04620779877579
A,BCS,WithTurning,5.95032010129374,1.04489670925128
A,BCS,WithTurning,5.96926088934693,1.04358694412458
A,BCS,WithTurning,5.98826196885435,1.0422784843958
A,BCS,WithTurning,6.00732353173302,1.0409713111559
A,BCS,WithTurning,6.02644577051085,1.03966540558651
A,BCS,WithTurning,6.04562887832861,1.03836074895965
A,BCS,WithTurning,6.06487304894184,1.03705732263755
A,BCS,WithTurning,6.08417847672287,1.03575510807243
A,BCS,WithTurning,6.10354535666271,1.03445408680628
A,BCS,WithTurning,6.12297388437308,1.03315424047066
A,BCS,WithTurning,6.14246425608836,1.0318555507865
A,BCS,WithTurning,6.16201666866757,1.03055799956387
A,BCS,WithTurning,6.18163131959636,1.02926156870184
A,BCS,WithTurning,6.20130840698901,1.02796624018822
A,BCS,WithTurning,6.22104812959044,1.02667199609942
A,BCS,WithTurning,6.24085068677818,1.02537881860024
A,BCS,WithTurning,6.26071627856444,1.02408668994368
A,BCS,WithTurning,6.28064510559807,1.02279559247076
A,BCS,WithTurning,6.30063736916664,1.02150550861036
A,BCS,WithTurning,6.32069327119844,1.02021642087901
A,BCS,WithTurning,6.34081301426452,1.01892831188077
A,BCS,WithTurning,6.36099680158077,1.017641164307
A,BCS,WithTurning,6.38124483700991,1.01635496093622
A,BCS,WithTurning,6.40155732506363,1.01506968463397
A,BCS,WithTurning,6.42193447090457,1.0137853183526
A,BCS,WithTurning,6.44237648034847,1.01250184513115
A,BCS,WithTurning,6.46288355986619,1.01121924809518
A,BCS,WithTurning,6.48345591658583,1.00993751045663
A,BCS,WithTurning,6.50409375829481,1.00865661551363
A,BCS,WithTurning,6.52479729344196,1.00737654665042
A,BCS,WithTurning,6.54556673113964,1.00609728733715
A,BCS,WithTurning,6.56640228116586,1.00481882112976
A,BCS,WithTurning,6.58730415396636,1.00354113166983
A,BCS,WithTurning,6.60827256065679,1.00226420268446
A,BCS,WithTurning,6.62930771302479,1.00098801798614
A,BCS,WithTurning,6.65040982353217,0.999712561472583
A,BCS,WithTurning,6.67157910531702,0.99843781712665
A,BCS,WithTurning,6.6928157721959,0.997163769016179
A,BCS,WithTurning,6.71412003866598,0.995890401293885
A,BCS,WithTurning,6.73549211990719,0.994617698197231
A,BCS,WithTurning,6.75693223178442,0.993345644048317
A,BCS,WithTurning,6.7784405908497,0.992074223253756
A,BCS,WithTurning,6.80001741434437,0.990803420304569
A,BCS,WithTurning,6.82166292020129,0.989533219776067
A,BCS,WithTurning,6.84337732704702,0.988263606327749
A,BCS,WithTurning,6.86516085420405,0.986994564703193
A,BCS,WithTurning,6.88701372169302,0.985726079729951
A,BCS,WithTurning,6.90893615023491,0.98445813631945
A,BCS,WithTurning,6.9309283612533,0.983190719466894
A,BCS,WithTurning,6.95299057687659,0.981923814251164
A,BCS,WithTurning,6.97512301994025,0.980657405834727
A,BCS,WithTurning,6.99732591398907,0.979391479463542
A,BCS,WithTurning,7.01959948327942,0.978126020466971
A,BCS,WithTurning,7.04194395278152,0.976861014257689
A,BCS,WithTurning,7.06435954818168,0.975596446331602
A,BCS,WithTurning,7.08684649588464,0.974332302267761
A,BCS,WithTurning,7.10940502301578,0.97306856772828
A,BCS,WithTurning,7.13203535742349,0.97180522845826
A,BCS,WithTurning,7.15473772768143,0.970542270285709
A,BCS,WithTurning,7.17751236309082,0.969279679121469
A,BCS,WithTurning,7.20035949368282,0.968017440959138
A,BCS,WithTurning,7.22327935022078,0.966755541875006
A,BCS,WithTurning,7.24627216420263,0.965493968027982
A,BCS,WithTurning,7.26933816786318,0.964232705659525
A,BCS,WithTurning,7.29247759417648,0.962971741093583
A,BCS,WithTurning,7.31569067685818,0.961711060736525
A,BCS,WithTurning,7.33897765036788,0.960450651077084
A,BCS,WithTurning,7.3623387499115,0.959190498686294
A,BCS,WithTurning,7.38577421144365,0.957930590217434
A,BCS,WithTurning,7.40928427167003,0.956670912405972
A,BCS,WithTurning,7.4328691680498,0.955411452069508
A,BCS,WithTurning,7.45652913879802,0.954152196107725
A,BCS,WithTurning,7.48026442288797,0.952893131502337
A,BCS,WithTurning,7.50407526005368,0.951634245317039
A,BCS,WithTurning,7.52796189079224,0.950375524697462
A,BCS,WithTurning,7.55192455636631,0.949116956871125
A,BCS,WithTurning,7.57596349880652,0.947858529147391
A,BCS,WithTurning,7.60007896091391,0.946600228917426
A,BCS,WithTurning,7.6242711862624,0.945342043654158
A,BCS,WithTurning,7.64854041920125,0.944083960912237
A,BCS,WithTurning,7.67288690485751,0.942825968327997
A,BCS,WithTurning,7.69731088913852,0.941568053619423
A,BCS,WithTurning,7.72181261873438,0.94031020458611
A,BCS,WithTurning,7.74639234112042,0.939052409109237
A,BCS,WithTurning,7.77105030455975,0.93779465515153
A,BCS,WithTurning,7.79578675810572,0.936536930757234
A,BCS,WithTurning,7.82060195160448,0.935279224052086
A,BCS,WithTurning,7.84549613569744,0.934021523243282
A,BCS,WithTurning,7.87046956182389,0.932763816619457
A,BCS,WithTurning,7.89552248222344,0.931506092550655
A,BCS,WithTurning,7.92065514993865,0.930248339488311
A,BCS,WithTurning,7.94586781881755,0.928990545965225
A,BCS,WithTurning,7.9711607435162,0.92773270059554
A,BCS,WithTurning,7.99653417950127,0.926474792074728
A,BCS,WithTurning,8.02198838305261,0.925216809179566
A,BCS,WithTurning,8.04752361126588,0.923958740768121
A,BCS,WithTurning,8.07314012205509,0.922700575779735
A,BCS,WithTurning,8.09883817415522,0.921442303235009
A,BCS,WithTurning,8.12461802712488,0.920183912235789
A,BCS,WithTurning,8.15047994134886,0.918925391965154
A,BCS,WithTurning,8.17642417804081,0.917666731687407
A,BCS,WithTurning,8.20245099924587,0.916407920748059
A,BCS,WithTurning,8.2285606678433,0.915148948573824
A,BCS,WithTurning,8.25475344754914,0.91388980467261
A,BCS,WithTurning,8.28102960291889,0.912630478633512
A,BCS,WithTurning,8.30738939935017,0.911370960126804
A,BCS,WithTurning,8.3338331030854,0.910111238903935
A,BCS,WithTurning,8.36036098121449,0.908851304797523
A,BCS,WithTurning,8.38697330167753,0.907591147721356
A,BCS,WithTurning,8.41367033326753,0.906330757670384
A,BCS,WithTurning,8.44045234563307,0.905070124720718
A,BCS,WithTurning,8.46731960928111,0.903809239029634
A,BCS,WithTurning,8.49427239557964,0.902548090835568
A,BCS,WithTurning,8.52131097676046,0.901286670458117
A,BCS,WithTurning,8.54843562592194,0.900024968298044
A,BCS,WithTurning,8.57564661703177,0.898762974837278
A,BCS,WithTurning,8.60294422492969,0.897500680638915
A,BCS,WithTurning,8.63032872533033,0.896238076347227
A,BCS,WithTurning,8.65780039482594,0.894975152687661
A,BCS,WithTurning,8.68535951088921,0.893711900466849
A,BCS,WithTurning,8.71300635187609,0.892448310572608
A,BCS,WithTurning,8.7242648399742,0.891934794919425
A,BCS,WithTurning,8.74074119702855,0.891184979984389
A,BCS,WithTurning,8.76856432647745,0.889924377222582
A,BCS,WithTurning,8.79647602124534,0.888666613733092
A,BCS,WithTurning,8.82447656324932,0.887411513431515
A,BCS,WithTurning,8.85256623530385,0.886158901207908
A,BCS,WithTurning,8.88074532112366,0.884908602921836
A,BCS,WithTurning,8.90901410532657,0.883660445397766
A,BCS,WithTurning,8.93737287343641,0.8824142564208
A,BCS,WithTurning,8.96582191188583,0.881169864732745
A,BCS,WithTurning,8.99436150801927,0.879927100028511
A,BCS,WithTurning,9.02299195009584,0.878685792952854
A,BCS,WithTurning,9.05171352729221,0.877445775097429
A,BCS,WithTurning,9.08052652970553,0.876206878998179
A,BCS,WithTurning,9.1094312483564,0.874968938133041
A,BCS,WithTurning,9.13842797519177,0.873731786919968
A,BCS,WithTurning,9.1675170030879,0.872495260715269
A,BCS,WithTurning,9.19669862585332,0.871259195812259
A,BCS,WithTurning,9.22597313823182,0.870023429440218
A,BCS,WithTurning,9.25534083590537,0.868787799763654
A,BCS,WithTurning,9.28480201549717,0.86755214588187
A,BCS,WithTurning,9.3143569745746,0.866316307828829
A,BCS,WithTurning,9.34400601165225,0.865080126573316
A,BCS,WithTurning,9.37374942619493,0.863843444019392
A,BCS,WithTurning,9.40358751862069,0.862606103007141
A,BCS,WithTurning,9.43352059030385,0.861367947313696
A,BCS,WithTurning,9.46354894357807,0.860128821654558
A,BCS,WithTurning,9.49367288173936,0.85888857168519
A,BCS,WithTurning,9.52389270904919,0.857647044002892
A,BCS,WithTurning,9.55420873073754,0.856404086148944
A,BCS,WithTurning,9.58462125300596,0.85515954661103
A,BCS,WithTurning,9.61513058303071,0.853913274825918
A,BCS,WithTurning,9.64573702896583,0.85266512118242
A,BCS,WithTurning,9.67644089994626,0.851414937024595
A,BCS,WithTurning,9.70724250609099,0.850162574655232
A,BCS,WithTurning,9.73814215850612,0.848907887339568
A,BCS,WithTurning,9.76914016928809,0.84765072930927
A,BCS,WithTurning,9.80023685152678,0.846390955766666
A,BCS,WithTurning,9.83143251930866,0.845128422889216
A,BCS,WithTurning,9.86272748772001,0.843862987834229
A,BCS,WithTurning,9.89412207285009,0.842594508743816
A,BCS,WithTurning,9.92561659179428,0.841322844750087
A,BCS,WithTurning,9.95721136265737,0.840047855980565
A,BCS,WithTurning,9.98890670455668,0.838769403563847
A,BCS,WithTurning,10.0207029376254,0.837487349635478
A,BCS,WithTurning,10.0526003830156,0.836201557344049
A,BCS,WithTurning,10.0845993629019,0.834911890857519
A,BCS,WithTurning,10.1167002004841,0.833618215369748
A,BCS,WithTurning,10.1489032199912,0.832320397107242
A,BCS,WithTurning,10.1812087466838,0.831018303336106
A,BCS,WithTurning,10.2136171068583,0.829711802369204
A,BCS,WithTurning,10.2461286278495,0.828400763573515
A,BCS,WithTurning,10.2787436380342,0.827085057377695
A,BCS,WithTurning,10.3114624668344,0.825764555279818
A,BCS,WithTurning,10.344285444721,0.824439129855327
A,BCS,WithTurning,10.3772129032165,0.823108654765149
A,BCS,WithTurning,10.4102451748988,0.82177300476401
A,BCS,WithTurning,10.4433825934045,0.82043205570892
A,BCS,WithTurning,10.4766254934322,0.819085684567833
A,BCS,WithTurning,10.5099742107458,0.81773376942848
A,BCS,WithTurning,10.5434290821782,0.816376189507368
A,BCS,WithTurning,10.5769904456342,0.815012825158939
A,BCS,WithTurning,10.6106586400945,0.813643557884893
A,BCS,WithTurning,10.6444340056186,0.812268270343661
A,BCS,WithTurning,10.6783168833486,0.810886846360031
A,BCS,WithTurning,10.7123076155125,0.809499170934918
A,BCS,WithTurning,10.7464065454275,0.80810513025528
A,BCS,WithTurning,10.7806140175039,0.806704611704169
A,BCS,WithTurning,10.814930377248,0.805297503870914
A,BCS,WithTurning,10.8493559712662,0.803883696561438
A,BCS,WithTurning,10.883891147268,0.802463080808698
A,BCS,WithTurning,10.9083981662992,0.801453535309344
A,BCS,WithTurning,10.9185362540699,0.80103552928454
A,BCS,WithTurning,10.9532916415984,0.799600681123525
A,BCS,WithTurning,10.9881576608943,0.798158545641941
A,BCS,WithTurning,11.0231346641155,0.796709267572833
A,BCS,WithTurning,11.0582230045409,0.795252991127025
A,BCS,WithTurning,11.0934230365742,0.793789859981952
A,BCS,WithTurning,11.128735115747,0.792320017270711
A,BCS,WithTurning,11.1641595987225,0.790843605571341
A,BCS,WithTurning,11.1996968432996,0.789360766896326
A,BCS,WithTurning,11.2353472084157,0.787871642682324
A,BCS,WithTurning,11.271111054151,0.786376373780115
A,BCS,WithTurning,11.3069887417319,0.784875100444776
A,BCS,WithTurning,11.3429806335346,0.783367962326074
A,BCS,WithTurning,11.3790870930887,0.781855098459085
A,BCS,WithTurning,11.415308485081,0.780336647255027
A,BCS,WithTurning,11.4516451753594,0.778812746492315
A,BCS,WithTurning,11.488097530936,0.777283533307834
A,BCS,WithTurning,11.5246659199913,0.775749144188428
A,BCS,WithTurning,11.5613507118778,0.774209714962607
A,BCS,WithTurning,11.5981522771238,0.772665380792465
A,BCS,WithTurning,11.6350709874369,0.771116276165818
A,BCS,WithTurning,11.6721072157078,0.769562534888547
A,BCS,WithTurning,11.7092613360145,0.76800429007716
A,BCS,WithTurning,11.7465337236255,0.766441674151556
A,BCS,WithTurning,11.7839247550039,0.764874818828008
A,BCS,WithTurning,11.8214348078111,0.763303855112347
A,BCS,WithTurning,11.8590642609107,0.761728913293349
A,BCS,WithTurning,11.8968134943723,0.760150122936338
A,BCS,WithTurning,11.9346828894753,0.758567612876984
A,BCS,WithTurning,11.9726728287128,0.756981511215307
A,BCS,WithTurning,12.0107836957953,0.75539194530988
A,BCS,WithTurning,12.0490158756549,0.753799041772231
A,BCS,WithTurning,12.0873697544488,0.752202926461451
A,BCS,WithTurning,12.1258457195637,0.750603724478984
A,BCS,WithTurning,12.164444159619,0.749001560163626
A,BCS,WithTurning,12.2031654644715,0.74739655708671
A,BCS,WithTurning,12.2420100252188,0.745788838047482
A,BCS,WithTurning,12.2809782342034,0.744178525068677
A,BCS,WithTurning,12.3200704850168,0.742565739392271
A,BCS,WithTurning,12.3592871725033,0.74095060147543
A,BCS,WithTurning,12.3986286927641,0.739333230986638
A,BCS,WithTurning,12.438095443161,0.737713746802016
A,BCS,WithTurning,12.4776878223211,0.736092267001817
A,BCS,WithTurning,12.51740623014,0.734468908867103
A,BCS,WithTurning,12.5572510677865,0.732843788876603
A,BCS,WithTurning,12.5972227377063,0.73121702270375
A,BCS,WithTurning,12.6373216436259,0.729588725213886
A,BCS,WithTurning,12.6775481905574,0.727959010461653
A,BCS,WithTurning,12.7179027848017,0.726327991688539
A,BCS,WithTurning,12.7583858339532,0.724695781320614
A,BCS,WithTurning,12.7989977469038,0.723062490966419
A,BCS,WithTurning,12.8397389338468,0.721428231415028
A,BCS,WithTurning,12.8806098062812,0.71979311263428
A,BCS,WithTurning,12.9216107770162,0.718157243769161
A,BCS,WithTurning,12.9627422601745,0.716520733140363
A,BCS,WithTurning,13.0040046711975,0.714883688242992
A,BCS,WithTurning,13.0453984268488,0.713246215745437
A,BCS,WithTurning,13.0869239452186,0.711608421488396
A,BCS,WithTurning,13.128581645728,0.709970410484056
A,BCS,WithTurning,13.1703719491331,0.708332286915423
A,BCS,WithTurning,13.2122952775295,0.706694154135808
A,BCS,WithTurning,13.2543520543562,0.705056114668455
A,BCS,WithTurning,13.2965427044003,0.703418270206324
A,BCS,WithTurning,13.3388676538008,0.701780721612007
A,BCS,WithTurning,13.3813273300534,0.700143568917804
A,BCS,WithTurning,13.4239221620144,0.698506911325923
A,BCS,WithTurning,13.4666525799054,0.696870847208834
A,BCS,WithTurning,13.5095190153172,0.695235474109754
A,BCS,WithTurning,13.5525219012147,0.693600888743263
A,BCS,WithTurning,13.5956616719409,0.691967186996068
A,BCS,WithTurning,13.6389387632213,0.690334463927887
A,BCS,WithTurning,13.6823536121684,0.688702813772466
A,BCS,WithTurning,13.7259066572861,0.68707232993873
A,BCS,WithTurning,13.7695983384744,0.685443105012055
A,BCS,WithTurning,13.813429097033,0.683815230755669
A,BCS,WithTurning,13.8573993756669,0.682188798112172
A,BCS,WithTurning,13.9015096184899,0.680563897205181
A,BCS,WithTurning,13.9457602710298,0.678940617341093
A,BCS,WithTurning,13.9901517802322,0.677319047010968
A,BCS,WithTurning,14.0346845944658,0.675699273892523
A,BCS,WithTurning,14.0793591635263,0.674081384852246
A,BCS,WithTurning,14.1241759386411,0.672465465947617
A,BCS,WithTurning,14.1691353724742,0.670851602429448
A,BCS,WithTurning,14.2142379191303,0.669239878744318
A,BCS,WithTurning,14.2594840341595,0.667630378537131
A,BCS,WithTurning,14.3048741745622,0.666023184653768
A,BCS,WithTurning,14.3504087987934,0.664418379143849
A,BCS,WithTurning,14.3960883667675,0.662816043263591
A,BCS,WithTurning,14.4419133398627,0.661216257478773
A,BCS,WithTurning,14.4878841809261,0.659619101467794
A,BCS,WithTurning,14.5340013542779,0.658024654124831
A,BCS,WithTurning,14.5802653257164,0.656432993563093
A,BCS,WithTurning,14.6266765625226,0.654844197118163
A,BCS,WithTurning,14.6732355334648,0.653258341351436
A,BCS,WithTurning,14.7199427088038,0.651675502053649
A,BCS,WithTurning,14.7667985602968,0.650095754248493
A,BCS,WithTurning,14.8138035612032,0.648519172196321
A,BCS,WithTurning,14.8609581862886,0.646945829397931
A,BCS,WithTurning,14.9082629118298,0.645375798598439
A,BCS,WithTurning,14.9557182156197,0.643809151791235
A,BCS,WithTurning,15.0033245769722,0.642245960222011
A,BCS,WithTurning,15.0510824767268,0.640686294392884
A,BCS,WithTurning,15.0989923972538,0.639130224066573
A,BCS,WithTurning,15.1470548224586,0.63757781827068
A,BCS,WithTurning,15.1952702377872,0.636029145302016
A,BCS,WithTurning,15.2050441992414,0.635716266087332
A,BCS,WithTurning,15.2436391302309,0.63448361728504
A,BCS,WithTurning,15.2921619883309,0.632939904155877
A,BCS,WithTurning,15.3408393021838,0.631397967112734
A,BCS,WithTurning,15.3896715634461,0.629857809080347
A,BCS,WithTurning,15.4386592653393,0.628319432977229
A,BCS,WithTurning,15.487802902655,0.626782841715608
A,BCS,WithTurning,15.5371029717597,0.625248038201364
A,BCS,WithTurning,15.5865599705999,0.623715025333968
A,BCS,WithTurning,15.6361743987073,0.62218380600642
A,BCS,WithTurning,15.6859467572035,0.620654383105188
A,BCS,WithTurning,15.7358775488053,0.619126759510146
A,BCS,WithTurning,15.7859672778298,0.617600938094511
A,BCS,WithTurning,15.8362164501993,0.616076921724784
A,BCS,WithTurning,15.8866255734467,0.614554713260689
A,BCS,WithTurning,15.9371951567204,0.613034315555111
A,BCS,WithTurning,15.9879257107892,0.611515731454034
A,BCS,WithTurning,16.0388177480482,0.609998963796485
A,BCS,WithTurning,16.0898717825234,0.608484015414467
A,BCS,WithTurning,16.1410883298768,0.606970889132905
A,BCS,WithTurning,16.192467907412,0.605459587769581
A,BCS,WithTurning,16.2440110340794,0.603950114135077
A,BCS,WithTurning,16.295718230481,0.602442471032714
A,BCS,WithTurning,16.3475900188762,0.600936661258493
A,BCS,WithTurning,16.3996269231867,0.599432687601033
A,BCS,WithTurning,16.451829469002,0.597930552841517
A,BCS,WithTurning,16.5041981835846,0.596430259753626
A,BCS,WithTurning,16.5567335958753,0.594931811103484
A,BCS,WithTurning,16.6094362364987,0.593435209649601
A,BCS,WithTurning,16.6623066377683,0.591940458142809
A,BCS,WithTurning,16.7153453336924,0.590447559326208
A,BCS,WithTurning,16.7685528599786,0.588956515935104
A,BCS,WithTurning,16.8219297540403,0.587467330696954
A,BCS,WithTurning,16.8754765550011,0.585980006331307
A,BCS,WithTurning,16.9291938037009,0.584494545549745
A,BCS,WithTurning,16.9830820427013,0.583010951055824
A,BCS,WithTurning,17.0371418162907,0.581529225545024
A,BCS,WithTurning,17.0913736704903,0.58004937170468
A,BCS,WithTurning,17.1457781530593,0.578571392213935
A,BCS,WithTurning,17.2003558135004,0.577095289743678
A,BCS,WithTurning,17.2551072030655,0.575621066956487
A,BCS,WithTurning,17.3100328747612,0.574148726506576
A,BCS,WithTurning,17.3651333833546,0.572678271039733
A,BCS,WithTurning,17.4204092853784,0.571209703193271
A,BCS,WithTurning,17.475861139137,0.569743025595962
A,BCS,WithTurning,17.5314895047121,0.568278240867992
A,BCS,WithTurning,17.5872949439679,0.566815351620898
A,BCS,WithTurning,17.6432780205574,0.565354360457514
A,BCS,WithTurning,17.6994392999276,0.563895269971917
A,BCS,WithTurning,17.7557793493255,0.562438082749372
A,BCS,WithTurning,17.8122987378037,0.560982801366274
A,BCS,WithTurning,17.8689980362262,0.559529428390096
A,BCS,WithTurning,17.9258778172742,0.558077966379334
A,BCS,WithTurning,17.9829386554517,0.556628417883453
A,BCS,WithTurning,18.0401811270916,0.555180785442831
A,BCS,WithTurning,18.0976058103611,0.553735071588705
A,BCS,WithTurning,18.1552132852682,0.552291278843121
A,BCS,WithTurning,18.2130041336667,0.550849409718876
A,BCS,WithTurning,18.2709789392629,0.549409466719466
A,BCS,WithTurning,18.3291382876209,0.547971452339033
A,BCS,WithTurning,18.3874827661689,0.546535369062312
A,BCS,WithTurning,18.4460129642048,0.545101219364579
A,BCS,WithTurning,18.5047294729024,0.543669005711596
A,BCS,WithTurning,18.5636328853174,0.542238730559562
A,BCS,WithTurning,18.6227237963932,0.540810396355057
A,BCS,WithTurning,18.682002802967,0.539384005534992
A,BCS,WithTurning,18.7414705037757,0.537959560526558
A,BCS,WithTurning,18.8011274994624,0.536537063747173
A,BCS,WithTurning,18.8609743925818,0.535116517604431
A,BCS,WithTurning,18.9210117876068,0.533697924496051
A,BCS,WithTurning,18.9812402909344,0.532281286809826
A,BCS,WithTurning,19.0416605108918,0.530866606923572
A,BCS,WithTurning,19.1022730577427,0.529453887205077
A,BCS,WithTurning,19.1630785436933,0.528043130012051
A,BCS,WithTurning,19.2240775828985,0.526634337692079
A,BCS,WithTurning,19.2852707914684,0.525227512582566
A,BCS,WithTurning,19.3466587874739,0.523822657010689
A,BCS,WithTurning,19.4082421909535,0.522419773293348
A,BCS,WithTurning,19.4700216239194,0.52101886373712
A,BCS,WithTurning,19.5319977103638,0.519619930638204
A,BCS,WithTurning,19.5941710762651,0.518222976282375
A,BCS,WithTurning,19.6565423495942,0.516828002944936
A,BCS,WithTurning,19.7191121603211,0.51543501289067
A,BCS,WithTurning,19.7818811404209,0.514044008373791
A,BCS,WithTurning,19.8448499238805,0.512654991637894
A,BCS,WithTurning,19.908019146705,0.511267964915911
A,BCS,WithTurning,19.9713894469237,0.509882930430061
A,BCS,WithTurning,20.0349614645971,0.508499890391806
A,BCS,WithTurning,20.098735841823,0.507118847001798
A,BCS,WithTurning,20.1627132227431,0.505739802449839
A,BCS,WithTurning,20.2268942535495,0.504362758914829
A,BCS,WithTurning,20.2912795824913,0.502987718564725
A,BCS,WithTurning,20.355869859881,0.501614683556488
A,BCS,WithTurning,20.4206657381012,0.500243656036045
A,BCS,WithTurning,20.485667871611,0.498874638138238
A,BCS,WithTurning,20.5508769169529,0.497507631986778
A,BCS,WithTurning,20.6162935327592,0.496142639694207
A,BCS,WithTurning,20.6819183797589,0.494779663361842
A,BCS,WithTurning,20.7477521207839,0.493418705079742
A,BCS,WithTurning,20.8137954207762,0.492059766926654
A,BCS,WithTurning,20.8800489467943,0.490702850969975
A,BCS,WithTurning,20.9465133680202,0.489347959265706
A,BCS,WithTurning,21.0131893557659,0.487995093858407
A,BCS,WithTurning,21.0800775834803,0.486644256781155
A,BCS,WithTurning,21.1471787267561,0.485295450055501
A,BCS,WithTurning,21.2144934633363,0.483948675691427
A,BCS,WithTurning,21.2820224731214,0.482603935687301
A,BCS,WithTurning,21.3497664381761,0.481261232029839
A,BCS,WithTurning,21.4177260427363,0.479920566694058
A,BCS,WithTurning,21.4859019732158,0.478581941643237
A,BCS,WithTurning,21.5542949182135,0.477245358828875
A,BCS,WithTurning,21.62290556852,0.475910820190647
A,BCS,WithTurning,21.6917346171251,0.474578327656367
A,BCS,WithTurning,21.7607827592241,0.473247883141943
A,BCS,WithTurning,21.8300506922256,0.471919488551339
A,BCS,WithTurning,21.899539115758,0.470593145776534
A,BCS,WithTurning,21.9692487316766,0.46926885669748
A,BCS,WithTurning,22.039180244071,0.467946623182064
A,BCS,WithTurning,22.1093343592721,0.466626447086068
A,BCS,WithTurning,22.1797117858587,0.465308330253128
A,BCS,WithTurning,22.2503132346657,0.463992274514698
A,BCS,WithTurning,22.3211394187904,0.462678281690007
A,BCS,WithTurning,22.3921910535999,0.461366353586023
A,BCS,WithTurning,22.4634688567387,0.460056491997414
A,BCS,WithTurning,22.5349735481354,0.458748698706511
A,BCS,WithTurning,22.6067058500105,0.457442975483268
A,BCS,WithTurning,22.6786664868833,0.456139324085224
A,BCS,WithTurning,22.7508561855793,0.454837746257469
A,BCS,WithTurning,22.8232756752376,0.453538243732604
A,BCS,WithTurning,22.8959256873185,0.452240818230705
A,BCS,WithTurning,22.9688069556104,0.450945471459285
A,BCS,WithTurning,23.0419202162375,0.449652205113263
A,BCS,WithTurning,23.1152662076674,0.448361020874918
A,BCS,WithTurning,23.188845670718,0.447071920413865
A,BCS,WithTurning,23.2626593485656,0.445784905387012
A,BCS,WithTurning,23.3367079867521,0.444499977438523
A,BCS,WithTurning,23.4109923331926,0.443217138199792
A,BCS,WithTurning,23.4855131381828,0.4419363892894
A,BCS,WithTurning,23.5602711544068,0.440657732313082
A,BCS,WithTurning,23.6352671369447,0.439381168863699
A,BCS,WithTurning,23.7105018432799,0.438106700521193
A,BCS,WithTurning,23.7859760333072,0.436834328852566
A,BCS,WithTurning,23.8616904693402,0.435564055411835
A,BCS,WithTurning,23.9376459161189,0.434295881740009
A,BCS,WithTurning,24.013843140818,0.433029809365048
A,BCS,WithTurning,24.0902829130537,0.431765839801837
A,BCS,WithTurning,24.1669660048925,0.430503974552149
A,BCS,WithTurning,24.2438931908581,0.429244215104614
A,BCS,WithTurning,24.32106524794,0.427986562934691
A,BCS,WithTurning,24.3984829556006,0.426731019504632
A,BCS,WithTurning,24.4761470957837,0.425477586263453
A,BCS,WithTurning,24.5540584529221,0.424226264646902
A,BCS,WithTurning,24.6322178139456,0.422977056077431
A,BCS,WithTurning,24.7106259682888,0.421729961964163
A,BCS,WithTurning,24.7892837078994,0.420484983702863
A,BCS,WithTurning,24.8681918272457,0.419242122675909
A,BCS,WithTurning,24.9473511233252,0.41800138025226
A,BCS,WithTurning,25.0267623956721,0.416762757787431
A,BCS,WithTurning,25.1064264463659,0.415526256623461
A,BCS,WithTurning,25.1863440800392,0.414291878088883
A,BCS,WithTurning,25.2665161038856,0.413059623498703
A,BCS,WithTurning,25.3469433276684,0.411829494154362
A,BCS,WithTurning,25.4276265637284,0.410601491343715
A,BCS,WithTurning,25.5085666269924,0.409375616341004
A,BCS,WithTurning,25.5897643349808,0.408151870406825
A,BCS,WithTurning,25.6712205078167,0.406930254788106
A,BCS,WithTurning,25.7529359682336,0.405710770718081
A,BCS,WithTurning,25.8349115415839,0.40449341941626
A,BCS,WithTurning,25.9171480558473,0.403278202088405
A,BCS,WithTurning,25.9996463416391,0.402065119926505
A,BCS,WithTurning,26.0824072322184,0.40085417410875
A,BCS,WithTurning,26.1654315634968,0.399645365799504
A,BCS,WithTurning,26.2487201740468,0.398438696149284
A,BCS,WithTurning,26.33227390511,0.397234166294732
A,BCS,WithTurning,26.4160936006062,0.396031777358593
A,BCS,WithTurning,26.5001801071411,0.394831530449688
A,BCS,WithTurning,26.5845342740155,0.393633426662894
A,BCS,WithTurning,26.6691569532336,0.392437467079121
A,BCS,WithTurning,26.7540489995117,0.391243652765283
A,BCS,WithTurning,26.8392112702867,0.390051984774282
A,BCS,WithTurning,26.924644625725,0.388862464144981
A,BCS,WithTurning,27.0103499287309,0.387675091902186
A,BCS,WithTurning,27.0963280449555,0.386489869056619
A,BCS,WithTurning,27.1825798428054,0.385306796604901
A,BCS,WithTurning,27.2691061934515,0.384125875529526
A,BCS,WithTurning,27.3559079708379,0.382947106798847
A,BCS,WithTurning,27.4429860516903,0.381770491367047
A,BCS,WithTurning,27.5303413155254,0.380596030174125
A,BCS,WithTurning,27.6179746446594,0.379423724145872
A,BCS,WithTurning,27.7058869242171,0.378253574193855
A,BCS,WithTurning,27.7940790421408,0.377085581215392
A,BCS,WithTurning,27.8825518891993,0.375919746093539
A,BCS,WithTurning,27.9713063589967,0.374756069697067
A,BCS,WithTurning,28.0603433479818,0.373594552880442
A,BCS,WithTurning,28.1103158187449,0.372945202564713
A,BCS,WithTurning,28.1496637554567,0.37243503216912
A,BCS,WithTurning,28.2392684835863,0.371276255472542
A,BCS,WithTurning,28.3291584374072,0.370117994111891
A,BCS,WithTurning,28.4193345248368,0.368960286969689
A,BCS,WithTurning,28.5097976566825,0.36780317259412
A,BCS,WithTurning,28.6005487466511,0.366646689199008
A,BCS,WithTurning,28.6915887113577,0.365490874663815
A,BCS,WithTurning,28.7829184703354,0.36433576653369
A,BCS,WithTurning,28.874538946044,0.363181402019546
A,BCS,WithTurning,28.9664510638797,0.362027817998165
A,BCS,WithTurning,29.0586557521846,0.360875051012352
A,BCS,WithTurning,29.1511539422556,0.359723137271112
A,BCS,WithTurning,29.2439465683542,0.358572112649863
A,BCS,WithTurning,29.3370345677156,0.35742201269068
A,BCS,WithTurning,29.4304188805588,0.35627287260258
A,BCS,WithTurning,29.5241004500952,0.355124727261828
A,BCS,WithTurning,29.6180802225388,0.35397761121228
A,BCS,WithTurning,29.7123591471156,0.352831558665763
A,BCS,WithTurning,29.8069381760729,0.351686603502472
A,BCS,WithTurning,29.9018182646895,0.350542779271415
A,BCS,WithTurning,29.9970003712846,0.349400119190871
A,BCS,WithTurning,30.0924854572282,0.348258656148892
A,BCS,WithTurning,30.1882744869503,0.347118422703823
A,BCS,WithTurning,30.284368427951,0.345979451084864
A,BCS,WithTurning,30.3807682508099,0.344841773192644
A,BCS,WithTurning,30.4774749291962,0.343705420599839
A,BCS,WithTurning,30.5744894398785,0.342570424551806
A,BCS,WithTurning,30.6718127627346,0.341436815967254
A,BCS,WithTurning,30.7694458807613,0.340304625438934
A,BCS,WithTurning,30.8673897800844,0.339173883234359
A,BCS,WithTurning,30.9656454499689,0.338044619296551
A,BCS,WithTurning,31.0642138828286,0.336916863244814
A,BCS,WithTurning,31.1630960742363,0.335790644375528
A,BCS,WithTurning,31.2622930229341,0.334665991662973
A,BCS,WithTurning,31.3618057308429,0.333542933760177
A,BCS,WithTurning,31.4616352030731,0.332421498999785
A,BCS,WithTurning,31.5617824479346,0.331301715394956
A,BCS,WithTurning,31.6622484769466,0.330183610640277
A,BCS,WithTurning,31.7630343048483,0.329067212112712
A,BCS,WithTurning,31.8641409496091,0.327952546872556
A,BCS,WithTurning,31.9655694324384,0.326839641664431
A,BCS,WithTurning,32.0673207777968,0.325728522918287
A,BCS,WithTurning,32.1693960134053,0.324619216750436
A,BCS,WithTurning,32.2717961702568,0.323511748964599
A,BCS,WithTurning,32.3745222826257,0.322406145052983
A,BCS,WithTurning,32.4775753880788,0.321302430197368
A,BCS,WithTurning,32.5809565274856,0.320200629270218
A,BCS,WithTurning,32.6846667450289,0.31910076683582
A,BCS,WithTurning,32.7887070882151,0.318002867151426
A,BCS,WithTurning,32.8930786078853,0.316906954168427
A,BCS,WithTurning,32.9977823582253,0.315813051533541
A,BCS,WithTurning,33.1028193967766,0.314721182590018
A,BCS,WithTurning,33.2081907844472,0.313631370378868
A,BCS,WithTurning,33.3138975855218,0.312543637640095
A,BCS,WithTurning,33.4199408676733,0.311458006813962
A,BCS,WithTurning,33.5263217019728,0.310374500042264
A,BCS,WithTurning,33.633041162901,0.309293139169618
A,BCS,WithTurning,33.7401003283586,0.308213945744775
A,BCS,WithTurning,33.8475002796779,0.307136941021937
A,BCS,WithTurning,33.9552421016326,0.306062145962101
A,BCS,WithTurning,34.0633268824501,0.30498958123441
A,BCS,WithTurning,34.1717557138211,0.30391926721752
A,BCS,WithTurning,34.2805296909119,0.302851224000984
A,BCS,WithTurning,34.3896499123745,0.301785471386646
A,BCS,WithTurning,34.4991174803582,0.300722028890055
A,BCS,WithTurning,34.6089335005208,0.299660915741883
A,BCS,WithTurning,34.7190990820393,0.298602150889362
A,BCS,WithTurning,34.8296153376215,0.297545752997737
A,BCS,WithTurning,34.9404833835172,0.296491740451718
A,BCS,WithTurning,35.0517043395292,0.295440131356963
A,BCS,WithTurning,35.1632793290249,0.294390943541552
A,BCS,WithTurning,35.2752094789476,0.293344194557489
A,BCS,WithTurning,35.3874959198279,0.292299901682207
A,BCS,WithTurning,35.5001397857948,0.291258081920083
A,BCS,WithTurning,35.6131422145877,0.29021875200397
A,BCS,WithTurning,35.7265043475674,0.289181928396727
A,BCS,WithTurning,35.8402273297278,0.288147627292773
A,BCS,WithTurning,35.9543123097078,0.287115864619642
A,BCS,WithTurning,36.0687604398022,0.286086656039543
A,BCS,WithTurning,36.183572875974,0.285060016950944
A,BCS,WithTurning,36.2987507778657,0.284035962490146
A,BCS,WithTurning,36.4142953088111,0.283014507532879
A,BCS,WithTurning,36.5302076358472,0.2819956666959
A,BCS,WithTurning,36.6464889297256,0.2809794543386
A,BCS,WithTurning,36.763140364925,0.279965884564616
A,BCS,WithTurning,36.8801631196622,0.278954971223454
A,BCS,WithTurning,36.9975583759048,0.277946727912118
A,BCS,WithTurning,37.1153273193825,0.276941167976741
A,BCS,WithTurning,37.2334711395995,0.275938304514227
A,BCS,WithTurning,37.3519910298465,0.2749381503739
A,BCS,WithTurning,37.4708881872124,0.273940718159153
A,BCS,WithTurning,37.5901638125967,0.272946020229106
A,BCS,WithTurning,37.7098191107216,0.271954068700271
A,BCS,WithTurning,37.8298552901441,0.270964875448216
A,BCS,WithTurning,37.9502735632682,0.269978452109244
A,BCS,WithTurning,38.0710751463572,0.268994810082061
A,BCS,WithTurning,38.1922612595458,0.268013960529464
A,BCS,WithTurning,38.3138331268529,0.267035914380021
A,BCS,WithTurning,38.4357919761933,0.266060682329764
A,BCS,WithTurning,38.5581390393907,0.265088274843877
A,BCS,WithTurning,38.6808755521896,0.264118702158393
A,BCS,WithTurning,38.8040027542685,0.263151974281889
A,BCS,WithTurning,38.9275218892515,0.262188100997192
A,BCS,WithTurning,39.0514342047217,0.261227091863076
A,BCS,WithTurning,39.1757409522333,0.260268956215972
A,BCS,WithTurning,39.3004433873244,0.259313703171672
A,BCS,WithTurning,39.4255427695297,0.258361341627041
A,BCS,WithTurning,39.5510403623932,0.257411880261723
A,BCS,WithTurning,39.6769374334808,0.256465327539858
A,BCS,WithTurning,39.8032352543937,0.255521691711792
A,BCS,WithTurning,39.9299351007802,0.254580980815791
A,BCS,WithTurning,40.0570382523497,0.253643202679759
A,BCS,WithTurning,40.1845459928847,0.252708364922947
A,BCS,WithTurning,40.3124596102545,0.251776474957674
A,BCS,WithTurning,40.4407803964278,0.25084753999104
A,BCS,WithTurning,40.5695096474856,0.24992156702664
A,BCS,WithTurning,40.698648663635,0.248998562866282
A,BCS,WithTurning,40.8281987492214,0.248078534111702
A,BCS,WithTurning,40.9581612127424,0.247161487166274
A,BCS,WithTurning,41.0885373668606,0.246247428236725
A,BCS,WithTurning,41.2193285284171,0.245336363334848
A,BCS,WithTurning,41.3505360184447,0.244428298279214
A,BCS,WithTurning,41.4821611621812,0.243523238696874
A,BCS,WithTurning,41.6142052890829,0.242621190025077
A,BCS,WithTurning,41.746669732838,0.241722157512968
A,BCS,WithTurning,41.8795558313798,0.240826146223295
A,BCS,WithTurning,42.0128649269008,0.239933161034112
A,BCS,WithTurning,42.1465983658657,0.239043206640475
A,BCS,WithTurning,42.2807574990251,0.238156287556144
A,BCS,WithTurning,42.4153436814295,0.237272408115273
A,BCS,WithTurning,42.5503582724425,0.236391572474104
A,BCS,WithTurning,42.6858026357551,0.235513784612657
A,BCS,WithTurning,42.8216781393987,0.234639048336415
A,BCS,WithTurning,42.9579861557597,0.233767367278002
A,BCS,WithTurning,43.0947280615928,0.232898744898872
A,BCS,WithTurning,43.2319052380353,0.232033184490976
A,BCS,WithTurning,43.3695190706207,0.231170689178439
A,BCS,WithTurning,43.5075709492931,0.230311261919226
A,BCS,WithTurning,43.6460622684206,0.229454905506809
A,BCS,WithTurning,43.7849944268103,0.228601622571822
A,BCS,WithTurning,43.9243688277216,0.227751415583726
A,BCS,WithTurning,44.0641868788808,0.226904286852452
A,BCS,WithTurning,44.204449992495,0.226060238530055
A,BCS,WithTurning,44.3451595852669,0.225219272612353
A,BCS,WithTurning,44.4863170784087,0.224381390940567
A,BCS,WithTurning,44.6279238976562,0.223546595202956
A,BCS,WithTurning,44.769981473284,0.222714886936439
A,BCS,WithTurning,44.9124912401193,0.22188626752823
A,BCS,WithTurning,45.0554546375565,0.221060738217442
A,BCS,WithTurning,45.1988731095719,0.220238300096715
A,BCS,WithTurning,45.3427481047381,0.219418954113812
A,BCS,WithTurning,45.487081076239,0.218602701073227
A,BCS,WithTurning,45.6318734818839,0.21778954163778
A,BCS,WithTurning,45.7771267841225,0.216979476330211
A,BCS,WithTurning,45.9228424500602,0.21617250553476
A,BCS,WithTurning,46.0690219514717,0.215368629498751
A,BCS,WithTurning,46.2156667648173,0.214567848334164
A,BCS,WithTurning,46.3627783712566,0.213770162019203
A,BCS,WithTurning,46.5103582566641,0.212975570399854
A,BCS,WithTurning,46.6584079116441,0.212184073191447
A,BCS,WithTurning,46.8069288315458,0.211395669980197
A,BCS,WithTurning,46.9559225164782,0.210610360224753
A,BCS,WithTurning,47.1053904713254,0.20982814325773
A,BCS,WithTurning,47.2553342057618,0.209049018287239
A,BCS,WithTurning,47.4057552342673,0.208272984398411
A,BCS,WithTurning,47.5566550761428,0.207500040554913
A,BCS,WithTurning,47.708035255525,0.206730185600456
A,BCS,WithTurning,47.8598973014026,0.205963418260299
A,BCS,WithTurning,48.012242747631,0.205199737142743
A,BCS,WithTurning,48.1650731329482,0.204439140740622
A,BCS,WithTurning,48.3183900009901,0.203681627432783
A,BCS,WithTurning,48.4721949003066,0.20292719548556
A,BCS,WithTurning,48.6264893843764,0.202175843054242
A,BCS,WithTurning,48.7812750116235,0.201427568184535
A,BCS,WithTurning,48.9365533454326,0.200682368814012
A,BCS,WithTurning,49.0923259541647,0.19994024277356
A,BCS,WithTurning,49.2485944111732,0.199201187788818
A,BCS,WithTurning,49.4053602948198,0.198465201481608
A,BCS,WithTurning,49.5626251884903,0.197732281371358
A,BCS,WithTurning,49.7203906806107,0.197002424876518
A,BCS,WithTurning,49.8786583646633,0.196275629315968
A,BCS,WithTurning,50.0374298392024,0.195551891910418
A,BCS,WithTurning,50.1967067078712,0.194831209783804
A,BCS,WithTurning,50.356490579417,0.194113579964668
A,BCS,WithTurning,50.5167830677085,0.19339899938754
A,BCS,WithTurning,50.6775857917513,0.192687464894307
A,BCS,WithTurning,50.8389003757045,0.191978973235574
A,BCS,WithTurning,51.0007284488974,0.191273521072017
A,BCS,WithTurning,51.1630716458455,0.190571104975733
A,BCS,WithTurning,51.3259316062674,0.189871721431574
A,BCS,WithTurning,51.4893099751009,0.189175366838481
A,BCS,WithTurning,51.6532084025201,0.188482037510806
A,BCS,WithTurning,51.817628543952,0.187791729679623
A,BCS,WithTurning,51.9825720600927,0.187104439494041
A,BCS,WithTurning,52.1480406169247,0.186420163022496
A,BCS,WithTurning,52.3140358857338,0.185738896254045
A,BCS,WithTurning,52.4805595431254,0.185060635099651
A,BCS,WithTurning,52.6476132710421,0.184385375393448
A,BCS,WithTurning,52.8151987567803,0.183713112894021
A,BCS,WithTurning,52.9833176930072,0.183043843285651
A,BCS,WithTurning,53.1519717777782,0.182377562179574
A,BCS,WithTurning,53.3211627145537,0.181714265115219
A,BCS,WithTurning,53.4908922122166,0.181053947561442
A,BCS,WithTurning,53.6611619850894,0.180396604917754
A,BCS,WithTurning,53.8319737529514,0.179742232515536
A,BCS,WithTurning,53.9396670701237,0.179332249598204
A,BCS,WithTurning,54.0033292410567,0.179090776982333
A,BCS,WithTurning,54.1752301801505,0.178441714826233
A,BCS,WithTurning,54.3476783064878,0.17779489920689
A,BCS,WithTurning,54.5206753618499,0.17715032275927
A,BCS,WithTurning,54.6942230935628,0.176507978140937
A,BCS,WithTurning,54.8683232545145,0.175867858031998
A,BCS,WithTurning,55.0429776031724,0.175229955135031
A,BCS,WithTurning,55.2181879036017,0.174594262175025
A,BCS,WithTurning,55.3939559254827,0.173960771899321
A,BCS,WithTurning,55.570283444129,0.173329477077541
A,BCS,WithTurning,55.7471722405051,0.172700370501532
A,BCS,WithTurning,55.9246241012449,0.172073444985296
A,BCS,WithTurning,56.1026408186692,0.171448693364936
A,BCS,WithTurning,56.281224190804,0.170826108498587
A,BCS,WithTurning,56.4603760213988,0.170205683266356
A,BCS,WithTurning,56.6400981199448,0.169587410570258
A,BCS,WithTurning,56.8203923016928,0.16897128333416
A,BCS,WithTurning,57.0012603876721,0.168357294503708
A,BCS,WithTurning,57.1827042047086,0.167745437046279
A,BCS,WithTurning,57.364725585443,0.167135703950906
A,BCS,WithTurning,57.54732636835,0.166528088228229
A,BCS,WithTurning,57.730508397756,0.165922582910422
A,BCS,WithTurning,57.9142735238586,0.165319181051143
A,BCS,WithTurning,58.0986236027444,0.164717875725465
A,BCS,WithTurning,58.2835604964088,0.164118660029817
A,BCS,WithTurning,58.4690860727735,0.163521527081928
A,BCS,WithTurning,58.6552022057068,0.162926470020759
A,BCS,WithTurning,58.8419107750414,0.162333482006449
A,BCS,WithTurning,59.0292136665938,0.161742556220253
A,BCS,WithTurning,59.2171127721835,0.161153685864479
A,BCS,WithTurning,59.4056099896518,0.160566864162432
A,BCS,WithTurning,59.5947072228812,0.159982084358355
A,BCS,WithTurning,59.7844063818147,0.159399339717363
A,BCS,WithTurning,59.9747093824747,0.158818623525392
A,BCS,WithTurning,60.1656181469827,0.158239929089133
A,BCS,WithTurning,60.3571346035786,0.157663249735977
A,BCS,WithTurning,60.5492606866402,0.157088578813955
A,BCS,WithTurning,60.7419983367026,0.156515909691678
A,BCS,WithTurning,60.9353495004782,0.155945235758279
A,BCS,WithTurning,61.1293161308759,0.155376550423356
A,BCS,WithTurning,61.323900187021,0.154809847116912
A,BCS,WithTurning,61.519103634275,0.154245119289296
A,BCS,WithTurning,61.7149284442554,0.153682360411148
A,BCS,WithTurning,61.911376594856,0.153121563973338
A,BCS,WithTurning,62.108450070266,0.15256272348691
A,BCS,WithTurning,62.3061508609911,0.152005832483024
A,BCS,WithTurning,62.5044809638727,0.151450884512897
A,BCS,WithTurning,62.7034423821086,0.15089787314775
A,BCS,WithTurning,62.9030371252732,0.150346791978745
A,BCS,WithTurning,63.1032672093375,0.149797634616934
A,BCS,WithTurning,63.3041346566898,0.149250394693196
A,BCS,WithTurning,63.5056414961558,0.148705065858184
A,BCS,WithTurning,63.7077897630194,0.14816164178227
A,BCS,WithTurning,63.9105814990432,0.147620116155484
A,BCS,WithTurning,64.1140187524888,0.147080482687461
A,BCS,WithTurning,64.3181035781379,0.146542735107383
A,BCS,WithTurning,64.5228380373129,0.146006867163925
A,BCS,WithTurning,64.7282241978976,0.145472872625198
A,BCS,WithTurning,64.9342641343584,0.144940745278692
A,BCS,WithTurning,65.1409599277647,0.144410478931223
A,BCS,WithTurning,65.3483136658107,0.143882067408875
A,BCS,WithTurning,65.5563274428356,0.143355504556948
A,BCS,WithTurning,65.7650033598455,0.142830784239898
A,BCS,WithTurning,65.9743435245343,0.142307900341288
A,BCS,WithTurning,66.184350051305,0.141786846763728
A,BCS,WithTurning,66.395025061291,0.141267617428823
A,BCS,WithTurning,66.6063706823776,0.140750206277116
A,BCS,WithTurning,66.8183890492235,0.140234607268038
A,BCS,WithTurning,67.0310823032825,0.139720814379849
A,BCS,WithTurning,67.2444525928248,0.139208821609586
A,BCS,WithTurning,67.4585020729589,0.138698622973009
A,BCS,WithTurning,67.6732329056534,0.138190212504547
A,BCS,WithTurning,67.8886472597587,0.137683584257244
A,BCS,WithTurning,68.1047473110291,0.137178732302705
A,BCS,WithTurning,68.3215352421445,0.136675650731044
A,BCS,WithTurning,68.5390132427328,0.136174333650829
A,BCS,WithTurning,68.7571835093917,0.13567477518903
A,BCS,WithTurning,68.9760482457111,0.135176969490965
A,BCS,WithTurning,69.1956096622952,0.134680910720247
A,BCS,WithTurning,69.4158699767847,0.134186593058734
A,BCS,WithTurning,69.6368314138799,0.133694010706471
A,BCS,WithTurning,69.8584962053621,0.133203157881643
A,BCS,WithTurning,70.0808665901171,0.13271402882052
A,BCS,WithTurning,70.3039448141573,0.132226617777404
A,BCS,WithTurning,70.5277331306444,0.131740919024578
A,BCS,WithTurning,70.7522337999124,0.131256926852256
A,BCS,WithTurning,70.9774490894902,0.130774635568526
A,BCS,WithTurning,71.2033812741248,0.130294039499303
A,BCS,WithTurning,71.4300326358037,0.129815132988277
A,BCS,WithTurning,71.6574054637786,0.129337910396858
A,BCS,WithTurning,71.8855020545882,0.12886236610413
A,BCS,WithTurning,72.1143247120813,0.128388494506794
A,BCS,WithTurning,72.3438757474404,0.127916290019122
A,BCS,WithTurning,72.5741574792048,0.127445747072904
A,BCS,WithTurning,72.805172233294,0.126976860117397
A,BCS,WithTurning,73.0369223430313,0.126509623619273
A,BCS,WithTurning,73.2694101491673,0.126044032062573
A,BCS,WithTurning,73.5026379999035,0.125580079948653
A,BCS,WithTurning,73.7366082509164,0.125117761796134
A,BCS,WithTurning,73.9713232653805,0.124657072140851
A,BCS,WithTurning,74.2067854139931,0.124198005535808
A,BCS,WithTurning,74.4429970749976,0.123740556551123
A,BCS,WithTurning,74.6799606342076,0.123284719773979
A,BCS,WithTurning,74.9176784850313,0.122830489808576
A,BCS,WithTurning,75.1561530284956,0.122377861276082
A,BCS,WithTurning,75.3953866732698,0.121926828814582
A,BCS,WithTurning,75.6353818356907,0.121477387079029
A,BCS,WithTurning,75.8761409397867,0.121029530741195
A,BCS,WithTurning,76.117666417302,0.120583254489624
A,BCS,WithTurning,76.3599607077218,0.12013855302958
A,BCS,WithTurning,76.6030262582962,0.119695421083002
A,BCS,WithTurning,76.8468655240654,0.11925385338845
A,BCS,WithTurning,77.0914809678844,0.118813844701063
A,BCS,WithTurning,77.3368750604479,0.118375389792506
A,BCS,WithTurning,77.583050280315,0.117938483450925
A,BCS,WithTurning,77.8300091139347,0.117503120480896
A,BCS,WithTurning,78.0777540556705,0.11706929570338
A,BCS,WithTurning,78.3262876078262,0.116637003955672
A,BCS,WithTurning,78.5756122806702,0.116206240091356
A,BCS,WithTurning,78.8257305924623,0.115776998980257
A,BCS,WithTurning,79.0766450694775,0.115349275508392
A,BCS,WithTurning,79.3283582460329,0.114923064577924
A,BCS,WithTurning,79.5808726645126,0.114498361107115
A,BCS,WithTurning,79.834190875393,0.11407516003028
A,BCS,WithTurning,80.08831543727,0.113653456297736
A,BCS,WithTurning,80.343248916883,0.11323324487576
A,BCS,WithTurning,80.5989938891423,0.112814520746539
A,BCS,WithTurning,80.8555529371543,0.112397278908125
A,BCS,WithTurning,81.1129286522478,0.111981514374389
A,BCS,WithTurning,81.3711236340004,0.111567222174972
A,BCS,WithTurning,81.6301404902644,0.111154397355243
A,BCS,WithTurning,81.8899818371932,0.110743034976249
A,BCS,WithTurning,82.1506502992682,0.110333130114673
A,BCS,WithTurning,82.4121485093244,0.109924677862782
A,BCS,WithTurning,82.674479108578,0.10951767332839
A,BCS,WithTurning,82.9376447466522,0.109112111634803
A,BCS,WithTurning,83.2016480816048,0.108707987920783
A,BCS,WithTurning,83.4664917799543,0.108305297340494
A,BCS,WithTurning,83.732178516707,0.107904035063462
A,BCS,WithTurning,83.9987109753847,0.107504196274528
A,BCS,WithTurning,84.2660918480506,0.107105776173806
A,BCS,WithTurning,84.5343238353377,0.106708769976633
A,BCS,WithTurning,84.8034096464752,0.106313172913528
A,BCS,WithTurning,85.0733519993165,0.105918980230146
A,BCS,WithTurning,85.3441536203659,0.105526187187234
A,BCS,WithTurning,85.6158172448069,0.105134789060588
A,BCS,WithTurning,85.8883456165297,0.104744781141005
A,BCS,WithTurning,86.1617414881582,0.104356158734242
A,BCS,WithTurning,86.4360076210786,0.103968917160971
A,BCS,WithTurning,86.7111467854672,0.103583051756736
A,BCS,WithTurning,86.9871617603179,0.103198557871907
A,BCS,WithTurning,87.2640553334708,0.102815430871639
A,BCS,WithTurning,87.5418303016399,0.102433666135825
A,BCS,WithTurning,87.8204894704418,0.102053259059057
A,BCS,WithTurning,88.1000356544236,0.10167420505058
A,BCS,WithTurning,88.3804716770916,0.101296499534247
A,BCS,WithTurning,88.66180037094,0.100920137948481
A,BCS,WithTurning,88.9440245774789,0.100545115746226
A,BCS,WithTurning,89.2271471472636,0.10017142839491
A,BCS,WithTurning,89.5111709399229,0.0997990713763976
A,BCS,WithTurning,89.7960988241887,0.0994280401869497
A,BCS,WithTurning,90.0819336779242,0.0990583303371806
A,BCS,WithTurning,90.3686783881531,0.0986899373520153
A,BCS,WithTurning,90.6563358510893,0.0983228567706471
A,BCS,WithTurning,90.9449089721658,0.0979570841464958
A,BCS,WithTurning,91.2344006660636,0.0975926150471657
A,BCS,WithTurning,91.5248138567423,0.097229445054403
A,BCS,WithTurning,91.816151477468,0.0968675697640545
A,BCS,WithTurning,92.1084164708448,0.0965069847860259
A,BCS,WithTurning,92.4016117888428,0.0961476857442395
A,BCS,WithTurning,92.6957403928292,0.0957896682765938
A,BCS,WithTurning,92.9908052535974,0.0954329280349208
A,BCS,WithTurning,93.2868093513971,0.0950774606849462
A,BCS,WithTurning,93.5837556759653,0.0947232619062464
A,BCS,WithTurning,93.881647226555,0.0943703273922092
A,BCS,WithTurning,94.1804870119668,0.0940186528499916
A,BCS,WithTurning,94.4802780505786,0.0936682340004797
A,BCS,WithTurning,94.7810233703764,0.0933190665782475
A,BCS,WithTurning,95.0827260089844,0.0929711463315164
A,BCS,WithTurning,95.3853890136964,0.0926244690221148
A,BCS,WithTurning,95.6890154415059,0.0922790304254377
A,BCS,WithTurning,95.9936083591377,0.0919348263304061
A,BCS,WithTurning,96.2991708430779,0.0915918525394271
A,BCS,WithTurning,96.6057059796061,0.0912501048683534
A,BCS,WithTurning,96.9132168648256,0.0909095791464441
A,BCS,WithTurning,97.2217066046953,0.0905702712163242
A,BCS,WithTurning,97.5311783150606,0.0902321769339449
A,BCS,WithTurning,97.8416351216855,0.0898952921685438
A,BCS,WithTurning,98.1530801602834,0.0895596128026062
A,BCS,WithTurning,98.4655165765493,0.0892251347318244
A,BCS,WithTurning,98.7789475261916,0.0888918538650594
A,BCS,WithTurning,99.0933761749636,0.0885597661243011
A,BCS,WithTurning,99.4088056986957,0.0882288674446294
A,BCS,WithTurning,99.7252392833277,0.0878991537741749
A,BCS,WithTurning,100.04268012494,0.0875706210740807
A,BCS,WithTurning,100.361131429788,0.0872432653184626
A,BCS,WithTurning,100.680596414332,0.0869170824943709
A,BCS,WithTurning,101.00107830527,0.0865920686017524
A,BCS,WithTurning,101.322580339574,0.0862682196534105
A,BCS,WithTurning,101.645105764516,0.0859455316749682
A,BCS,WithTurning,101.968657837708,0.0856240007048287
A,BCS,WithTurning,102.29323982713,0.0853036227941385
A,BCS,WithTurning,102.618855011163,0.0849843940067475
A,BCS,WithTurning,102.945506678626,0.0846663104191731
A,BCS,WithTurning,103.273198128806,0.0843493681205605
A,BCS,WithTurning,103.601932671492,0.0840335632126465
A,BCS,WithTurning,103.931713627008,0.0837188918097206
A,BCS,WithTurning,104.262544326248,0.0834053500385876
A,BCS,WithTurning,104.594428110709,0.0830929340385312
A,BCS,WithTurning,104.927368332523,0.0827816399612752
A,BCS,WithTurning,105.261368354494,0.0824714639709474
A,BCS,WithTurning,105.596431550129,0.0821624022440418
A,BCS,WithTurning,105.596431550129,0.0821624022440417
A,BCS,WithoutTurning,2.2741925774681,2.523514938388
A,BCS,WithoutTurning,2.28119550676358,2.52115916964839
A,BCS,WithoutTurning,2.28822000020415,2.5182876176819
A,BCS,WithoutTurning,2.29526612419237,2.51492895785889
A,BCS,WithoutTurning,2.30233394533526,2.51111201519166
A,BCS,WithoutTurning,2.30942353044494,2.50686571197212
A,BCS,WithoutTurning,2.31653494653927,2.50221901847977
A,BCS,WithoutTurning,2.32366826084249,2.49720090681978
A,BCS,WithoutTurning,2.33082354078582,2.4918403079367
A,BCS,WithoutTurning,2.33800085400813,2.48616607183533
A,BCS,WithoutTurning,2.34520026835659,2.4802069310278
A,BCS,WithoutTurning,2.35242185188727,2.47399146721388
A,BCS,WithoutTurning,2.35966567286581,2.46754808119086
A,BCS,WithoutTurning,2.36693179976807,2.46090496597946
A,BCS,WithoutTurning,2.37422030128074,2.45409008314355
A,BCS,WithoutTurning,2.38153124630206,2.44713114227331
A,BCS,WithoutTurning,2.3888647039424,2.44005558359517
A,BCS,WithoutTurning,2.39041277105667,2.43855241811831
A,BCS,WithoutTurning,2.39622074352493,2.43269273580954
A,BCS,WithoutTurning,2.40359943458633,2.42465451527301
A,BCS,WithoutTurning,2.41100084687737,2.41596894482386
A,BCS,WithoutTurning,2.41842505036361,2.40667828797905
A,BCS,WithoutTurning,2.42587211522606,2.39682473816156
A,BCS,WithoutTurning,2.43334211186184,2.38645032467416
A,BCS,WithoutTurning,2.44083511088484,2.37559682537732
A,BCS,WithoutTurning,2.44835118312639,2.3643056861253
A,BCS,WithoutTurning,2.45589039963593,2.3526179469779
A,BCS,WithoutTurning,2.4634528316817,2.34057417517095
A,BCS,WithoutTurning,2.47103855075138,2.32821440479766
A,BCS,WithoutTurning,2.47864762855277,2.31557808312471
A,BCS,WithoutTurning,2.48628013701452,2.30270402344159
A,BCS,WithoutTurning,2.49393614828672,2.28963036431964
A,BCS,WithoutTurning,2.50161573474168,2.2763945351378
A,BCS,WithoutTurning,2.50931896897453,2.26303322771539
A,BCS,WithoutTurning,2.51704592380397,2.24958237387873
A,BCS,WithoutTurning,2.5247966722729,2.23607712877715
A,BCS,WithoutTurning,2.53257128764917,2.22255185975554
A,BCS,WithoutTurning,2.54036984342623,2.20904014058448
A,BCS,WithoutTurning,2.54819241332384,2.19557475084551
A,BCS,WithoutTurning,2.54899392885253,2.19420127917805
A,BCS,WithoutTurning,2.55603907128878,2.18081579525317
A,BCS,WithoutTurning,2.557551857954,2.17776081754277
A,BCS,WithoutTurning,2.5639098914955,2.16479557060675
A,BCS,WithoutTurning,2.57180494834689,2.14842358380176
A,BCS,WithoutTurning,2.57972431647493,2.13175983570376
A,BCS,WithoutTurning,2.58766807074143,2.1148660351687
A,BCS,WithoutTurning,2.59563628623871,2.09780226969418
A,BCS,WithoutTurning,2.60362903829031,2.08062695059905
A,BCS,WithoutTurning,2.61164640245175,2.06339677462685
A,BCS,WithoutTurning,2.61968845451118,2.04616670123823
A,BCS,WithoutTurning,2.62775527049012,2.02898994483393
A,BCS,WithoutTurning,2.63584692664421,2.0119179811385
A,BCS,WithoutTurning,2.64396349946389,1.9950005669739
A,BCS,WithoutTurning,2.65153661505127,1.97944359680252
A,BCS,WithoutTurning,2.65210506567513,1.97828478800314
A,BCS,WithoutTurning,2.66027170224018,1.96155684810377
A,BCS,WithoutTurning,2.66599927498915,1.9496951348041
A,BCS,WithoutTurning,2.66846348635825,1.94454156078705
A,BCS,WithoutTurning,2.67668049546631,1.92709964365084
A,BCS,WithoutTurning,2.68492280723975,1.90930978520184
A,BCS,WithoutTurning,2.69319049959316,1.89129933536621
A,BCS,WithoutTurning,2.70148365068105,1.87319135355716
A,BCS,WithoutTurning,2.7098023388986,1.85510450628739
A,BCS,WithoutTurning,2.71814664288237,1.83715304185799
A,BCS,WithoutTurning,2.72651664151108,1.81944683742861
A,BCS,WithoutTurning,2.73491241390636,1.80209151379023
A,BCS,WithoutTurning,2.74333403943344,1.78518861329817
A,BCS,WithoutTurning,2.75178159770198,1.76883583666867
A,BCS,WithoutTurning,2.76025516856674,1.75312733468666
A,BCS,WithoutTurning,2.76875483212843,1.73815405130516
A,BCS,WithoutTurning,2.77728066873435,1.72400411513099
A,BCS,WithoutTurning,2.78583275897928,1.71076327687872
A,BCS,WithoutTurning,2.78752148980152,1.70826801595816
A,BCS,WithoutTurning,2.79441118370612,1.69828188798264
A,BCS,WithoutTurning,2.80301602400675,1.68611633843084
A,BCS,WithoutTurning,2.81164736122273,1.67424453239023
A,BCS,WithoutTurning,2.82030527694611,1.66265809610497
A,BCS,WithoutTurning,2.82898985302019,1.65134888924384
A,BCS,WithoutTurning,2.83770117154027,1.64030899595322
A,BCS,WithoutTurning,2.84643931485446,1.62953071626806
A,BCS,WithoutTurning,2.85520436556445,1.61900655786544
A,BCS,WithoutTurning,2.86399640652628,1.60872922814624
A,BCS,WithoutTurning,2.87281552085113,1.59869162663126
A,BCS,WithoutTurning,2.88166179190609,1.58888683765863
A,BCS,WithoutTurning,2.89053530331499,1.57930812336995
A,BCS,WithoutTurning,2.89943613895915,1.56994891697355
A,BCS,WithoutTurning,2.90836438297817,1.56080281627325
A,BCS,WithoutTurning,2.91732011977077,1.55186357745215
A,BCS,WithoutTurning,2.92630343399553,1.54312510910109
A,BCS,WithoutTurning,2.93531441057176,1.53458146648209
A,BCS,WithoutTurning,2.94435313468021,1.52622684601749
A,BCS,WithoutTurning,2.95341969176398,1.51805557999595
A,BCS,WithoutTurning,2.96251416752923,1.51006213148698
A,BCS,WithoutTurning,2.97163664794606,1.50224108945593
A,BCS,WithoutTurning,2.9807872192493,1.4945871640719
A,BCS,WithoutTurning,2.98996596793931,1.48709518220126
A,BCS,WithoutTurning,2.99917298078282,1.47976008307993
A,BCS,WithoutTurning,3.00840834481374,1.47257691415782
A,BCS,WithoutTurning,3.01157189641046,1.47015538061796
A,BCS,WithoutTurning,3.01767214733397,1.46552456576472
A,BCS,WithoutTurning,3.02696447591427,1.45854689989274
A,BCS,WithoutTurning,3.03628541839503,1.45164130729467
A,BCS,WithoutTurning,3.04563506288714,1.44480965580531
A,BCS,WithoutTurning,3.05501349777279,1.43805377408492
A,BCS,WithoutTurning,3.06442081170636,1.43137545281787
A,BCS,WithoutTurning,3.0738570936152,1.424776445932
A,BCS,WithoutTurning,3.08332243270049,1.41825847183805
A,BCS,WithoutTurning,3.09281691843811,1.41182321468822
A,BCS,WithoutTurning,3.10234064057944,1.40547232565317
A,BCS,WithoutTurning,3.11189368915224,1.3992074242167
A,BCS,WithoutTurning,3.12147615446151,1.39303009948752
A,BCS,WithoutTurning,3.13108812709029,1.38694191152749
A,BCS,WithoutTurning,3.1407296979006,1.38094439269578
A,BCS,WithoutTurning,3.1504009580342,1.37503904900849
A,BCS,WithoutTurning,3.16010199891354,1.36922736151339
A,BCS,WithoutTurning,3.16983291224259,1.36351078767924
A,BCS,WithoutTurning,3.17959379000766,1.35789076279956
A,BCS,WithoutTurning,3.18938472447837,1.35236870141048
A,BCS,WithoutTurning,3.19920580820844,1.34694599872265
A,BCS,WithoutTurning,3.20905713403657,1.34162403206686
A,BCS,WithoutTurning,3.21893879508738,1.33640416235344
A,BCS,WithoutTurning,3.22885088477222,1.3312877355455
A,BCS,WithoutTurning,3.2387934967901,1.32627608414586
A,BCS,WithoutTurning,3.24876672512854,1.32137052869802
A,BCS,WithoutTurning,3.25877066406449,1.31657237930108
A,BCS,WithoutTurning,3.2688054081652,1.31188293713917
A,BCS,WithoutTurning,3.27887105228912,1.30730349602537
A,BCS,WithoutTurning,3.2889676915868,1.30283534396075
A,BCS,WithoutTurning,3.2990954215018,1.29847976470873
A,BCS,WithoutTurning,3.30925433777156,1.2942380393855
A,BCS,WithoutTurning,3.31944453642834,1.29011144806678
A,BCS,WithoutTurning,3.3296661138001,1.2861012714118
A,BCS,WithoutTurning,3.33991916651143,1.28220879230503
A,BCS,WithoutTurning,3.35020379148445,1.27843529751653
A,BCS,WithoutTurning,3.36052008593975,1.27478207938158
A,BCS,WithoutTurning,3.37086814739726,1.27125043750076
A,BCS,WithoutTurning,3.38124807367724,1.26784168046122
A,BCS,WithoutTurning,3.38396933282032,1.26697020046577
A,BCS,WithoutTurning,3.39165996290115,1.264536887449
A,BCS,WithoutTurning,3.40210391349259,1.26128649995565
A,BCS,WithoutTurning,3.41258002417825,1.25809044283862
A,BCS,WithoutTurning,3.42308839398882,1.25495117416672
A,BCS,WithoutTurning,3.43362912225993,1.25187113103885
A,BCS,WithoutTurning,3.44420230863312,1.2488527308087
A,BCS,WithoutTurning,3.45480805305672,1.24589837235687
A,BCS,WithoutTurning,3.46544645578686,1.2430104374103
A,BCS,WithoutTurning,3.47611761738838,1.24019129190838
A,BCS,WithoutTurning,3.48682163873579,1.23744328741552
A,BCS,WithoutTurning,3.49755862101422,1.23476876258013
A,BCS,WithoutTurning,3.50832866572038,1.23217004463965
A,BCS,WithoutTurning,3.51913187466352,1.22964945097179
A,BCS,WithoutTurning,3.5299683499664,1.22720929069197
A,BCS,WithoutTurning,3.54083819406624,1.22485186629704
A,BCS,WithoutTurning,3.5517415097157,1.2225794753557
A,BCS,WithoutTurning,3.56267839998382,1.22039441224582
A,BCS,WithoutTurning,3.57364896825706,1.21829896993912
A,BCS,WithoutTurning,3.58465331824022,1.21629544183384
A,BCS,WithoutTurning,3.59569155395744,1.21438612363602
A,BCS,WithoutTurning,3.60676377975317,1.21257331529011
A,BCS,WithoutTurning,3.6178701002932,1.21085932295986
A,BCS,WithoutTurning,3.62901062056557,1.20924646106044
A,BCS,WithoutTurning,3.63305364990694,1.20868775355199
A,BCS,WithoutTurning,3.64018544588167,1.2077283498278
A,BCS,WithoutTurning,3.65139468187712,1.20627360294433
A,BCS,WithoutTurning,3.66263843451285,1.20487642323025
A,BCS,WithoutTurning,3.67391681007608,1.20353372190685
A,BCS,WithoutTurning,3.68522991518131,1.2022424307598
A,BCS,WithoutTurning,3.69657785677134,1.20099950082896
A,BCS,WithoutTurning,3.70796074211829,1.19980190117725
A,BCS,WithoutTurning,3.71937867882459,1.19864661773717
A,BCS,WithoutTurning,3.73083177482401,1.19753065223441
A,BCS,WithoutTurning,3.74232013838269,1.19645102118735
A,BCS,WithoutTurning,3.75384387810016,1.19540475498168
A,BCS,WithoutTurning,3.76540310291034,1.19438889701956
A,BCS,WithoutTurning,3.77699792208261,1.19340050294236
A,BCS,WithoutTurning,3.78862844522281,1.19243663992658
A,BCS,WithoutTurning,3.80029478227429,1.19149438605215
A,BCS,WithoutTurning,3.81199704351897,1.19057082974278
A,BCS,WithoutTurning,3.82373533957834,1.18966306927761
A,BCS,WithoutTurning,3.83550978141452,1.18876821237397
A,BCS,WithoutTurning,3.84732048033135,1.18788337584051
A,BCS,WithoutTurning,3.85916754797538,1.1870056853006
A,BCS,WithoutTurning,3.87105109633695,1.1861322749853
A,BCS,WithoutTurning,3.88297123775128,1.18526028759582
A,BCS,WithoutTurning,3.89492808489947,1.18438687423485
A,BCS,WithoutTurning,3.90692175080963,1.18350919440656
A,BCS,WithoutTurning,3.91895234885791,1.18262441608491
A,BCS,WithoutTurning,3.93101999276956,1.18172971584984
A,BCS,WithoutTurning,3.94312479662004,1.18082227909099
A,BCS,WithoutTurning,3.95526687483609,1.17989930027867
A,BCS,WithoutTurning,3.96744634219679,1.17895798330153
A,BCS,WithoutTurning,3.97966331383467,1.17799554187074
A,BCS,WithoutTurning,3.99191790523678,1.17700919998996
A,BCS,WithoutTurning,4.0042102322458,1.17599619249089
A,BCS,WithoutTurning,4.01654041106112,1.1749537656338
A,BCS,WithoutTurning,4.02890855823993,1.17387917777243
A,BCS,WithoutTurning,4.04131479069836,1.17276970008288
A,BCS,WithoutTurning,4.05375922571254,1.1716226173556
A,BCS,WithoutTurning,4.05713587902925,1.17130515414318
A,BCS,WithoutTurning,4.06624198091974,1.17044286999139
A,BCS,WithoutTurning,4.07876317431946,1.16924931560469
A,BCS,WithoutTurning,4.09132292427456,1.1680432950427
A,BCS,WithoutTurning,4.10392134951239,1.16682513129765
A,BCS,WithoutTurning,4.11655856912589,1.16559514656656
A,BCS,WithoutTurning,4.1292347025747,1.16435366222008
A,BCS,WithoutTurning,4.14194986968634,1.1631009987722
A,BCS,WithoutTurning,4.15470419065731,1.16183747585083
A,BCS,WithoutTurning,4.16749778605423,1.16056341216916
A,BCS,WithoutTurning,4.18033077681497,1.15927912549795
A,BCS,WithoutTurning,4.19320328424982,1.15798493263865
A,BCS,WithoutTurning,4.20611543004262,1.15668114939731
A,BCS,WithoutTurning,4.2190673362519,1.15536809055939
A,BCS,WithoutTurning,4.23205912531206,1.15404606986542
A,BCS,WithoutTurning,4.24509092003449,1.15271539998739
A,BCS,WithoutTurning,4.25816284360878,1.15137639250612
A,BCS,WithoutTurning,4.27127501960384,1.15002935788935
A,BCS,WithoutTurning,4.28442757196909,1.14867460547069
A,BCS,WithoutTurning,4.29762062503565,1.14731244342938
A,BCS,WithoutTurning,4.31085430351745,1.14594317877089
A,BCS,WithoutTurning,4.32412873251248,1.1445671173083
A,BCS,WithoutTurning,4.33744403750396,1.14318456364452
A,BCS,WithoutTurning,4.35080034436146,1.14179582115526
A,BCS,WithoutTurning,4.3641977793422,1.14040119197288
A,BCS,WithoutTurning,4.37763646909214,1.13900097697095
A,BCS,WithoutTurning,4.39111654064725,1.13759547574964
A,BCS,WithoutTurning,4.40463812143466,1.13618498662192
A,BCS,WithoutTurning,4.41820133927389,1.13476980660044
A,BCS,WithoutTurning,4.43180632237808,1.13335023138534
A,BCS,WithoutTurning,4.44545319935514,1.13192655535265
A,BCS,WithoutTurning,4.45914209920904,1.13049907154359
A,BCS,WithoutTurning,4.47287315134097,1.12906807165459
A,BCS,WithoutTurning,4.48664648555058,1.12763384602799
A,BCS,WithoutTurning,4.50046223203723,1.12619668364361
A,BCS,WithoutTurning,4.51432052140119,1.12475687211097
A,BCS,WithoutTurning,4.52822148464489,1.12331469766224
A,BCS,WithoutTurning,4.54216525317418,1.12187044514601
A,BCS,WithoutTurning,4.55615195879951,1.12042439802168
A,BCS,WithoutTurning,4.57018173373723,1.11897683835464
A,BCS,WithoutTurning,4.58425471061085,1.11752804681208
A,BCS,WithoutTurning,4.59837102245222,1.11607830265962
A,BCS,WithoutTurning,4.61253080270287,1.11462788375857
A,BCS,WithoutTurning,4.62673418521522,1.11317706656384
A,BCS,WithoutTurning,4.64098130425389,1.11172612612264
A,BCS,WithoutTurning,4.6552722944969,1.11027533607379
A,BCS,WithoutTurning,4.66960729103701,1.10882496864775
A,BCS,WithoutTurning,4.68398642938298,1.10737529466726
A,BCS,WithoutTurning,4.69840984546081,1.10592658354872
A,BCS,WithoutTurning,4.7128776756151,1.10447910330416
A,BCS,WithoutTurning,4.72739005661025,1.10303312054392
A,BCS,WithoutTurning,4.74194712563184,1.10158890047991
A,BCS,WithoutTurning,4.75654902028786,1.10014670692958
A,BCS,WithoutTurning,4.77119587861005,1.0987068023205
A,BCS,WithoutTurning,4.78588783905518,1.09726944769551
A,BCS,WithoutTurning,4.80062504050639,1.09583490271861
A,BCS,WithoutTurning,4.81540762227447,1.09440342568135
A,BCS,WithoutTurning,4.83023572409918,1.09297527350989
A,BCS,WithoutTurning,4.84510948615059,1.09155070177268
A,BCS,WithoutTurning,4.86002904903041,1.09012996468869
A,BCS,WithoutTurning,4.8749945537733,1.08871331513627
A,BCS,WithoutTurning,4.89000614184818,1.08730100466261
A,BCS,WithoutTurning,4.90506395515964,1.08589328349372
A,BCS,WithoutTurning,4.9201681360492,1.08449040054504
A,BCS,WithoutTurning,4.93531882729672,1.08309260343264
A,BCS,WithoutTurning,4.95051617212171,1.08170013848495
A,BCS,WithoutTurning,4.96576031418468,1.08031325075501
A,BCS,WithoutTurning,4.98105139758855,1.0789321840334
A,BCS,WithoutTurning,4.99638956687995,1.07755718086161
A,BCS,WithoutTurning,5.00495000594046,1.07679432429342
A,BCS,WithoutTurning,5.01177496705063,1.07618801175375
A,BCS,WithoutTurning,5.02720774353879,1.07482124816603
A,BCS,WithoutTurning,5.0426880422305,1.07345614291214
A,BCS,WithoutTurning,5.05821600946105,1.07209267851758
A,BCS,WithoutTurning,5.07379179201635,1.07073083758898
A,BCS,WithoutTurning,5.08941553713429,1.06937060281389
A,BCS,WithoutTurning,5.10508739250615,1.06801195696056
A,BCS,WithoutTurning,5.12080750627803,1.06665488287766
A,BCS,WithoutTurning,5.13657602705218,1.06529936349408
A,BCS,WithoutTurning,5.15239310388845,1.06394538181871
A,BCS,WithoutTurning,5.1682588863057,1.06259292094018
A,BCS,WithoutTurning,5.1841735242832,1.06124196402669
A,BCS,WithoutTurning,5.20013716826205,1.05989249432573
A,BCS,WithoutTurning,5.21614996914661,1.05854449516391
A,BCS,WithoutTurning,5.2322120783059,1.05719794994673
A,BCS,WithoutTurning,5.24832364757507,1.05585284215837
A,BCS,WithoutTurning,5.26448482925683,1.05450915536147
A,BCS,WithoutTurning,5.28069577612283,1.05316687319692
A,BCS,WithoutTurning,5.2969566414152,1.0518259793837
A,BCS,WithoutTurning,5.31326757884792,1.05048645771862
A,BCS,WithoutTurning,5.32962874260832,1.04914829207615
A,BCS,WithoutTurning,5.34604028735849,1.04781146640823
A,BCS,WithoutTurning,5.36250236823681,1.04647596474406
A,BCS,WithoutTurning,5.37901514085935,1.04514177118991
A,BCS,WithoutTurning,5.39557876132138,1.04380886992895
A,BCS,WithoutTurning,5.41219338619883,1.04247724522103
A,BCS,WithoutTurning,5.42885917254978,1.04114688140252
A,BCS,WithoutTurning,5.44557627791594,1.03981776288613
A,BCS,WithoutTurning,5.46234486032413,1.03848987416071
A,BCS,WithoutTurning,5.4791650782878,1.03716319979108
A,BCS,WithoutTurning,5.49603709080849,1.03583772441788
A,BCS,WithoutTurning,5.51296105737736,1.03451343275736
A,BCS,WithoutTurning,5.52993713797671,1.03319030960122
A,BCS,WithoutTurning,5.54696549308145,1.03186833981646
A,BCS,WithoutTurning,5.56404628366065,1.03054750834519
A,BCS,WithoutTurning,5.58117967117906,1.02922780020449
A,BCS,WithoutTurning,5.59836581759861,1.02790920048623
A,BCS,WithoutTurning,5.61560488537998,1.02659169435689
A,BCS,WithoutTurning,5.63289703748411,1.02527526705747
A,BCS,WithoutTurning,5.65024243737374,1.02395990390326
A,BCS,WithoutTurning,5.66764124901496,1.02264559028373
A,BCS,WithoutTurning,5.68509363687878,1.02133231166238
A,BCS,WithoutTurning,5.70259976594264,1.02002005357655
A,BCS,WithoutTurning,5.72015980169202,1.01870880163732
A,BCS,WithoutTurning,5.73777391012196,1.01739854152936
A,BCS,WithoutTurning,5.75544225773865,1.01608925901075
A,BCS,WithoutTurning,5.77316501156103,1.01478093991286
A,BCS,WithoutTurning,5.79094233912232,1.01347357014025
A,BCS,WithoutTurning,5.80877440847161,1.01216713567045
A,BCS,WithoutTurning,5.8266613881755,1.0108616225539
A,BCS,WithoutTurning,5.84460344731963,1.0095570169138
A,BCS,WithoutTurning,5.86260075551033,1.00825330494593
A,BCS,WithoutTurning,5.88065348287617,1.00695047291859
A,BCS,WithoutTurning,5.89876180006963,1.00564850717243
A,BCS,WithoutTurning,5.91692587826864,1.00434739412033
A,BCS,WithoutTurning,5.93514588917829,1.00304712024729
A,BCS,WithoutTurning,5.95342200503235,1.0017476721103
A,BCS,WithoutTurning,5.97175439859499,1.00044903633821
A,BCS,WithoutTurning,5.99014324316236,0.999151199631639
A,BCS,WithoutTurning,6.00858871256423,0.997854148762826
A,BCS,WithoutTurning,6.02709098116566,0.996557870575533
A,BCS,WithoutTurning,6.04565022386863,0.995262351984934
A,BCS,WithoutTurning,6.06426661611368,0.993967579977496
A,BCS,WithoutTurning,6.08294033388162,0.992673541610872
A,BCS,WithoutTurning,6.10167155369512,0.991380224013795
A,BCS,WithoutTurning,6.12046045262044,0.990087614385971
A,BCS,WithoutTurning,6.13930720826907,0.988795699997972
A,BCS,WithoutTurning,6.15821199879942,0.987504468191136
A,BCS,WithoutTurning,6.17717500291853,0.986213906377466
A,BCS,WithoutTurning,6.19619639988368,0.984924002039527
A,BCS,WithoutTurning,6.21527636950419,0.983634742730352
A,BCS,WithoutTurning,6.23441509214304,0.982346116073341
A,BCS,WithoutTurning,6.25361274871861,0.981058109762171
A,BCS,WithoutTurning,6.27286952070637,0.979770711560699
A,BCS,WithoutTurning,6.29218559014064,0.978483909302871
A,BCS,WithoutTurning,6.31156113961624,0.977197690892634
A,BCS,WithoutTurning,6.33099635229028,0.975912044303841
A,BCS,WithoutTurning,6.35049141188386,0.97462695758017
A,BCS,WithoutTurning,6.37004650268381,0.973342418835036
A,BCS,WithoutTurning,6.38966180954444,0.972058416251505
A,BCS,WithoutTurning,6.40933751788928,0.970774938082212
A,BCS,WithoutTurning,6.42907381371283,0.969491972649279
A,BCS,WithoutTurning,6.44887088358233,0.968209508344236
A,BCS,WithoutTurning,6.46872891463952,0.966927533627939
A,BCS,WithoutTurning,6.4886480946024,0.965646037030495
A,BCS,WithoutTurning,6.50862861176702,0.964365007151185
A,BCS,WithoutTurning,6.52867065500923,0.963084432658391
A,BCS,WithoutTurning,6.5487744137865,0.961804302289518
A,BCS,WithoutTurning,6.56894007813971,0.960524604850925
A,BCS,WithoutTurning,6.58916783869492,0.959245329217852
A,BCS,WithoutTurning,6.60945788666517,0.957966464334354
A,BCS,WithoutTurning,6.62981041385232,0.956687999213227
A,BCS,WithoutTurning,6.65022561264887,0.955409922935945
A,BCS,WithoutTurning,6.6707036760397,0.954132224652592
A,BCS,WithoutTurning,6.691244797604,0.952854893581796
A,BCS,WithoutTurning,6.71184917151701,0.951577919010669
A,BCS,WithoutTurning,6.73251699255193,0.950301290294741
A,BCS,WithoutTurning,6.7532484560817,0.949024996857898
A,BCS,WithoutTurning,6.77404375808087,0.947749028192326
A,BCS,WithoutTurning,6.79490309512748,0.946473373858447
A,BCS,WithoutTurning,6.81582666440488,0.945198023484864
A,BCS,WithoutTurning,6.83681466370361,0.943922966768304
A,BCS,WithoutTurning,6.85786729142325,0.942648193473559
A,BCS,WithoutTurning,6.87898474657433,0.941373693433434
A,BCS,WithoutTurning,6.90016722878019,0.940099456548692
A,BCS,WithoutTurning,6.92141493827889,0.938825472788003
A,BCS,WithoutTurning,6.94272807592504,0.93755173218789
A,BCS,WithoutTurning,6.96410684319177,0.936278224852678
A,BCS,WithoutTurning,6.98555144217262,0.935004940954445
A,BCS,WithoutTurning,7.00706207558341,0.933731870732975
A,BCS,WithoutTurning,7.0286389467642,0.932459004495706
A,BCS,WithoutTurning,7.05028225968119,0.931186332617685
A,BCS,WithoutTurning,7.07199221892865,0.929913845541524
A,BCS,WithoutTurning,7.09376902973087,0.928641533777352
A,BCS,WithoutTurning,7.11561289794407,0.92736938790277
A,BCS,WithoutTurning,7.13752403005838,0.926097398562811
A,BCS,WithoutTurning,7.15950263319977,0.924825556469893
A,BCS,WithoutTurning,7.18154891513202,0.923553852403781
A,BCS,WithoutTurning,7.20366308425867,0.922282277211544
A,BCS,WithoutTurning,7.22584534962498,0.921010821807517
A,BCS,WithoutTurning,7.24809592091997,0.919739477173258
A,BCS,WithoutTurning,7.27041500847831,0.91846823435751
A,BCS,WithoutTurning,7.29280282328238,0.917197084476169
A,BCS,WithoutTurning,7.31525957696424,0.915926018712238
A,BCS,WithoutTurning,7.33778548180761,0.914655028315797
A,BCS,WithoutTurning,7.36038075074992,0.913384104603965
A,BCS,WithoutTurning,7.38304559738427,0.912113238960865
A,BCS,WithoutTurning,7.40578023596151,0.910842422837591
A,BCS,WithoutTurning,7.42858488139221,0.909571647752172
A,BCS,WithoutTurning,7.45145974924872,0.908300905289541
A,BCS,WithoutTurning,7.47440505576721,0.907030187101503
A,BCS,WithoutTurning,7.49742101784971,0.905759484906701
A,BCS,WithoutTurning,7.52050785306614,0.904488790490586
A,BCS,WithoutTurning,7.54366577965639,0.903218095705388
A,BCS,WithoutTurning,7.56689501653239,0.901947392470085
A,BCS,WithoutTurning,7.59019578328016,0.900676672770371
A,BCS,WithoutTurning,7.61356830016187,0.899405928658632
A,BCS,WithoutTurning,7.63701278811798,0.898135152253913
A,BCS,WithoutTurning,7.66052946876927,0.896864335741895
A,BCS,WithoutTurning,7.68411856441897,0.895593471374863
A,BCS,WithoutTurning,7.70778029805483,0.894322551471682
A,BCS,WithoutTurning,7.73151489335126,0.89305156841777
A,BCS,WithoutTurning,7.75188925620454,0.891963577679409
A,BCS,WithoutTurning,7.75532257467144,0.891780553264906
A,BCS,WithoutTurning,7.77920356706941,0.890511778791545
A,BCS,WithoutTurning,7.80315809629225,0.889246442430667
A,BCS,WithoutTurning,7.82718638878215,0.887984356961598
A,BCS,WithoutTurning,7.85128867167861,0.886725336203608
A,BCS,WithoutTurning,7.87546517282055,0.885469195009508
A,BCS,WithoutTurning,7.89971612074848,0.884215749259626
A,BCS,WithoutTurning,7.92404174470665,0.88296481585617
A,BCS,WithoutTurning,7.94844227464522,0.881716212717975
A,BCS,WithoutTurning,7.97291794122246,0.880469758775623
A,BCS,WithoutTurning,7.99746897580687,0.879225273966936
A,BCS,WithoutTurning,8.02209561047943,0.877982579232838
A,BCS,WithoutTurning,8.04679807803576,0.87674149651359
A,BCS,WithoutTurning,8.07157661198833,0.875501848745378
A,BCS,WithoutTurning,8.09643144656866,0.874263459857265
A,BCS,WithoutTurning,8.12136281672955,0.873026154768499
A,BCS,WithoutTurning,8.14637095814728,0.871789759386172
A,BCS,WithoutTurning,8.17145610722386,0.870554100603227
A,BCS,WithoutTurning,8.19661850108925,0.869319006296813
A,BCS,WithoutTurning,8.22185837760359,0.868084305326975
A,BCS,WithoutTurning,8.24717597535949,0.866849827535693
A,BCS,WithoutTurning,8.27257153368424,0.865615403746245
A,BCS,WithoutTurning,8.2980452926421,0.86438086576291
A,BCS,WithoutTurning,8.32359749303655,0.863146046370994
A,BCS,WithoutTurning,8.3492283764126,0.861910779337182
A,BCS,WithoutTurning,8.37493818505902,0.860674899410213
A,BCS,WithoutTurning,8.40072716201068,0.859438242321868
A,BCS,WithoutTurning,8.42659555105083,0.858200644788282
A,BCS,WithoutTurning,8.45254359671339,0.856961944511555
A,BCS,WithoutTurning,8.47857154428529,0.85572198018168
A,BCS,WithoutTurning,8.50467963980874,0.854480591478769
A,BCS,WithoutTurning,8.53086813008365,0.853237619075586
A,BCS,WithoutTurning,8.55713726266983,0.85199290464037
A,BCS,WithoutTurning,8.58348728588945,0.850746290839957
A,BCS,WithoutTurning,8.60991844882933,0.849497621343192
A,BCS,WithoutTurning,8.63643100134328,0.848246740824623
A,BCS,WithoutTurning,8.66302519405454,0.846993494968484
A,BCS,WithoutTurning,8.68970127835802,0.845737730472957
A,BCS,WithoutTurning,8.71645950642282,0.844479295054702
A,BCS,WithoutTurning,8.74330013119451,0.843218037453674
A,BCS,WithoutTurning,8.77022340639756,0.841953807438195
A,BCS,WithoutTurning,8.79722958653773,0.8406864558103
A,BCS,WithoutTurning,8.8243189269045,0.839415834411339
A,BCS,WithoutTurning,8.85149168357344,0.838141796127842
A,BCS,WithoutTurning,8.87874811340868,0.836864194897635
A,BCS,WithoutTurning,8.90608847406529,0.835582885716205
A,BCS,WithoutTurning,8.93351302399174,0.834297724643318
A,BCS,WithoutTurning,8.96102202243236,0.833008568809871
A,BCS,WithoutTurning,8.98861572942976,0.831715276424989
A,BCS,WithoutTurning,9.0162944058273,0.830417706783356
A,BCS,WithoutTurning,9.04405831327155,0.829115720272776
A,BCS,WithoutTurning,9.07190771421478,0.827809178381961
A,BCS,WithoutTurning,9.09984287191742,0.826497943708544
A,BCS,WithoutTurning,9.12786405045057,0.825181879967309
A,BCS,WithoutTurning,9.15597151469847,0.823860851998635
A,BCS,WithoutTurning,9.18416553036104,0.822534725777158
A,BCS,WithoutTurning,9.21244636395636,0.82120336842063
A,BCS,WithoutTurning,9.2408142828232,0.819866648198984
A,BCS,WithoutTurning,9.26926955512353,0.818524434543604
A,BCS,WithoutTurning,9.2978124498451,0.817176598056778
A,BCS,WithoutTurning,9.32644323680395,0.815823010521346
A,BCS,WithoutTurning,9.35516218664695,0.814463544910538
A,BCS,WithoutTurning,9.38396957085438,0.813098075397982
A,BCS,WithoutTurning,9.41286566174251,0.811726477367899
A,BCS,WithoutTurning,9.44185073246611,0.81034862742546
A,BCS,WithoutTurning,9.47092505702113,0.808964403407321
A,BCS,WithoutTurning,9.50008891024719,0.807573684392312
A,BCS,WithoutTurning,9.52934256783027,0.806176350712287
A,BCS,WithoutTurning,9.55868630630522,0.804772283963126
A,BCS,WithoutTurning,9.58812040305846,0.80336136701589
A,BCS,WithoutTurning,9.61764513633057,0.801943484028115
A,BCS,WithoutTurning,9.62865878055354,0.801413881619285
A,BCS,WithoutTurning,9.64726078521889,0.800518454360565
A,BCS,WithoutTurning,9.67696762968021,0.799086034077339
A,BCS,WithoutTurning,9.70676595053337,0.797646342258693
A,BCS,WithoutTurning,9.73665602946196,0.796199526747589
A,BCS,WithoutTurning,9.76663814901695,0.794745734840982
A,BCS,WithoutTurning,9.79671259261936,0.793285113278388
A,BCS,WithoutTurning,9.82687964456296,0.791817808230694
A,BCS,WithoutTurning,9.85713959001694,0.790343965289211
A,BCS,WithoutTurning,9.88749271502864,0.788863729454953
A,BCS,WithoutTurning,9.91793930652617,0.787377245128159
A,BCS,WithoutTurning,9.94847965232123,0.785884656098045
A,BCS,WithoutTurning,9.97911404111177,0.784386105532794
A,BCS,WithoutTurning,10.0098427624847,0.782881735969774
A,BCS,WithoutTurning,10.0406661069187,0.781371689305991
A,BCS,WithoutTurning,10.0715843657869,0.779856106788774
A,BCS,WithoutTurning,10.1025978313596,0.778335129006686
A,BCS,WithoutTurning,10.1337067968072,0.776808895880664
A,BCS,WithoutTurning,10.1649115562028,0.775277546655392
A,BCS,WithoutTurning,10.196212404525,0.773741219890896
A,BCS,WithoutTurning,10.2276096376609,0.772200053454361
A,BCS,WithoutTurning,10.2591035524084,0.770654184512183
A,BCS,WithoutTurning,10.2906944464797,0.769103749522232
A,BCS,WithoutTurning,10.3223826185035,0.767548884226342
A,BCS,WithoutTurning,10.3541683680282,0.765989723643024
A,BCS,WithoutTurning,10.3860519955245,0.764426402060391
A,BCS,WithoutTurning,10.4180338023883,0.762859053029305
A,BCS,WithoutTurning,10.4501140909438,0.761287809356741
A,BCS,WithoutTurning,10.4822931644461,0.759712803099363
A,BCS,WithoutTurning,10.5145713270838,0.758134165557312
A,BCS,WithoutTurning,10.5469488839826,0.75655202726821
A,BCS,WithoutTurning,10.5794261412076,0.75496651800137
A,BCS,WithoutTurning,10.6120034057663,0.753377766752217
A,BCS,WithoutTurning,10.6446809856117,0.751785901736917
A,BCS,WithoutTurning,10.6774591896449,0.750191050387205
A,BCS,WithoutTurning,10.7103383277185,0.748593339345427
A,BCS,WithoutTurning,10.7433187106389,0.746992894459772
A,BCS,WithoutTurning,10.7764006501698,0.745389840779719
A,BCS,WithoutTurning,10.8095844590348,0.743784302551665
A,BCS,WithoutTurning,10.8428704509205,0.742176403214769
A,BCS,WithoutTurning,10.8762589404794,0.740566265396976
A,BCS,WithoutTurning,10.9097502433331,0.738954010911241
A,BCS,WithoutTurning,10.9433446760747,0.737339760751949
A,BCS,WithoutTurning,10.9770425562727,0.735723635091513
A,BCS,WithoutTurning,11.010844202473,0.734105753277175
A,BCS,WithoutTurning,11.0447499342028,0.732486233827982
A,BCS,WithoutTurning,11.0787600719729,0.73086519443195
A,BCS,WithoutTurning,11.1128749372813,0.729242751943414
A,BCS,WithoutTurning,11.1470948526157,0.727619022380555
A,BCS,WithoutTurning,11.1814201414573,0.725994120923109
A,BCS,WithoutTurning,11.2158511282829,0.724368161910248
A,BCS,WithoutTurning,11.2503881385687,0.722741258838644
A,BCS,WithoutTurning,11.2850314987932,0.7211135243607
A,BCS,WithoutTurning,11.3197815364401,0.719485070282956
A,BCS,WithoutTurning,11.3546385800015,0.717856007564663
A,BCS,WithoutTurning,11.3896029589812,0.716226446316527
A,BCS,WithoutTurning,11.4246750038976,0.714596495799613
A,BCS,WithoutTurning,11.4598550462866,0.712966264424423
A,BCS,WithoutTurning,11.4951434187053,0.711335859750124
A,BCS,WithoutTurning,11.5305404547347,0.709705388483945
A,BCS,WithoutTurning,11.5660464889832,0.708074956480731
A,BCS,WithoutTurning,11.6016618570892,0.706444668742647
A,BCS,WithoutTurning,11.637386895725,0.704814629419043
A,BCS,WithoutTurning,11.6732219425994,0.703184941806468
A,BCS,WithoutTurning,11.7091673364611,0.701555708348835
A,BCS,WithoutTurning,11.745223417102,0.699927030637736
A,BCS,WithoutTurning,11.7813905253603,0.698299009412897
A,BCS,WithoutTurning,11.8176690031238,0.696671744562791
A,BCS,WithoutTurning,11.8540591933329,0.695045335125375
A,BCS,WithoutTurning,11.8905614399842,0.693419879288984
A,BCS,WithoutTurning,11.9271760881335,0.691795474393356
A,BCS,WithoutTurning,11.9639034838991,0.690172216930793
A,BCS,WithoutTurning,12.0007439744652,0.68855020254746
A,BCS,WithoutTurning,12.037697908085,0.686929526044816
A,BCS,WithoutTurning,12.074765634084,0.685310281381174
A,BCS,WithoutTurning,12.1119475028636,0.683692561673394
A,BCS,WithoutTurning,12.149243865904,0.682076459198698
A,BCS,WithoutTurning,12.1866550757679,0.680462065396614
A,BCS,WithoutTurning,12.2241814861034,0.678849470871042
A,BCS,WithoutTurning,12.2618234516477,0.677238765392443
A,BCS,WithoutTurning,12.2995813282305,0.675630037900144
A,BCS,WithoutTurning,12.337455472777,0.674023376504763
A,BCS,WithoutTurning,12.3754462433115,0.672418868490752
A,BCS,WithoutTurning,12.413553998961,0.670816600319048
A,BCS,WithoutTurning,12.451779099958,0.669216657629842
A,BCS,WithoutTurning,12.4901219076444,0.667619125245454
A,BCS,WithoutTurning,12.5285827844751,0.666024087173323
A,BCS,WithoutTurning,12.5671620940206,0.664431626609089
A,BCS,WithoutTurning,12.6058602009712,0.662841825939802
A,BCS,WithoutTurning,12.6446774711403,0.661254766747209
A,BCS,WithoutTurning,12.6836142714675,0.659670529811163
A,BCS,WithoutTurning,12.7226709700225,0.658089195113122
A,BCS,WithoutTurning,12.7618479360084,0.656510841839743
A,BCS,WithoutTurning,12.8011455397649,0.65493554838658
A,BCS,WithoutTurning,12.8405641527726,0.653363392361867
A,BCS,WithoutTurning,12.8801041476555,0.651794450590401
A,BCS,WithoutTurning,12.9197658981854,0.650228799117514
A,BCS,WithoutTurning,12.9595497792848,0.648666513213128
A,BCS,WithoutTurning,12.9994561670308,0.64710766737591
A,BCS,WithoutTurning,13.0394854386586,0.645552335337495
A,BCS,WithoutTurning,13.079637972565,0.64400059006681
A,BCS,WithoutTurning,13.1199141483118,0.642452503774469
A,BCS,WithoutTurning,13.16031434663,0.640908147917257
A,BCS,WithoutTurning,13.2008389494225,0.639367593202684
A,BCS,WithoutTurning,13.2414883397687,0.637830909593624
A,BCS,WithoutTurning,13.2822629019272,0.636298166313027
A,BCS,WithoutTurning,13.2974432086939,0.635729747714377
A,BCS,WithoutTurning,13.3231630213399,0.634769022056791
A,BCS,WithoutTurning,13.364189084636,0.633241992794867
A,BCS,WithoutTurning,13.4053414796347,0.631716936814577
A,BCS,WithoutTurning,13.4466205953497,0.630193854045012
A,BCS,WithoutTurning,13.4880268219927,0.628672744424978
A,BCS,WithoutTurning,13.5295605509767,0.627153607902909
A,BCS,WithoutTurning,13.5712221749201,0.62563644443678
A,BCS,WithoutTurning,13.6130120876503,0.624121253994014
A,BCS,WithoutTurning,13.6549306842075,0.622608036551397
A,BCS,WithoutTurning,13.6969783608483,0.621096792094989
A,BCS,WithoutTurning,13.7391555150493,0.619587520620035
A,BCS,WithoutTurning,13.7814625455113,0.618080222130877
A,BCS,WithoutTurning,13.8238998521628,0.616574896640866
A,BCS,WithoutTurning,13.8664678361636,0.615071544172272
A,BCS,WithoutTurning,13.9091668999091,0.613570164756201
A,BCS,WithoutTurning,13.9519974470334,0.612070758432502
A,BCS,WithoutTurning,13.9949598824139,0.610573325249681
A,BCS,WithoutTurning,14.0380546121745,0.609077865264814
A,BCS,WithoutTurning,14.0812820436898,0.607584378543459
A,BCS,WithoutTurning,14.1246425855888,0.606092865159567
A,BCS,WithoutTurning,14.1681366477587,0.604603325195398
A,BCS,WithoutTurning,14.211764641349,0.60311575874143
A,BCS,WithoutTurning,14.2555269787752,0.601630165896274
A,BCS,WithoutTurning,14.2994240737228,0.600146546766586
A,BCS,WithoutTurning,14.343456341151,0.598664901466982
A,BCS,WithoutTurning,14.387624197297,0.597185230119945
A,BCS,WithoutTurning,14.4319280596795,0.595707532855747
A,BCS,WithoutTurning,14.4763683471032,0.594231809812355
A,BCS,WithoutTurning,14.520945479662,0.592758061135348
A,BCS,WithoutTurning,14.5656598787437,0.591286286977829
A,BCS,WithoutTurning,14.6105119670336,0.58981648750034
A,BCS,WithoutTurning,14.6555021685185,0.588348662870773
A,BCS,WithoutTurning,14.700630908491,0.586882813264288
A,BCS,WithoutTurning,14.745898613553,0.585418938863221
A,BCS,WithoutTurning,14.7913057116203,0.583957039857005
A,BCS,WithoutTurning,14.8368526319262,0.582497116442078
A,BCS,WithoutTurning,14.8825398050259,0.581039168821799
A,BCS,WithoutTurning,14.9283676628003,0.579583197206365
A,BCS,WithoutTurning,14.9743366384602,0.578129201812722
A,BCS,WithoutTurning,15.0204471665503,0.576677182864479
A,BCS,WithoutTurning,15.0666996829537,0.575227140591828
A,BCS,WithoutTurning,15.1130946248954,0.57377907523145
A,BCS,WithoutTurning,15.159632430947,0.57233298702644
A,BCS,WithoutTurning,15.2063135410302,0.570888876226213
A,BCS,WithoutTurning,15.2531383964219,0.569446743086423
A,BCS,WithoutTurning,15.3001074397573,0.56800658786888
A,BCS,WithoutTurning,15.3472211150351,0.56656841084146
A,BCS,WithoutTurning,15.3944798676207,0.565132212278025
A,BCS,WithoutTurning,15.4418841442513,0.563697992458337
A,BCS,WithoutTurning,15.4894343930396,0.562265751667973
A,BCS,WithoutTurning,15.5371310634782,0.56083549019824
A,BCS,WithoutTurning,15.5849746064438,0.559407208346094
A,BCS,WithoutTurning,15.6329654742015,0.557980906414052
A,BCS,WithoutTurning,15.681104120409,0.55655658471011
A,BCS,WithoutTurning,15.7293910001211,0.55513424354766
A,BCS,WithoutTurning,15.7778265697936,0.553713883245402
A,BCS,WithoutTurning,15.8264112872882,0.55229550412727
A,BCS,WithoutTurning,15.8751456118763,0.550879106522334
A,BCS,WithoutTurning,15.9240300042434,0.549464690764731
A,BCS,WithoutTurning,15.9730649264939,0.548052257193573
A,BCS,WithoutTurning,16.0222508421549,0.546641806152864
A,BCS,WithoutTurning,16.0715882161811,0.545233337991423
A,BCS,WithoutTurning,16.1210775149586,0.543826853062796
A,BCS,WithoutTurning,16.1707192063099,0.542422351725173
A,BCS,WithoutTurning,16.2205137594981,0.541019834341309
A,BCS,WithoutTurning,16.270461645231,0.539619301278437
A,BCS,WithoutTurning,16.3205633356662,0.53822075290819
A,BCS,WithoutTurning,16.370819304415,0.536824189606516
A,BCS,WithoutTurning,16.4212300265472,0.535429611753596
A,BCS,WithoutTurning,16.4717959785955,0.534037019733763
A,BCS,WithoutTurning,16.5225176385598,0.532646413935418
A,BCS,WithoutTurning,16.573395485912,0.531257794750951
A,BCS,WithoutTurning,16.6244300016007,0.52987116257666
A,BCS,WithoutTurning,16.6756216680551,0.528486517812662
A,BCS,WithoutTurning,16.7269709691902,0.527103860862824
A,BCS,WithoutTurning,16.7784783904109,0.52572319213467
A,BCS,WithoutTurning,16.8301444186171,0.524344512039306
A,BCS,WithoutTurning,16.8819695422078,0.52296782099134
A,BCS,WithoutTurning,16.9339542510859,0.521593119408795
A,BCS,WithoutTurning,16.986099036663,0.520220407713036
A,BCS,WithoutTurning,17.038404391864,0.518849686328684
A,BCS,WithoutTurning,17.0908708111312,0.517480955683538
A,BCS,WithoutTurning,17.1434987904301,0.516114216208492
A,BCS,WithoutTurning,17.1962888272528,0.51474946833746
A,BCS,WithoutTurning,17.2492414206237,0.51338671250729
A,BCS,WithoutTurning,17.3023570711038,0.512025949157688
A,BCS,WithoutTurning,17.3556362807954,0.510667178731137
A,BCS,WithoutTurning,17.409079553347,0.509310401672818
A,BCS,WithoutTurning,17.4626873939579,0.50795561843053
A,BCS,WithoutTurning,17.5164603093832,0.506602829454609
A,BCS,WithoutTurning,17.5703988079382,0.505252035197855
A,BCS,WithoutTurning,17.6245033995038,0.503903236115444
A,BCS,WithoutTurning,17.6787745955307,0.502556432664856
A,BCS,WithoutTurning,17.7332129090446,0.501211625305793
A,BCS,WithoutTurning,17.787818854651,0.499868814500104
A,BCS,WithoutTurning,17.84259294854,0.498528000711701
A,BCS,WithoutTurning,17.8975357084912,0.497189184406486
A,BCS,WithoutTurning,17.9526476538786,0.495852366052269
A,BCS,WithoutTurning,18.0079293056755,0.494517546118692
A,BCS,WithoutTurning,18.0633811864595,0.493184725077153
A,BCS,WithoutTurning,18.1190038204173,0.491853903400724
A,BCS,WithoutTurning,18.1747977333497,0.490525081564076
A,BCS,WithoutTurning,18.2307634526768,0.489198260043402
A,BCS,WithoutTurning,18.2869015074425,0.487873439316339
A,BCS,WithoutTurning,18.34321242832,0.486550619861892
A,BCS,WithoutTurning,18.3996967476165,0.485229802160355
A,BCS,WithoutTurning,18.4563549992784,0.483910986693237
A,BCS,WithoutTurning,18.5131877188962,0.482594173943183
A,BCS,WithoutTurning,18.5701954437098,0.4812793643939
A,BCS,WithoutTurning,18.6273787126132,0.479966558530077
A,BCS,WithoutTurning,18.68473806616,0.478655756837314
A,BCS,WithoutTurning,18.7422740465683,0.477346959802043
A,BCS,WithoutTurning,18.7999871977257,0.476040167911453
A,BCS,WithoutTurning,18.8578780651949,0.474735381653412
A,BCS,WithoutTurning,18.9159471962182,0.473432601516398
A,BCS,WithoutTurning,18.9741951397233,0.472131827989415
A,BCS,WithoutTurning,19.0326224463281,0.470833061561927
A,BCS,WithoutTurning,19.0912296683461,0.469536302723777
A,BCS,WithoutTurning,19.1500173597913,0.468241551965112
A,BCS,WithoutTurning,19.2089860763839,0.466948809776314
A,BCS,WithoutTurning,19.2681363755553,0.46565807664792
A,BCS,WithoutTurning,19.3274688164535,0.46436935307055
A,BCS,WithoutTurning,19.386983959948,0.463082639534835
A,BCS,WithoutTurning,19.4466823686356,0.46179793653134
A,BCS,WithoutTurning,19.5065646068456,0.460515244550489
A,BCS,WithoutTurning,19.5666312406447,0.4592345640825
A,BCS,WithoutTurning,19.6268828378429,0.457955895617298
A,BCS,WithoutTurning,19.6873199679989,0.456679239644457
A,BCS,WithoutTurning,19.7479432024247,0.455404596653115
A,BCS,WithoutTurning,19.808753114192,0.454131967131908
A,BCS,WithoutTurning,19.869750278137,0.452861351568894
A,BCS,WithoutTurning,19.9309352708659,0.451592750451485
A,BCS,WithoutTurning,19.9923086707607,0.450326164266368
A,BCS,WithoutTurning,20.0538710579841,0.44906159349944
A,BCS,WithoutTurning,20.1156230144855,0.447799038635731
A,BCS,WithoutTurning,20.1775651240063,0.446538500159335
A,BCS,WithoutTurning,20.2396979720854,0.44527997855334
A,BCS,WithoutTurning,20.3020221460646,0.444023474299751
A,BCS,WithoutTurning,20.3645382350945,0.442768987879426
A,BCS,WithoutTurning,20.4272468301397,0.441516519772
A,BCS,WithoutTurning,20.4901485239849,0.440266070455817
A,BCS,WithoutTurning,20.5532439112396,0.439017640407859
A,BCS,WithoutTurning,20.6165335883449,0.437771230103674
A,BCS,WithoutTurning,20.680018153578,0.43652684001731
A,BCS,WithoutTurning,20.7436982070588,0.435284470621239
A,BCS,WithoutTurning,20.8075743507548,0.434044122386294
A,BCS,WithoutTurning,20.8716471884874,0.432805795781596
A,BCS,WithoutTurning,20.9359173259372,0.431569491274482
A,BCS,WithoutTurning,21.0003853706499,0.430335209330443
A,BCS,WithoutTurning,21.065051932042,0.429102950413049
A,BCS,WithoutTurning,21.1299176214068,0.427872714983883
A,BCS,WithoutTurning,21.1949830519196,0.426644503502472
A,BCS,WithoutTurning,21.2602488386441,0.425418316426219
A,BCS,WithoutTurning,21.3257155985379,0.424194154210335
A,BCS,WithoutTurning,21.3913839504583,0.42297201730777
A,BCS,WithoutTurning,21.4572545151684,0.421751906169147
A,BCS,WithoutTurning,21.5233279153429,0.420533821242694
A,BCS,WithoutTurning,21.5896047755736,0.419317762974176
A,BCS,WithoutTurning,21.6560857223758,0.418103731806829
A,BCS,WithoutTurning,21.7227713841941,0.416891728181294
A,BCS,WithoutTurning,21.789662391408,0.415681752535549
A,BCS,WithoutTurning,21.8567593763385,0.41447380530484
A,BCS,WithoutTurning,21.9240629732534,0.413267886921623
A,BCS,WithoutTurning,21.9915738183737,0.412063997815489
A,BCS,WithoutTurning,22.0592925498797,0.410862138413103
A,BCS,WithoutTurning,22.1272198079165,0.409662309138141
A,BCS,WithoutTurning,22.1953562346006,0.408464510411217
A,BCS,WithoutTurning,22.2637024740259,0.407268742649825
A,BCS,WithoutTurning,22.3322591722695,0.406075006268273
A,BCS,WithoutTurning,22.4010269773978,0.404883301677613
A,BCS,WithoutTurning,22.4700065394732,0.403693629285585
A,BCS,WithoutTurning,22.5391985105595,0.402505989496547
A,BCS,WithoutTurning,22.6086035447286,0.401320382711413
A,BCS,WithoutTurning,22.6782222980663,0.400136809327588
A,BCS,WithoutTurning,22.7480554286789,0.398955269738908
A,BCS,WithoutTurning,22.818103596699,0.397775764335571
A,BCS,WithoutTurning,22.8883674642922,0.396598293504083
A,BCS,WithoutTurning,22.9588476956628,0.395422857627182
A,BCS,WithoutTurning,23.0295449570607,0.394249457083791
A,BCS,WithoutTurning,23.1004599167871,0.393078092248942
A,BCS,WithoutTurning,23.1715932452014,0.391908763493723
A,BCS,WithoutTurning,23.2429456147269,0.390741471185212
A,BCS,WithoutTurning,23.3145176998578,0.389576215686417
A,BCS,WithoutTurning,23.3863101771651,0.388412997356213
A,BCS,WithoutTurning,23.4583237253032,0.387251816549283
A,BCS,WithoutTurning,23.5305590250163,0.386092673616056
A,BCS,WithoutTurning,23.6030167591448,0.384935568902647
A,BCS,WithoutTurning,23.6756976126318,0.383780502750794
A,BCS,WithoutTurning,23.7486022725296,0.382627475497803
A,BCS,WithoutTurning,23.821731428006,0.381476487476483
A,BCS,WithoutTurning,23.8950857703511,0.38032753901509
A,BCS,WithoutTurning,23.9686659929835,0.379180630437264
A,BCS,WithoutTurning,24.0424727914573,0.378035762061973
A,BCS,WithoutTurning,24.1165068634683,0.376892934203454
A,BCS,WithoutTurning,24.1907689088606,0.375752147171153
A,BCS,WithoutTurning,24.2652596296335,0.374613401269665
A,BCS,WithoutTurning,24.3399797299479,0.37347669679868
A,BCS,WithoutTurning,24.3751314845181,0.372943849492674
A,BCS,WithoutTurning,24.4149299161331,0.372341816169842
A,BCS,WithoutTurning,24.4901108966933,0.371207614385395
A,BCS,WithoutTurning,24.5655233823144,0.37007395574533
A,BCS,WithoutTurning,24.6411680858708,0.368940876071459
A,BCS,WithoutTurning,24.717045722432,0.367808410881517
A,BCS,WithoutTurning,24.7931570092695,0.366676595389188
A,BCS,WithoutTurning,24.8695026658633,0.365545464504145
A,BCS,WithoutTurning,24.9460834139091,0.364415052832132
A,BCS,WithoutTurning,25.0228999773248,0.363285394675067
A,BCS,WithoutTurning,25.0999530822576,0.362156524031184
A,BCS,WithoutTurning,25.1772434570906,0.361028474595197
A,BCS,WithoutTurning,25.2547718324498,0.359901279758494
A,BCS,WithoutTurning,25.3325389412111,0.35877497260936
A,BCS,WithoutTurning,25.4105455185071,0.357649585933234
A,BCS,WithoutTurning,25.4887923017341,0.35652515221298
A,BCS,WithoutTurning,25.5672800305591,0.355401703629201
A,BCS,WithoutTurning,25.6460094469267,0.354279272060573
A,BCS,WithoutTurning,25.7249812950663,0.3531578890842
A,BCS,WithoutTurning,25.8041963214989,0.352037585976008
A,BCS,WithoutTurning,25.8836552750442,0.350918393711154
A,BCS,WithoutTurning,25.9633589068278,0.349800342964469
A,BCS,WithoutTurning,26.0433079702884,0.348683464110921
A,BCS,WithoutTurning,26.1235032211846,0.347567787226104
A,BCS,WithoutTurning,26.2039454176022,0.346453342086755
A,BCS,WithoutTurning,26.2846353199615,0.345340158171291
A,BCS,WithoutTurning,26.3655736910242,0.344228264660373
A,BCS,WithoutTurning,26.4467612959009,0.343117690437497
A,BCS,WithoutTurning,26.5281989020581,0.342008464089596
A,BCS,WithoutTurning,26.6098872793257,0.340900613907679
A,BCS,WithoutTurning,26.6918271999041,0.339794167887488
A,BCS,WithoutTurning,26.7740194383715,0.338689153730174
A,BCS,WithoutTurning,26.8564647716913,0.337585598843
A,BCS,WithoutTurning,26.9391639792193,0.336483530340061
A,BCS,WithoutTurning,27.0221178427113,0.335382975043029
A,BCS,WithoutTurning,27.1053271463302,0.334283959481918
A,BCS,WithoutTurning,27.1887926766539,0.33318650989587
A,BCS,WithoutTurning,27.2725152226821,0.332090652233961
A,BCS,WithoutTurning,27.3564955758441,0.330996412156028
A,BCS,WithoutTurning,27.4407345300065,0.329903815033512
A,BCS,WithoutTurning,27.5252328814801,0.328812885950328
A,BCS,WithoutTurning,27.6099914290281,0.327723649703743
A,BCS,WithoutTurning,27.6950109738731,0.326636130805288
A,BCS,WithoutTurning,27.780292319705,0.325550353481671
A,BCS,WithoutTurning,27.8658362726887,0.324466341675723
A,BCS,WithoutTurning,27.9516436414711,0.323384119047354
A,BCS,WithoutTurning,28.0377152371895,0.322303708974527
A,BCS,WithoutTurning,28.1240518734788,0.321225134554251
A,BCS,WithoutTurning,28.2106543664794,0.320148418603591
A,BCS,WithoutTurning,28.2975235348449,0.319073583660694
A,BCS,WithoutTurning,28.3846601997497,0.318000651985829
A,BCS,WithoutTurning,28.4720651848967,0.316929645562451
A,BCS,WithoutTurning,28.5597393165254,0.315860586098264
A,BCS,WithoutTurning,28.6476834234196,0.314793495026321
A,BCS,WithoutTurning,28.7358983369151,0.313728393506122
A,BCS,WithoutTurning,28.8243848909076,0.312665302424734
A,BCS,WithoutTurning,28.9131439218607,0.311604242397923
A,BCS,WithoutTurning,29.0021762688135,0.310545233771305
A,BCS,WithoutTurning,29.0914827733892,0.309488296621503
A,BCS,WithoutTurning,29.1810642798021,0.308433450757322
A,BCS,WithoutTurning,29.2709216348664,0.30738071572094
A,BCS,WithoutTurning,29.3610556880039,0.306330110789105
A,BCS,WithoutTurning,29.451467291252,0.305281654974352
A,BCS,WithoutTurning,29.5421572992716,0.304235367026223
A,BCS,WithoutTurning,29.6331265693555,0.303191265432511
A,BCS,WithoutTurning,29.7243759614366,0.302149368420506
A,BCS,WithoutTurning,29.8159063380953,0.301109693958257
A,BCS,WithoutTurning,29.9077185645685,0.300072259755844
A,BCS,WithoutTurning,29.9998135087575,0.299037083266661
A,BCS,WithoutTurning,30.0921920412357,0.298004181688709
A,BCS,WithoutTurning,30.1848550352576,0.296973571965904
A,BCS,WithoutTurning,30.2778033667668,0.295945270789383
A,BCS,WithoutTurning,30.3710379144039,0.294919294598839
A,BCS,WithoutTurning,30.4645595595152,0.293895659583845
A,BCS,WithoutTurning,30.5583691861611,0.292874381685204
A,BCS,WithoutTurning,30.6524676811241,0.291855476596294
A,BCS,WithoutTurning,30.7468559339175,0.290838959764437
A,BCS,WithoutTurning,30.8415348367935,0.28982484639226
A,BCS,WithoutTurning,30.936505284752,0.288813151439078
A,BCS,WithoutTurning,31.0317681755489,0.287803889622278
A,BCS,WithoutTurning,31.1273244097043,0.286797075418711
A,BCS,WithoutTurning,31.2231748905115,0.285792723066095
A,BCS,WithoutTurning,31.3193205240453,0.284790846564419
A,BCS,WithoutTurning,31.4157622191706,0.283791459677362
A,BCS,WithoutTurning,31.5125008875508,0.282794575933714
A,BCS,WithoutTurning,31.6095374436567,0.281800208628802
A,BCS,WithoutTurning,31.7068728047751,0.280808370825924
A,BCS,WithoutTurning,31.8045078910174,0.279819075357794
A,BCS,WithoutTurning,31.9024436253281,0.278832334827984
A,BCS,WithoutTurning,32.0006809334939,0.277848161612375
A,BCS,WithoutTurning,32.0992207441523,0.27686656786062
A,BCS,WithoutTurning,32.1980639888002,0.2758875654976
A,BCS,WithoutTurning,32.2972116018031,0.274911166224891
A,BCS,WithoutTurning,32.3966645204035,0.273937381522242
A,BCS,WithoutTurning,32.49642368473,0.272966222649046
A,BCS,WithoutTurning,32.5964900378061,0.27199770064582
A,BCS,WithoutTurning,32.6968645255593,0.271031826335691
A,BCS,WithoutTurning,32.7975480968298,0.270068610325884
A,BCS,WithoutTurning,32.8985417033795,0.269108063009215
A,BCS,WithoutTurning,32.9998462999012,0.268150194565581
A,BCS,WithoutTurning,33.1014628440275,0.267195014963465
A,BCS,WithoutTurning,33.2033922963396,0.26624253396143
A,BCS,WithoutTurning,33.3056356203769,0.265292761109629
A,BCS,WithoutTurning,33.4081937826457,0.264345705751307
A,BCS,WithoutTurning,33.5110677526284,0.263401377024311
A,BCS,WithoutTurning,33.614258502793,0.262459783862602
A,BCS,WithoutTurning,33.7177670086017,0.261520934997766
A,BCS,WithoutTurning,33.8215942485207,0.260584838960529
A,BCS,WithoutTurning,33.9257412040289,0.259651504082271
A,BCS,WithoutTurning,34.0302088596278,0.25872093849655
A,BCS,WithoutTurning,34.1349982028503,0.257793150140613
A,BCS,WithoutTurning,34.2401102242702,0.256868146756918
A,BCS,WithoutTurning,34.3455459175116,0.255945935894657
A,BCS,WithoutTurning,34.4513062792585,0.255026524911273
A,BCS,WithoutTurning,34.5573923092635,0.254109920973985
A,BCS,WithoutTurning,34.6638050103582,0.253196131061308
A,BCS,WithoutTurning,34.770545388462,0.252285161964576
A,BCS,WithoutTurning,34.8776144525918,0.251377020289462
A,BCS,WithoutTurning,34.9850132148718,0.250471712457502
A,BCS,WithoutTurning,35.0927426905427,0.249569244707615
A,BCS,WithoutTurning,35.2008038979712,0.248669623097625
A,BCS,WithoutTurning,35.3091978586603,0.24777285350578
A,BCS,WithoutTurning,35.4179255972582,0.246878941632271
A,BCS,WithoutTurning,35.5269881415684,0.245987893000753
A,BCS,WithoutTurning,35.6363865225594,0.245099712959858
A,BCS,WithoutTurning,35.7461217743742,0.244214406684715
A,BCS,WithoutTurning,35.8561949343403,0.243331979178462
A,BCS,WithoutTurning,35.9666070429796,0.242452435273758
A,BCS,WithoutTurning,36.0773591440179,0.241575779634298
A,BCS,WithoutTurning,36.1884522843949,0.240702016756319
A,BCS,WithoutTurning,36.2998875142744,0.239831150970106
A,BCS,WithoutTurning,36.4116658870538,0.238963186441502
A,BCS,WithoutTurning,36.5237884593742,0.238098127173407
A,BCS,WithoutTurning,36.6362562911304,0.237235977007278
A,BCS,WithoutTurning,36.7490704454811,0.236376739624629
A,BCS,WithoutTurning,36.8622319888588,0.235520418548526
A,BCS,WithoutTurning,36.9757419909795,0.234667017145078
A,BCS,WithoutTurning,37.0896015248537,0.233816538624926
A,BCS,WithoutTurning,37.2038116667957,0.232968986044732
A,BCS,WithoutTurning,37.3183734964341,0.232124362308662
A,BCS,WithoutTurning,37.4332880967222,0.23128267016986
A,BCS,WithoutTurning,37.5485565539477,0.230443912231934
A,BCS,WithoutTurning,37.6641799577438,0.229608090950422
A,BCS,WithoutTurning,37.7801594010985,0.228775208634265
A,BCS,WithoutTurning,37.8964959803658,0.22794526744727
A,BCS,WithoutTurning,38.0131907952756,0.227118269409574
A,BCS,WithoutTurning,38.1302449489442,0.226294216399103
A,BCS,WithoutTurning,38.2476595478846,0.22547311015302
A,BCS,WithoutTurning,38.3654357020173,0.224654952269184
A,BCS,WithoutTurning,38.4835745246805,0.223839744207586
A,BCS,WithoutTurning,38.6020771326407,0.223027487291799
A,BCS,WithoutTurning,38.7209446461032,0.222218182710406
A,BCS,WithoutTurning,38.8401781887228,0.22141183151844
A,BCS,WithoutTurning,38.9597788876144,0.220608434638807
A,BCS,WithoutTurning,39.0797478733637,0.219807992863711
A,BCS,WithoutTurning,39.2000862800377,0.219010506856069
A,BCS,WithoutTurning,39.3207952451955,0.218215977150929
A,BCS,WithoutTurning,39.4418759098992,0.217424404156875
A,BCS,WithoutTurning,39.5633294187245,0.216635788157432
A,BCS,WithoutTurning,39.6851569197717,0.215850129312461
A,BCS,WithoutTurning,39.8073595646764,0.215067427659556
A,BCS,WithoutTurning,39.9299385086203,0.21428768311543
A,BCS,WithoutTurning,40.0528949103424,0.213510895477296
A,BCS,WithoutTurning,40.1762299321498,0.212737064424245
A,BCS,WithoutTurning,40.2999447399288,0.211966189518619
A,BCS,WithoutTurning,40.4240405031554,0.211198270207373
A,BCS,WithoutTurning,40.5485183949074,0.21043330582344
A,BCS,WithoutTurning,40.6733795918743,0.209671295587081
A,BCS,WithoutTurning,40.7986252743693,0.208912238607237
A,BCS,WithoutTurning,40.92425662634,0.208156133882869
A,BCS,WithoutTurning,41.0502748353798,0.2074029803043
A,BCS,WithoutTurning,41.1766810927392,0.20665277665454
A,BCS,WithoutTurning,41.3034765933366,0.205905521610615
A,BCS,WithoutTurning,41.43066253577,0.205161213744887
A,BCS,WithoutTurning,41.5582401223286,0.204419851526364
A,BCS,WithoutTurning,41.6862105590034,0.203681433322006
A,BCS,WithoutTurning,41.8145750554992,0.202945957398032
A,BCS,WithoutTurning,41.9433348252457,0.202213421921208
A,BCS,WithoutTurning,42.0724910854094,0.201483824960137
A,BCS,WithoutTurning,42.2020450569045,0.200757164486541
A,BCS,WithoutTurning,42.3319979644051,0.20003343837654
A,BCS,WithoutTurning,42.462351036356,0.199312644411912
A,BCS,WithoutTurning,42.5931055049852,0.198594780281366
A,BCS,WithoutTurning,42.7242626063149,0.19787984358179
A,BCS,WithoutTurning,42.8558235801734,0.197167831819504
A,BCS,WithoutTurning,42.9877896702068,0.196458742411504
A,BCS,WithoutTurning,43.1201621238908,0.195752572686695
A,BCS,WithoutTurning,43.2529421925424,0.195049319887122
A,BCS,WithoutTurning,43.3861311313318,0.194348981169193
A,BCS,WithoutTurning,43.5197301992943,0.193651553604897
A,BCS,WithoutTurning,43.6537406593422,0.19295703418301
A,BCS,WithoutTurning,43.7881637782765,0.1922654198103
A,BCS,WithoutTurning,43.9230008267992,0.191576707312722
A,BCS,WithoutTurning,44.0582530795253,0.190890893436608
A,BCS,WithoutTurning,44.1939218149943,0.190207974849848
A,BCS,WithoutTurning,44.3300083156832,0.189527948143065
A,BCS,WithoutTurning,44.4665138680179,0.188850809830786
A,BCS,WithoutTurning,44.6034397623855,0.188176556352601
A,BCS,WithoutTurning,44.7407872931469,0.187505184074319
A,BCS,WithoutTurning,44.8785577586484,0.186836689289114
A,BCS,WithoutTurning,45.0167524612346,0.186171068218667
A,BCS,WithoutTurning,45.1553727072601,0.185508317014301
A,BCS,WithoutTurning,45.2944198071024,0.184848431758105
A,BCS,WithoutTurning,45.433895075174,0.184191408464054
A,BCS,WithoutTurning,45.5737998299349,0.183537243079124
A,BCS,WithoutTurning,45.7141353939048,0.182885931484396
A,BCS,WithoutTurning,45.8549030936763,0.182237469496155
A,BCS,WithoutTurning,45.9961042599264,0.181591852866981
A,BCS,WithoutTurning,46.1377402274303,0.180949077286833
A,BCS,WithoutTurning,46.2798123350728,0.18030913838413
A,BCS,WithoutTurning,46.4223219258619,0.179672031726816
A,BCS,WithoutTurning,46.4986551554414,0.179332738104058
A,BCS,WithoutTurning,46.5652703469409,0.179037680125662
A,BCS,WithoutTurning,46.7086589496015,0.178405575996192
A,BCS,WithoutTurning,46.8524890892966,0.177775616728083
A,BCS,WithoutTurning,46.9967621256525,0.177147795365605
A,BCS,WithoutTurning,47.1414794224827,0.176522104974423
A,BCS,WithoutTurning,47.2866423477998,0.17589853864154
A,BCS,WithoutTurning,47.4322522738295,0.175277089475233
A,BCS,WithoutTurning,47.5783105770223,0.17465775060499
A,BCS,WithoutTurning,47.724818638068,0.174040515181451
A,BCS,WithoutTurning,47.8717778419073,0.173425376376345
A,BCS,WithoutTurning,48.0191895777458,0.172812327382432
A,BCS,WithoutTurning,48.167055239067,0.172201361413438
A,BCS,WithoutTurning,48.3153762236452,0.171592471703999
A,BCS,WithoutTurning,48.464153933559,0.170985651509595
A,BCS,WithoutTurning,48.6133897752043,0.170380894106497
A,BCS,WithoutTurning,48.7630851593077,0.169778192791698
A,BCS,WithoutTurning,48.91324150094,0.169177540882862
A,BCS,WithoutTurning,49.0638602195294,0.168578931718258
A,BCS,WithoutTurning,49.2149427388748,0.1679823586567
A,BCS,WithoutTurning,49.3664904871597,0.167387815077494
A,BCS,WithoutTurning,49.518504896965,0.166795294380372
A,BCS,WithoutTurning,49.6709874052833,0.166204789985434
A,BCS,WithoutTurning,49.823939453532,0.165616295333092
A,BCS,WithoutTurning,49.9773624875671,0.16502980388401
A,BCS,WithoutTurning,50.1312579576968,0.164445309119042
A,BCS,WithoutTurning,50.2856273186952,0.163862804539177
A,BCS,WithoutTurning,50.4404720298162,0.16328228366548
A,BCS,WithoutTurning,50.5957935548071,0.162703740039034
A,BCS,WithoutTurning,50.7515933619226,0.162127167220879
A,BCS,WithoutTurning,50.9078729239384,0.161552558791959
A,BCS,WithoutTurning,51.0646337181656,0.160979908353058
A,BCS,WithoutTurning,51.2218772264642,0.160409209524751
A,BCS,WithoutTurning,51.3796049352575,0.159840455947336
A,BCS,WithoutTurning,51.5378183355456,0.159273641280785
A,BCS,WithoutTurning,51.6965189229201,0.158708759204684
A,BCS,WithoutTurning,51.855708197578,0.158145803418176
A,BCS,WithoutTurning,52.0153876643358,0.157584767639902
A,BCS,WithoutTurning,52.1755588326437,0.15702564560795
A,BCS,WithoutTurning,52.3362232166001,0.156468431079791
A,BCS,WithoutTurning,52.4973823349656,0.155913117832229
A,BCS,WithoutTurning,52.6590377111777,0.155359699661341
A,BCS,WithoutTurning,52.821190873365,0.154808170382423
A,BCS,WithoutTurning,52.9838433543615,0.154258523829933
A,BCS,WithoutTurning,53.1469966917216,0.153710753857435
A,BCS,WithoutTurning,53.3106524277338,0.153164854337544
A,BCS,WithoutTurning,53.4748121094362,0.152620819161869
A,BCS,WithoutTurning,53.6394772886306,0.152078642240962
A,BCS,WithoutTurning,53.8046495218972,0.151538317504256
A,BCS,WithoutTurning,53.9703303706094,0.150999838900016
A,BCS,WithoutTurning,54.1365214009485,0.150463200395282
A,BCS,WithoutTurning,54.3032241839186,0.149928395975812
A,BCS,WithoutTurning,54.4704402953615,0.149395419646032
A,BCS,WithoutTurning,54.6381713159713,0.148864265428977
A,BCS,WithoutTurning,54.8064188313096,0.14833492736624
A,BCS,WithoutTurning,54.9751844318206,0.147807399517915
A,BCS,WithoutTurning,55.1444697128457,0.147281675962546
A,BCS,WithoutTurning,55.314276274639,0.146757750797072
A,BCS,WithoutTurning,55.4846057223823,0.14623561813677
A,BCS,WithoutTurning,55.6554596661999,0.145715272115208
A,BCS,WithoutTurning,55.8268397211747,0.145196706884186
A,BCS,WithoutTurning,55.9987475073625,0.144679916613685
A,BCS,WithoutTurning,56.171184649808,0.144164895491813
A,BCS,WithoutTurning,56.3441527785598,0.143651637724754
A,BCS,WithoutTurning,56.5176535286859,0.143140137536712
A,BCS,WithoutTurning,56.6916885402891,0.142630389169861
A,BCS,WithoutTurning,56.8662594585228,0.142122386884291
A,BCS,WithoutTurning,57.0413679336062,0.141616124957956
A,BCS,WithoutTurning,57.21701562084,0.141111597686621
A,BCS,WithoutTurning,57.393204180622,0.140608799383812
A,BCS,WithoutTurning,57.5699352784629,0.140107724380762
A,BCS,WithoutTurning,57.7472105850024,0.139608367026359
A,BCS,WithoutTurning,57.9250317760239,0.139110721687095
A,BCS,WithoutTurning,58.1034005324718,0.138614782747015
A,BCS,WithoutTurning,58.282318540466,0.138120544607665
A,BCS,WithoutTurning,58.4617874913187,0.137628001688041
A,BCS,WithoutTurning,58.6418090815504,0.137137148424536
A,BCS,WithoutTurning,58.8223850129054,0.136647979270891
A,BCS,WithoutTurning,59.0035169923684,0.136160488698145
A,BCS,WithoutTurning,59.1852067321802,0.135674671194581
A,BCS,WithoutTurning,59.3674559498543,0.135190521265678
A,BCS,WithoutTurning,59.5502663681928,0.134708033434061
A,BCS,WithoutTurning,59.7336397153029,0.134227202239448
A,BCS,WithoutTurning,59.9175777246132,0.1337480222386
A,BCS,WithoutTurning,60.1020821348901,0.133270488005276
A,BCS,WithoutTurning,60.287154690254,0.132794594130176
A,BCS,WithoutTurning,60.4727971401961,0.132320335220895
A,BCS,WithoutTurning,60.6590112395949,0.131847705901874
A,BCS,WithoutTurning,60.8457987487325,0.131376700814349
A,BCS,WithoutTurning,61.0331614333116,0.130907314616302
A,BCS,WithoutTurning,61.2211010644719,0.130439541982411
A,BCS,WithoutTurning,61.4096194188072,0.129973377604001
A,BCS,WithoutTurning,61.5987182783818,0.129508816188999
A,BCS,WithoutTurning,61.7883994307474,0.129045852461878
A,BCS,WithoutTurning,61.9786646689604,0.128584481163614
A,BCS,WithoutTurning,62.1695157915985,0.128124697051635
A,BCS,WithoutTurning,62.3609546027775,0.127666494899773
A,BCS,WithoutTurning,62.5529829121689,0.127209869498217
A,BCS,WithoutTurning,62.7456025350168,0.126754815653462
A,BCS,WithoutTurning,62.9388152921545,0.126301328188263
A,BCS,WithoutTurning,63.1326230100228,0.125849401941587
A,BCS,WithoutTurning,63.3270275206863,0.125399031768564
A,BCS,WithoutTurning,63.5220306618512,0.124950212540441
A,BCS,WithoutTurning,63.7176342768825,0.124502939144534
A,BCS,WithoutTurning,63.9138402148215,0.124057206484179
A,BCS,WithoutTurning,64.1106503304034,0.123613009478688
A,BCS,WithoutTurning,64.3080664840744,0.123170343063297
A,BCS,WithoutTurning,64.5060905420098,0.122729202189124
A,BCS,WithoutTurning,64.7047243761315,0.12228958182312
A,BCS,WithoutTurning,64.9039698641252,0.121851476948022
A,BCS,WithoutTurning,65.1038288894591,0.121414882562306
A,BCS,WithoutTurning,65.3043033414008,0.12097979368014
A,BCS,WithoutTurning,65.5053951150356,0.120546205331343
A,BCS,WithoutTurning,65.7071061112845,0.12011411256133
A,BCS,WithoutTurning,65.9094382369218,0.119683510431072
A,BCS,WithoutTurning,66.1123934045936,0.11925439401705
A,BCS,WithoutTurning,66.3159735328353,0.118826758411206
A,BCS,WithoutTurning,66.5201805460902,0.118400598720898
A,BCS,WithoutTurning,66.7250163747275,0.117975910068858
A,BCS,WithoutTurning,66.9304829550608,0.117552687593141
A,BCS,WithoutTurning,67.1365822293661,0.117130926447084
A,BCS,WithoutTurning,67.3433161459,0.116710621799259
A,BCS,WithoutTurning,67.5506866589187,0.116291768833427
A,BCS,WithoutTurning,67.7586957286958,0.115874362748496
A,BCS,WithoutTurning,67.9673453215418,0.115458398758472
A,BCS,WithoutTurning,68.1766374098212,0.115043872092419
A,BCS,WithoutTurning,68.3865739719729,0.114630777994409
A,BCS,WithoutTurning,68.5971569925273,0.114219111723483
A,BCS,WithoutTurning,68.8083884621262,0.113808868553602
A,BCS,WithoutTurning,69.020270377541,0.113400043773607
A,BCS,WithoutTurning,69.2328047416918,0.112992632687171
A,BCS,WithoutTurning,69.4459935636664,0.112586630612756
A,BCS,WithoutTurning,69.659838858739,0.112182032883572
A,BCS,WithoutTurning,69.8743426483895,0.111778834847529
A,BCS,WithoutTurning,70.0895069603228,0.111377031867197
A,BCS,WithoutTurning,70.3053338284874,0.110976619319759
A,BCS,WithoutTurning,70.521825293095,0.110577592596972
A,BCS,WithoutTurning,70.7389834006399,0.110179947105119
A,BCS,WithoutTurning,70.956810203918,0.109783678264968
A,BCS,WithoutTurning,71.1753077620465,0.109388781511731
A,BCS,WithoutTurning,71.3944781404831,0.108995252295016
A,BCS,WithoutTurning,71.6143234110459,0.108603086078791
A,BCS,WithoutTurning,71.8348456519326,0.108212278341335
A,BCS,WithoutTurning,72.0560469477401,0.107822824575198
A,BCS,WithoutTurning,72.277929389485,0.107434720287159
A,BCS,WithoutTurning,72.5004950746223,0.107047960998184
A,BCS,WithoutTurning,72.7237461070656,0.106662542243383
A,BCS,WithoutTurning,72.9476845972075,0.106278459571966
A,BCS,WithoutTurning,73.1723126619388,0.105895708547205
A,BCS,WithoutTurning,73.3976324246691,0.105514284746388
A,BCS,WithoutTurning,73.6236460153465,0.105134183760783
A,BCS,WithoutTurning,73.8503555704779,0.104755401195589
A,BCS,WithoutTurning,74.0777632331489,0.104377932669899
A,BCS,WithoutTurning,74.3058711530448,0.104001773816658
A,BCS,WithoutTurning,74.53468148647,0.103626920282623
A,BCS,WithoutTurning,74.7641963963691,0.103253367728319
A,BCS,WithoutTurning,74.9944180523469,0.102881111827998
A,BCS,WithoutTurning,75.225348630689,0.102510148269601
A,BCS,WithoutTurning,75.4569903143827,0.102140472754715
A,BCS,WithoutTurning,75.6893452931372,0.101772080998533
A,BCS,WithoutTurning,75.9224157634044,0.101404968729813
A,BCS,WithoutTurning,76.1562039284001,0.101039131690836
A,BCS,WithoutTurning,76.390711998124,0.100674565637371
A,BCS,WithoutTurning,76.6259421893815,0.100311266338627
A,BCS,WithoutTurning,76.8618967258038,0.09994922957722
A,BCS,WithoutTurning,77.0985778378697,0.0995884511491274
A,BCS,WithoutTurning,77.3359877629261,0.0992289268636515
A,BCS,WithoutTurning,77.5741287452094,0.0988706525433786
A,BCS,WithoutTurning,77.8130030358668,0.0985136240241394
A,BCS,WithoutTurning,78.0526128929774,0.0981578371549691
A,BCS,WithoutTurning,78.2929605815735,0.0978032877980681
A,BCS,WithoutTurning,78.5340483736622,0.0974499718287632
A,BCS,WithoutTurning,78.7758785482469,0.0970978851354668
A,BCS,WithoutTurning,79.0184533913487,0.0967470236196394
A,BCS,WithoutTurning,79.2617751960279,0.0963973831957496
A,BCS,WithoutTurning,79.5058462624061,0.0960489597912356
A,BCS,WithoutTurning,79.7506688976873,0.0957017493464662
A,BCS,WithoutTurning,79.9962454161804,0.0953557478147015
A,BCS,WithoutTurning,80.2425781393207,0.0950109511620557
A,BCS,WithoutTurning,80.4896693956919,0.0946673553674567
A,BCS,WithoutTurning,80.737521521048,0.0943249564226096
A,BCS,WithoutTurning,80.9861368583354,0.093983750331957
A,BCS,WithoutTurning,81.2355177577157,0.0936437331126416
A,BCS,WithoutTurning,81.4856665765866,0.0933049007944675
A,BCS,WithoutTurning,81.7365856796056,0.0929672494198628
A,BCS,WithoutTurning,81.9882774387114,0.0926307750438414
A,BCS,WithoutTurning,82.2407442331464,0.0922954737339654
A,BCS,WithoutTurning,82.4939884494798,0.0919613415703071
A,BCS,WithoutTurning,82.7480124816297,0.091628374645412
A,BCS,WithoutTurning,83.0028187308855,0.0912965690642611
A,BCS,WithoutTurning,83.2584096059313,0.090965920944233
A,BCS,WithoutTurning,83.514787522868,0.0906364264150677
A,BCS,WithoutTurning,83.7719549052366,0.0903080816188286
A,BCS,WithoutTurning,84.0299141840408,0.0899808827098657
A,BCS,WithoutTurning,84.2886677977699,0.0896548258547794
A,BCS,WithoutTurning,84.5482181924225,0.0893299072323822
A,BCS,WithoutTurning,84.8085678215288,0.0890061230336633
A,BCS,WithoutTurning,85.0697191461744,0.0886834694617513
A,BCS,WithoutTurning,85.3316746350231,0.0883619427318779
A,BCS,WithoutTurning,85.5944367643408,0.0880415390713418
A,BCS,WithoutTurning,85.858008018018,0.0877222547194714
A,BCS,WithoutTurning,86.1223908875946,0.0874040859275896
A,BCS,WithoutTurning,86.3875878722821,0.0870870289589774
A,BCS,WithoutTurning,86.6536014789883,0.0867710800888376
A,BCS,WithoutTurning,86.92043422234,0.0864562356042591
A,BCS,WithoutTurning,87.1880886247076,0.0861424918041814
A,BCS,WithoutTurning,87.4565672162289,0.0858298449993582
A,BCS,WithoutTurning,87.7258725348322,0.0855182915123224
A,BCS,WithoutTurning,87.9960071262614,0.0852078276773502
A,BCS,WithoutTurning,88.2669735440991,0.0848984498404262
A,BCS,WithoutTurning,88.5387743497913,0.0845901543592074
A,BCS,WithoutTurning,88.8114121126716,0.0842829376029886
A,BCS,WithoutTurning,89.0848894099852,0.0839767959526668
A,BCS,WithoutTurning,89.3592088269134,0.0836717258007068
A,BCS,WithoutTurning,89.6343729565983,0.0833677235511055
A,BCS,WithoutTurning,89.9103844001666,0.083064785619358
A,BCS,WithoutTurning,90.1872457667554,0.0827629084324217
A,BCS,WithoutTurning,90.4649596735353,0.0824620884286831
A,BCS,WithoutTurning,90.7435287457364,0.0821623220579222
A,BCS,WithoutTurning,90.7435287457364,0.0821623220579222
A,PCZ,WithTurning,2.34740616343813,2.48036518507442
A,PCZ,WithTurning,2.35482213067885,2.43535566712809
A,PCZ,WithTurning,2.36226152657499,2.39125995184961
A,PCZ,WithTurning,2.36972442514276,2.34805134849169
A,PCZ,WithTurning,2.37635400393627,2.31050158172472
A,PCZ,WithTurning,2.37721090063222,2.30570355850249
A,PCZ,WithTurning,2.38472102752801,2.26416892373085
A,PCZ,WithTurning,2.39225488055007,2.22350523031301
A,PCZ,WithTurning,2.39729947252542,2.19688415387886
A,PCZ,WithTurning,2.39981253465439,2.18375974236215
A,PCZ,WithTurning,2.40739406503378,2.14450615571087
A,PCZ,WithTurning,2.41499954711859,2.10616883086626
A,PCZ,WithTurning,2.42262905657747,2.06938830118384
A,PCZ,WithTurning,2.42607614644427,2.05347810249333
A,PCZ,WithTurning,2.43028266931814,2.03436968548659
A,PCZ,WithTurning,2.4379604614881,1.99962079477702
A,PCZ,WithTurning,2.44566250947544,1.96513568740788
A,PCZ,WithTurning,2.45338888990956,1.93114521168834
A,PCZ,WithTurning,2.46113967966197,1.89786437151209
A,PCZ,WithTurning,2.46891495584702,1.86549301806489
A,PCZ,WithTurning,2.47671479582268,1.83421676344092
A,PCZ,WithTurning,2.48453927719131,1.80420808775484
A,PCZ,WithTurning,2.49238847780045,1.77562761449139
A,PCZ,WithTurning,2.50026247574354,1.7486255324727
A,PCZ,WithTurning,2.50816134936078,1.7233431468492
A,PCZ,WithTurning,2.51608517723983,1.69991454586208
A,PCZ,WithTurning,2.52403403821664,1.67846837473404
A,PCZ,WithTurning,2.5316043330107,1.66005475769915
A,PCZ,WithTurning,2.53200801137622,1.65912760498238
A,PCZ,WithTurning,2.54000717605342,1.64108651024256
A,PCZ,WithTurning,2.54803161183373,1.62360912575241
A,PCZ,WithTurning,2.55608139855407,1.60668313331974
A,PCZ,WithTurning,2.56415661630358,1.59029666894664
A,PCZ,WithTurning,2.57225734542441,1.57443831049339
A,PCZ,WithTurning,2.58038366651255,1.55909706585926
A,PCZ,WithTurning,2.58853566041859,1.54426236166498
A,PCZ,WithTurning,2.59671340824856,1.52992403242261
A,PCZ,WithTurning,2.60491699136471,1.51607231017904
A,PCZ,WithTurning,2.61314649138633,1.50269781462009
A,PCZ,WithTurning,2.62140199019057,1.48979154362294
A,PCZ,WithTurning,2.62968356991325,1.47734486424516
A,PCZ,WithTurning,2.63799131294966,1.46534950413917
A,PCZ,WithTurning,2.64632530195542,1.45379754338189
A,PCZ,WithTurning,2.65468561984726,1.44268140670946
A,PCZ,WithTurning,2.66307234980386,1.43199385614802
A,PCZ,WithTurning,2.67148557526668,1.42172798403162
A,PCZ,WithTurning,2.6799253799408,1.41187720639936
A,PCZ,WithTurning,2.68839184779573,1.40243525676408
A,PCZ,WithTurning,2.69688506306627,1.39339618024552
A,PCZ,WithTurning,2.70540511025334,1.3847543280617
A,PCZ,WithTurning,2.71395207412479,1.37650435237236
A,PCZ,WithTurning,2.72252603971629,1.36864120146915
A,PCZ,WithTurning,2.73112709233216,1.36116011530771
A,PCZ,WithTurning,2.73975531754621,1.35405662137729
A,PCZ,WithTurning,2.74239005769436,1.35196635367077
A,PCZ,WithTurning,2.74841080120259,1.34730863928981
A,PCZ,WithTurning,2.75709362941665,1.34085328836144
A,PCZ,WithTurning,2.76580388857581,1.33467069264561
A,PCZ,WithTurning,2.7745416653404,1.32874461693443
A,PCZ,WithTurning,2.78330704664453,1.32305920522065
A,PCZ,WithTurning,2.79210011969694,1.3175989541768
A,PCZ,WithTurning,2.80092097198189,1.31234868853613
A,PCZ,WithTurning,2.80976969126005,1.30729353829532
A,PCZ,WithTurning,2.8186463655693,1.30241891766552
A,PCZ,WithTurning,2.82755108322567,1.29771050570519
A,PCZ,WithTurning,2.83648393282421,1.29315422857374
A,PCZ,WithTurning,2.84544500323984,1.28873624335055
A,PCZ,WithTurning,2.85443438362828,1.28444292336867
A,PCZ,WithTurning,2.86345216342689,1.28026084501712
A,PCZ,WithTurning,2.87249843235559,1.27617677596926
A,PCZ,WithTurning,2.88157328041775,1.27217766479865
A,PCZ,WithTurning,2.89067679790107,1.26825063194654
A,PCZ,WithTurning,2.8998090753785,1.26438296200809
A,PCZ,WithTurning,2.90722542214849,1.26128584482017
A,PCZ,WithTurning,2.90897020370913,1.26056075309438
A,PCZ,WithTurning,2.91816027403907,1.25672772951809
A,PCZ,WithTurning,2.92737937780242,1.25286501389126
A,PCZ,WithTurning,2.9366276067221,1.24898020591782
A,PCZ,WithTurning,2.94590505281084,1.24508081629373
A,PCZ,WithTurning,2.95521180837202,1.24117426561557
A,PCZ,WithTurning,2.96454796600065,1.23726788373504
A,PCZ,WithTurning,2.97391361858427,1.23336890955016
A,PCZ,WithTurning,2.98330885930387,1.22948449122399
A,PCZ,WithTurning,2.9927337816348,1.22562168682154
A,PCZ,WithTurning,3.00218847934774,1.22178746535581
A,PCZ,WithTurning,3.01167304650961,1.21798870823383
A,PCZ,WithTurning,3.0211875774845,1.21423221109384
A,PCZ,WithTurning,3.03073216693463,1.21052468602514
A,PCZ,WithTurning,3.04030690982125,1.20687276416227
A,PCZ,WithTurning,3.04991190140564,1.20328299864565
A,PCZ,WithTurning,3.05954723725003,1.19976186794134
A,PCZ,WithTurning,3.06921301321854,1.19631577951289
A,PCZ,WithTurning,3.07890932547815,1.19295107383902
A,PCZ,WithTurning,3.08863627049966,1.18967402877116
A,PCZ,WithTurning,3.09839394505862,1.18649086422601
A,PCZ,WithTurning,3.10818244623634,1.18340774720843
A,PCZ,WithTurning,3.11800187142083,1.1804307971612
A,PCZ,WithTurning,3.12785231830775,1.17756609163872
A,PCZ,WithTurning,3.13773388490141,1.17481967230261
A,PCZ,WithTurning,3.14764666951575,1.17219755123824
A,PCZ,WithTurning,3.15759077077529,1.1697057175919
A,PCZ,WithTurning,3.16756628761614,1.1673501445296
A,PCZ,WithTurning,3.17757331928695,1.16513679651931
A,PCZ,WithTurning,3.18761196534993,1.16307163693974
A,PCZ,WithTurning,3.19768232568184,1.16116063601976
A,PCZ,WithTurning,3.20778450047496,1.15940977911389
A,PCZ,WithTurning,3.2179185902381,1.15782507532052
A,PCZ,WithTurning,3.22808469579759,1.15641256645084
A,PCZ,WithTurning,3.23828291829832,1.15517833635777
A,PCZ,WithTurning,3.24851335920468,1.15412852063594
A,PCZ,WithTurning,3.25877612030165,1.15326931670476
A,PCZ,WithTurning,3.26829079751793,1.15265010357918
A,PCZ,WithTurning,3.26907130369574,1.15260647314751
A,PCZ,WithTurning,3.27939901181605,1.15204133150621
A,PCZ,WithTurning,3.28975934741526,1.15149661441408
A,PCZ,WithTurning,3.3001524135707,1.15097174619068
A,PCZ,WithTurning,3.31057831368531,1.15046615319874
A,PCZ,WithTurning,3.32103715148873,1.14997926374898
A,PCZ,WithTurning,3.33152903103828,1.14951050800786
A,PCZ,WithTurning,3.34205405672003,1.14905931790814
A,PCZ,WithTurning,3.35261233324985,1.14862512706247
A,PCZ,WithTurning,3.36320396567438,1.14820737067965
A,PCZ,WithTurning,3.37382905937218,1.14780548548391
A,PCZ,WithTurning,3.38448772005468,1.14741890963685
A,PCZ,WithTurning,3.3951800537673,1.14704708266231
A,PCZ,WithTurning,3.40590616689049,1.14668944537394
A,PCZ,WithTurning,3.41666616614074,1.14634543980554
A,PCZ,WithTurning,3.42746015857172,1.14601450914422
A,PCZ,WithTurning,3.43828825157529,1.14569609766618
A,PCZ,WithTurning,3.44915055288257,1.14538965067536
A,PCZ,WithTurning,3.46004717056506,1.14509461444465
A,PCZ,WithTurning,3.47097821303565,1.14481043615993
A,PCZ,WithTurning,3.48194378904975,1.14453656386671
A,PCZ,WithTurning,3.49294400770633,1.14427244641947
A,PCZ,WithTurning,3.50397897844905,1.14401753343373
A,PCZ,WithTurning,3.51504881106733,1.14377127524066
A,PCZ,WithTurning,3.5261536156974,1.14353312284448
A,PCZ,WithTurning,3.53729350282349,1.14330252788239
A,PCZ,WithTurning,3.54846858327882,1.14307894258722
A,PCZ,WithTurning,3.55967896824679,1.14286181975265
A,PCZ,WithTurning,3.57092476926204,1.14265061270109
A,PCZ,WithTurning,3.58220609821159,1.14244477525418
A,PCZ,WithTurning,3.5935230673359,1.1422437617059
A,PCZ,WithTurning,3.60487578923006,1.14204702679828
A,PCZ,WithTurning,3.61626437684485,1.14185402569973
A,PCZ,WithTurning,3.62768894348789,1.14166421398594
A,PCZ,WithTurning,3.63914960282476,1.14147704762344
A,PCZ,WithTurning,3.65064646888015,1.14129198295572
A,PCZ,WithTurning,3.66217965603896,1.14110847669188
A,PCZ,WithTurning,3.67374927904746,1.14092598589799
A,PCZ,WithTurning,3.68535545301445,1.14074396799095
A,PCZ,WithTurning,3.69699829341236,1.14056188073493
A,PCZ,WithTurning,3.70867791607843,1.14037918224046
A,PCZ,WithTurning,3.72039443721585,1.14019533096598
A,PCZ,WithTurning,3.73214797339492,1.14000978572209
A,PCZ,WithTurning,3.74393864155424,1.13982200567827
A,PCZ,WithTurning,3.7557665590018,1.13963145037224
A,PCZ,WithTurning,3.76763184341622,1.13943757972181
A,PCZ,WithTurning,3.77953461284789,1.13923985403937
A,PCZ,WithTurning,3.79147498572014,1.13903773404887
A,PCZ,WithTurning,3.80345308083042,1.1388306809054
A,PCZ,WithTurning,3.8154690173515,1.13861815621729
A,PCZ,WithTurning,3.82752291483264,1.13839962207077
A,PCZ,WithTurning,3.83961489320077,1.13817454105716
A,PCZ,WithTurning,3.85174507276171,1.13794237630263
A,PCZ,WithTurning,3.86391357420135,1.13770259150043
A,PCZ,WithTurning,3.87612051858685,1.13745465094572
A,PCZ,WithTurning,3.88836602736784,1.13719801957282
A,PCZ,WithTurning,3.90065022237765,1.13693216299511
A,PCZ,WithTurning,3.9129732258345,1.1366565475473
A,PCZ,WithTurning,3.92533516034272,1.13637064033026
A,PCZ,WithTurning,3.93773614889398,1.1360739092584
A,PCZ,WithTurning,3.95017631486851,1.13576582310936
A,PCZ,WithTurning,3.96265578203632,1.13544585157639
A,PCZ,WithTurning,3.97517467455844,1.13511346532301
A,PCZ,WithTurning,3.98773311698815,1.13476813604023
A,PCZ,WithTurning,4.00033123427222,1.13440933650614
A,PCZ,WithTurning,4.01296915175214,1.134036540648
A,PCZ,WithTurning,4.02564699516542,1.13364922360668
A,PCZ,WithTurning,4.03836489064676,1.13324686180351
A,PCZ,WithTurning,4.05022581129743,1.13285879800118
A,PCZ,WithTurning,4.05112296472937,1.13282893847682
A,PCZ,WithTurning,4.0639213443462,1.13239630742304
A,PCZ,WithTurning,4.07676015683122,1.13194994982824
A,PCZ,WithTurning,4.08963952992065,1.13148997999075
A,PCZ,WithTurning,4.10255959175427,1.13101651254308
A,PCZ,WithTurning,4.1155204708767,1.13052966243912
A,PCZ,WithTurning,4.12852229623863,1.13002954494149
A,PCZ,WithTurning,4.14156519719816,1.12951627560902
A,PCZ,WithTurning,4.15464930352203,1.12898997028421
A,PCZ,WithTurning,4.16777474538697,1.12845074508088
A,PCZ,WithTurning,4.18094165338096,1.12789871637185
A,PCZ,WithTurning,4.19415015850452,1.12733400077673
A,PCZ,WithTurning,4.20740039217204,1.12675671514981
A,PCZ,WithTurning,4.22069248621309,1.12616697656802
A,PCZ,WithTurning,4.2340265728737,1.12556490231902
A,PCZ,WithTurning,4.24740278481769,1.12495060988935
A,PCZ,WithTurning,4.26082125512801,1.1243242169527
A,PCZ,WithTurning,4.27428211730805,1.12368584135826
A,PCZ,WithTurning,4.28778550528294,1.12303560111921
A,PCZ,WithTurning,4.30133155340094,1.12237361440122
A,PCZ,WithTurning,4.31492039643473,1.12169999951118
A,PCZ,WithTurning,4.32855216958277,1.12101487488589
A,PCZ,WithTurning,4.34222700847063,1.12031835908098
A,PCZ,WithTurning,4.35594504915236,1.11961057075984
A,PCZ,WithTurning,4.36970642811185,1.1188916286827
A,PCZ,WithTurning,4.38351128226414,1.11816165169581
A,PCZ,WithTurning,4.39735974895684,1.11742075872069
A,PCZ,WithTurning,4.41125196597146,1.11666906874356
A,PCZ,WithTurning,4.42518807152479,1.11590670080479
A,PCZ,WithTurning,4.43916820427029,1.11513377398853
A,PCZ,WithTurning,4.45319250329944,1.11435040741237
A,PCZ,WithTurning,4.46726110814315,1.11355672021723
A,PCZ,WithTurning,4.48137415877314,1.11275283155719
A,PCZ,WithTurning,4.49553179560332,1.11193886058962
A,PCZ,WithTurning,4.50973415949121,1.11111492646524
A,PCZ,WithTurning,4.52398139173933,1.11028114831843
A,PCZ,WithTurning,4.53827363409658,1.10943764525756
A,PCZ,WithTurning,4.55261102875972,1.10858453635548
A,PCZ,WithTurning,4.56699371837471,1.10772194064013
A,PCZ,WithTurning,4.58142184603816,1.1068499770852
A,PCZ,WithTurning,4.59589555529876,1.10596876460097
A,PCZ,WithTurning,4.61041499015871,1.10507842202522
A,PCZ,WithTurning,4.62498029507513,1.10417906811428
A,PCZ,WithTurning,4.63959161496151,1.1032708215342
A,PCZ,WithTurning,4.65424909518918,1.10235380085197
A,PCZ,WithTurning,4.66895288158869,1.10142812452696
A,PCZ,WithTurning,4.68370312045133,1.10049391090234
A,PCZ,WithTurning,4.69849995853054,1.09955127819678
A,PCZ,WithTurning,4.7133435430434,1.09860034449609
A,PCZ,WithTurning,4.72823402167207,1.09764122774514
A,PCZ,WithTurning,4.74317154256527,1.09667404573972
A,PCZ,WithTurning,4.75815625433977,1.0956989161187
A,PCZ,WithTurning,4.77318830608183,1.09471595635616
A,PCZ,WithTurning,4.78826784734871,1.09372528375372
A,PCZ,WithTurning,4.80339502817017,1.0927270154329
A,PCZ,WithTurning,4.81856999904994,1.09172126832774
A,PCZ,WithTurning,4.83379291096722,1.09070815917736
A,PCZ,WithTurning,4.84906391537817,1.08968780451878
A,PCZ,WithTurning,4.86438316421748,1.08866032067975
A,PCZ,WithTurning,4.87975080989977,1.08762582377178
A,PCZ,WithTurning,4.89516700532124,1.08658442968323
A,PCZ,WithTurning,4.91063190386106,1.08553625407253
A,PCZ,WithTurning,4.92614565938301,1.08448141236151
A,PCZ,WithTurning,4.94170842623691,1.08342001972888
A,PCZ,WithTurning,4.95732035926026,1.08235219110374
A,PCZ,WithTurning,4.97298161377967,1.08127804115934
A,PCZ,WithTurning,4.9886923456125,1.08019768430681
A,PCZ,WithTurning,5.00445271106835,1.07911123468908
A,PCZ,WithTurning,5.02026286695066,1.07801880617494
A,PCZ,WithTurning,5.0361229705582,1.07692051235312
A,PCZ,WithTurning,5.05203317968674,1.0758164665266
A,PCZ,WithTurning,5.06799365263051,1.07470678170693
A,PCZ,WithTurning,5.08400454818386,1.07359157060872
A,PCZ,WithTurning,5.10006602564279,1.07247094564423
A,PCZ,WithTurning,5.11617824480656,1.07134501891808
A,PCZ,WithTurning,5.13234136597926,1.07021390222203
A,PCZ,WithTurning,5.14855554997142,1.06907770702996
A,PCZ,WithTurning,5.1648209581016,1.06793654449286
A,PCZ,WithTurning,5.18113775219802,1.066790525434
A,PCZ,WithTurning,5.19750609460013,1.06563976034418
A,PCZ,WithTurning,5.21392614816025,1.0644843593771
A,PCZ,WithTurning,5.23039807624519,1.06332443234483
A,PCZ,WithTurning,5.24692204273788,1.06216008871342
A,PCZ,WithTurning,5.26349821203897,1.06099143759859
A,PCZ,WithTurning,5.2801267490685,1.05981858776151
A,PCZ,WithTurning,5.29680781926753,1.05864164760474
A,PCZ,WithTurning,5.31354158859979,1.05746072516825
A,PCZ,WithTurning,5.33032822355331,1.05627592812554
A,PCZ,WithTurning,5.3471678911421,1.05508736377988
A,PCZ,WithTurning,5.3640607589078,1.05389513906063
A,PCZ,WithTurning,5.38100699492136,1.05269936051973
A,PCZ,WithTurning,5.3980067677847,1.05150013432824
A,PCZ,WithTurning,5.41506024663237,1.05029756627294
A,PCZ,WithTurning,5.43216760113329,1.0490917617532
A,PCZ,WithTurning,5.44932900149236,1.04788282577773
A,PCZ,WithTurning,5.46654461845223,1.04667086296164
A,PCZ,WithTurning,5.48381462329495,1.04545597752345
A,PCZ,WithTurning,5.50113918784367,1.0442382732823
A,PCZ,WithTurning,5.51851848446439,1.04301785365522
A,PCZ,WithTurning,5.53595268606765,1.04179482165449
A,PCZ,WithTurning,5.55344196611024,1.04056927988511
A,PCZ,WithTurning,5.57098649859695,1.0393413305424
A,PCZ,WithTurning,5.58858645808227,1.03811107540968
A,PCZ,WithTurning,5.60624201967217,1.03687861585602
A,PCZ,WithTurning,5.6239533590258,1.03564405283411
A,PCZ,WithTurning,5.64172065235726,1.03440748687824
A,PCZ,WithTurning,5.65954407643735,1.03316901810238
A,PCZ,WithTurning,5.67742380859535,1.03192874619833
A,PCZ,WithTurning,5.69536002672071,1.03068677043394
A,PCZ,WithTurning,5.71335290926491,1.02944318965154
A,PCZ,WithTurning,5.7314026352432,1.02819810226632
A,PCZ,WithTurning,5.74950938423635,1.0269516062649
A,PCZ,WithTurning,5.7676733363925,1.02570379920395
A,PCZ,WithTurning,5.78589467242888,1.02445477820893
A,PCZ,WithTurning,5.80417357363367,1.02320463997289
A,PCZ,WithTurning,5.82251022186778,1.02195348075541
A,PCZ,WithTurning,5.84090479956664,1.02070139638156
A,PCZ,WithTurning,5.85935748974205,1.01944848224099
A,PCZ,WithTurning,5.87786847598397,1.01819483328715
A,PCZ,WithTurning,5.89643794246238,1.0169405440365
A,PCZ,WithTurning,5.91506607392908,1.01568570856793
A,PCZ,WithTurning,5.93375305571953,1.01443042052212
A,PCZ,WithTurning,5.95249907375474,1.01317477310113
A,PCZ,WithTurning,5.97130431454304,1.01191885906799
A,PCZ,WithTurning,5.99016896518201,1.01066277074639
A,PCZ,WithTurning,6.00909321336032,1.00940660002047
A,PCZ,WithTurning,6.02807724735956,1.0081504383347
A,PCZ,WithTurning,6.04712125605616,1.00689437669381
A,PCZ,WithTurning,6.06622542892325,1.00563850566281
A,PCZ,WithTurning,6.08538995603254,1.00438291536714
A,PCZ,WithTurning,6.10461502805624,1.00312769549283
A,PCZ,WithTurning,6.1239008362689,1.00187293528679
A,PCZ,WithTurning,6.14324757254938,1.00061872355716
A,PCZ,WithTurning,6.16265542938271,0.999365148673742
A,PCZ,WithTurning,6.18212459986202,0.998112298568518
A,PCZ,WithTurning,6.20165527769047,0.996860260736225
A,PCZ,WithTurning,6.22124765718319,0.995609122235034
A,PCZ,WithTurning,6.24090193326915,0.994358969687283
A,PCZ,WithTurning,6.26061830149317,0.993109889280303
A,PCZ,WithTurning,6.28039695801785,0.991861966767301
A,PCZ,WithTurning,6.30023809962547,0.990615287468336
A,PCZ,WithTurning,6.32014192372004,0.989369936271354
A,PCZ,WithTurning,6.34010862832918,0.988125997633304
A,PCZ,WithTurning,6.36013841210611,0.986883555581323
A,PCZ,WithTurning,6.38023147433168,0.985642693713995
A,PCZ,WithTurning,6.40038801491628,0.984403495202679
A,PCZ,WithTurning,6.42060823440186,0.983166042792909
A,PCZ,WithTurning,6.44089233396395,0.981930418805861
A,PCZ,WithTurning,6.46124051541362,0.980696705139893
A,PCZ,WithTurning,6.4816529811995,0.979464983272153
A,PCZ,WithTurning,6.5021299344098,0.97823533426025
A,PCZ,WithTurning,6.52267157877436,0.977007838743999
A,PCZ,WithTurning,6.5432781186666,0.975782576947225
A,PCZ,WithTurning,6.56394975910564,0.974559628679646
A,PCZ,WithTurning,6.58468670575827,0.973339073338801
A,PCZ,WithTurning,6.60548916494105,0.972120989912065
A,PCZ,WithTurning,6.62635734362233,0.970905456978712
A,PCZ,WithTurning,6.64729144942431,0.969692552712051
A,PCZ,WithTurning,6.66829169062512,0.968482354881617
A,PCZ,WithTurning,6.68935827616089,0.967274940855431
A,PCZ,WithTurning,6.71049141562782,0.966070387602322
A,PCZ,WithTurning,6.73169131928427,0.964868771694302
A,PCZ,WithTurning,6.75295819805285,0.963670169309015
A,PCZ,WithTurning,6.77429226352254,0.962474656232231
A,PCZ,WithTurning,6.79569372795074,0.961282307860411
A,PCZ,WithTurning,6.81716280426545,0.960093199203328
A,PCZ,WithTurning,6.83869970606734,0.958907404886741
A,PCZ,WithTurning,6.86030464763189,0.957724999155138
A,PCZ,WithTurning,6.87651445722314,0.956842563746188
A,PCZ,WithTurning,6.88197784391152,0.956545559769749
A,PCZ,WithTurning,6.90371951053775,0.955358449582979
A,PCZ,WithTurning,6.92552986382331,0.954159581027002
A,PCZ,WithTurning,6.94740912076432,0.952949269362573
A,PCZ,WithTurning,6.96935749904242,0.951727828905982
A,PCZ,WithTurning,6.99137521702698,0.950495572994384
A,PCZ,WithTurning,7.01346249377721,0.949252813952106
A,PCZ,WithTurning,7.03561954904443,0.947999863057946
A,PCZ,WithTurning,7.05784660327414,0.946737030513453
A,PCZ,WithTurning,7.08014387760832,0.94546462541219
A,PCZ,WithTurning,7.10251159388757,0.944182955709965
A,PCZ,WithTurning,7.12494997465334,0.942892328196045
A,PCZ,WithTurning,7.14745924315012,0.941593048465329
A,PCZ,WithTurning,7.17003962332768,0.940285420891492
A,PCZ,WithTurning,7.19269133984333,0.938969748601078
A,PCZ,WithTurning,7.21541461806408,0.937646333448565
A,PCZ,WithTurning,7.23820968406895,0.936315475992354
A,PCZ,WithTurning,7.26107676465117,0.934977475471731
A,PCZ,WithTurning,7.28401608732048,0.933632629784741
A,PCZ,WithTurning,7.30702788030536,0.932281235467014
A,PCZ,WithTurning,7.33011237255532,0.930923587671507
A,PCZ,WithTurning,7.35326979374317,0.929559980149176
A,PCZ,WithTurning,7.3765003742673,0.928190705230553
A,PCZ,WithTurning,7.39980434525399,0.926816053808242
A,PCZ,WithTurning,7.4231819385597,0.925436315320309
A,PCZ,WithTurning,7.44663338677335,0.924051777734575
A,PCZ,WithTurning,7.4701589232187,0.922662727533789
A,PCZ,WithTurning,7.49375878195659,0.921269449701694
A,PCZ,WithTurning,7.51743319778732,0.919872227709958
A,PCZ,WithTurning,7.54118240625301,0.918471343505982
A,PCZ,WithTurning,7.56500664363985,0.917067077501559
A,PCZ,WithTurning,7.58890614698055,0.915659708562395
A,PCZ,WithTurning,7.61288115405666,0.914249513998476
A,PCZ,WithTurning,7.63693190340092,0.912836769555265
A,PCZ,WithTurning,7.66105863429963,0.911421749405737
A,PCZ,WithTurning,7.68526158679508,0.910004726143241
A,PCZ,WithTurning,7.7095410016879,0.908585970775169
A,PCZ,WithTurning,7.73389712053943,0.907165752717438
A,PCZ,WithTurning,7.7583301856742,0.905744339789771
A,PCZ,WithTurning,7.78284044018227,0.904321998211774
A,PCZ,WithTurning,7.80742812792167,0.902898992599792
A,PCZ,WithTurning,7.83209349352085,0.901475585964542
A,PCZ,WithTurning,7.85683678238108,0.900052039709527
A,PCZ,WithTurning,7.88165824067891,0.898628613630187
A,PCZ,WithTurning,7.90655811536861,0.897205565913829
A,PCZ,WithTurning,7.93153665418465,0.895783153140284
A,PCZ,WithTurning,7.95659410564413,0.894361630283309
A,PCZ,WithTurning,7.98173071904927,0.892941250712713
A,PCZ,WithTurning,8.00694674448989,0.891522266197212
A,PCZ,WithTurning,8.03224243284592,0.890104926907991
A,PCZ,WithTurning,8.05761803578985,0.888689481422968
A,PCZ,WithTurning,8.08307380578926,0.88727617673177
A,PCZ,WithTurning,8.10860999610934,0.885865258241379
A,PCZ,WithTurning,8.13422686081539,0.884456969782478
A,PCZ,WithTurning,8.15992465477537,0.883051553616459
A,PCZ,WithTurning,8.18570363366241,0.881649250443104
A,PCZ,WithTurning,8.21156405395738,0.880250299408922
A,PCZ,WithTurning,8.23750617295142,0.878854938116138
A,PCZ,WithTurning,8.2635302487485,0.877463402632327
A,PCZ,WithTurning,8.28963654026803,0.876075927500684
A,PCZ,WithTurning,8.31582530724736,0.874692745750923
A,PCZ,WithTurning,8.34209681024444,0.873314088910796
A,PCZ,WithTurning,8.36845131064036,0.871940187018229
A,PCZ,WithTurning,8.39488907064197,0.870571268634069
A,PCZ,WithTurning,8.42141035328452,0.869207560855423
A,PCZ,WithTurning,8.44801542243419,0.867849289329599
A,PCZ,WithTurning,8.47470454279082,0.866496678268629
A,PCZ,WithTurning,8.50147797989047,0.865149950464376
A,PCZ,WithTurning,8.5283360001081,0.863809327304212
A,PCZ,WithTurning,8.55527887066018,0.862475028787265
A,PCZ,WithTurning,8.58230685960741,0.861147273541225
A,PCZ,WithTurning,8.60942023585733,0.85982627883971
A,PCZ,WithTurning,8.63661926916703,0.858512260620174
A,PCZ,WithTurning,8.6639042301458,0.857205433502362
A,PCZ,WithTurning,8.69127539025787,0.855906010807305
A,PCZ,WithTurning,8.71873302182507,0.854614204576836
A,PCZ,WithTurning,8.74627739802955,0.853330225593647
A,PCZ,WithTurning,8.77390879291652,0.85205428340185
A,PCZ,WithTurning,8.80162748139694,0.850786586328071
A,PCZ,WithTurning,8.82943373925029,0.849527341503036
A,PCZ,WithTurning,8.85732784312727,0.848276754883681
A,PCZ,WithTurning,8.88531007055261,0.847035031275747
A,PCZ,WithTurning,8.9133806999278,0.845802374356879
A,PCZ,WithTurning,8.94154001053382,0.84457898670022
A,PCZ,WithTurning,8.94757626602726,0.8443184647704
A,PCZ,WithTurning,8.96978828253402,0.843364388572696
A,PCZ,WithTurning,8.99812579697679,0.842157122761109
A,PCZ,WithTurning,9.02655283579847,0.840956995464702
A,PCZ,WithTurning,9.05506968182604,0.839763861559397
A,PCZ,WithTurning,9.08367661878003,0.838577576769959
A,PCZ,WithTurning,9.1123739312773,0.837397997659302
A,PCZ,WithTurning,9.14116190483386,0.836224981618037
A,PCZ,WithTurning,9.17004082586775,0.835058386854258
A,PCZ,WithTurning,9.19901098170185,0.833898072383579
A,PCZ,WithTurning,9.22807266056676,0.832743898019399
A,PCZ,WithTurning,9.25722615160367,0.831595724363408
A,PCZ,WithTurning,9.28647174486722,0.830453412796328
A,PCZ,WithTurning,9.31580973132839,0.829316825468879
A,PCZ,WithTurning,9.34524040287744,0.828185825292978
A,PCZ,WithTurning,9.37476405232672,0.827060275933167
A,PCZ,WithTurning,9.40438097341366,0.825940041798259
A,PCZ,WithTurning,9.43409146080369,0.824824988033211
A,PCZ,WithTurning,9.46389581009314,0.823714980511219
A,PCZ,WithTurning,9.49379431781218,0.822609885826023
A,PCZ,WithTurning,9.52378728142779,0.821509571284437
A,PCZ,WithTurning,9.55387499934672,0.820413904899087
A,PCZ,WithTurning,9.58405777091844,0.819322755381367
A,PCZ,WithTurning,9.61433589643816,0.818235992134598
A,PCZ,WithTurning,9.64470967714974,0.817153485247401
A,PCZ,WithTurning,9.67517941524878,0.816075105487272
A,PCZ,WithTurning,9.70574541388556,0.815000724294369
A,PCZ,WithTurning,9.73640797716807,0.813930213775491
A,PCZ,WithTurning,9.76716741016506,0.812863446698263
A,PCZ,WithTurning,9.79802401890904,0.811800296485527
A,PCZ,WithTurning,9.82897811039938,0.810740637209914
A,PCZ,WithTurning,9.86002999260529,0.809684343588631
A,PCZ,WithTurning,9.89117997446894,0.808631290978423
A,PCZ,WithTurning,9.9224283659085,0.807581355370743
A,PCZ,WithTurning,9.95377547782126,0.806534413387101
A,PCZ,WithTurning,9.98522162208669,0.805490342274609
A,PCZ,WithTurning,10.0167671115696,0.804449019901709
A,PCZ,WithTurning,10.048412260123,0.803410324754088
A,PCZ,WithTurning,10.0801573825918,0.802374135930779
A,PCZ,WithTurning,10.1120027948153,0.801340333140438
A,PCZ,WithTurning,10.1439488136307,0.800308796697809
A,PCZ,WithTurning,10.175995756876,0.799279407520368
A,PCZ,WithTurning,10.2081439433936,0.798252047125133
A,PCZ,WithTurning,10.240393693033,0.797226597625669
A,PCZ,WithTurning,10.2727453266541,0.79620294172925
A,PCZ,WithTurning,10.3051991661308,0.795180962734206
A,PCZ,WithTurning,10.3377555343535,0.794160544527434
A,PCZ,WithTurning,10.3704147552329,0.793141571582086
A,PCZ,WithTurning,10.4031771537029,0.792123928955418
A,PCZ,WithTurning,10.436043055724,0.791107502286814
A,PCZ,WithTurning,10.4690127882865,0.790092177795969
A,PCZ,WithTurning,10.5020866794136,0.789077842281237
A,PCZ,WithTurning,10.5352650581649,0.788064383118151
A,PCZ,WithTurning,10.5685482546396,0.78705168825809
A,PCZ,WithTurning,10.6019365999798,0.786039646227117
A,PCZ,WithTurning,10.6354304263735,0.78502814612497
A,PCZ,WithTurning,10.6690300670583,0.784017077624212
A,PCZ,WithTurning,10.7027358563248,0.783006330969539
A,PCZ,WithTurning,10.7365481295193,0.781995796977233
A,PCZ,WithTurning,10.7704672230477,0.780985367034782
A,PCZ,WithTurning,10.8044934743789,0.779974933100639
A,PCZ,WithTurning,10.8386272220475,0.778964387704138
A,PCZ,WithTurning,10.872868805658,0.777953623945555
A,PCZ,WithTurning,10.9072185658875,0.776942535496319
A,PCZ,WithTurning,10.9416768444896,0.775931016599365
A,PCZ,WithTurning,10.9762439842974,0.774918962069637
A,PCZ,WithTurning,11.0109203292272,0.773906267294728
A,PCZ,WithTurning,11.0457062242818,0.772892828235666
A,PCZ,WithTurning,11.0806020155538,0.771878541427838
A,PCZ,WithTurning,11.1156080502293,0.770863303982048
A,PCZ,WithTurning,11.1507246765913,0.769847013585728
A,PCZ,WithTurning,11.1859522440229,0.768829568504263
A,PCZ,WithTurning,11.2212911030112,0.767810867582468
A,PCZ,WithTurning,11.2567416051504,0.766790810246187
A,PCZ,WithTurning,11.2923041031455,0.765769296504033
A,PCZ,WithTurning,11.3279789508159,0.76474622694925
A,PCZ,WithTurning,11.3637665030987,0.763721502761704
A,PCZ,WithTurning,11.3996671160521,0.762695025710009
A,PCZ,WithTurning,11.4356811468597,0.76166669815377
A,PCZ,WithTurning,11.4718089538329,0.760636423045953
A,PCZ,WithTurning,11.5080508964155,0.759604103935381
A,PCZ,WithTurning,11.5444073351868,0.758569644969347
A,PCZ,WithTurning,11.5808786318651,0.757532950896344
A,PCZ,WithTurning,11.6174651493117,0.756493927068926
A,PCZ,WithTurning,11.6541672515339,0.755452479446668
A,PCZ,WithTurning,11.6909853036892,0.754408514599256
A,PCZ,WithTurning,11.7279196720888,0.75336193970968
A,PCZ,WithTurning,11.764970724201,0.752312662577547
A,PCZ,WithTurning,11.8021388286551,0.751260591622501
A,PCZ,WithTurning,11.8394243552448,0.750205635887746
A,PCZ,WithTurning,11.8768276749323,0.749147705043691
A,PCZ,WithTurning,11.9143491598517,0.748086709391684
A,PCZ,WithTurning,11.9519891833125,0.74702255986786
A,PCZ,WithTurning,11.989748119804,0.745955168047091
A,PCZ,WithTurning,12.0276263449982,0.744884446147032
A,PCZ,WithTurning,12.0656242357542,0.743810307032269
A,PCZ,WithTurning,12.1037421701214,0.742732664218566
A,PCZ,WithTurning,12.1419805273439,0.741651431877203
A,PCZ,WithTurning,12.1803396878636,0.740566524839414
A,PCZ,WithTurning,12.2188200333245,0.739477858600911
A,PCZ,WithTurning,12.2574219465761,0.738385349326502
A,PCZ,WithTurning,12.2961458116777,0.737288913854801
A,PCZ,WithTurning,12.3349920139016,0.736188469703015
A,PCZ,WithTurning,12.3739609397375,0.735083935071827
A,PCZ,WithTurning,12.4130529768959,0.733975228850359
A,PCZ,WithTurning,12.4522685143124,0.732862270621208
A,PCZ,WithTurning,12.4916079421511,0.73174498066558
A,PCZ,WithTurning,12.531071651809,0.730623279968482
A,PCZ,WithTurning,12.5706600359192,0.729497090224004
A,PCZ,WithTurning,12.6103734883557,0.72836633384067
A,PCZ,WithTurning,12.6502124042363,0.727230933946859
A,PCZ,WithTurning,12.6901771799275,0.726090814396301
A,PCZ,WithTurning,12.7302682130479,0.72494589977364
A,PCZ,WithTurning,12.7704859024721,0.723796115400061
A,PCZ,WithTurning,12.8108306483349,0.722641387338984
A,PCZ,WithTurning,12.8513028520355,0.721481642401819
A,PCZ,WithTurning,12.8919029162407,0.720316808153785
A,PCZ,WithTurning,12.9326312448898,0.719146812919779
A,PCZ,WithTurning,12.9734882431981,0.717971585790312
A,PCZ,WithTurning,13.014474317661,0.716791056627493
A,PCZ,WithTurning,13.0555898760583,0.715605156071065
A,PCZ,WithTurning,13.0564242606307,0.715581072512525
A,PCZ,WithTurning,13.0968353274579,0.714414846120052
A,PCZ,WithTurning,13.13821108222,0.713221250041847
A,PCZ,WithTurning,13.1797175520014,0.712024415086968
A,PCZ,WithTurning,13.2213551497593,0.710824387946676
A,PCZ,WithTurning,13.2631242897555,0.709621215184055
A,PCZ,WithTurning,13.3050253875606,0.708414943232233
A,PCZ,WithTurning,13.347058860058,0.707205618392633
A,PCZ,WithTurning,13.3892251254482,0.705993286833242
A,PCZ,WithTurning,13.431524603253,0.704777994586906
A,PCZ,WithTurning,13.4739577143192,0.70355978754965
A,PCZ,WithTurning,13.5165248808235,0.702338711479013
A,PCZ,WithTurning,13.5592265262762,0.701114811992417
A,PCZ,WithTurning,13.6020630755255,0.69988813456555
A,PCZ,WithTurning,13.6450349547621,0.698658724530776
A,PCZ,WithTurning,13.6881425915227,0.697426627075572
A,PCZ,WithTurning,13.7313864146949,0.696191887240974
A,PCZ,WithTurning,13.7747668545212,0.694954549920064
A,PCZ,WithTurning,13.8182843426035,0.693714659856467
A,PCZ,WithTurning,13.861939311907,0.692472261642873
A,PCZ,WithTurning,13.9057321967649,0.691227399719587
A,PCZ,WithTurning,13.9496634328823,0.689980118373094
A,PCZ,WithTurning,13.993733457341,0.688730461734655
A,PCZ,WithTurning,14.0379427086037,0.687478473778915
A,PCZ,WithTurning,14.0822916265182,0.686224198322546
A,PCZ,WithTurning,14.1267806523217,0.684967679022899
A,PCZ,WithTurning,14.1714102286457,0.683708959376688
A,PCZ,WithTurning,14.2161807995198,0.682448082718696
A,PCZ,WithTurning,14.2610928103765,0.681185092220495
A,PCZ,WithTurning,14.3061467080555,0.679920030889197
A,PCZ,WithTurning,14.3513429408082,0.678652941566221
A,PCZ,WithTurning,14.3966819583021,0.677383866926085
A,PCZ,WithTurning,14.4421642116253,0.676112849475223
A,PCZ,WithTurning,14.4877901532909,0.674839931550815
A,PCZ,WithTurning,14.5335602372418,0.673565155319643
A,PCZ,WithTurning,14.5794749188547,0.672288562776974
A,PCZ,WithTurning,14.6255346549452,0.671010195745459
A,PCZ,WithTurning,14.6717399037719,0.669730095874048
A,PCZ,WithTurning,14.7180911250414,0.668448304636942
A,PCZ,WithTurning,14.7645887799122,0.667164863332549
A,PCZ,WithTurning,14.8112333310002,0.665879813082474
A,PCZ,WithTurning,14.8580252423823,0.664593194830522
A,PCZ,WithTurning,14.9049649796018,0.663305049341729
A,PCZ,WithTurning,14.9520530096728,0.662015417201404
A,PCZ,WithTurning,14.9992898010847,0.660724338814205
A,PCZ,WithTurning,15.0466758238069,0.659431854403222
A,PCZ,WithTurning,15.0942115492937,0.658138004009093
A,PCZ,WithTurning,15.1418974504886,0.65684282748913
A,PCZ,WithTurning,15.1897340018295,0.655546364516474
A,PCZ,WithTurning,15.237721679253,0.654248654579262
A,PCZ,WithTurning,15.2858609601992,0.652949736979824
A,PCZ,WithTurning,15.3341523236167,0.65164965083389
A,PCZ,WithTurning,15.3825962499671,0.650348435069826
A,PCZ,WithTurning,15.4311932212301,0.64904612842788
A,PCZ,WithTurning,15.4799437209077,0.64774276945946
A,PCZ,WithTurning,15.5288482340296,0.64643839652642
A,PCZ,WithTurning,15.577907247158,0.645133047800375
A,PCZ,WithTurning,15.6271212483919,0.643826761262026
A,PCZ,WithTurning,15.6764907273726,0.642519574700515
A,PCZ,WithTurning,15.726016175288,0.64121152571279
A,PCZ,WithTurning,15.775698084878,0.639902651702993
A,PCZ,WithTurning,15.8255369504392,0.638592989881871
A,PCZ,WithTurning,15.8755332678295,0.637282577266193
A,PCZ,WithTurning,15.9256875344737,0.635971450678206
A,PCZ,WithTurning,15.9760002493678,0.63465964674509
A,PCZ,WithTurning,16.0264719130843,0.633347201898441
A,PCZ,WithTurning,16.0771030277771,0.632034152373773
A,PCZ,WithTurning,16.1278940971867,0.630720534210036
A,PCZ,WithTurning,16.1788456266449,0.629406383249151
A,PCZ,WithTurning,16.2299581230797,0.628091735135568
A,PCZ,WithTurning,16.2812320950211,0.626776625315834
A,PCZ,WithTurning,16.3326680526052,0.625461089038188
A,PCZ,WithTurning,16.38426650758,0.624145161352166
A,PCZ,WithTurning,16.4360279733101,0.622828877108226
A,PCZ,WithTurning,16.487952964782,0.621512270957396
A,PCZ,WithTurning,16.5400419986092,0.62019537735093
A,PCZ,WithTurning,16.5922955930371,0.618878230539985
A,PCZ,WithTurning,16.6447142679485,0.617560864575319
A,PCZ,WithTurning,16.6972985448687,0.616243313307003
A,PCZ,WithTurning,16.7500489469704,0.614925610384143
A,PCZ,WithTurning,16.8029659990792,0.613607789254632
A,PCZ,WithTurning,16.8560502276788,0.612289883164911
A,PCZ,WithTurning,16.9093021609162,0.610971925159742
A,PCZ,WithTurning,16.9627223286069,0.609653948082007
A,PCZ,WithTurning,17.01631126224,0.608335984572517
A,PCZ,WithTurning,17.0700694949839,0.60701806706984
A,PCZ,WithTurning,17.1239975616915,0.605700227810138
A,PCZ,WithTurning,17.1780959989052,0.604382498827035
A,PCZ,WithTurning,17.2323653448624,0.603064911951481
A,PCZ,WithTurning,17.2868061395013,0.601747498811647
A,PCZ,WithTurning,17.3414189244654,0.600430290832828
A,PCZ,WithTurning,17.3962042431097,0.599113319237363
A,PCZ,WithTurning,17.4511626405056,0.59779661504457
A,PCZ,WithTurning,17.5062946634466,0.596480209070698
A,PCZ,WithTurning,17.5616008604536,0.595164131928888
A,PCZ,WithTurning,17.6170817817804,0.593848414029157
A,PCZ,WithTurning,17.6727379794192,0.592533085578389
A,PCZ,WithTurning,17.728570007106,0.591218176580344
A,PCZ,WithTurning,17.7845784203262,0.589903716835684
A,PCZ,WithTurning,17.8407637763202,0.588589735942006
A,PCZ,WithTurning,17.8971266340886,0.587276263293894
A,PCZ,WithTurning,17.9536675543983,0.585963328082988
A,PCZ,WithTurning,18.0103870997876,0.584650959298057
A,PCZ,WithTurning,18.0672858345721,0.583339185725097
A,PCZ,WithTurning,18.1243643248499,0.582028035947433
A,PCZ,WithTurning,18.1816231385079,0.58071753834584
A,PCZ,WithTurning,18.239062845227,0.579407721098676
A,PCZ,WithTurning,18.2966840164876,0.578098612182026
A,PCZ,WithTurning,18.3544872255758,0.576790239369863
A,PCZ,WithTurning,18.4124730475887,0.575482630234218
A,PCZ,WithTurning,18.4706420594403,0.574175812145365
A,PCZ,WithTurning,18.5289948398673,0.572869812272018
A,PCZ,WithTurning,18.5875319694344,0.571564657581539
A,PCZ,WithTurning,18.646254030541,0.570260374840159
A,PCZ,WithTurning,18.7051616074258,0.568956990613217
A,PCZ,WithTurning,18.7642552861737,0.567654531265398
A,PCZ,WithTurning,18.823535654721,0.566353022960995
A,PCZ,WithTurning,18.8830033028615,0.565052491664181
A,PCZ,WithTurning,18.942658822252,0.563752963139284
A,PCZ,WithTurning,19.0025028064189,0.562454462951084
A,PCZ,WithTurning,19.0625358507634,0.561157016465114
A,PCZ,WithTurning,19.1227585525677,0.55986064884798
A,PCZ,WithTurning,19.1831715110011,0.55856538506768
A,PCZ,WithTurning,19.2437753271257,0.557271249893949
A,PCZ,WithTurning,19.3045706039025,0.555978267898601
A,PCZ,WithTurning,19.3655579461974,0.554686463455892
A,PCZ,WithTurning,19.4267379607872,0.553395860742888
A,PCZ,WithTurning,19.4881112563656,0.552106483739843
A,PCZ,WithTurning,19.5496784435494,0.550818356230592
A,PCZ,WithTurning,19.6114401348843,0.549531501802952
A,PCZ,WithTurning,19.6733969448514,0.548245943849127
A,PCZ,WithTurning,19.7355494898729,0.546961705566136
A,PCZ,WithTurning,19.7978983883184,0.545678809956239
A,PCZ,WithTurning,19.8604442605112,0.544397279827374
A,PCZ,WithTurning,19.9231877287342,0.543117137793614
A,PCZ,WithTurning,19.9861294172363,0.54183840627562
A,PCZ,WithTurning,20.0492699522386,0.54056110750111
A,PCZ,WithTurning,20.1126099619404,0.53928526350534
A,PCZ,WithTurning,20.1761500765257,0.538010896131585
A,PCZ,WithTurning,20.2398909281695,0.536738027031639
A,PCZ,WithTurning,20.3038331510438,0.535466677666315
A,PCZ,WithTurning,20.3679773813242,0.534196869305961
A,PCZ,WithTurning,20.4323242571961,0.532928623030982
A,PCZ,WithTurning,20.4968744188611,0.531661959732365
A,PCZ,WithTurning,20.5616285085431,0.530396900112221
A,PCZ,WithTurning,20.6265871704953,0.529133464684332
A,PCZ,WithTurning,20.691751051006,0.5278716737747
A,PCZ,WithTurning,20.7571207984053,0.526611547522117
A,PCZ,WithTurning,20.8226970630715,0.525353105878726
A,PCZ,WithTurning,20.8884804974376,0.524096368610608
A,PCZ,WithTurning,20.9544717559979,0.52284135529836
A,PCZ,WithTurning,21.0206714953143,0.52158808533769
A,PCZ,WithTurning,21.0870803740227,0.52033657794002
A,PCZ,WithTurning,21.1536990528402,0.519086852133088
A,PCZ,WithTurning,21.2205281945709,0.517838926761566
A,PCZ,WithTurning,21.2875684641131,0.516592820487681
A,PCZ,WithTurning,21.3548205284654,0.515348551791842
A,PCZ,WithTurning,21.4222850567337,0.514106138973277
A,PCZ,WithTurning,21.489962720138,0.512865600150669
A,PCZ,WithTurning,21.5578541920183,0.511626953262813
A,PCZ,WithTurning,21.6259601478424,0.510390216069263
A,PCZ,WithTurning,21.6942812652117,0.509155406150995
A,PCZ,WithTurning,21.7628182238683,0.507922540911077
A,PCZ,WithTurning,21.8315717057019,0.506691637575337
A,PCZ,WithTurning,21.9005423947563,0.505462713193044
A,PCZ,WithTurning,21.9697309772366,0.504235784637594
A,PCZ,WithTurning,22.0391381415153,0.5030108686072
A,PCZ,WithTurning,22.1087645781401,0.501787981625587
A,PCZ,WithTurning,22.17861097984,0.500567140042694
A,PCZ,WithTurning,22.2486780415326,0.499348360035382
A,PCZ,WithTurning,22.3189664603309,0.498131657608146
A,PCZ,WithTurning,22.3894769355501,0.49691704859383
A,PCZ,WithTurning,22.4602101687149,0.495704548654355
A,PCZ,WithTurning,22.5311668635661,0.494494173281441
A,PCZ,WithTurning,22.6023477260679,0.493285937797343
A,PCZ,WithTurning,22.6737534644146,0.492079857355587
A,PCZ,WithTurning,22.7453847890381,0.49087594694171
A,PCZ,WithTurning,22.8172424126144,0.489674221374012
A,PCZ,WithTurning,22.8893270500714,0.488474695304299
A,PCZ,WithTurning,22.9616394185951,0.487277383218645
A,PCZ,WithTurning,23.0341802376378,0.486082299438149
A,PCZ,WithTurning,23.1069502289243,0.484889458119698
A,PCZ,WithTurning,23.1799501164596,0.483698873256734
A,PCZ,WithTurning,23.2531806265361,0.48251055868003
A,PCZ,WithTurning,23.3266424877406,0.481324528058459
A,PCZ,WithTurning,23.4003364309616,0.48014079489978
A,PCZ,WithTurning,23.4742631893969,0.478959372551416
A,PCZ,WithTurning,23.5484234985603,0.477780274201242
A,PCZ,WithTurning,23.6228180962895,0.476603512878376
A,PCZ,WithTurning,23.697447722753,0.475429101453972
A,PCZ,WithTurning,23.7723131204579,0.474257052642015
A,PCZ,WithTurning,23.8474150342568,0.473087379000126
A,PCZ,WithTurning,23.9227542113556,0.471920092930355
A,PCZ,WithTurning,23.9983314013206,0.470755206679999
A,PCZ,WithTurning,24.0741473560864,0.469592732342403
A,PCZ,WithTurning,24.150202829963,0.468432681857773
A,PCZ,WithTurning,24.2264985796434,0.467275067013994
A,PCZ,WithTurning,24.3030353642111,0.466119899447443
A,PCZ,WithTurning,24.3798139451479,0.46496719064381
A,PCZ,WithTurning,24.4568350863412,0.463816951938921
A,PCZ,WithTurning,24.5340995540916,0.462669194519565
A,PCZ,WithTurning,24.6116081171207,0.461523929424315
A,PCZ,WithTurning,24.6893615465787,0.460381167544361
A,PCZ,WithTurning,24.7673606160519,0.459240919624344
A,PCZ,WithTurning,24.8456061015706,0.458103196263181
A,PCZ,WithTurning,24.9240987816168,0.456968007914911
A,PCZ,WithTurning,25.0028394371317,0.455835364889524
A,PCZ,WithTurning,25.081828851524,0.454705277353803
A,PCZ,WithTurning,25.1610678106771,0.453577755332167
A,PCZ,WithTurning,25.2405571029572,0.452452808707511
A,PCZ,WithTurning,25.3202975192211,0.451330447222049
A,PCZ,WithTurning,25.4002898528243,0.450210680478163
A,PCZ,WithTurning,25.4805348996284,0.449093517939248
A,PCZ,WithTurning,25.5610334580096,0.447978968930563
A,PCZ,WithTurning,25.641786328866,0.446867042640074
A,PCZ,WithTurning,25.7227943156261,0.445757748119315
A,PCZ,WithTurning,25.7502331801532,0.44538339867143
A,PCZ,WithTurning,25.8040582242567,0.444650737669627
A,PCZ,WithTurning,25.8855788632707,0.443544842405373
A,PCZ,WithTurning,25.9673570437352,0.442439978565188
A,PCZ,WithTurning,26.0493935792798,0.4413361553062
A,PCZ,WithTurning,26.1316892861044,0.440233381726984
A,PCZ,WithTurning,26.2142449829876,0.439131666867622
A,PCZ,WithTurning,26.2970614912946,0.438031019709746
A,PCZ,WithTurning,26.3801396349853,0.436931449176601
A,PCZ,WithTurning,26.4634802406231,0.435832964133089
A,PCZ,WithTurning,26.5470841373823,0.434735573385834
A,PCZ,WithTurning,26.6309521570569,0.433639285683235
A,PCZ,WithTurning,26.7150851340688,0.432544109715531
A,PCZ,WithTurning,26.7994839054757,0.431450054114854
A,PCZ,WithTurning,26.8841493109803,0.430357127455301
A,PCZ,WithTurning,26.9690821929375,0.429265338252992
A,PCZ,WithTurning,27.0542833963638,0.428174694966138
A,PCZ,WithTurning,27.139753768945,0.42708520599511
A,PCZ,WithTurning,27.2254941610453,0.425996879682506
A,PCZ,WithTurning,27.311505425715,0.424909724313221
A,PCZ,WithTurning,27.3977884186996,0.423823748114523
A,PCZ,WithTurning,27.484343998448,0.422738959256119
A,PCZ,WithTurning,27.5711730261212,0.42165536585024
A,PCZ,WithTurning,27.6582763656006,0.420572975951709
A,PCZ,WithTurning,27.745654883497,0.419491797558023
A,PCZ,WithTurning,27.833309449159,0.418411838609431
A,PCZ,WithTurning,27.9212409346815,0.417333106989015
A,PCZ,WithTurning,28.0094502149148,0.416255610522775
A,PCZ,WithTurning,28.0979381674727,0.415179356979706
A,PCZ,WithTurning,28.1867056727418,0.414104354071892
A,PCZ,WithTurning,28.2757536138901,0.413030609454582
A,PCZ,WithTurning,28.3650828768755,0.411958130726288
A,PCZ,WithTurning,28.4546943504551,0.410886925428868
A,PCZ,WithTurning,28.5445889261934,0.409817001047616
A,PCZ,WithTurning,28.6347674984718,0.40874836501136
A,PCZ,WithTurning,28.7252309644974,0.407681024692546
A,PCZ,WithTurning,28.8159802243114,0.406614987407342
A,PCZ,WithTurning,28.9070161807988,0.405550260415728
A,PCZ,WithTurning,28.9983397396966,0.404486850921591
A,PCZ,WithTurning,29.0899518096036,0.403424766072832
A,PCZ,WithTurning,29.1818533019888,0.402364012961457
A,PCZ,WithTurning,29.2740451312009,0.401304598623682
A,PCZ,WithTurning,29.3665282144772,0.400246530040034
A,PCZ,WithTurning,29.4593034719526,0.399189814135457
A,PCZ,WithTurning,29.552371826669,0.398134457779412
A,PCZ,WithTurning,29.6457342045846,0.397080467785985
A,PCZ,WithTurning,29.7393915345826,0.396027850913995
A,PCZ,WithTurning,29.8333447484808,0.394976613867104
A,PCZ,WithTurning,29.9275947810409,0.393926763293919
A,PCZ,WithTurning,30.0221425699778,0.39287830578811
A,PCZ,WithTurning,30.1169890559686,0.39183124788852
A,PCZ,WithTurning,30.2121351826624,0.390785596079275
A,PCZ,WithTurning,30.3075818966894,0.389741356789901
A,PCZ,WithTurning,30.4033301476705,0.388698536395437
A,PCZ,WithTurning,30.4993808882265,0.387657141216554
A,PCZ,WithTurning,30.5957350739879,0.38661717751967
A,PCZ,WithTurning,30.6923936636042,0.385578651517067
A,PCZ,WithTurning,30.7893576187535,0.384541569367016
A,PCZ,WithTurning,30.8866279041519,0.383505937173891
A,PCZ,WithTurning,30.9842054875634,0.382471760988294
A,PCZ,WithTurning,31.0820913398094,0.38143904680718
A,PCZ,WithTurning,31.1802864347782,0.380407800573975
A,PCZ,WithTurning,31.2787917494349,0.379378028178705
A,PCZ,WithTurning,31.3776082638312,0.37834973545812
A,PCZ,WithTurning,31.4767369611147,0.377322928195821
A,PCZ,WithTurning,31.5761788275391,0.37629761212239
A,PCZ,WithTurning,31.675934852474,0.375273792915512
A,PCZ,WithTurning,31.7760060284145,0.374251476200115
A,PCZ,WithTurning,31.8763933509912,0.373230667548489
A,PCZ,WithTurning,31.9770978189803,0.372211372480427
A,PCZ,WithTurning,32.0781204343132,0.371193596463353
A,PCZ,WithTurning,32.1794622020865,0.370177344912457
A,PCZ,WithTurning,32.2811241305724,0.369162623190825
A,PCZ,WithTurning,32.3831072312282,0.368149436609583
A,PCZ,WithTurning,32.4854125187068,0.367137790428024
A,PCZ,WithTurning,32.5880410108666,0.366127689853751
A,PCZ,WithTurning,32.6909937287814,0.36511914004281
A,PCZ,WithTurning,32.794271696751,0.364112146099835
A,PCZ,WithTurning,32.8978759423113,0.363106713078182
A,PCZ,WithTurning,33.0018074962441,0.362102845980072
A,PCZ,WithTurning,33.1060673925878,0.361100549756731
A,PCZ,WithTurning,33.2106566686478,0.360099829308533
A,PCZ,WithTurning,33.3155763650061,0.359100689485142
A,PCZ,WithTurning,33.4208275255325,0.358103135085658
A,PCZ,WithTurning,33.5264111973945,0.357107170858758
A,PCZ,WithTurning,33.6323284310677,0.356112801502843
A,PCZ,WithTurning,33.7385802803466,0.355120031666185
A,PCZ,WithTurning,33.8451678023548,0.35412886594707
A,PCZ,WithTurning,33.9520920575554,0.35313930889395
A,PCZ,WithTurning,34.0593541097621,0.352151365005589
A,PCZ,WithTurning,34.166955026149,0.351165038731212
A,PCZ,WithTurning,34.2748958772619,0.350180334470654
A,PCZ,WithTurning,34.3831777370286,0.349197256574511
A,PCZ,WithTurning,34.4918016827698,0.348215809344292
A,PCZ,WithTurning,34.6007687952094,0.347235997032569
A,PCZ,WithTurning,34.7100801584859,0.346257823843131
A,PCZ,WithTurning,34.8197368601626,0.345281293931136
A,PCZ,WithTurning,34.9297399912388,0.344306411403262
A,PCZ,WithTurning,35.0400906461602,0.343333180317869
A,PCZ,WithTurning,35.1507899228304,0.342361604685146
A,PCZ,WithTurning,35.2618389226215,0.34139168846727
A,PCZ,WithTurning,35.373238750385,0.340423435578563
A,PCZ,WithTurning,35.4849905144627,0.339456849885647
A,PCZ,WithTurning,35.5970953266982,0.338491935207602
A,PCZ,WithTurning,35.7095543024474,0.337528695316123
A,PCZ,WithTurning,35.82236856059,0.336567133935683
A,PCZ,WithTurning,35.9355392235406,0.335607254743684
A,PCZ,WithTurning,36.0490674172594,0.334649061370626
A,PCZ,WithTurning,36.162954271264,0.333692557400259
A,PCZ,WithTurning,36.2772009186404,0.332737746369748
A,PCZ,WithTurning,36.3918084960541,0.331784631769836
A,PCZ,WithTurning,36.5067781437619,0.330833217045
A,PCZ,WithTurning,36.6221110056224,0.329883505593618
A,PCZ,WithTurning,36.7378082291085,0.32893550076813
A,PCZ,WithTurning,36.8538709653177,0.327989205875203
A,PCZ,WithTurning,36.9703003689844,0.327044624175891
A,PCZ,WithTurning,37.0870975984909,0.326101758885803
A,PCZ,WithTurning,37.2042638158792,0.325160613175266
A,PCZ,WithTurning,37.3218001868622,0.32422119016949
A,PCZ,WithTurning,37.4397078808359,0.323283492948734
A,PCZ,WithTurning,37.5579880708904,0.322347524548471
A,PCZ,WithTurning,37.6766419338219,0.321413287959557
A,PCZ,WithTurning,37.7956706501445,0.320480786128394
A,PCZ,WithTurning,37.9150754041015,0.319550021957101
A,PCZ,WithTurning,38.0348573836779,0.318620998303679
A,PCZ,WithTurning,38.1550177806114,0.317693717982179
A,PCZ,WithTurning,38.2755577904049,0.316768183762873
A,PCZ,WithTurning,38.3964786123382,0.315844398372419
A,PCZ,WithTurning,38.5177814494795,0.314922364494035
A,PCZ,WithTurning,38.6394675086983,0.314002084767662
A,PCZ,WithTurning,38.7615380006765,0.313083561790139
A,PCZ,WithTurning,38.8839941399209,0.312166798115372
A,PCZ,WithTurning,39.0068371447751,0.311251796254503
A,PCZ,WithTurning,39.1300682374319,0.310338558676082
A,PCZ,WithTurning,39.2536886439453,0.309427087806238
A,PCZ,WithTurning,39.3776995942423,0.308517386028849
A,PCZ,WithTurning,39.5021023221359,0.307609455685716
A,PCZ,WithTurning,39.6268980653368,0.306703299076734
A,PCZ,WithTurning,39.7520880654659,0.305798918460063
A,PCZ,WithTurning,39.8776735680668,0.3048963160523
A,PCZ,WithTurning,40.0036558226179,0.303995494028657
A,PCZ,WithTurning,40.130036082545,0.303096454523127
A,PCZ,WithTurning,40.2568156052337,0.302199199628662
A,PCZ,WithTurning,40.383995652042,0.301303731397345
A,PCZ,WithTurning,40.5115774883129,0.300410051840561
A,PCZ,WithTurning,40.6395623833868,0.299518162929176
A,PCZ,WithTurning,40.7679516106141,0.298628066593709
A,PCZ,WithTurning,40.8967464473682,0.297739764724505
A,PCZ,WithTurning,41.025948175058,0.296853259171909
A,PCZ,WithTurning,41.1555580791405,0.295968551746445
A,PCZ,WithTurning,41.2855774491338,0.295085644218985
A,PCZ,WithTurning,41.4160075786299,0.29420453832093
A,PCZ,WithTurning,41.5468497653075,0.29332523574438
A,PCZ,WithTurning,41.6781053109449,0.292447738142313
A,PCZ,WithTurning,41.8097755214332,0.291572047128759
A,PCZ,WithTurning,41.9418617067888,0.290698164278974
A,PCZ,WithTurning,42.0743651811671,0.289826091129619
A,PCZ,WithTurning,42.2072872628748,0.288955829178936
A,PCZ,WithTurning,42.3406292743838,0.288087379886919
A,PCZ,WithTurning,42.4743925423435,0.287220744675496
A,PCZ,WithTurning,42.608578397595,0.286355924928703
A,PCZ,WithTurning,42.7431881751836,0.285492921992859
A,PCZ,WithTurning,42.8782232143721,0.284631737176744
A,PCZ,WithTurning,43.0136848586546,0.283772371751774
A,PCZ,WithTurning,43.1495744557695,0.28291482695218
A,PCZ,WithTurning,43.2858933577129,0.282059103975184
A,PCZ,WithTurning,43.4226429207523,0.281205203981172
A,PCZ,WithTurning,43.5598245054399,0.280353128093877
A,PCZ,WithTurning,43.6974394766262,0.279502877400549
A,PCZ,WithTurning,43.8354892034734,0.278654452952139
A,PCZ,WithTurning,43.9739750594694,0.277807855763469
A,PCZ,WithTurning,44.1128984224412,0.276963086813414
A,PCZ,WithTurning,44.2522606745684,0.276120147045075
A,PCZ,WithTurning,44.3920632023977,0.27527903736596
A,PCZ,WithTurning,44.5323073968556,0.274439758648157
A,PCZ,WithTurning,44.6729946532635,0.273602311728512
A,PCZ,WithTurning,44.8141263713503,0.27276669740881
A,PCZ,WithTurning,44.9557039552673,0.271932916455945
A,PCZ,WithTurning,45.0977288136019,0.2711009696021
A,PCZ,WithTurning,45.2402023593912,0.270270857544927
A,PCZ,WithTurning,45.3831260101366,0.269442580947719
A,PCZ,WithTurning,45.5265011878177,0.268616140439588
A,PCZ,WithTurning,45.6703293189066,0.267791536615643
A,PCZ,WithTurning,45.8146118343814,0.266968770037167
A,PCZ,WithTurning,45.9593501697416,0.26614784123179
A,PCZ,WithTurning,46.1045457650213,0.265328750693671
A,PCZ,WithTurning,46.2502000648043,0.26451149888367
A,PCZ,WithTurning,46.3963145182379,0.263696086229525
A,PCZ,WithTurning,46.5428905790477,0.26288251312603
A,PCZ,WithTurning,46.6899297055521,0.262070779935212
A,PCZ,WithTurning,46.8374333606762,0.261260886986503
A,PCZ,WithTurning,46.9854030119672,0.26045283457692
A,PCZ,WithTurning,47.1338401316085,0.259646622971237
A,PCZ,WithTurning,47.2827461964343,0.258842252402167
A,PCZ,WithTurning,47.4321226879447,0.25803972307053
A,PCZ,WithTurning,47.5819710923199,0.257239035145434
A,PCZ,WithTurning,47.7322929004355,0.256440188764449
A,PCZ,WithTurning,47.8830896078769,0.255643184033781
A,PCZ,WithTurning,48.0343627149546,0.25484802102845
A,PCZ,WithTurning,48.1861137267188,0.254054699792458
A,PCZ,WithTurning,48.3383441529743,0.253263220338976
A,PCZ,WithTurning,48.4910555082961,0.252473582650505
A,PCZ,WithTurning,48.6442493120437,0.251685786679061
A,PCZ,WithTurning,48.7979270883767,0.250899832346344
A,PCZ,WithTurning,48.95209036627,0.250115719543913
A,PCZ,WithTurning,49.1067406795287,0.24933344813336
A,PCZ,WithTurning,49.2618795668037,0.248553017946486
A,PCZ,WithTurning,49.4175085716065,0.24777442878547
A,PCZ,WithTurning,49.5736292423252,0.246997680423049
A,PCZ,WithTurning,49.7302431322395,0.246222772602683
A,PCZ,WithTurning,49.8873517995362,0.245449705038735
A,PCZ,WithTurning,50.0449568073249,0.244678477416641
A,PCZ,WithTurning,50.2030597236531,0.24390908939308
A,PCZ,WithTurning,50.3616621215225,0.243141540596153
A,PCZ,WithTurning,50.520765578904,0.242375830625547
A,PCZ,WithTurning,50.6803716787536,0.241611959052715
A,PCZ,WithTurning,50.8404820090285,0.24084992542104
A,PCZ,WithTurning,51.0010981627023,0.240089729246012
A,PCZ,WithTurning,51.1622217377812,0.239331370015396
A,PCZ,WithTurning,51.3238543373201,0.238574847189404
A,PCZ,WithTurning,51.3944216579538,0.238245877134523
A,PCZ,WithTurning,51.4859975694379,0.237820101431685
A,PCZ,WithTurning,51.6486530473343,0.237066858127222
A,PCZ,WithTurning,51.8118223893051,0.236315084466735
A,PCZ,WithTurning,51.975507218759,0.235564782706243
A,PCZ,WithTurning,52.139709164233,0.234815955067058
A,PCZ,WithTurning,52.3044298594093,0.234068603735902
A,PCZ,WithTurning,52.4696709431313,0.233322730865028
A,PCZ,WithTurning,52.6354340594196,0.232578338572334
A,PCZ,WithTurning,52.8017208574887,0.231835428941482
A,PCZ,WithTurning,52.9685329917635,0.23109400402202
A,PCZ,WithTurning,53.1358721218954,0.230354065829494
A,PCZ,WithTurning,53.3037399127792,0.229615616345573
A,PCZ,WithTurning,53.4721380345691,0.228878657518169
A,PCZ,WithTurning,53.6410681626962,0.228143191261552
A,PCZ,WithTurning,53.8105319778841,0.227409219456473
A,PCZ,WithTurning,53.9805311661667,0.226676743950286
A,PCZ,WithTurning,54.1510674189039,0.225945766557069
A,PCZ,WithTurning,54.3221424327995,0.225216289057741
A,PCZ,WithTurning,54.4937579099173,0.224488313200189
A,PCZ,WithTurning,54.6659155576981,0.223761840699388
A,PCZ,WithTurning,54.8386170889774,0.223036873237521
A,PCZ,WithTurning,55.0118642220013,0.222313412464106
A,PCZ,WithTurning,55.1856586804447,0.221591459996114
A,PCZ,WithTurning,55.3600021934278,0.220871017418097
A,PCZ,WithTurning,55.5348964955334,0.220152086282308
A,PCZ,WithTurning,55.7103433268242,0.219434668108826
A,PCZ,WithTurning,55.8863444328603,0.218718764385679
A,PCZ,WithTurning,56.0629015647164,0.218004376568972
A,PCZ,WithTurning,56.240016478999,0.217291506083005
A,PCZ,WithTurning,56.4176909378643,0.216580154320404
A,PCZ,WithTurning,56.5959267090356,0.215870322642242
A,PCZ,WithTurning,56.7747255658205,0.215162012378169
A,PCZ,WithTurning,56.9540892871291,0.214455224826531
A,PCZ,WithTurning,57.1340196574916,0.2137499612545
A,PCZ,WithTurning,57.3145184670756,0.213046222898201
A,PCZ,WithTurning,57.4955875117045,0.212344010962835
A,PCZ,WithTurning,57.6772285928748,0.211643326622807
A,PCZ,WithTurning,57.8594435177748,0.210944171021852
A,PCZ,WithTurning,58.0422340993015,0.210246545273164
A,PCZ,WithTurning,58.2256021560797,0.209550450459521
A,PCZ,WithTurning,58.4095495124794,0.208855887633412
A,PCZ,WithTurning,58.5940779986343,0.208162857817166
A,PCZ,WithTurning,58.7791894504599,0.207471362003078
A,PCZ,WithTurning,58.9648857096715,0.206781401153538
A,PCZ,WithTurning,59.1511686238032,0.20609297620116
A,PCZ,WithTurning,59.3380400462255,0.205406088048907
A,PCZ,WithTurning,59.5255018361644,0.204720737570222
A,PCZ,WithTurning,59.7135558587192,0.204036925609154
A,PCZ,WithTurning,59.9022039848819,0.20335465298049
A,PCZ,WithTurning,60.0914480915551,0.202673920469881
A,PCZ,WithTurning,60.281290061571,0.201994728833972
A,PCZ,WithTurning,60.4717317837101,0.201317078800532
A,PCZ,WithTurning,60.66277515272,0.20064097106858
A,PCZ,WithTurning,60.8544220693341,0.199966406308517
A,PCZ,WithTurning,61.0466744402908,0.199293385162255
A,PCZ,WithTurning,61.2395341783522,0.198621908243346
A,PCZ,WithTurning,61.4330032023231,0.197951976137112
A,PCZ,WithTurning,61.6270834370706,0.197283589400774
A,PCZ,WithTurning,61.8217768135425,0.196616748563582
A,PCZ,WithTurning,62.017085268787,0.195951454126948
A,PCZ,WithTurning,62.2130107459719,0.195287706564571
A,PCZ,WithTurning,62.4095551944039,0.194625506322568
A,PCZ,WithTurning,62.606720569548,0.193964853819608
A,PCZ,WithTurning,62.8045088330468,0.193305749447039
A,PCZ,WithTurning,63.0029219527404,0.19264819356902
A,PCZ,WithTurning,63.2019619026854,0.191992186522648
A,PCZ,WithTurning,63.4016306631751,0.191337728618094
A,PCZ,WithTurning,63.6019302207591,0.190684820138727
A,PCZ,WithTurning,63.8028625682626,0.19003346134125
A,PCZ,WithTurning,64.0044297048069,0.189383652455829
A,PCZ,WithTurning,64.2066336358287,0.188735393686221
A,PCZ,WithTurning,64.4094763731005,0.188088685209908
A,PCZ,WithTurning,64.6129599347503,0.187443527178226
A,PCZ,WithTurning,64.8170863452818,0.186799919716496
A,PCZ,WithTurning,65.0218576355948,0.186157862924155
A,PCZ,WithTurning,65.2272758430047,0.185517356874887
A,PCZ,WithTurning,65.4333430112637,0.184878401616751
A,PCZ,WithTurning,65.6400611905803,0.184240997172317
A,PCZ,WithTurning,65.8474324376403,0.183605143538791
A,PCZ,WithTurning,66.0554588156268,0.182970840688151
A,PCZ,WithTurning,66.2641423942411,0.182338088567273
A,PCZ,WithTurning,66.4734852497232,0.181706887098064
A,PCZ,WithTurning,66.6834894648721,0.181077236177594
A,PCZ,WithTurning,66.8941571290672,0.180449135678225
A,PCZ,WithTurning,67.1054903382883,0.179822585447741
A,PCZ,WithTurning,67.3174911951373,0.179197585309479
A,PCZ,WithTurning,67.5301618088583,0.178574135062463
A,PCZ,WithTurning,67.7435042953591,0.177952234481529
A,PCZ,WithTurning,67.9575207772322,0.177331883317459
A,PCZ,WithTurning,68.1722133837756,0.176713081297111
A,PCZ,WithTurning,68.3875842510145,0.176095828123548
A,PCZ,WithTurning,68.6036355217222,0.175480123476172
A,PCZ,WithTurning,68.8203693454412,0.174865967010848
A,PCZ,WithTurning,69.0377878785053,0.17425335836004
A,PCZ,WithTurning,69.2558932840603,0.173642297132941
A,PCZ,WithTurning,69.474687732086,0.173032782915597
A,PCZ,WithTurning,69.6941733994176,0.172424815271044
A,PCZ,WithTurning,69.9143524697675,0.171818393739435
A,PCZ,WithTurning,70.1352271337467,0.171213517838169
A,PCZ,WithTurning,70.3567995888871,0.170610187062023
A,PCZ,WithTurning,70.5790720396627,0.170008400883279
A,PCZ,WithTurning,70.8020466975124,0.169408158751855
A,PCZ,WithTurning,71.0257257808611,0.168809460095436
A,PCZ,WithTurning,71.2501115151424,0.168212304319601
A,PCZ,WithTurning,71.4752061328204,0.167616690807953
A,PCZ,WithTurning,71.7010118734122,0.167022618922248
A,PCZ,WithTurning,71.9275309835099,0.166430088002524
A,PCZ,WithTurning,72.1547657168032,0.165839097367231
A,PCZ,WithTurning,72.3827183341015,0.165249646313358
A,PCZ,WithTurning,72.6113911033567,0.164661734116565
A,PCZ,WithTurning,72.8407862996857,0.164075360031305
A,PCZ,WithTurning,73.0709062053929,0.163490523290961
A,PCZ,WithTurning,73.3017531099932,0.162907223107966
A,PCZ,WithTurning,73.5333293102341,0.162325458673937
A,PCZ,WithTurning,73.7656371101197,0.161745229159802
A,PCZ,WithTurning,73.9986788209323,0.161166533715924
A,PCZ,WithTurning,74.2324567612565,0.160589371472233
A,PCZ,WithTurning,74.4669732570015,0.160013741538351
A,PCZ,WithTurning,74.7022306414249,0.159439643003722
A,PCZ,WithTurning,74.9382312551552,0.158867074937737
A,PCZ,WithTurning,75.1749774462157,0.158296036389859
A,PCZ,WithTurning,75.4124715700476,0.157726526389756
A,PCZ,WithTurning,75.6507159895333,0.157158543947422
A,PCZ,WithTurning,75.8897130750202,0.156592088053306
A,PCZ,WithTurning,76.129465204344,0.156027157678439
A,PCZ,WithTurning,76.3699747628527,0.155463751774557
A,PCZ,WithTurning,76.6112441434301,0.154901869274232
A,PCZ,WithTurning,76.8532757465194,0.154341509090992
A,PCZ,WithTurning,77.0960719801476,0.153782670119452
A,PCZ,WithTurning,77.3396352599491,0.153225351235434
A,PCZ,WithTurning,77.5839680091898,0.152669551296099
A,PCZ,WithTurning,77.8290726587911,0.152115269140064
A,PCZ,WithTurning,78.0749516473544,0.151562503587534
A,PCZ,WithTurning,78.3216074211851,0.151011253440423
A,PCZ,WithTurning,78.569042434317,0.150461517482477
A,PCZ,WithTurning,78.8172591485368,0.149913294479402
A,PCZ,WithTurning,79.0662600334084,0.149366583178987
A,PCZ,WithTurning,79.3160475662977,0.148821382311223
A,PCZ,WithTurning,79.566624232397,0.148277690588434
A,PCZ,WithTurning,79.81799252475,0.147735506705394
A,PCZ,WithTurning,80.0701549442764,0.147194829339456
A,PCZ,WithTurning,80.3231139997969,0.146655657150668
A,PCZ,WithTurning,80.5768722080581,0.146117988781902
A,PCZ,WithTurning,80.8314320937576,0.14558182285897
A,PCZ,WithTurning,81.0867961895688,0.145047157990754
A,PCZ,WithTurning,81.3429670361667,0.144513992769321
A,PCZ,WithTurning,81.5999471822526,0.143982325770047
A,PCZ,WithTurning,81.85773918458,0.143452155551739
A,PCZ,WithTurning,82.1163456079794,0.142923480656757
A,PCZ,WithTurning,82.3757690253844,0.142396299611132
A,PCZ,WithTurning,82.636012017857,0.14187061092469
A,PCZ,WithTurning,82.8970771746132,0.14134641309117
A,PCZ,WithTurning,83.158967093049,0.140823704588343
A,PCZ,WithTurning,83.4216843787663,0.140302483878138
A,PCZ,WithTurning,83.6852316455983,0.139782749406754
A,PCZ,WithTurning,83.9496115156363,0.139264499604783
A,PCZ,WithTurning,84.214826619255,0.138747732887331
A,PCZ,WithTurning,84.4808795951392,0.138232447654132
A,PCZ,WithTurning,84.7477730903098,0.137718642289673
A,PCZ,WithTurning,85.0155097601503,0.137206315163303
A,PCZ,WithTurning,85.2840922684331,0.136695464629363
A,PCZ,WithTurning,85.5535232873459,0.136186089027291
A,PCZ,WithTurning,85.8238054975187,0.135678186681749
A,PCZ,WithTurning,86.0949415880501,0.135171755902738
A,PCZ,WithTurning,86.366934256534,0.13466679498571
A,PCZ,WithTurning,86.6397862090865,0.134163302211691
A,PCZ,WithTurning,86.9135001603734,0.133661275847394
A,PCZ,WithTurning,87.1880788336363,0.133160714145335
A,PCZ,WithTurning,87.4635249607202,0.132661615343949
A,PCZ,WithTurning,87.7398412821005,0.132163977667706
A,PCZ,WithTurning,88.0170305469108,0.131667799327227
A,PCZ,WithTurning,88.2950955129691,0.131173078519395
A,PCZ,WithTurning,88.5740389468066,0.130679813427474
A,PCZ,WithTurning,88.8538636236942,0.13018800222122
A,PCZ,WithTurning,89.1345723276706,0.129697643056998
A,PCZ,WithTurning,89.41616785157,0.129208734077891
A,PCZ,WithTurning,89.6986529970494,0.128721273413819
A,PCZ,WithTurning,89.9820305746174,0.128235259181646
A,PCZ,WithTurning,90.266303403661,0.127750689485297
A,PCZ,WithTurning,90.5514743124748,0.12726756241587
A,PCZ,WithTurning,90.8375461382883,0.126785876051745
A,PCZ,WithTurning,91.1245217272944,0.1263056284587
A,PCZ,WithTurning,91.4124039346778,0.125826817690016
A,PCZ,WithTurning,91.7011956246436,0.125349441786596
A,PCZ,WithTurning,91.9908996704451,0.124873498777071
A,PCZ,WithTurning,92.2815189544132,0.124398986677911
A,PCZ,WithTurning,92.5730563679845,0.123925903493533
A,PCZ,WithTurning,92.8655148117304,0.123454247216417
A,PCZ,WithTurning,93.1588971953858,0.122984015827208
A,PCZ,WithTurning,93.4532064378779,0.122515207294832
A,PCZ,WithTurning,93.7484454673558,0.122047819576597
A,PCZ,WithTurning,94.0446172212189,0.12158185061831
A,PCZ,WithTurning,94.3417246461468,0.121117298354378
A,PCZ,WithTurning,94.639770698128,0.120654160707921
A,PCZ,WithTurning,94.9387583424899,0.120192435590874
A,PCZ,WithTurning,95.2386905539277,0.119732120904098
A,PCZ,WithTurning,95.5395703165346,0.119273214537488
A,PCZ,WithTurning,95.8414006238311,0.118815714370075
A,PCZ,WithTurning,96.1441844787948,0.118359618270134
A,PCZ,WithTurning,96.4479248938905,0.117904924095291
A,PCZ,WithTurning,96.7526248910998,0.117451629692626
A,PCZ,WithTurning,97.0582875019518,0.116999732898781
A,PCZ,WithTurning,97.3649157675523,0.116549231540061
A,PCZ,WithTurning,97.6725127386152,0.116100123432542
A,PCZ,WithTurning,97.9810814754919,0.11565240638217
A,PCZ,WithTurning,98.2906250482023,0.115206078184872
A,PCZ,WithTurning,98.6011465364648,0.114761136626651
A,PCZ,WithTurning,98.912649029728,0.114317579483694
A,PCZ,WithTurning,99.2251356272,0.113875404522475
A,PCZ,WithTurning,99.5386094378804,0.113434609499853
A,PCZ,WithTurning,99.8530735805907,0.112995192163179
A,PCZ,WithTurning,100.168531184005,0.112557150250391
A,PCZ,WithTurning,100.484985386683,0.112120481490122
A,PCZ,WithTurning,100.802439337098,0.111685183601796
A,PCZ,WithTurning,101.120896193672,0.11125125429573
A,PCZ,WithTurning,101.440359124802,0.110818691273234
A,PCZ,WithTurning,101.760831308897,0.110387492226712
A,PCZ,WithTurning,102.082315934408,0.109957654839756
A,PCZ,WithTurning,102.404816199858,0.109529176787252
A,PCZ,WithTurning,102.728335313874,0.109102055735474
A,PCZ,WithTurning,103.05287649522,0.108676289342184
A,PCZ,WithTurning,103.05287649522,0.108676289342184
A,PCZ,WithoutTurning,2.28927148112092,2.42526490483407
A,PCZ,WithoutTurning,2.2962524075291,2.37919909725649
A,PCZ,WithoutTurning,2.30325462164121,2.33412227256804
A,PCZ,WithoutTurning,2.31027818837219,2.28999929004677
A,PCZ,WithoutTurning,2.31117817111697,2.28442224856895
A,PCZ,WithoutTurning,2.31732317283491,2.24678820043232
A,PCZ,WithoutTurning,2.32438964034081,2.20455173174444
A,PCZ,WithoutTurning,2.32560884575535,2.19738659467211
A,PCZ,WithoutTurning,2.33147765640049,2.16313970445361
A,PCZ,WithoutTurning,2.33858728672431,2.1226205500456
A,PCZ,WithoutTurning,2.34522002437124,2.08655513281217
A,PCZ,WithoutTurning,2.34571859722303,2.08392592401453
A,PCZ,WithoutTurning,2.35287165400837,2.04631439304733
A,PCZ,WithoutTurning,2.36004652339366,2.00897274880794
A,PCZ,WithoutTurning,2.36724327189446,1.97214679938091
A,PCZ,WithoutTurning,2.37446196622916,1.93606458425911
A,PCZ,WithoutTurning,2.38170267331959,1.9009371221265
A,PCZ,WithoutTurning,2.38896546029165,1.8669594021273
A,PCZ,WithoutTurning,2.39625039447596,1.8343115854779
A,PCZ,WithoutTurning,2.40355754340843,1.80316038781788
A,PCZ,WithoutTurning,2.41088697483092,1.7736606167737
A,PCZ,WithoutTurning,2.41823875669189,1.74595684370496
A,PCZ,WithoutTurning,2.42561295714696,1.72018519342914
A,PCZ,WithoutTurning,2.43300964455962,1.69647524081325
A,PCZ,WithoutTurning,2.43529997489005,1.6895847917322
A,PCZ,WithoutTurning,2.44042888750181,1.67456913055352
A,PCZ,WithoutTurning,2.44787075475458,1.65338482438717
A,PCZ,WithoutTurning,2.45533531530871,1.63284343573935
A,PCZ,WithoutTurning,2.46282263836538,1.61294063467266
A,PCZ,WithoutTurning,2.47033279333678,1.59367210991281
A,PCZ,WithoutTurning,2.47786584984677,1.57503359515224
A,PCZ,WithoutTurning,2.48542187773152,1.55702089474726
A,PCZ,WithoutTurning,2.49300094704016,1.5396299088612
A,PCZ,WithoutTurning,2.50060312803544,1.52285665810858
A,PCZ,WithoutTurning,2.50822849119435,1.50669730775851
A,PCZ,WithoutTurning,2.5158771072088,1.49114819155737
A,PCZ,WithoutTurning,2.52354904698627,1.47620583523434
A,PCZ,WithoutTurning,2.53124438165047,1.46186697975528
A,PCZ,WithoutTurning,2.53896318254199,1.44812860439372
A,PCZ,WithoutTurning,2.54670552121898,1.43498794969035
A,PCZ,WithoutTurning,2.55447146945777,1.42244254037522
A,PCZ,WithoutTurning,2.5622610992536,1.41049020833034
A,PCZ,WithoutTurning,2.57007448282123,1.39912911567312
A,PCZ,WithoutTurning,2.57791169259563,1.38835777804499
A,PCZ,WithoutTurning,2.58577280123268,1.37817508819293
A,PCZ,WithoutTurning,2.5936578816098,1.36858033993573
A,PCZ,WithoutTurning,2.59616236839863,1.36566159155537
A,PCZ,WithoutTurning,2.60156700682663,1.35951447722529
A,PCZ,WithoutTurning,2.60950025020575,1.35079292882409
A,PCZ,WithoutTurning,2.6174576852933,1.34239483657421
A,PCZ,WithoutTurning,2.62543938585972,1.33431215181417
A,PCZ,WithoutTurning,2.63344542590039,1.32653711114456
A,PCZ,WithoutTurning,2.64147587963634,1.31906222486037
A,PCZ,WithoutTurning,2.64953082151492,1.31188026587232
A,PCZ,WithoutTurning,2.65761032621051,1.30498425909321
A,PCZ,WithoutTurning,2.6657144686252,1.29836747126681
A,PCZ,WithoutTurning,2.67384332388948,1.29202340121774
A,PCZ,WithoutTurning,2.68199696736296,1.28594577050198
A,PCZ,WithoutTurning,2.69017547463505,1.28012851443868
A,PCZ,WithoutTurning,2.69837892152563,1.27456577350494
A,PCZ,WithoutTurning,2.70660738408584,1.26925188507608
A,PCZ,WithoutTurning,2.71486093859869,1.26418137549477
A,PCZ,WithoutTurning,2.72313966157981,1.25934895245354
A,PCZ,WithoutTurning,2.73144362977819,1.25474949767535
A,PCZ,WithoutTurning,2.73220840718868,1.2543381215716
A,PCZ,WithoutTurning,2.73977292017682,1.25028629652225
A,PCZ,WithoutTurning,2.74812760999348,1.24583216964162
A,PCZ,WithoutTurning,2.75650777668138,1.24139366872121
A,PCZ,WithoutTurning,2.76491349792994,1.236978196825
A,PCZ,WithoutTurning,2.77334485166548,1.23259305118953
A,PCZ,WithoutTurning,2.78180191605197,1.22824542482033
A,PCZ,WithoutTurning,2.79028476949169,1.22394240851253
A,PCZ,WithoutTurning,2.79879349062604,1.21969099328502
A,PCZ,WithoutTurning,2.80732815833622,1.21549807321785
A,PCZ,WithoutTurning,2.81588885174395,1.21137044868319
A,PCZ,WithoutTurning,2.82447565021226,1.20731482996034
A,PCZ,WithoutTurning,2.83308863334617,1.20333784122612
A,PCZ,WithoutTurning,2.84172788099344,1.1994460249126
A,PCZ,WithoutTurning,2.85039347324533,1.19564584642443
A,PCZ,WithoutTurning,2.85908549043734,1.19194369920933
A,PCZ,WithoutTurning,2.86780401314993,1.18834591017563
A,PCZ,WithoutTurning,2.87654912220928,1.18485874545179
A,PCZ,WithoutTurning,2.88532089868807,1.18148841648371
A,PCZ,WithoutTurning,2.89411942390617,1.17824108646661
A,PCZ,WithoutTurning,2.90294477943145,1.17512287710911
A,PCZ,WithoutTurning,2.9117970470805,1.17213987572839
A,PCZ,WithoutTurning,2.9206763089194,1.16929814267635
A,PCZ,WithoutTurning,2.92958264726452,1.16660371909769
A,PCZ,WithoutTurning,2.93851614468319,1.16406263502228
A,PCZ,WithoutTurning,2.94747688399456,1.1616809177953
A,PCZ,WithoutTurning,2.95646494827031,1.15946460085001
A,PCZ,WithoutTurning,2.96548042083547,1.15741973282929
A,PCZ,WithoutTurning,2.97452338526912,1.15555238706378
A,PCZ,WithoutTurning,2.98359392540523,1.15386867141558
A,PCZ,WithoutTurning,2.99269212533342,1.15237473849845
A,PCZ,WithoutTurning,3.00181806939972,1.15107679628675
A,PCZ,WithoutTurning,3.01097184220737,1.1499811191273
A,PCZ,WithoutTurning,3.02015352861761,1.14909405917019
A,PCZ,WithoutTurning,3.02936321375043,1.14842205823608
A,PCZ,WithoutTurning,3.03117679568668,1.1483158202907
A,PCZ,WithoutTurning,3.03860098298542,1.14790572065697
A,PCZ,WithoutTurning,3.0478669219625,1.14741333498305
A,PCZ,WithoutTurning,3.05716111658276,1.14694040732183
A,PCZ,WithoutTurning,3.06648365300922,1.1464863459331
A,PCZ,WithoutTurning,3.07583461766766,1.1460505609262
A,PCZ,WithoutTurning,3.08521409724741,1.14563246416621
A,PCZ,WithoutTurning,3.09462217870213,1.14523146918334
A,PCZ,WithoutTurning,3.10405894925066,1.14484699108533
A,PCZ,WithoutTurning,3.1135244963778,1.14447844647291
A,PCZ,WithoutTurning,3.12301890783512,1.14412525335828
A,PCZ,WithoutTurning,3.13254227164179,1.14378683108662
A,PCZ,WithoutTurning,3.14209467608538,1.14346260026059
A,PCZ,WithoutTurning,3.15167620972268,1.14315198266776
A,PCZ,WithoutTurning,3.16128696138054,1.1428544012111
A,PCZ,WithoutTurning,3.17092702015668,1.14256927984228
A,PCZ,WithoutTurning,3.18059647542049,1.14229604349804
A,PCZ,WithoutTurning,3.19029541681391,1.1420341180394
A,PCZ,WithoutTurning,3.20002393425222,1.14178293019375
A,PCZ,WithoutTurning,3.20978211792491,1.14154190749996
A,PCZ,WithoutTurning,3.21957005829647,1.14131047825623
A,PCZ,WithoutTurning,3.22938784610726,1.14108807147094
A,PCZ,WithoutTurning,3.23923557237435,1.14087411681628
A,PCZ,WithoutTurning,3.24911332839236,1.14066804458482
A,PCZ,WithoutTurning,3.2590212057343,1.14046928564883
A,PCZ,WithoutTurning,3.26895929625242,1.14027727142258
A,PCZ,WithoutTurning,3.27892769207906,1.14009143382738
A,PCZ,WithoutTurning,3.28892648562754,1.13991120525949
A,PCZ,WithoutTurning,3.29895576959295,1.13973601856084
A,PCZ,WithoutTurning,3.30901563695306,1.13956530699265
A,PCZ,WithoutTurning,3.31910618096917,1.13939850421174
A,PCZ,WithoutTurning,3.32922749518697,1.1392350442498
A,PCZ,WithoutTurning,3.33937967343741,1.13907436149537
A,PCZ,WithoutTurning,3.34956280983756,1.13891589067866
A,PCZ,WithoutTurning,3.35977699879151,1.13875906685922
A,PCZ,WithoutTurning,3.3700223349912,1.13860332541635
A,PCZ,WithoutTurning,3.38029891341735,1.13844810204231
A,PCZ,WithoutTurning,3.39060682934031,1.13829283273843
A,PCZ,WithoutTurning,3.40094617832093,1.13813695381386
A,PCZ,WithoutTurning,3.41131705621148,1.13797990188724
A,PCZ,WithoutTurning,3.42171955915653,1.13782111389112
A,PCZ,WithoutTurning,3.43215378359382,1.13766002707911
A,PCZ,WithoutTurning,3.44261982625516,1.13749607903593
A,PCZ,WithoutTurning,3.45311778416737,1.13732870769011
A,PCZ,WithoutTurning,3.46364775465311,1.13715735132959
A,PCZ,WithoutTurning,3.47420983533183,1.13698144862
A,PCZ,WithoutTurning,3.48480412412065,1.13680043862578
A,PCZ,WithoutTurning,3.49543071923531,1.13661376083402
A,PCZ,WithoutTurning,3.50608971919101,1.13642085518109
A,PCZ,WithoutTurning,3.5167812228034,1.13622116208201
A,PCZ,WithoutTurning,3.52750532918944,1.13601412246262
A,PCZ,WithoutTurning,3.53826213776833,1.1357991777944
A,PCZ,WithoutTurning,3.54905174826245,1.13557577013218
A,PCZ,WithoutTurning,3.55987426069829,1.13534334215444
A,PCZ,WithoutTurning,3.57072977540733,1.13510133720646
A,PCZ,WithoutTurning,3.58161839302703,1.13484919934608
A,PCZ,WithoutTurning,3.59254021450172,1.13458637339227
A,PCZ,WithoutTurning,3.60349534108355,1.1343123049764
A,PCZ,WithoutTurning,3.61448387433344,1.1340264405961
A,PCZ,WithoutTurning,3.625505916122,1.13372822767198
A,PCZ,WithoutTurning,3.63656156863049,1.13341711460684
A,PCZ,WithoutTurning,3.64765093435175,1.1330925508477
A,PCZ,WithoutTurning,3.6587741160912,1.13275398695042
A,PCZ,WithoutTurning,3.66993121696771,1.13240087464691
A,PCZ,WithoutTurning,3.68112234041462,1.13203266691506
A,PCZ,WithoutTurning,3.68463317164354,1.13191419550831
A,PCZ,WithoutTurning,3.69234759018069,1.13164886098454
A,PCZ,WithoutTurning,3.70360707033106,1.13124936429852
A,PCZ,WithoutTurning,3.71490088524816,1.13083430938648
A,PCZ,WithoutTurning,3.72622913963278,1.1304038314174
A,PCZ,WithoutTurning,3.73759193850496,1.12995806601485
A,PCZ,WithoutTurning,3.74898938720498,1.12949714923975
A,PCZ,WithoutTurning,3.76042159139437,1.12902121757326
A,PCZ,WithoutTurning,3.77188865705685,1.12853040789982
A,PCZ,WithoutTurning,3.78339069049932,1.12802485749024
A,PCZ,WithoutTurning,3.79492779835288,1.12750470398497
A,PCZ,WithoutTurning,3.80650008757376,1.12697008537751
A,PCZ,WithoutTurning,3.81810766544437,1.12642113999789
A,PCZ,WithoutTurning,3.82975063957425,1.12585800649633
A,PCZ,WithoutTurning,3.8414291179011,1.125280823827
A,PCZ,WithoutTurning,3.85314320869175,1.12468973123195
A,PCZ,WithoutTurning,3.8648930205432,1.12408486822511
A,PCZ,WithoutTurning,3.87667866238358,1.12346637457652
A,PCZ,WithoutTurning,3.88850024347321,1.12283439029661
A,PCZ,WithoutTurning,3.90035787340559,1.12218905562065
A,PCZ,WithoutTurning,3.91225166210839,1.12153051099337
A,PCZ,WithoutTurning,3.92418171984452,1.12085889705372
A,PCZ,WithoutTurning,3.93614815721312,1.12017435461967
A,PCZ,WithoutTurning,3.94815108515058,1.11947702467333
A,PCZ,WithoutTurning,3.96019061493161,1.11876704834608
A,PCZ,WithoutTurning,3.9722668581702,1.11804456690387
A,PCZ,WithoutTurning,3.98437992682074,1.11730972173275
A,PCZ,WithoutTurning,3.99652993317898,1.11656265432442
A,PCZ,WithoutTurning,4.00871698988313,1.11580350626206
A,PCZ,WithoutTurning,4.02094120991486,1.11503241920622
A,PCZ,WithoutTurning,4.03320270660038,1.1142495348809
A,PCZ,WithoutTurning,4.04550159361148,1.11345499505978
A,PCZ,WithoutTurning,4.05783798496658,1.11264894155261
A,PCZ,WithoutTurning,4.07021199503178,1.11183151619175
A,PCZ,WithoutTurning,4.08262373852193,1.11100286081885
A,PCZ,WithoutTurning,4.09507333050171,1.1101631172717
A,PCZ,WithoutTurning,4.10756088638666,1.10931242737127
A,PCZ,WithoutTurning,4.12008652194429,1.10845093290887
A,PCZ,WithoutTurning,4.1326503532951,1.10757877563344
A,PCZ,WithoutTurning,4.14525249691371,1.10669609723909
A,PCZ,WithoutTurning,4.15789306962993,1.10580303935272
A,PCZ,WithoutTurning,4.17057218862981,1.10489974352183
A,PCZ,WithoutTurning,4.18328997145675,1.1039863512025
A,PCZ,WithoutTurning,4.19604653601261,1.10306300374752
A,PCZ,WithoutTurning,4.20884200055876,1.10212984239469
A,PCZ,WithoutTurning,4.22167648371721,1.10118700825525
A,PCZ,WithoutTurning,4.23455010447167,1.10023464230254
A,PCZ,WithoutTurning,4.24746298216872,1.09927288536076
A,PCZ,WithoutTurning,4.26041523651886,1.09830187809392
A,PCZ,WithoutTurning,4.27340698759761,1.09732176099494
A,PCZ,WithoutTurning,4.2864383558467,1.09633267437498
A,PCZ,WithoutTurning,4.29950946207509,1.09533475835279
A,PCZ,WithoutTurning,4.31262042746016,1.09432815284439
A,PCZ,WithoutTurning,4.32577137354881,1.09331299755282
A,PCZ,WithoutTurning,4.33896242225858,1.09228943195802
A,PCZ,WithoutTurning,4.35219369587878,1.09125759530703
A,PCZ,WithoutTurning,4.36546531707165,1.09021762660414
A,PCZ,WithoutTurning,4.37877740887345,1.08916966460139
A,PCZ,WithoutTurning,4.39213009469565,1.08811384778915
A,PCZ,WithoutTurning,4.40552349832605,1.08705031438684
A,PCZ,WithoutTurning,4.41895774392992,1.0859792023339
A,PCZ,WithoutTurning,4.43243295605117,1.08490064928082
A,PCZ,WithoutTurning,4.44594925961348,1.08381479258044
A,PCZ,WithoutTurning,4.4595067799215,1.08272176927931
A,PCZ,WithoutTurning,4.47310564266195,1.08162171610931
A,PCZ,WithoutTurning,4.48674597390486,1.08051476947936
A,PCZ,WithoutTurning,4.50042790010467,1.07940106546731
A,PCZ,WithoutTurning,4.51415154810144,1.07828073981206
A,PCZ,WithoutTurning,4.52791704512201,1.07715392790571
A,PCZ,WithoutTurning,4.54172451878121,1.076020764786
A,PCZ,WithoutTurning,4.555574097083,1.07488138512884
A,PCZ,WithoutTurning,4.56946590842167,1.07373592324102
A,PCZ,WithoutTurning,4.58340008158306,1.07258451305309
A,PCZ,WithoutTurning,4.59737674574572,1.07142728811236
A,PCZ,WithoutTurning,4.6113960304821,1.07026438157614
A,PCZ,WithoutTurning,4.6254580657598,1.06909592620506
A,PCZ,WithoutTurning,4.63956298194273,1.06792205435656
A,PCZ,WithoutTurning,4.65371090979234,1.0667428979786
A,PCZ,WithoutTurning,4.6679019804688,1.06555858860346
A,PCZ,WithoutTurning,4.68213632553227,1.06436925734171
A,PCZ,WithoutTurning,4.69641407694408,1.06317503487637
A,PCZ,WithoutTurning,4.71073536706797,1.06197605145719
A,PCZ,WithoutTurning,4.7251003286713,1.06077243689511
A,PCZ,WithoutTurning,4.73950909492631,1.05956432055683
A,PCZ,WithoutTurning,4.7539617994113,1.05835183135961
A,PCZ,WithoutTurning,4.76845857611196,1.05713509776617
A,PCZ,WithoutTurning,4.7829995594225,1.05591424777971
A,PCZ,WithoutTurning,4.797584884147,1.05468940893917
A,PCZ,WithoutTurning,4.81221468550058,1.05346070831459
A,PCZ,WithoutTurning,4.8268890991107,1.0522282725026
A,PCZ,WithoutTurning,4.84160826101842,1.0509922276221
A,PCZ,WithoutTurning,4.8563723076796,1.04975269931006
A,PCZ,WithoutTurning,4.87118137596627,1.0485098127175
A,PCZ,WithoutTurning,4.88603560316778,1.04726369250558
A,PCZ,WithoutTurning,4.90093512699217,1.04601446284186
A,PCZ,WithoutTurning,4.91588008556739,1.0447622473967
A,PCZ,WithoutTurning,4.93087061744261,1.04350716933979
A,PCZ,WithoutTurning,4.94590686158948,1.04224935133685
A,PCZ,WithoutTurning,4.96098895740345,1.04098891554646
A,PCZ,WithoutTurning,4.97611704470504,1.039725983617
A,PCZ,WithoutTurning,4.99129126374111,1.03846067668382
A,PCZ,WithoutTurning,5.00651175518623,1.03719311536643
A,PCZ,WithoutTurning,5.02177866014393,1.03592341976594
A,PCZ,WithoutTurning,5.03709212014801,1.03465170946254
A,PCZ,WithoutTurning,5.05245227716387,1.03337810351321
A,PCZ,WithoutTurning,5.06785927358985,1.03210272044949
A,PCZ,WithoutTurning,5.08331325225847,1.03082567827546
A,PCZ,WithoutTurning,5.09881435643785,1.02954709446576
A,PCZ,WithoutTurning,5.11436272983297,1.02826708596381
A,PCZ,WithoutTurning,5.12995851658702,1.02698576918018
A,PCZ,WithoutTurning,5.14560186128276,1.02570325999102
A,PCZ,WithoutTurning,5.16129290894383,1.0244196737367
A,PCZ,WithoutTurning,5.17703180503611,1.02313512522047
A,PCZ,WithoutTurning,5.19281869546907,1.02184972870742
A,PCZ,WithoutTurning,5.20865372659711,1.02056359792335
A,PCZ,WithoutTurning,5.22453704522092,1.01927684605399
A,PCZ,WithoutTurning,5.24046879858887,1.01798958574417
A,PCZ,WithoutTurning,5.25644913439832,1.0167019290972
A,PCZ,WithoutTurning,5.27247820079703,1.01541398767436
A,PCZ,WithoutTurning,5.28855614638453,1.0141258724945
A,PCZ,WithoutTurning,5.3046831202135,1.01283769403379
A,PCZ,WithoutTurning,5.32085927179111,1.01154956222555
A,PCZ,WithoutTurning,5.33708475108047,1.01026158646024
A,PCZ,WithoutTurning,5.35335970850197,1.00897387558551
A,PCZ,WithoutTurning,5.36968429493471,1.00768653790647
A,PCZ,WithoutTurning,5.38605866171786,1.00639968118596
A,PCZ,WithoutTurning,5.40248296065211,1.00511341264501
A,PCZ,WithoutTurning,5.41895734400104,1.00382783896339
A,PCZ,WithoutTurning,5.43548196449253,1.00254306628029
A,PCZ,WithoutTurning,5.45205697532022,1.00125920019509
A,PCZ,WithoutTurning,5.46868253014488,0.999976345768224
A,PCZ,WithoutTurning,5.48535878309586,0.99869460752225
A,PCZ,WithoutTurning,5.50208588877251,0.997414089442898
A,PCZ,WithoutTurning,5.51886400224562,0.996134894980323
A,PCZ,WithoutTurning,5.53569327905885,0.994857127050424
A,PCZ,WithoutTurning,5.55257387523018,0.993580888036283
A,PCZ,WithoutTurning,5.56950594725336,0.992306279789703
A,PCZ,WithoutTurning,5.58648965209935,0.991033403632858
A,PCZ,WithoutTurning,5.60352514721776,0.989762360360038
A,PCZ,WithoutTurning,5.62061259053835,0.988493250239505
A,PCZ,WithoutTurning,5.63775214047247,0.987226173015446
A,PCZ,WithoutTurning,5.65494395591453,0.985961227910029
A,PCZ,WithoutTurning,5.67218819624346,0.984698513625559
A,PCZ,WithoutTurning,5.68948502132421,0.983438128346732
A,PCZ,WithoutTurning,5.70683459150924,0.982180169742986
A,PCZ,WithoutTurning,5.72423706763997,0.980924734970955
A,PCZ,WithoutTurning,5.7416926110483,0.979671920677011
A,PCZ,WithoutTurning,5.7592013835581,0.978421822999909
A,PCZ,WithoutTurning,5.77676354748669,0.977174537573522
A,PCZ,WithoutTurning,5.79437926564639,0.975930159529671
A,PCZ,WithoutTurning,5.81204870134597,0.974688783501046
A,PCZ,WithoutTurning,5.82977201839222,0.973450503624221
A,PCZ,WithoutTurning,5.84754938109143,0.972215413542762
A,PCZ,WithoutTurning,5.86538095425094,0.97098360641042
A,PCZ,WithoutTurning,5.88326690318064,0.969755174894414
A,PCZ,WithoutTurning,5.90120739369454,0.968530211178809
A,PCZ,WithoutTurning,5.91920259211225,0.967308806967971
A,PCZ,WithoutTurning,5.93725266526059,0.96609105349012
A,PCZ,WithoutTurning,5.95535778047508,0.964877041500959
A,PCZ,WithoutTurning,5.97351810560153,0.963666861287394
A,PCZ,WithoutTurning,5.99173380899757,0.962460602671339
A,PCZ,WithoutTurning,6.01000505953424,0.961258355013599
A,PCZ,WithoutTurning,6.02833202659751,0.960060207217841
A,PCZ,WithoutTurning,6.04671488008989,0.958866247734644
A,PCZ,WithoutTurning,6.06515379043201,0.957676564565637
A,PCZ,WithoutTurning,6.07810065603579,0.956845981935705
A,PCZ,WithoutTurning,6.08364892856414,0.956490528922159
A,PCZ,WithoutTurning,6.10220046594786,0.955296963916273
A,PCZ,WithoutTurning,6.12080857456758,0.954092243821526
A,PCZ,WithoutTurning,6.13947342693218,0.952876672388949
A,PCZ,WithoutTurning,6.15819519607657,0.951650552425509
A,PCZ,WithoutTurning,6.17697405556333,0.950414185762397
A,PCZ,WithoutTurning,6.19581017948429,0.949167873224253
A,PCZ,WithoutTurning,6.21470374246217,0.94791191459929
A,PCZ,WithoutTurning,6.23365491965218,0.946646608610349
A,PCZ,WithoutTurning,6.25266388674365,0.945372252886847
A,PCZ,WithoutTurning,6.27173081996166,0.944089143937647
A,PCZ,WithoutTurning,6.29085589606867,0.942797577124823
A,PCZ,WithoutTurning,6.31003929236617,0.941497846638326
A,PCZ,WithoutTurning,6.32928118669631,0.940190245471543
A,PCZ,WithoutTurning,6.34858175744354,0.938875065397751
A,PCZ,WithoutTurning,6.3679411835363,0.937552596947447
A,PCZ,WithoutTurning,6.38735964444863,0.936223129386576
A,PCZ,WithoutTurning,6.40683732020189,0.934886950695613
A,PCZ,WithoutTurning,6.42637439136639,0.933544347549532
A,PCZ,WithoutTurning,6.44597103906304,0.932195605298634
A,PCZ,WithoutTurning,6.46562744496511,0.930841007950236
A,PCZ,WithoutTurning,6.48534379129984,0.929480838151212
A,PCZ,WithoutTurning,6.50512026085016,0.928115377171384
A,PCZ,WithoutTurning,6.52495703695638,0.926744904887753
A,PCZ,WithoutTurning,6.54485430351788,0.925369699769571
A,PCZ,WithoutTurning,6.56481224499485,0.923990038864239
A,PCZ,WithoutTurning,6.58483104640996,0.922606197784027
A,PCZ,WithoutTurning,6.60491089335007,0.921218450693616
A,PCZ,WithoutTurning,6.62505197196801,0.919827070298444
A,PCZ,WithoutTurning,6.64525446898423,0.918432327833866
A,PCZ,WithoutTurning,6.66551857168858,0.9170344930551
A,PCZ,WithoutTurning,6.68584446794206,0.915633834227971
A,PCZ,WithoutTurning,6.70623234617849,0.914230618120433
A,PCZ,WithoutTurning,6.72668239540633,0.912825109994875
A,PCZ,WithoutTurning,6.7471948052104,0.911417573601189
A,PCZ,WithoutTurning,6.76776976575364,0.910008271170603
A,PCZ,WithoutTurning,6.78840746777886,0.90859746341027
A,PCZ,WithoutTurning,6.80910810261055,0.907185409498606
A,PCZ,WithoutTurning,6.82987186215662,0.905772367081366
A,PCZ,WithoutTurning,6.85069893891016,0.904358592268457
A,PCZ,WithoutTurning,6.87158952595128,0.902944339631471
A,PCZ,WithoutTurning,6.89254381694886,0.901529862201947
A,PCZ,WithoutTurning,6.91356200616236,0.900115411470335
A,PCZ,WithoutTurning,6.93464428844361,0.898701237385669
A,PCZ,WithoutTurning,6.95579085923862,0.897287588355937
A,PCZ,WithoutTurning,6.9770019145894,0.89587471124914
A,PCZ,WithoutTurning,6.99827765113578,0.894462851395033
A,PCZ,WithoutTurning,7.01961826611721,0.893052252587539
A,PCZ,WithoutTurning,7.04102395737462,0.891643157087835
A,PCZ,WithoutTurning,7.06249492335223,0.890235805628096
A,PCZ,WithoutTurning,7.08403136309939,0.88883043741589
A,PCZ,WithoutTurning,7.10563347627245,0.887427290139223
A,PCZ,WithoutTurning,7.12730146313657,0.886026599972219
A,PCZ,WithoutTurning,7.14903552456763,0.884628601581435
A,PCZ,WithoutTurning,7.17083586205404,0.883233528132794
A,PCZ,WithoutTurning,7.19270267769865,0.881841611299144
A,PCZ,WithoutTurning,7.21463617422058,0.880453081268421
A,PCZ,WithoutTurning,7.23663655495714,0.879068166752417
A,PCZ,WithoutTurning,7.2587040238657,0.877687094996145
A,PCZ,WithoutTurning,7.28083878552557,0.87631009178779
A,PCZ,WithoutTurning,7.30304104513992,0.874937381469253
A,PCZ,WithoutTurning,7.32531100853765,0.873569186947257
A,PCZ,WithoutTurning,7.34764888217533,0.872205729705034
A,PCZ,WithoutTurning,7.37005487313909,0.870847229814567
A,PCZ,WithoutTurning,7.39252918914657,0.869493905949396
A,PCZ,WithoutTurning,7.41507203854881,0.868145975397971
A,PCZ,WithoutTurning,7.43768363033219,0.866803654077545
A,PCZ,WithoutTurning,7.4603641741204,0.865467156548613
A,PCZ,WithoutTurning,7.48311388017634,0.864136696029876
A,PCZ,WithoutTurning,7.50593295940409,0.862812484413735
A,PCZ,WithoutTurning,7.52882162335086,0.861494732282305
A,PCZ,WithoutTurning,7.55178008420898,0.86018364892394
A,PCZ,WithoutTurning,7.5748085548178,0.858879442350272
A,PCZ,WithoutTurning,7.59790724866574,0.857582319313751
A,PCZ,WithoutTurning,7.62107637989221,0.856292485325681
A,PCZ,WithoutTurning,7.64431616328962,0.855010144674755
A,PCZ,WithoutTurning,7.66762681430539,0.853735500446069
A,PCZ,WithoutTurning,7.69100854904392,0.852468754540632
A,PCZ,WithoutTurning,7.71446158426858,0.851210107695337
A,PCZ,WithoutTurning,7.73798613740377,0.849959759503424
A,PCZ,WithoutTurning,7.76158242653688,0.848717908435396
A,PCZ,WithoutTurning,7.78525067042036,0.847484751860412
A,PCZ,WithoutTurning,7.80899108847371,0.846260486068133
A,PCZ,WithoutTurning,7.83280390078554,0.845045306291026
A,PCZ,WithoutTurning,7.84668805735891,0.84434275094298
A,PCZ,WithoutTurning,7.8566893281156,0.843839220093265
A,PCZ,WithoutTurning,7.8806475918968,0.842640723341595
A,PCZ,WithoutTurning,7.90467891423734,0.841449333246346
A,PCZ,WithoutTurning,7.92878351792268,0.840264909742376
A,PCZ,WithoutTurning,7.95296162641765,0.839087313579667
A,PCZ,WithoutTurning,7.97721346386854,0.837916406313075
A,PCZ,WithoutTurning,8.00153925510511,0.836752050292302
A,PCZ,WithoutTurning,8.02593922564277,0.835594108652099
A,PCZ,WithoutTurning,8.05041360168457,0.834442445302684
A,PCZ,WithoutTurning,8.07496261012337,0.833296924920394
A,PCZ,WithoutTurning,8.09958647854393,0.832157412938549
A,PCZ,WithoutTurning,8.12428543522499,0.831023775538532
A,PCZ,WithoutTurning,8.14905970914142,0.829895879641092
A,PCZ,WithoutTurning,8.1739095299663,0.828773592897849
A,PCZ,WithoutTurning,8.1988351280731,0.827656783683024
A,PCZ,WithoutTurning,8.22383673453781,0.826545321085362
A,PCZ,WithoutTurning,8.24891458114104,0.825439074900278
A,PCZ,WithoutTurning,8.27406890037018,0.824337915622196
A,PCZ,WithoutTurning,8.29929992542161,0.823241714437095
A,PCZ,WithoutTurning,8.32460789020279,0.822150343215263
A,PCZ,WithoutTurning,8.34999302933447,0.821063674504238
A,PCZ,WithoutTurning,8.37545557815286,0.819981581521957
A,PCZ,WithoutTurning,8.40099577271179,0.818903938150096
A,PCZ,WithoutTurning,8.42661384978494,0.817830618927603
A,PCZ,WithoutTurning,8.45231004686799,0.816761499044429
A,PCZ,WithoutTurning,8.47808460218084,0.815696454335442
A,PCZ,WithoutTurning,8.50393775466984,0.814635361274539
A,PCZ,WithoutTurning,8.52986974400996,0.813578096968933
A,PCZ,WithoutTurning,8.55588081060707,0.812524539153635
A,PCZ,WithoutTurning,8.58197119560009,0.81147456618612
A,PCZ,WithoutTurning,8.60814114086331,0.810428057041169
A,PCZ,WithoutTurning,8.63439088900858,0.809384891305896
A,PCZ,WithoutTurning,8.66072068338758,0.808344949174954
A,PCZ,WithoutTurning,8.68713076809405,0.807308111445917
A,PCZ,WithoutTurning,8.71362138796609,0.806274259514837
A,PCZ,WithoutTurning,8.74019278858841,0.805243275371981
A,PCZ,WithoutTurning,8.76684521629461,0.804215041597734
A,PCZ,WithoutTurning,8.79357891816944,0.803189441358679
A,PCZ,WithoutTurning,8.82039414205114,0.802166358403842
A,PCZ,WithoutTurning,8.8472911365337,0.801145677061111
A,PCZ,WithoutTurning,8.87427015096917,0.800127282233818
A,PCZ,WithoutTurning,8.90133143546998,0.799111059397489
A,PCZ,WithoutTurning,8.92847524091126,0.798096894596757
A,PCZ,WithoutTurning,8.95570181893316,0.797084674442438
A,PCZ,WithoutTurning,8.98301142194317,0.796074286108771
A,PCZ,WithoutTurning,9.0104043031185,0.795065617330813
A,PCZ,WithoutTurning,9.03788071640838,0.794058556402
A,PCZ,WithoutTurning,9.06544091653643,0.793052992171857
A,PCZ,WithoutTurning,9.09308515900305,0.792048814043873
A,PCZ,WithoutTurning,9.12081370008775,0.791045911973521
A,PCZ,WithoutTurning,9.14862679685155,0.790044176466441
A,PCZ,WithoutTurning,9.17652470713934,0.789043498576771
A,PCZ,WithoutTurning,9.20450768958229,0.788043769905624
A,PCZ,WithoutTurning,9.23257600360026,0.787044882599722
A,PCZ,WithoutTurning,9.26072990940417,0.786046729350178
A,PCZ,WithoutTurning,9.28896966799843,0.785049203391415
A,PCZ,WithoutTurning,9.31729554118335,0.784052198500245
A,PCZ,WithoutTurning,9.3457077915576,0.78305560899508
A,PCZ,WithoutTurning,9.37420668252062,0.782059329735291
A,PCZ,WithoutTurning,9.40279247827503,0.781063256120714
A,PCZ,WithoutTurning,9.43146544382915,0.780067284091284
A,PCZ,WithoutTurning,9.4602258449994,0.779071310126818
A,PCZ,WithoutTurning,9.48907394841278,0.778075231246936
A,PCZ,WithoutTurning,9.51801002150937,0.77707894501111
A,PCZ,WithoutTurning,9.54703433254474,0.776082349518857
A,PCZ,WithoutTurning,9.57614715059252,0.775085343410066
A,PCZ,WithoutTurning,9.60534874554684,0.774087825865447
A,PCZ,WithoutTurning,9.63463938812485,0.773089696607126
A,PCZ,WithoutTurning,9.66401934986923,0.77209085589936
A,PCZ,WithoutTurning,9.6934889031507,0.771091204549386
A,PCZ,WithoutTurning,9.72304832117056,0.770090643908394
A,PCZ,WithoutTurning,9.75269787796319,0.769089075872628
A,PCZ,WithoutTurning,9.78243784839864,0.768086402884614
A,PCZ,WithoutTurning,9.81226850818514,0.767082527934509
A,PCZ,WithoutTurning,9.84219013387166,0.766077354561573
A,PCZ,WithoutTurning,9.87220300285049,0.76507078685576
A,PCZ,WithoutTurning,9.9023073933598,0.764062729459436
A,PCZ,WithoutTurning,9.93250358448623,0.763053087569207
A,PCZ,WithoutTurning,9.96279185616745,0.762041766937869
A,PCZ,WithoutTurning,9.9931724891948,0.76102867387647
A,PCZ,WithoutTurning,10.0236457652158,0.760013715256492
A,PCZ,WithoutTurning,10.054211966737,0.758996798512144
A,PCZ,WithoutTurning,10.0848713771262,0.757977831642759
A,PCZ,WithoutTurning,10.1156242806155,0.756956723215318
A,PCZ,WithoutTurning,10.1464709623036,0.755933382367063
A,PCZ,WithoutTurning,10.1774117081586,0.754907718808235
A,PCZ,WithoutTurning,10.2084468050208,0.753879642824909
A,PCZ,WithoutTurning,10.239576540605,0.752849065281934
A,PCZ,WithoutTurning,10.2708012035033,0.75181589762598
A,PCZ,WithoutTurning,10.3021210831882,0.750780051888685
A,PCZ,WithoutTurning,10.3335364700145,0.749741440689903
A,PCZ,WithoutTurning,10.3650476552227,0.74869997724105
A,PCZ,WithoutTurning,10.3966549309412,0.747655575348549
A,PCZ,WithoutTurning,10.4283585901895,0.746608149417371
A,PCZ,WithoutTurning,10.4601589268802,0.745557614454671
A,PCZ,WithoutTurning,10.4920562358226,0.744503886073514
A,PCZ,WithoutTurning,10.5240508127248,0.7434468804967
A,PCZ,WithoutTurning,10.5561429541967,0.742386514560671
A,PCZ,WithoutTurning,10.5883329577525,0.741322705719512
A,PCZ,WithoutTurning,10.6206211218138,0.740255372049037
A,PCZ,WithoutTurning,10.6530077457123,0.73918443225096
A,PCZ,WithoutTurning,10.6854931296922,0.738109805657153
A,PCZ,WithoutTurning,10.7180775749136,0.737031412233985
A,PCZ,WithoutTurning,10.7507613834547,0.735949172586737
A,PCZ,WithoutTurning,10.7835448583151,0.734863007964108
A,PCZ,WithoutTurning,10.816428303418,0.733772840262783
A,PCZ,WithoutTurning,10.8494120236138,0.732678592032092
A,PCZ,WithoutTurning,10.8824963246823,0.731580186478731
A,PCZ,WithoutTurning,10.9156815133357,0.730477547471568
A,PCZ,WithoutTurning,10.9489678972216,0.729370599546504
A,PCZ,WithoutTurning,10.9823557849258,0.72825926791142
A,PCZ,WithoutTurning,11.0158454859749,0.727143478451181
A,PCZ,WithoutTurning,11.0494373108395,0.72602315773271
A,PCZ,WithoutTurning,11.0831315709371,0.724898233010121
A,PCZ,WithoutTurning,11.1169285786344,0.723768632229923
A,PCZ,WithoutTurning,11.1508286472512,0.722634284036277
A,PCZ,WithoutTurning,11.1848320910623,0.721495117776314
A,PCZ,WithoutTurning,11.2189392253011,0.720351063505513
A,PCZ,WithoutTurning,11.2531503661621,0.719202051993129
A,PCZ,WithoutTurning,11.2874658308041,0.718048014727675
A,PCZ,WithoutTurning,11.321885937353,0.716888883922463
A,PCZ,WithoutTurning,11.356411004905,0.715724592521182
A,PCZ,WithoutTurning,11.3608914206126,0.71557337763683
A,PCZ,WithoutTurning,11.391041353529,0.714555914234267
A,PCZ,WithoutTurning,11.4257773042702,0.713384205244372
A,PCZ,WithoutTurning,11.4606191791527,0.71220952653274
A,PCZ,WithoutTurning,11.4955673011827,0.711031920661381
A,PCZ,WithoutTurning,11.530621994351,0.709851430075209
A,PCZ,WithoutTurning,11.5657835836369,0.708668097100553
A,PCZ,WithoutTurning,11.6010523950104,0.70748196394368
A,PCZ,WithoutTurning,11.6364287554355,0.706293072689349
A,PCZ,WithoutTurning,11.6719129928733,0.705101465299369
A,PCZ,WithoutTurning,11.707505436285,0.703907183611191
A,PCZ,WithoutTurning,11.743206415635,0.702710269336509
A,PCZ,WithoutTurning,11.7790162618938,0.701510764059885
A,PCZ,WithoutTurning,11.8149353070412,0.700308709237394
A,PCZ,WithoutTurning,11.8509638840693,0.699104146195281
A,PCZ,WithoutTurning,11.8871023269857,0.697897116128651
A,PCZ,WithoutTurning,11.9233509708165,0.696687660100159
A,PCZ,WithoutTurning,11.9597101516095,0.695475819038736
A,PCZ,WithoutTurning,11.996180206437,0.694261633738327
A,PCZ,WithoutTurning,12.0327614733994,0.693045144856645
A,PCZ,WithoutTurning,12.0694542916281,0.69182639291395
A,PCZ,WithoutTurning,12.1062590012886,0.690605418291842
A,PCZ,WithoutTurning,12.1431759435837,0.689382261232075
A,PCZ,WithoutTurning,12.1802054607567,0.688156961835391
A,PCZ,WithoutTurning,12.2173478960944,0.686929560060368
A,PCZ,WithoutTurning,12.2546035939306,0.685700095722292
A,PCZ,WithoutTurning,12.2919728996491,0.684468608492044
A,PCZ,WithoutTurning,12.3294561596868,0.683235137895009
A,PCZ,WithoutTurning,12.3670537215372,0.681999723309995
A,PCZ,WithoutTurning,12.4047659337532,0.680762403968184
A,PCZ,WithoutTurning,12.4425931459507,0.67952321895209
A,PCZ,WithoutTurning,12.4805357088119,0.678282207194538
A,PCZ,WithoutTurning,12.5185939740882,0.677039407477665
A,PCZ,WithoutTurning,12.5567682946035,0.675794858431934
A,PCZ,WithoutTurning,12.5950590242579,0.674548598535168
A,PCZ,WithoutTurning,12.6334665180306,0.673300666111608
A,PCZ,WithoutTurning,12.671991131983,0.672051099330975
A,PCZ,WithoutTurning,12.7106332232627,0.670799936207563
A,PCZ,WithoutTurning,12.7493931501061,0.669547214599346
A,PCZ,WithoutTurning,12.7882712718422,0.668292972207097
A,PCZ,WithoutTurning,12.8272679488954,0.667037246573534
A,PCZ,WithoutTurning,12.8663835427897,0.665780075082477
A,PCZ,WithoutTurning,12.9056184161511,0.664521494958024
A,PCZ,WithoutTurning,12.9449729327115,0.663261543263743
A,PCZ,WithoutTurning,12.9844474573122,0.662000256901888
A,PCZ,WithoutTurning,13.0240423559067,0.660737672612623
A,PCZ,WithoutTurning,13.0637579955648,0.659473826973268
A,PCZ,WithoutTurning,13.1035947444752,0.658208756397563
A,PCZ,WithoutTurning,13.1435529719498,0.656942497134949
A,PCZ,WithoutTurning,13.1836330484265,0.655675085269859
A,PCZ,WithoutTurning,13.2238353454727,0.654406556721036
A,PCZ,WithoutTurning,13.2641602357891,0.653136947240863
A,PCZ,WithoutTurning,13.3046080932127,0.651866292414707
A,PCZ,WithoutTurning,13.3451792927206,0.650594627660287
A,PCZ,WithoutTurning,13.3858742104334,0.649321988227046
A,PCZ,WithoutTurning,13.4266932236185,0.648048409195556
A,PCZ,WithoutTurning,13.4676367106939,0.646773925476925
A,PCZ,WithoutTurning,13.5087050512314,0.645498571812227
A,PCZ,WithoutTurning,13.5498986259603,0.644222382771949
A,PCZ,WithoutTurning,13.5912178167711,0.642945392755448
A,PCZ,WithoutTurning,13.6326630067186,0.641667635990432
A,PCZ,WithoutTurning,13.6742345800258,0.640389146532449
A,PCZ,WithoutTurning,13.7159329220872,0.6391099582644
A,PCZ,WithoutTurning,13.7577584194728,0.637830104896059
A,PCZ,WithoutTurning,13.7997114599313,0.636549619963614
A,PCZ,WithoutTurning,13.8417924323936,0.635268536829224
A,PCZ,WithoutTurning,13.8840017269769,0.633986888680589
A,PCZ,WithoutTurning,13.9263397349879,0.632704708530532
A,PCZ,WithoutTurning,13.9688068489266,0.631422029216606
A,PCZ,WithoutTurning,14.0114034624897,0.630138883400707
A,PCZ,WithoutTurning,14.0541299705747,0.628855303568706
A,PCZ,WithoutTurning,14.0969867692833,0.627571322030095
A,PCZ,WithoutTurning,14.1399742559247,0.626286970917647
A,PCZ,WithoutTurning,14.1830928290202,0.625002282187093
A,PCZ,WithoutTurning,14.226342888306,0.62371728761681
A,PCZ,WithoutTurning,14.2697248347374,0.62243201880753
A,PCZ,WithoutTurning,14.3132390704922,0.621146507182052
A,PCZ,WithoutTurning,14.3568859989748,0.619860783984984
A,PCZ,WithoutTurning,14.4006660248197,0.618574880282482
A,PCZ,WithoutTurning,14.4445795538952,0.617288826962019
A,PCZ,WithoutTurning,14.4886269933075,0.616002654732153
A,PCZ,WithoutTurning,14.5328087514038,0.614716394122323
A,PCZ,WithoutTurning,14.577125237777,0.613430075482651
A,PCZ,WithoutTurning,14.6215768632688,0.612143728983754
A,PCZ,WithoutTurning,14.6661640399736,0.61085738461658
A,PCZ,WithoutTurning,14.7108871812426,0.609571072192249
A,PCZ,WithoutTurning,14.7557467016875,0.608284821341911
A,PCZ,WithoutTurning,14.8007430171843,0.606998661516617
A,PCZ,WithoutTurning,14.845876544877,0.6057126219872
A,PCZ,WithoutTurning,14.8911477031819,0.604426731844176
A,PCZ,WithoutTurning,14.936556911791,0.603141019997649
A,PCZ,WithoutTurning,14.9821045916764,0.601855515177236
A,PCZ,WithoutTurning,15.0277911650936,0.600570245932
A,PCZ,WithoutTurning,15.0736170555859,0.599285240630402
A,PCZ,WithoutTurning,15.1195826879881,0.598000527460254
A,PCZ,WithoutTurning,15.1656884884306,0.596716134428699
A,PCZ,WithoutTurning,15.2119348843431,0.595432089362189
A,PCZ,WithoutTurning,15.2583223044587,0.594148419906489
A,PCZ,WithoutTurning,15.3048511788182,0.592865153526678
A,PCZ,WithoutTurning,15.3515219387733,0.591582317507177
A,PCZ,WithoutTurning,15.3983350169913,0.590299938951778
A,PCZ,WithoutTurning,15.445290847459,0.589018044783689
A,PCZ,WithoutTurning,15.4923898654865,0.58773666174559
A,PCZ,WithoutTurning,15.5396325077112,0.586455816399704
A,PCZ,WithoutTurning,15.5870192121021,0.58517553512787
A,PCZ,WithoutTurning,15.6345504179638,0.583895844131637
A,PCZ,WithoutTurning,15.6822265659405,0.582616769432367
A,PCZ,WithoutTurning,15.7300480980201,0.581338336871345
A,PCZ,WithoutTurning,15.7780154575381,0.580060572109901
A,PCZ,WithoutTurning,15.8261290891823,0.578783500629551
A,PCZ,WithoutTurning,15.8743894389962,0.577507147732134
A,PCZ,WithoutTurning,15.9227969543837,0.576231538539975
A,PCZ,WithoutTurning,15.9713520841128,0.574956697996047
A,PCZ,WithoutTurning,16.0200552783201,0.573682650864148
A,PCZ,WithoutTurning,16.0689069885149,0.572409421729092
A,PCZ,WithoutTurning,16.1179076675832,0.571137034996901
A,PCZ,WithoutTurning,16.1670577697922,0.569865514895018
A,PCZ,WithoutTurning,16.2163577507942,0.568594885472519
A,PCZ,WithoutTurning,16.265808067631,0.567325170600345
A,PCZ,WithoutTurning,16.3154091787382,0.566056393971536
A,PCZ,WithoutTurning,16.3651615439493,0.564788579101479
A,PCZ,WithoutTurning,16.4150656245,0.563521749328166
A,PCZ,WithoutTurning,16.4651218830325,0.562255927812456
A,PCZ,WithoutTurning,16.5153307835998,0.560991137538356
A,PCZ,WithoutTurning,16.56569279167,0.559727401313297
A,PCZ,WithoutTurning,16.6162083741305,0.558464741768438
A,PCZ,WithoutTurning,16.6668779992927,0.557203181358958
A,PCZ,WithoutTurning,16.7177021368957,0.555942742364378
A,PCZ,WithoutTurning,16.7686812581113,0.554683446888873
A,PCZ,WithoutTurning,16.819815835548,0.553425316861604
A,PCZ,WithoutTurning,16.8711063432556,0.552168374037058
A,PCZ,WithoutTurning,16.9225532567292,0.550912639995391
A,PCZ,WithoutTurning,16.9741570529141,0.549658136142785
A,PCZ,WithoutTurning,17.02591821021,0.548404883711808
A,PCZ,WithoutTurning,17.0778372084753,0.54715290376179
A,PCZ,WithoutTurning,17.1299145290318,0.545902217179195
A,PCZ,WithoutTurning,17.182150654669,0.544652844678015
A,PCZ,WithoutTurning,17.2345460696487,0.543404806800164
A,PCZ,WithoutTurning,17.2871012597093,0.542158123915875
A,PCZ,WithoutTurning,17.3398167120704,0.540912816224119
A,PCZ,WithoutTurning,17.3926929154375,0.539668903753015
A,PCZ,WithoutTurning,17.4457303600062,0.538426406360263
A,PCZ,WithoutTurning,17.498929537467,0.537185343733573
A,PCZ,WithoutTurning,17.5522909410098,0.535945735391102
A,PCZ,WithoutTurning,17.6058150653282,0.534707600681911
A,PCZ,WithoutTurning,17.6595024066246,0.533470958786408
A,PCZ,WithoutTurning,17.7133534626144,0.532235828716817
A,PCZ,WithoutTurning,17.7673687325307,0.531002229317647
A,PCZ,WithoutTurning,17.8215487171292,0.529770179266159
A,PCZ,WithoutTurning,17.8758939186922,0.528539697072858
A,PCZ,WithoutTurning,17.9304048410341,0.527310801081972
A,PCZ,WithoutTurning,17.9850819895053,0.526083509471955
A,PCZ,WithoutTurning,18.0399258709973,0.524857840255981
A,PCZ,WithoutTurning,18.0949369939476,0.523633811282457
A,PCZ,WithoutTurning,18.1501158683437,0.522411440235533
A,PCZ,WithoutTurning,18.2054630057285,0.521190744635622
A,PCZ,WithoutTurning,18.2609789192049,0.51997174183993
A,PCZ,WithoutTurning,18.3166641234402,0.518754449042982
A,PCZ,WithoutTurning,18.3725191346713,0.51753888327716
A,PCZ,WithoutTurning,18.4285444707093,0.516325061413251
A,PCZ,WithoutTurning,18.4847406509443,0.51511300016099
A,PCZ,WithoutTurning,18.5411081963501,0.513902716069617
A,PCZ,WithoutTurning,18.5976476294896,0.512694225528438
A,PCZ,WithoutTurning,18.6543594745186,0.511487544767385
A,PCZ,WithoutTurning,18.7112442571917,0.510282689857593
A,PCZ,WithoutTurning,18.7683025048666,0.509079676711968
A,PCZ,WithoutTurning,18.8255347465091,0.507878521085774
A,PCZ,WithoutTurning,18.8829415126982,0.506679238577215
A,PCZ,WithoutTurning,18.9405233356306,0.505481844628024
A,PCZ,WithoutTurning,18.998280749126,0.504286354524063
A,PCZ,WithoutTurning,19.0562142886321,0.503092783395916
A,PCZ,WithoutTurning,19.114324491229,0.501901146219499
A,PCZ,WithoutTurning,19.1726118956351,0.500711457816666
A,PCZ,WithoutTurning,19.2310770422111,0.499523732855825
A,PCZ,WithoutTurning,19.2897204729657,0.498337985852551
A,PCZ,WithoutTurning,19.3485427315605,0.497154231170213
A,PCZ,WithoutTurning,19.4075443633147,0.495972483020595
A,PCZ,WithoutTurning,19.4667259152106,0.494792755464532
A,PCZ,WithoutTurning,19.5260879358984,0.493615062412539
A,PCZ,WithoutTurning,19.5856309757013,0.492439417625452
A,PCZ,WithoutTurning,19.6453555866208,0.49126583471507
A,PCZ,WithoutTurning,19.7052623223416,0.490094327144799
A,PCZ,WithoutTurning,19.7653517382368,0.488924908230301
A,PCZ,WithoutTurning,19.8256243913731,0.48775759114015
A,PCZ,WithoutTurning,19.8860808405159,0.486592388896488
A,PCZ,WithoutTurning,19.9467216461344,0.48542931437568
A,PCZ,WithoutTurning,20.0075473704072,0.484268380308984
A,PCZ,WithoutTurning,20.0685585772268,0.483109599283214
A,PCZ,WithoutTurning,20.1297558322056,0.481952983741407
A,PCZ,WithoutTurning,20.1911397026806,0.480798545983505
A,PCZ,WithoutTurning,20.2527107577189,0.479646298167018
A,PCZ,WithoutTurning,20.3144695681228,0.478496252307716
A,PCZ,WithoutTurning,20.3764167064355,0.477348420280301
A,PCZ,WithoutTurning,20.4385527469458,0.476202813819094
A,PCZ,WithoutTurning,20.5008782656939,0.475059444518726
A,PCZ,WithoutTurning,20.5633938404766,0.473918323834823
A,PCZ,WithoutTurning,20.6261000508525,0.472779463084702
A,PCZ,WithoutTurning,20.6889974781476,0.471642873448065
A,PCZ,WithoutTurning,20.7520867054608,0.470508565967693
A,PCZ,WithoutTurning,20.8153683176687,0.469376551550152
A,PCZ,WithoutTurning,20.8788429014318,0.46824684096649
A,PCZ,WithoutTurning,20.9425110451992,0.467119444852945
A,PCZ,WithoutTurning,21.0063733392149,0.465994373711647
A,PCZ,WithoutTurning,21.0704303755224,0.464871637911333
A,PCZ,WithoutTurning,21.1346827479706,0.463751247688049
A,PCZ,WithoutTurning,21.1991310522196,0.462633213145871
A,PCZ,WithoutTurning,21.2637758857456,0.461517544257613
A,PCZ,WithoutTurning,21.3286178478469,0.460404250865549
A,PCZ,WithoutTurning,21.3936575396492,0.459293342682123
A,PCZ,WithoutTurning,21.4588955641114,0.458184829290677
A,PCZ,WithoutTurning,21.5243325260311,0.457078720146167
A,PCZ,WithoutTurning,21.5899690320499,0.455975024575887
A,PCZ,WithoutTurning,21.6558056906597,0.454873751780193
A,PCZ,WithoutTurning,21.7218431122076,0.453774910833229
A,PCZ,WithoutTurning,21.788081908902,0.452678510683655
A,PCZ,WithoutTurning,21.8545226948183,0.451584560155371
A,PCZ,WithoutTurning,21.9211660859043,0.450493067948254
A,PCZ,WithoutTurning,21.9880126999862,0.449404042638881
A,PCZ,WithoutTurning,22.055063156774,0.448317492681265
A,PCZ,WithoutTurning,22.1223180778679,0.447233426407585
A,PCZ,WithoutTurning,22.1897780867631,0.446151852028924
A,PCZ,WithoutTurning,22.2378847426247,0.445384094075121
A,PCZ,WithoutTurning,22.2574438088563,0.445072715598998
A,PCZ,WithoutTurning,22.3253158714514,0.443994975340994
A,PCZ,WithoutTurning,22.393394903765,0.442918262657834
A,PCZ,WithoutTurning,22.4616815369327,0.441842585328742
A,PCZ,WithoutTurning,22.5301764040144,0.440767951084111
A,PCZ,WithoutTurning,22.5988801400006,0.439694367605548
A,PCZ,WithoutTurning,22.6677933818182,0.438621842525919
A,PCZ,WithoutTurning,22.7369167683362,0.437550383429398
A,PCZ,WithoutTurning,22.806250940372,0.436479997851513
A,PCZ,WithoutTurning,22.8757965406969,0.4354106932792
A,PCZ,WithoutTurning,22.9455542140423,0.434342477150849
A,PCZ,WithoutTurning,23.0155246071058,0.433275356856363
A,PCZ,WithoutTurning,23.0857083685569,0.432209339737203
A,PCZ,WithoutTurning,23.1561061490432,0.431144433086448
A,PCZ,WithoutTurning,23.2267186011965,0.43008064414885
A,PCZ,WithoutTurning,23.2975463796385,0.429017980120888
A,PCZ,WithoutTurning,23.3685901409873,0.427956448150831
A,PCZ,WithoutTurning,23.4398505438632,0.42689605533879
A,PCZ,WithoutTurning,23.5113282488951,0.425836808736785
A,PCZ,WithoutTurning,23.5830239187261,0.424778715348801
A,PCZ,WithoutTurning,23.6549382180203,0.423721782130854
A,PCZ,WithoutTurning,23.7270718134684,0.422666015991051
A,PCZ,WithoutTurning,23.7994253737942,0.421611423789657
A,PCZ,WithoutTurning,23.8719995697607,0.420558012339161
A,PCZ,WithoutTurning,23.9447950741763,0.41950578840434
A,PCZ,WithoutTurning,24.0178125619012,0.418454758702326
A,PCZ,WithoutTurning,24.0910527098534,0.417404929902681
A,PCZ,WithoutTurning,24.1645161970152,0.41635630862746
A,PCZ,WithoutTurning,24.2382037044391,0.415308901451283
A,PCZ,WithoutTurning,24.3121159152549,0.41426271490141
A,PCZ,WithoutTurning,24.3862535146751,0.41321775545781
A,PCZ,WithoutTurning,24.460617190002,0.412174029553237
A,PCZ,WithoutTurning,24.5352076306335,0.411131543573305
A,PCZ,WithoutTurning,24.61002552807,0.410090303856562
A,PCZ,WithoutTurning,24.6850715759205,0.409050316694568
A,PCZ,WithoutTurning,24.7603464699089,0.408011588331972
A,PCZ,WithoutTurning,24.8358509078809,0.406974124966592
A,PCZ,WithoutTurning,24.9115855898102,0.405937932749493
A,PCZ,WithoutTurning,24.9875512178048,0.404903017785069
A,PCZ,WithoutTurning,25.0637484961139,0.403869386131123
A,PCZ,WithoutTurning,25.1401781311342,0.402837043798951
A,PCZ,WithoutTurning,25.2168408314165,0.401805996753422
A,PCZ,WithoutTurning,25.2937373076722,0.400776250913071
A,PCZ,WithoutTurning,25.37086827278,0.399747812150171
A,PCZ,WithoutTurning,25.4482344417925,0.398720686290832
A,PCZ,WithoutTurning,25.5258365319427,0.397694879115077
A,PCZ,WithoutTurning,25.6036752626508,0.39667039635694
A,PCZ,WithoutTurning,25.6817513555307,0.395647243704545
A,PCZ,WithoutTurning,25.7600655343971,0.394625426800205
A,PCZ,WithoutTurning,25.8386185252714,0.393604951240505
A,PCZ,WithoutTurning,25.9174110563895,0.392585822576396
A,PCZ,WithoutTurning,25.9964438582076,0.391568046313287
A,PCZ,WithoutTurning,26.0757176634094,0.390551627911141
A,PCZ,WithoutTurning,26.155233206913,0.389536572784563
A,PCZ,WithoutTurning,26.2349912258775,0.388522886302898
A,PCZ,WithoutTurning,26.31499245971,0.387510573790329
A,PCZ,WithoutTurning,26.395237650072,0.386499640525966
A,PCZ,WithoutTurning,26.4757275408871,0.38549009174395
A,PCZ,WithoutTurning,26.5564628783472,0.384481932633547
A,PCZ,WithoutTurning,26.6374444109195,0.38347516833925
A,PCZ,WithoutTurning,26.7186728893538,0.382469803960872
A,PCZ,WithoutTurning,26.8001490666892,0.381465844553654
A,PCZ,WithoutTurning,26.8818736982612,0.38046329512836
A,PCZ,WithoutTurning,26.9638475417084,0.379462160651381
A,PCZ,WithoutTurning,27.0460713569799,0.378462446044838
A,PCZ,WithoutTurning,27.1285459063422,0.377464156186682
A,PCZ,WithoutTurning,27.2112719543862,0.376467295910803
A,PCZ,WithoutTurning,27.2942502680345,0.37547187000713
A,PCZ,WithoutTurning,27.3774816165481,0.374477883221735
A,PCZ,WithoutTurning,27.4609667715341,0.373485340256947
A,PCZ,WithoutTurning,27.5447065069523,0.372494245771448
A,PCZ,WithoutTurning,27.6287015991227,0.37150460438039
A,PCZ,WithoutTurning,27.7129528267327,0.370516420655496
A,PCZ,WithoutTurning,27.7974609708442,0.369529699125171
A,PCZ,WithoutTurning,27.8822268149007,0.368544444274613
A,PCZ,WithoutTurning,27.9672511447349,0.36756066054592
A,PCZ,WithoutTurning,28.0525347485759,0.366578352338205
A,PCZ,WithoutTurning,28.1380784170563,0.3655975240077
A,PCZ,WithoutTurning,28.2238829432197,0.364618179867876
A,PCZ,WithoutTurning,28.3099491225281,0.363640324189549
A,PCZ,WithoutTurning,28.396277752869,0.362663961200999
A,PCZ,WithoutTurning,28.4828696345631,0.361689095088078
A,PCZ,WithoutTurning,28.5697255703717,0.360715729994328
A,PCZ,WithoutTurning,28.6568463655038,0.359743870021094
A,PCZ,WithoutTurning,28.7442328276241,0.358773519227643
A,PCZ,WithoutTurning,28.83188576686,0.357804681631274
A,PCZ,WithoutTurning,28.9198059958094,0.356837361207441
A,PCZ,WithoutTurning,29.0079943295481,0.355871561889865
A,PCZ,WithoutTurning,29.0964515856374,0.354907287570657
A,PCZ,WithoutTurning,29.1851785841317,0.353944542100431
A,PCZ,WithoutTurning,29.2741761475861,0.352983329288427
A,PCZ,WithoutTurning,29.3634451010639,0.352023652902627
A,PCZ,WithoutTurning,29.4529862721446,0.35106551666988
A,PCZ,WithoutTurning,29.542800490931,0.350108924276014
A,PCZ,WithoutTurning,29.6328885900575,0.349153879365968
A,PCZ,WithoutTurning,29.7232514046974,0.348200385543904
A,PCZ,WithoutTurning,29.8138897725708,0.347248446373333
A,PCZ,WithoutTurning,29.9048045339524,0.346298065377238
A,PCZ,WithoutTurning,29.9959965316793,0.345349246038195
A,PCZ,WithoutTurning,30.0874666111585,0.344401991798499
A,PCZ,WithoutTurning,30.1792156203752,0.343456306060285
A,PCZ,WithoutTurning,30.2712444099006,0.342512192185654
A,PCZ,WithoutTurning,30.3635538328992,0.341569653496797
A,PCZ,WithoutTurning,30.4561447451375,0.340628693276123
A,PCZ,WithoutTurning,30.5490180049916,0.339689314766379
A,PCZ,WithoutTurning,30.6421744734549,0.338751521170783
A,PCZ,WithoutTurning,30.7356150141465,0.337815315653144
A,PCZ,WithoutTurning,30.8293404933189,0.336880701337996
A,PCZ,WithoutTurning,30.9233517798663,0.335947681310717
A,PCZ,WithoutTurning,31.0176497453325,0.335016258617666
A,PCZ,WithoutTurning,31.1122352639189,0.334086436266303
A,PCZ,WithoutTurning,31.2071092124927,0.333158217225323
A,PCZ,WithoutTurning,31.3022724705951,0.332231604424783
A,PCZ,WithoutTurning,31.3977259204494,0.331306600756231
A,PCZ,WithoutTurning,31.493470446969,0.330383209072838
A,PCZ,WithoutTurning,31.589506937766,0.329461432189524
A,PCZ,WithoutTurning,31.6858362831589,0.328541272883091
A,PCZ,WithoutTurning,31.7824593761815,0.327622733892357
A,PCZ,WithoutTurning,31.8793771125906,0.326705817918281
A,PCZ,WithoutTurning,31.9765903908744,0.325790527624097
A,PCZ,WithoutTurning,32.0741001122614,0.324876865635449
A,PCZ,WithoutTurning,32.1719071807278,0.323964834540517
A,PCZ,WithoutTurning,32.2700125030068,0.323054436890157
A,PCZ,WithoutTurning,32.3684169885963,0.322145675198026
A,PCZ,WithoutTurning,32.4671215497679,0.32123855194072
A,PCZ,WithoutTurning,32.5661271015748,0.320333069557908
A,PCZ,WithoutTurning,32.6654345618609,0.319429230452461
A,PCZ,WithoutTurning,32.7650448512687,0.318527036990592
A,PCZ,WithoutTurning,32.8649588932483,0.317626491501986
A,PCZ,WithoutTurning,32.9651776140656,0.316727596279935
A,PCZ,WithoutTurning,33.0657019428113,0.315830353581474
A,PCZ,WithoutTurning,33.1665328114091,0.314934765627519
A,PCZ,WithoutTurning,33.2676711546245,0.314040834602993
A,PCZ,WithoutTurning,33.3691179100736,0.313148562656973
A,PCZ,WithoutTurning,33.4708740182317,0.312257951902818
A,PCZ,WithoutTurning,33.5729404224417,0.311369004418309
A,PCZ,WithoutTurning,33.6753180689236,0.310481722245784
A,PCZ,WithoutTurning,33.7780079067824,0.309596107392272
A,PCZ,WithoutTurning,33.8810108880176,0.308712161829636
A,PCZ,WithoutTurning,33.9843279675315,0.307829887494704
A,PCZ,WithoutTurning,34.0879601031385,0.306949286289409
A,PCZ,WithoutTurning,34.1919082555736,0.306070360080926
A,PCZ,WithoutTurning,34.2961733885016,0.305193110701809
A,PCZ,WithoutTurning,34.4007564685259,0.304317539950131
A,PCZ,WithoutTurning,34.5056584651972,0.303443649589618
A,PCZ,WithoutTurning,34.6108803510233,0.30257144134979
A,PCZ,WithoutTurning,34.716423101477,0.301700916926101
A,PCZ,WithoutTurning,34.8222876950061,0.300832077980071
A,PCZ,WithoutTurning,34.9284751130419,0.299964926139432
A,PCZ,WithoutTurning,35.0349863400086,0.299099462998263
A,PCZ,WithoutTurning,35.1418223633322,0.29823569011713
A,PCZ,WithoutTurning,35.2489841734498,0.297373609023223
A,PCZ,WithoutTurning,35.3564727638189,0.296513221210498
A,PCZ,WithoutTurning,35.4642891309263,0.295654528139817
A,PCZ,WithoutTurning,35.5724342742975,0.294797531239083
A,PCZ,WithoutTurning,35.680909196506,0.293942231903384
A,PCZ,WithoutTurning,35.7897149031824,0.293088631495132
A,PCZ,WithoutTurning,35.8988524030243,0.292236731344201
A,PCZ,WithoutTurning,36.0083227078048,0.291386532748067
A,PCZ,WithoutTurning,36.1181268323825,0.290538036971952
A,PCZ,WithoutTurning,36.2282657947106,0.289691245248958
A,PCZ,WithoutTurning,36.3387406158467,0.288846158780213
A,PCZ,WithoutTurning,36.4495523199618,0.288002778735009
A,PCZ,WithoutTurning,36.5607019343501,0.28716110625094
A,PCZ,WithoutTurning,36.6721904894384,0.286321142434047
A,PCZ,WithoutTurning,36.7840190187957,0.285482888358956
A,PCZ,WithoutTurning,36.8961885591429,0.284646345069017
A,PCZ,WithoutTurning,37.0087001503621,0.28381151357645
A,PCZ,WithoutTurning,37.1215548355065,0.282978394862479
A,PCZ,WithoutTurning,37.2347536608101,0.282146989877479
A,PCZ,WithoutTurning,37.3482976756971,0.281317299541113
A,PCZ,WithoutTurning,37.4621879327919,0.280489324742472
A,PCZ,WithoutTurning,37.576425487929,0.279663066340222
A,PCZ,WithoutTurning,37.6910114001621,0.278838525162737
A,PCZ,WithoutTurning,37.8059467317749,0.278015702008245
A,PCZ,WithoutTurning,37.9212325482902,0.277194597644968
A,PCZ,WithoutTurning,38.0368699184798,0.276375212811262
A,PCZ,WithoutTurning,38.1528599143751,0.27555754821576
A,PCZ,WithoutTurning,38.2692036112761,0.274741604537509
A,PCZ,WithoutTurning,38.3859020877623,0.273927382426117
A,PCZ,WithoutTurning,38.5029564257017,0.273114882501889
A,PCZ,WithoutTurning,38.6203677102617,0.272304105355968
A,PCZ,WithoutTurning,38.7381370299189,0.271495051550481
A,PCZ,WithoutTurning,38.8562654764688,0.270687721618675
A,PCZ,WithoutTurning,38.9747541450364,0.269882116065058
A,PCZ,WithoutTurning,39.0936041340863,0.269078235365545
A,PCZ,WithoutTurning,39.2128165454324,0.268276079967591
A,PCZ,WithoutTurning,39.332392484249,0.267475650290341
A,PCZ,WithoutTurning,39.4523330590801,0.266676946724761
A,PCZ,WithoutTurning,39.5726393818503,0.265879969633787
A,PCZ,WithoutTurning,39.6933125678749,0.265084719352461
A,PCZ,WithoutTurning,39.8143537358702,0.264291196188074
A,PCZ,WithoutTurning,39.9357640079639,0.263499400420305
A,PCZ,WithoutTurning,40.0575445097057,0.262709332301362
A,PCZ,WithoutTurning,40.1796963700773,0.261920992056123
A,PCZ,WithoutTurning,40.3022207215033,0.261134379882275
A,PCZ,WithoutTurning,40.4251186998616,0.260349495950456
A,PCZ,WithoutTurning,40.5483914444936,0.259566340404394
A,PCZ,WithoutTurning,40.6720400982152,0.25878491336105
A,PCZ,WithoutTurning,40.7960658073274,0.258005214910752
A,PCZ,WithoutTurning,40.9204697216262,0.257227245117341
A,PCZ,WithoutTurning,41.0452529944143,0.256451004018307
A,PCZ,WithoutTurning,41.1704167825111,0.255676491624932
A,PCZ,WithoutTurning,41.2959622462636,0.254903707922426
A,PCZ,WithoutTurning,41.4218905495573,0.25413265287007
A,PCZ,WithoutTurning,41.5482028598266,0.253363326401353
A,PCZ,WithoutTurning,41.6749003480662,0.252595728424112
A,PCZ,WithoutTurning,41.8019841888414,0.251829858820672
A,PCZ,WithoutTurning,41.9294555602994,0.251065717447983
A,PCZ,WithoutTurning,42.0573156441799,0.250303304137763
A,PCZ,WithoutTurning,42.1855656258263,0.249542618696632
A,PCZ,WithoutTurning,42.3142066941968,0.248783660906253
A,PCZ,WithoutTurning,42.4432400418747,0.248026430523471
A,PCZ,WithoutTurning,42.5726668650804,0.247270927280451
A,PCZ,WithoutTurning,42.702488363682,0.246517150884814
A,PCZ,WithoutTurning,42.8327057412064,0.24576510101978
A,PCZ,WithoutTurning,42.9633202048506,0.2450147773443
A,PCZ,WithoutTurning,43.0943329654928,0.2442661794932
A,PCZ,WithoutTurning,43.2257452377036,0.243519307077312
A,PCZ,WithoutTurning,43.3575582397576,0.242774159683617
A,PCZ,WithoutTurning,43.4897731936441,0.24203073687538
A,PCZ,WithoutTurning,43.6223913250788,0.241289038192286
A,PCZ,WithoutTurning,43.7554138635154,0.240549063150579
A,PCZ,WithoutTurning,43.8888420421563,0.239810811243197
A,PCZ,WithoutTurning,44.0226770979647,0.239074281939912
A,PCZ,WithoutTurning,44.1569202716758,0.23833947468746
A,PCZ,WithoutTurning,44.1741461822479,0.238245471324112
A,PCZ,WithoutTurning,44.2915728078082,0.237606260996378
A,PCZ,WithoutTurning,44.4266359546755,0.236874436020705
A,PCZ,WithoutTurning,44.5621109643981,0.236143999101908
A,PCZ,WithoutTurning,44.6979990929145,0.235414952318825
A,PCZ,WithoutTurning,44.8343015999931,0.234687297719246
A,PCZ,WithoutTurning,44.971019749244,0.23396103732002
A,PCZ,WithoutTurning,45.1081548081303,0.233236173107151
A,PCZ,WithoutTurning,45.2457080479802,0.232512707035902
A,PCZ,WithoutTurning,45.3836807439989,0.2317906410309
A,PCZ,WithoutTurning,45.5220741752799,0.231069976986239
A,PCZ,WithoutTurning,45.6608896248174,0.230350716765579
A,PCZ,WithoutTurning,45.800128379518,0.229632862202254
A,PCZ,WithoutTurning,45.9397917302124,0.228916415099374
A,PCZ,WithoutTurning,46.0798809716678,0.228201377229929
A,PCZ,WithoutTurning,46.2203974025995,0.227487750336896
A,PCZ,WithoutTurning,46.3613423256832,0.226775536133341
A,PCZ,WithoutTurning,46.502717047567,0.226064736302523
A,PCZ,WithoutTurning,46.6445228788834,0.225355352498005
A,PCZ,WithoutTurning,46.7867611342618,0.224647386343754
A,PCZ,WithoutTurning,46.9294331323401,0.22394083943425
A,PCZ,WithoutTurning,47.0725401957776,0.223235713334591
A,PCZ,WithoutTurning,47.2160836512667,0.222532009580599
A,PCZ,WithoutTurning,47.3600648295455,0.221829729678928
A,PCZ,WithoutTurning,47.5044850654101,0.221128875107171
A,PCZ,WithoutTurning,47.6493456977269,0.220429447313967
A,PCZ,WithoutTurning,47.7946480694451,0.219731447719106
A,PCZ,WithoutTurning,47.940393527609,0.21903487771364
A,PCZ,WithoutTurning,48.0865834233707,0.218339738659991
A,PCZ,WithoutTurning,48.2332191120026,0.217646031892056
A,PCZ,WithoutTurning,48.3803019529094,0.216953758715318
A,PCZ,WithoutTurning,48.5278333096419,0.216262920406953
A,PCZ,WithoutTurning,48.6758145499084,0.215573518215943
A,PCZ,WithoutTurning,48.824247045588,0.214885553363176
A,PCZ,WithoutTurning,48.9731321727435,0.214199027041566
A,PCZ,WithoutTurning,49.1224713116334,0.213513940416155
A,PCZ,WithoutTurning,49.2722658467256,0.212830294624225
A,PCZ,WithoutTurning,49.4225171667096,0.212148090775408
A,PCZ,WithoutTurning,49.5732266645097,0.211467329951794
A,PCZ,WithoutTurning,49.7243957372976,0.210788013208046
A,PCZ,WithoutTurning,49.8760257865058,0.210110141571505
A,PCZ,WithoutTurning,50.0281182178401,0.209433716042303
A,PCZ,WithoutTurning,50.180674441293,0.208758737593473
A,PCZ,WithoutTurning,50.3336958711568,0.20808520717106
A,PCZ,WithoutTurning,50.4871839260362,0.207413125694233
A,PCZ,WithoutTurning,50.6411400288621,0.206742494055395
A,PCZ,WithoutTurning,50.7955656069044,0.206073313120293
A,PCZ,WithoutTurning,50.9504620917852,0.205405583728134
A,PCZ,WithoutTurning,51.1058309194924,0.204739306691689
A,PCZ,WithoutTurning,51.2616735303929,0.204074482797413
A,PCZ,WithoutTurning,51.4179913692455,0.203411112805551
A,PCZ,WithoutTurning,51.574785885215,0.202749197450254
A,PCZ,WithoutTurning,51.732058531885,0.202088737439685
A,PCZ,WithoutTurning,51.8898107672721,0.201429733456139
A,PCZ,WithoutTurning,52.0480440538385,0.20077218615615
A,PCZ,WithoutTurning,52.2067598585065,0.200116096170604
A,PCZ,WithoutTurning,52.3659596526712,0.199461464104854
A,PCZ,WithoutTurning,52.525644912215,0.198808290538829
A,PCZ,WithoutTurning,52.6858171175206,0.198156576027149
A,PCZ,WithoutTurning,52.846477753485,0.197506321099239
A,PCZ,WithoutTurning,53.0076283095335,0.196857526259439
A,PCZ,WithoutTurning,53.1692702796329,0.196210191987117
A,PCZ,WithoutTurning,53.3314051623061,0.195564318736786
A,PCZ,WithoutTurning,53.4940344606454,0.194919906938211
A,PCZ,WithoutTurning,53.6571596823266,0.194276956996529
A,PCZ,WithoutTurning,53.8207823396231,0.193635469292354
A,PCZ,WithoutTurning,53.9849039494199,0.1929954441819
A,PCZ,WithoutTurning,54.1495260332276,0.192356881997086
A,PCZ,WithoutTurning,54.3146501171962,0.191719783045654
A,PCZ,WithoutTurning,54.48027773213,0.191084147611279
A,PCZ,WithoutTurning,54.6464104135012,0.190449975953689
A,PCZ,WithoutTurning,54.8130497014641,0.189817268308769
A,PCZ,WithoutTurning,54.9801971408698,0.189186024888683
A,PCZ,WithoutTurning,55.14785428128,0.188556245881984
A,PCZ,WithoutTurning,55.3160226769821,0.187927931453727
A,PCZ,WithoutTurning,55.4847038870027,0.187301081745583
A,PCZ,WithoutTurning,55.6538994751227,0.186675696875955
A,PCZ,WithoutTurning,55.8236110098918,0.186051776940088
A,PCZ,WithoutTurning,55.9938400646424,0.185429322010186
A,PCZ,WithoutTurning,56.1645882175051,0.184808332135524
A,PCZ,WithoutTurning,56.3358570514225,0.184188807342561
A,PCZ,WithoutTurning,56.5076481541645,0.183570747635057
A,PCZ,WithoutTurning,56.6799631183427,0.182954152994182
A,PCZ,WithoutTurning,56.8528035414251,0.182339023378634
A,PCZ,WithoutTurning,57.0261710257511,0.181725358724748
A,PCZ,WithoutTurning,57.2000671785464,0.181113158946617
A,PCZ,WithoutTurning,57.3744936119377,0.180502423936197
A,PCZ,WithoutTurning,57.5494519429677,0.179893153563427
A,PCZ,WithoutTurning,57.7249437936101,0.17928534767634
A,PCZ,WithoutTurning,57.9009707907848,0.178679006101177
A,PCZ,WithoutTurning,58.0775345663728,0.178074128642501
A,PCZ,WithoutTurning,58.2546367572312,0.177470715083309
A,PCZ,WithoutTurning,58.4322790052089,0.176868765185147
A,PCZ,WithoutTurning,58.610462957161,0.176268278688225
A,PCZ,WithoutTurning,58.789190264965,0.175669255311525
A,PCZ,WithoutTurning,58.9684625855354,0.175071694752921
A,PCZ,WithoutTurning,59.1482815808393,0.174475596689287
A,PCZ,WithoutTurning,59.3286489179119,0.173880960776613
A,PCZ,WithoutTurning,59.5095662688719,0.173287786650119
A,PCZ,WithoutTurning,59.6910353109368,0.172696073924363
A,PCZ,WithoutTurning,59.8730577264388,0.172105822193362
A,PCZ,WithoutTurning,60.0556352028403,0.171517031030698
A,PCZ,WithoutTurning,60.2387694327492,0.170929699989634
A,PCZ,WithoutTurning,60.422462113935,0.170343828603227
A,PCZ,WithoutTurning,60.6067149493443,0.169759416384441
A,PCZ,WithoutTurning,60.7915296471169,0.169176462826256
A,PCZ,WithoutTurning,60.9769079206012,0.168594967401786
A,PCZ,WithoutTurning,61.1628514883705,0.168014929564389
A,PCZ,WithoutTurning,61.3493620742384,0.167436348747778
A,PCZ,WithoutTurning,61.5364414072755,0.166859224366136
A,PCZ,WithoutTurning,61.7240912218248,0.166283555814226
A,PCZ,WithoutTurning,61.9123132575182,0.165709342467505
A,PCZ,WithoutTurning,62.1011092592921,0.165136583682234
A,PCZ,WithoutTurning,62.2904809774044,0.164565278795592
A,PCZ,WithoutTurning,62.48043016745,0.163995427125786
A,PCZ,WithoutTurning,62.6709585903772,0.163427027972164
A,PCZ,WithoutTurning,62.8620680125044,0.162860080615325
A,PCZ,WithoutTurning,63.0537602055362,0.162294584317234
A,PCZ,WithoutTurning,63.2460369465797,0.161730538321328
A,PCZ,WithoutTurning,63.4389000181613,0.161167941852632
A,PCZ,WithoutTurning,63.6323512082428,0.160606794117866
A,PCZ,WithoutTurning,63.8263923102385,0.16004709430556
A,PCZ,WithoutTurning,64.0210251230315,0.159488841586163
A,PCZ,WithoutTurning,64.2162514509903,0.158932035112153
A,PCZ,WithoutTurning,64.4120731039857,0.158376674018146
A,PCZ,WithoutTurning,64.6084918974077,0.157822757421012
A,PCZ,WithoutTurning,64.805509652182,0.15727028441998
A,PCZ,WithoutTurning,65.003128194787,0.15671925409675
A,PCZ,WithoutTurning,65.2013493572709,0.156169665515603
A,PCZ,WithoutTurning,65.4001749772687,0.15562151772351
A,PCZ,WithoutTurning,65.5996068980188,0.155074809750242
A,PCZ,WithoutTurning,65.7996469683805,0.154529540608483
A,PCZ,WithoutTurning,66.0002970428511,0.153985709293931
A,PCZ,WithoutTurning,66.201558981583,0.153443314785416
A,PCZ,WithoutTurning,66.4034346504009,0.152902356045004
A,PCZ,WithoutTurning,66.6059259208193,0.152362832018108
A,PCZ,WithoutTurning,66.8090346700595,0.151824741633595
A,PCZ,WithoutTurning,67.0127627810675,0.151288083803894
A,PCZ,WithoutTurning,67.2171121425308,0.150752857425109
A,PCZ,WithoutTurning,67.4220846488967,0.15021906137712
A,PCZ,WithoutTurning,67.6276822003891,0.149686694523696
A,PCZ,WithoutTurning,67.8339067030267,0.149155755712604
A,PCZ,WithoutTurning,68.0407600686403,0.148626243775711
A,PCZ,WithoutTurning,68.2482442148907,0.148098157529095
A,PCZ,WithoutTurning,68.4563610652863,0.147571495773153
A,PCZ,WithoutTurning,68.6651125492014,0.147046257292705
A,PCZ,WithoutTurning,68.8745006018934,0.146522440857104
A,PCZ,WithoutTurning,69.0845271645213,0.146000045220341
A,PCZ,WithoutTurning,69.2951941841633,0.145479069121151
A,PCZ,WithoutTurning,69.5065036138354,0.14495951128312
A,PCZ,WithoutTurning,69.7184574125086,0.144441370414791
A,PCZ,WithoutTurning,69.9310575451282,0.14392464520977
A,PCZ,WithoutTurning,70.1443059826309,0.143409334346831
A,PCZ,WithoutTurning,70.358204701964,0.142895436490022
A,PCZ,WithoutTurning,70.572755686103,0.142382950288771
A,PCZ,WithoutTurning,70.7879609240706,0.141871874377987
A,PCZ,WithoutTurning,71.0038224109547,0.141362207378171
A,PCZ,WithoutTurning,71.2203421479268,0.140853947895516
A,PCZ,WithoutTurning,71.4375221422613,0.140347094522011
A,PCZ,WithoutTurning,71.6553644073532,0.139841645835549
A,PCZ,WithoutTurning,71.8738709627374,0.139337600400028
A,PCZ,WithoutTurning,72.093043834107,0.138834956765454
A,PCZ,WithoutTurning,72.3128850533323,0.138333713468049
A,PCZ,WithoutTurning,72.5333966584798,0.137833869030346
A,PCZ,WithoutTurning,72.7545806938307,0.137335421961301
A,PCZ,WithoutTurning,72.9764392099001,0.13683837075639
A,PCZ,WithoutTurning,73.198974263456,0.136342713897712
A,PCZ,WithoutTurning,73.4221879175383,0.135848449854096
A,PCZ,WithoutTurning,73.6460822414779,0.135355577081195
A,PCZ,WithoutTurning,73.870659310916,0.134864094021594
A,PCZ,WithoutTurning,74.0959212078233,0.134373999104911
A,PCZ,WithoutTurning,74.3218700205192,0.133885290747896
A,PCZ,WithoutTurning,74.5485078436915,0.133397967354532
A,PCZ,WithoutTurning,74.7758367784151,0.132912027316139
A,PCZ,WithoutTurning,75.0038589321722,0.132427469011471
A,PCZ,WithoutTurning,75.2325764188717,0.131944290806817
A,PCZ,WithoutTurning,75.4619913588685,0.131462491056104
A,PCZ,WithoutTurning,75.6921058789835,0.130982068100994
A,PCZ,WithoutTurning,75.9229221125227,0.130503020270982
A,PCZ,WithoutTurning,76.154442199298,0.1300253458835
A,PCZ,WithoutTurning,76.3866682856462,0.129549043244013
A,PCZ,WithoutTurning,76.619602524449,0.129074110646117
A,PCZ,WithoutTurning,76.8532470751535,0.12860054637164
A,PCZ,WithoutTurning,77.0876041037915,0.128128348690737
A,PCZ,WithoutTurning,77.3226757830001,0.127657515861993
A,PCZ,WithoutTurning,77.5584642920415,0.127188046132514
A,PCZ,WithoutTurning,77.7949718168235,0.126719937738032
A,PCZ,WithoutTurning,78.0322005499197,0.126253188902995
A,PCZ,WithoutTurning,78.2701526905896,0.125787797840668
A,PCZ,WithoutTurning,78.5088304447991,0.12532376275323
A,PCZ,WithoutTurning,78.7482360252412,0.124861081831868
A,PCZ,WithoutTurning,78.9883716513561,0.124399753256874
A,PCZ,WithoutTurning,79.2292395493522,0.123939775197742
A,PCZ,WithoutTurning,79.4708419522263,0.123481145813261
A,PCZ,WithoutTurning,79.7131810997847,0.123023863251613
A,PCZ,WithoutTurning,79.9562592386635,0.122567925650466
A,PCZ,WithoutTurning,80.2000786223502,0.12211333113707
A,PCZ,WithoutTurning,80.4446415112036,0.12166007782835
A,PCZ,WithoutTurning,80.6899501724757,0.121208163831002
A,PCZ,WithoutTurning,80.9360068803319,0.120757587241584
A,PCZ,WithoutTurning,81.1828139158726,0.120308346146613
A,PCZ,WithoutTurning,81.4303735671543,0.119860438622656
A,PCZ,WithoutTurning,81.6786881292107,0.119413862736423
A,PCZ,WithoutTurning,81.9277599040739,0.118968616544861
A,PCZ,WithoutTurning,82.177591200796,0.118524698095244
A,PCZ,WithoutTurning,82.4281843354701,0.118082105425267
A,PCZ,WithoutTurning,82.6795416312522,0.11764083656314
A,PCZ,WithoutTurning,82.9316654183825,0.117200889527674
A,PCZ,WithoutTurning,83.1845580342071,0.116762262328375
A,PCZ,WithoutTurning,83.4382218231997,0.116324952965538
A,PCZ,WithoutTurning,83.6926591369829,0.115888959430331
A,PCZ,WithoutTurning,83.9478723343508,0.115454279704892
A,PCZ,WithoutTurning,84.2038637812902,0.115020911762415
A,PCZ,WithoutTurning,84.4606358510028,0.114588853567239
A,PCZ,WithoutTurning,84.7181909239272,0.114158103074941
A,PCZ,WithoutTurning,84.9765313877609,0.113728658232424
A,PCZ,WithoutTurning,85.2356596374824,0.113300516978002
A,PCZ,WithoutTurning,85.4955780753735,0.112873677241494
A,PCZ,WithoutTurning,85.7562891110418,0.11244813694431
A,PCZ,WithoutTurning,86.0177951614423,0.112023893999538
A,PCZ,WithoutTurning,86.2800986509009,0.11160094631203
A,PCZ,WithoutTurning,86.5432020111355,0.111179291778495
A,PCZ,WithoutTurning,86.80710768128,0.11075892828758
A,PCZ,WithoutTurning,87.0718181079058,0.110339853719962
A,PCZ,WithoutTurning,87.337335745045,0.109922065948428
A,PCZ,WithoutTurning,87.6036630542133,0.109505562837967
A,PCZ,WithoutTurning,87.8708025044321,0.109090342245852
A,PCZ,WithoutTurning,88.1387565722523,0.108676402021728
A,PCZ,WithoutTurning,88.1387565722523,0.108676402021728
B,BCS,WithTurning,1.55651610338746,2.49773967009626
B,BCS,WithTurning,1.56163284472781,2.4975451904367
B,BCS,WithTurning,1.56676640635154,2.49697402895407
B,BCS,WithTurning,1.57191684355203,2.49604471722006
B,BCS,WithTurning,1.57708421180443,2.49477591908036
B,BCS,WithTurning,1.58226856676625,2.49318640485077
B,BCS,WithTurning,1.58746996427797,2.4912950268214
B,BCS,WithTurning,1.59268846036362,2.48912069609827
B,BCS,WithTurning,1.59792411123141,2.48668236080655
B,BCS,WithTurning,1.60317697327433,2.4839989856752
B,BCS,WithTurning,1.60844710307074,2.48108953301822
B,BCS,WithTurning,1.61373455738498,2.4779729451238
B,BCS,WithTurning,1.61903939316802,2.47466812805879
B,BCS,WithTurning,1.62436166755801,2.47119393689234
B,BCS,WithTurning,1.62970143788097,2.46756916233946
B,BCS,WithTurning,1.63505876165133,2.46381251882216
B,BCS,WithTurning,1.64043369657262,2.45994263394333
B,BCS,WithTurning,1.64582630053803,2.45597803936613
B,BCS,WithTurning,1.65123663163108,2.4519371630895
B,BCS,WithTurning,1.65666474812623,2.44783832310895
B,BCS,WithTurning,1.65742603005139,2.44726095604597
B,BCS,WithTurning,1.6621107084895,2.4433571050222
B,BCS,WithTurning,1.6675745713791,2.43796026653606
B,BCS,WithTurning,1.67305639564608,2.43169768466821
B,BCS,WithTurning,1.67855624033493,2.42462886137869
B,BCS,WithTurning,1.68407416468427,2.41681352140508
B,BCS,WithTurning,1.68961022812743,2.40831143214348
B,BCS,WithTurning,1.69516449029312,2.39918223698268
B,BCS,WithTurning,1.70073701100608,2.38948530234168
B,BCS,WithTurning,1.70632785028769,2.37927957855899
B,BCS,WithTurning,1.71193706835665,2.36862347468855
B,BCS,WithTurning,1.71756472562963,2.35757474717175
B,BCS,WithTurning,1.72321088272189,2.34619040227956
B,BCS,WithTurning,1.72887560044795,2.33452661215085
B,BCS,WithTurning,1.73455893982226,2.32263864419532
B,BCS,WithTurning,1.74026096205984,2.31058080357944
B,BCS,WithTurning,1.74598172857692,2.29840638847307
B,BCS,WithTurning,1.75172130099166,2.28616765770185
B,BCS,WithTurning,1.75747974112476,2.27391581042615
B,BCS,WithTurning,1.76325711100013,2.26170097745048
B,BCS,WithTurning,1.76905347284559,2.24957222375847
B,BCS,WithTurning,1.77486888909351,2.23757756186639
B,BCS,WithTurning,1.78070342238151,2.22576397559294
B,BCS,WithTurning,1.78505157871613,2.217129654311
B,BCS,WithTurning,1.78655713555311,2.21412785986084
B,BCS,WithTurning,1.7924300916584,2.2017426650278
B,BCS,WithTurning,1.79832235395476,2.18846653416295
B,BCS,WithTurning,1.80078475095012,2.182737647292
B,BCS,WithTurning,1.80423398590751,2.17457931927163
B,BCS,WithTurning,1.81016505119059,2.16022801482289
B,BCS,WithTurning,1.81611561368726,2.14548378718764
B,BCS,WithTurning,1.82208573749079,2.13041606189201
B,BCS,WithTurning,1.82807548690513,2.11509272187083
B,BCS,WithTurning,1.83408492644563,2.09958001938424
B,BCS,WithTurning,1.84011412083972,2.08394250878168
B,BCS,WithTurning,1.8461631350276,2.06824299932714
B,BCS,WithTurning,1.85223203416297,2.05254252725172
B,BCS,WithTurning,1.85832088361367,2.03690034616775
B,BCS,WithTurning,1.86442974896246,2.02137393496338
B,BCS,WithTurning,1.87055869600768,2.00601902229513
B,BCS,WithTurning,1.87529454981469,1.99433971033397
B,BCS,WithTurning,1.87670779076396,1.99088334063066
B,BCS,WithTurning,1.88287709946296,1.97580568980519
B,BCS,WithTurning,1.88906668855404,1.96058248273199
B,BCS,WithTurning,1.89386232550661,1.94862801016331
B,BCS,WithTurning,1.89527662470501,1.94505931468189
B,BCS,WithTurning,1.90150697480285,1.92901179451858
B,BCS,WithTurning,1.90775780595439,1.9124774915452
B,BCS,WithTurning,1.91402918548709,1.89558386000622
B,BCS,WithTurning,1.92032118094971,1.87845457021354
B,BCS,WithTurning,1.92663386011309,1.86120932052437
B,BCS,WithTurning,1.93296729097082,1.84396372698643
B,BCS,WithTurning,1.93932154174004,1.82682928650867
B,BCS,WithTurning,1.94569668086212,1.80991340928625
B,BCS,WithTurning,1.95209277700342,1.79331951620262
B,BCS,WithTurning,1.95850989905603,1.77714719703861
B,BCS,WithTurning,1.9649481161385,1.76149242552874
B,BCS,WithTurning,1.97140749759662,1.74644782760871
B,BCS,WithTurning,1.97788811300412,1.73210299958679
B,BCS,WithTurning,1.98439003216343,1.71854487343791
B,BCS,WithTurning,1.99091332510646,1.70585812695637
B,BCS,WithTurning,1.99745806209534,1.69412563710683
B,BCS,WithTurning,2.00223271099798,1.68623678062407
B,BCS,WithTurning,2.00402431362315,1.68340080535592
B,BCS,WithTurning,2.01061215041473,1.67320864078192
B,BCS,WithTurning,2.01722164342739,1.66334098583249
B,BCS,WithTurning,2.02385286385172,1.65378229091488
B,BCS,WithTurning,2.0305058831123,1.64451742217026
B,BCS,WithTurning,2.03718077286856,1.63553163863955
B,BCS,WithTurning,2.04387760501543,1.62681057079199
B,BCS,WithTurning,2.05059645168424,1.61834020035414
B,BCS,WithTurning,2.05733738524341,1.61010684138135
B,BCS,WithTurning,2.06410047829925,1.60209712251796
B,BCS,WithTurning,2.07088580369676,1.594297970396
B,BCS,WithTurning,2.0776934345204,1.58669659412587
B,BCS,WithTurning,2.08452344409489,1.57928047083573
B,BCS,WithTurning,2.09137590598597,1.57203733221913
B,BCS,WithTurning,2.09825089400124,1.56495515205338
B,BCS,WithTurning,2.10514848219092,1.55802213465365
B,BCS,WithTurning,2.11206874484863,1.55122670423009
B,BCS,WithTurning,2.11901175651224,1.54455749511733
B,BCS,WithTurning,2.12597759196466,1.538003342848
B,BCS,WithTurning,2.1329663262346,1.53155327604322
B,BCS,WithTurning,2.13997803459744,1.52519650909501
B,BCS,WithTurning,2.147012792576,1.51892243561683
B,BCS,WithTurning,2.15407067594137,1.51272062263984
B,BCS,WithTurning,2.16115176071372,1.50658080553342
B,BCS,WithTurning,2.16825612316313,1.50049288362983
B,BCS,WithTurning,2.1753838398104,1.4944469165335
B,BCS,WithTurning,2.18253498742786,1.48843312109613
B,BCS,WithTurning,2.18970964304024,1.48244186903968
B,BCS,WithTurning,2.19690788392546,1.47646368520951
B,BCS,WithTurning,2.20412978761548,1.47048924644044
B,BCS,WithTurning,2.20741694416288,1.46777512584152
B,BCS,WithTurning,2.21137543189711,1.46451299891617
B,BCS,WithTurning,2.21864489481291,1.45854904379864
B,BCS,WithTurning,2.22593825466196,1.45260293571172
B,BCS,WithTurning,2.23325559000073,1.44667810118449
B,BCS,WithTurning,2.24059697964396,1.44077791031434
B,BCS,WithTurning,2.24796250266544,1.43490567731286
B,BCS,WithTurning,2.25535223839892,1.42906466112893
B,BCS,WithTurning,2.26276626643894,1.42325806614657
B,BCS,WithTurning,2.2702046666417,1.41748904295554
B,BCS,WithTurning,2.2776675191259,1.41176068919222
B,BCS,WithTurning,2.28515490427361,1.40607605044882
B,BCS,WithTurning,2.29266690273116,1.40043812124879
B,BCS,WithTurning,2.30020359540997,1.39484984608632
B,BCS,WithTurning,2.30776506348745,1.38931412052811
B,BCS,WithTurning,2.31535138840787,1.38383379237531
B,BCS,WithTurning,2.32296265188322,1.37841166288409
B,BCS,WithTurning,2.3305989358941,1.37305048804284
B,BCS,WithTurning,2.33826032269062,1.36775297990443
B,BCS,WithTurning,2.34594689479326,1.36252180797198
B,BCS,WithTurning,2.35365873499377,1.35735960063665
B,BCS,WithTurning,2.36139592635607,1.35226894666586
B,BCS,WithTurning,2.36915855221713,1.34725239674092
B,BCS,WithTurning,2.37694669618788,1.34231246504255
B,BCS,WithTurning,2.3847604421541,1.33745163088331
B,BCS,WithTurning,2.39259987427731,1.33267234038593
B,BCS,WithTurning,2.40046507699573,1.32797700820649
B,BCS,WithTurning,2.40835613502513,1.32336801930169
B,BCS,WithTurning,2.41627313335977,1.31884773073946
B,BCS,WithTurning,2.42421615727333,1.31441847355236
B,BCS,WithTurning,2.43218529231977,1.31008255463313
B,BCS,WithTurning,2.44018062433434,1.30584225867205
B,BCS,WithTurning,2.44820223943441,1.30169985013592
B,BCS,WithTurning,2.45625022402049,1.29765757528832
B,BCS,WithTurning,2.46432466477709,1.29371766425121
B,BCS,WithTurning,2.47242564867366,1.28988233310791
B,BCS,WithTurning,2.48055326296559,1.2861537860477
B,BCS,WithTurning,2.48870759519507,1.28253421755221
B,BCS,WithTurning,2.49688873319207,1.27902581462429
B,BCS,WithTurning,2.50509676507531,1.27563075905966
B,BCS,WithTurning,2.51333177925315,1.2723512297623
B,BCS,WithTurning,2.5215938644246,1.26918940510428
B,BCS,WithTurning,2.52668544831594,1.26730540518357
B,BCS,WithTurning,2.52988310958023,1.26614127135487
B,BCS,WithTurning,2.53819960400317,1.26314759589047
B,BCS,WithTurning,2.54654343727004,1.26019493990728
B,BCS,WithTurning,2.55491469925192,1.25728561013283
B,BCS,WithTurning,2.56331348011533,1.25442189380841
B,BCS,WithTurning,2.5717398703232,1.25160605955108
B,BCS,WithTurning,2.58019396063584,1.24884035825707
B,BCS,WithTurning,2.58867584211189,1.24612702404636
B,BCS,WithTurning,2.59718560610936,1.24346827524771
B,BCS,WithTurning,2.60572334428658,1.24086631542398
B,BCS,WithTurning,2.61428914860316,1.23832333443738
B,BCS,WithTurning,2.62288311132103,1.23584150955431
B,BCS,WithTurning,2.63150532500542,1.23342300658967
B,BCS,WithTurning,2.64015588252583,1.23106998109048
B,BCS,WithTurning,2.64883487705707,1.22878457955869
B,BCS,WithTurning,2.65754240208023,1.22656894071316
B,BCS,WithTurning,2.6662785513837,1.22442519679097
B,BCS,WithTurning,2.67504341906419,1.222355474888
B,BCS,WithTurning,2.68383709952774,1.22036189833911
B,BCS,WithTurning,2.69265968749071,1.21844658813818
B,BCS,WithTurning,2.70151127798083,1.2166116643982
B,BCS,WithTurning,2.71039196633824,1.21485924785201
B,BCS,WithTurning,2.71930184821644,1.2131914613941
B,BCS,WithTurning,2.72824101958343,1.21161043166403
B,BCS,WithTurning,2.73720957672264,1.21011829067215
B,BCS,WithTurning,2.74620761623405,1.20871717746844
B,BCS,WithTurning,2.74644005403047,1.20868226787139
B,BCS,WithTurning,2.75523523503515,1.20739002758522
B,BCS,WithTurning,2.76429253036207,1.20611468546274
B,BCS,WithTurning,2.77337959977057,1.20488861048682
B,BCS,WithTurning,2.78249654113709,1.20370929085057
B,BCS,WithTurning,2.79164345265983,1.20257422964197
B,BCS,WithTurning,2.80082043285981,1.20148094392555
B,BCS,WithTurning,2.8100275805819,1.2004269638764
B,BCS,WithTurning,2.81926499499592,1.19940983196574
B,BCS,WithTurning,2.82853277559768,1.19842710219763
B,BCS,WithTurning,2.83783102221005,1.19747633939617
B,BCS,WithTurning,2.84715983498408,1.19655511854273
B,BCS,WithTurning,2.85651931440003,1.19566102416271
B,BCS,WithTurning,2.86590956126846,1.19479164976158
B,BCS,WithTurning,2.87533067673134,1.19394459730951
B,BCS,WithTurning,2.88478276226311,1.19311747677452
B,BCS,WithTurning,2.89426591967181,1.19230790570366
B,BCS,WithTurning,2.90378025110013,1.19151350885196
B,BCS,WithTurning,2.91332585902655,1.19073191785881
B,BCS,WithTurning,2.92290284626641,1.18996077097167
B,BCS,WithTurning,2.93251131597306,1.1891977128166
B,BCS,WithTurning,2.94215137163893,1.1884403942156
B,BCS,WithTurning,2.95182311709667,1.18768647205046
B,BCS,WithTurning,2.96152665652024,1.18693360917285
B,BCS,WithTurning,2.97126209442607,1.18617947436052
B,BCS,WithTurning,2.98102953567417,1.18542174231939
B,BCS,WithTurning,2.99082908546925,1.18465809373125
B,BCS,WithTurning,3.00066084936185,1.18388621534699
B,BCS,WithTurning,3.0105249332495,1.18310380012506
B,BCS,WithTurning,3.02042144337785,1.18230854741496
B,BCS,WithTurning,3.03035048634179,1.18149816318557
B,BCS,WithTurning,3.04031216908665,1.18067036029801
B,BCS,WithTurning,3.0503065989093,1.17982285882293
B,BCS,WithTurning,3.06033388345933,1.17895338640174
B,BCS,WithTurning,3.07039413074023,1.17805967865171
B,BCS,WithTurning,3.08048744911048,1.17713947961452
B,BCS,WithTurning,3.09061394728482,1.17619054224796
B,BCS,WithTurning,3.10077373433535,1.17521062896041
B,BCS,WithTurning,3.11096691969271,1.17419751218777
B,BCS,WithTurning,3.12119361314728,1.17314897501233
B,BCS,WithTurning,3.12263467897165,1.17299853191799
B,BCS,WithTurning,3.13145392485036,1.1720711376962
B,BCS,WithTurning,3.14174796531535,1.17097728493181
B,BCS,WithTurning,3.15207584541893,1.16986800744324
B,BCS,WithTurning,3.16243767640229,1.16874368077323
B,BCS,WithTurning,3.17283356987227,1.16760467978306
B,BCS,WithTurning,3.18326363780261,1.16645137860762
B,BCS,WithTurning,3.19372799253516,1.16528415061165
B,BCS,WithTurning,3.20422674678105,1.16410336834709
B,BCS,WithTurning,3.21476001362193,1.16290940351157
B,BCS,WithTurning,3.22532790651118,1.16170262690815
B,BCS,WithTurning,3.23593053927515,1.16048340840606
B,BCS,WithTurning,3.24656802611437,1.15925211690265
B,BCS,WithTurning,3.25724048160475,1.1580091202865
B,BCS,WithTurning,3.2679480206989,1.15675478540165
B,BCS,WithTurning,3.27869075872726,1.1554894780129
B,BCS,WithTurning,3.28946881139943,1.15421356277236
B,BCS,WithTurning,3.30028229480538,1.152927403187
B,BCS,WithTurning,3.31113132541669,1.15163136158742
B,BCS,WithTurning,3.32201602008783,1.15032579909769
B,BCS,WithTurning,3.3329364960574,1.14901107560628
B,BCS,WithTurning,3.34389287094939,1.14768754973819
B,BCS,WithTurning,3.35488526277447,1.14635557882806
B,BCS,WithTurning,3.36591378993124,1.14501551889447
B,BCS,WithTurning,3.37697857120752,1.14366772461531
B,BCS,WithTurning,3.38807972578161,1.1423125493042
B,BCS,WithTurning,3.3992173732236,1.14095034488807
B,BCS,WithTurning,3.41039163349662,1.13958146188571
B,BCS,WithTurning,3.42160262695818,1.1382062493875
B,BCS,WithTurning,3.43285047436143,1.1368250550361
B,BCS,WithTurning,3.44413529685647,1.13543822500828
B,BCS,WithTurning,3.45545721599166,1.13404610399775
B,BCS,WithTurning,3.46681635371494,1.13264903519902
B,BCS,WithTurning,3.4782128323751,1.1312473602924
B,BCS,WithTurning,3.48964677472314,1.12984141942986
B,BCS,WithTurning,3.50111830391361,1.12843155122206
B,BCS,WithTurning,3.51262754350586,1.12701809272631
B,BCS,WithTurning,3.52417461746545,1.12560137943557
B,BCS,WithTurning,3.53575965016543,1.12418174526846
B,BCS,WithTurning,3.54738276638772,1.1227595225602
B,BCS,WithTurning,3.55904409132443,1.12133504205463
B,BCS,WithTurning,3.5707437505792,1.11990863289711
B,BCS,WithTurning,3.58248187016859,1.11848062262844
B,BCS,WithTurning,3.59425857652341,1.11705133717976
B,BCS,WithTurning,3.60607399649008,1.11562110086833
B,BCS,WithTurning,3.61792825733199,1.11419023639435
B,BCS,WithTurning,3.62982148673091,1.1127590648386
B,BCS,WithTurning,3.64175381278833,1.11132790566113
B,BCS,WithTurning,3.65372536402684,1.10989707670079
B,BCS,WithTurning,3.66573626939152,1.1084668941757
B,BCS,WithTurning,3.67778665825136,1.1070376726846
B,BCS,WithTurning,3.68987666040058,1.10560972520915
B,BCS,WithTurning,3.70200640606011,1.10418336311707
B,BCS,WithTurning,3.71417602587895,1.10275889616618
B,BCS,WithTurning,3.72638565093557,1.10133663250927
B,BCS,WithTurning,3.73863541273933,1.09991687869994
B,BCS,WithTurning,3.75092544323193,1.09849993969918
B,BCS,WithTurning,3.76325587478878,1.09708611888285
B,BCS,WithTurning,3.77562684022045,1.09567571805001
B,BCS,WithTurning,3.7880384727741,1.09426903743207
B,BCS,WithTurning,3.80049090613492,1.09286637570278
B,BCS,WithTurning,3.81298427442755,1.09146802998898
B,BCS,WithTurning,3.82551871221756,1.09007429588227
B,BCS,WithTurning,3.83809435451287,1.08868546745134
B,BCS,WithTurning,3.85071133676519,1.08730183725526
B,BCS,WithTurning,3.86336979487153,1.08592369635741
B,BCS,WithTurning,3.87606986517562,1.08455133434027
B,BCS,WithTurning,3.8888116844694,1.08318503932098
B,BCS,WithTurning,3.90159538999448,1.08182509796765
B,BCS,WithTurning,3.91442111944364,1.08047179551643
B,BCS,WithTurning,3.92728901096227,1.07912541578935
B,BCS,WithTurning,3.94019920314991,1.0777862412129
B,BCS,WithTurning,3.95011614696238,1.07676558081271
B,BCS,WithTurning,3.9531518350617,1.07645439255208
B,BCS,WithTurning,3.96614704620993,1.07512609829396
B,BCS,WithTurning,3.97918497656547,1.07379964808386
B,BCS,WithTurning,3.99226576655934,1.07247501817387
B,BCS,WithTurning,4.00538955708419,1.07115218492406
B,BCS,WithTurning,4.01855648949583,1.06983112480202
B,BCS,WithTurning,4.03176670561475,1.06851181438258
B,BCS,WithTurning,4.04502034772765,1.06719423034741
B,BCS,WithTurning,4.05831755858896,1.06587834948471
B,BCS,WithTurning,4.07165848142239,1.06456414868885
B,BCS,WithTurning,4.08504325992249,1.06325160496005
B,BCS,WithTurning,4.09847203825615,1.06194069540404
B,BCS,WithTurning,4.11194496106418,1.0606313972317
B,BCS,WithTurning,4.1254621734629,1.05932368775883
B,BCS,WithTurning,4.13902382104564,1.05801754440574
B,BCS,WithTurning,4.15263004988435,1.056712944697
B,BCS,WithTurning,4.16628100653117,1.05540986626109
B,BCS,WithTurning,4.17997683801999,1.05410828683015
B,BCS,WithTurning,4.19371769186805,1.05280818423962
B,BCS,WithTurning,4.20750371607752,1.05150953642802
B,BCS,WithTurning,4.22133505913711,1.0502123214366
B,BCS,WithTurning,4.23521187002364,1.04891651740908
B,BCS,WithTurning,4.24913429820367,1.0476221025914
B,BCS,WithTurning,4.26310249363512,1.0463290553314
B,BCS,WithTurning,4.27711660676884,1.04503735407858
B,BCS,WithTurning,4.29117678855027,1.04374697738381
B,BCS,WithTurning,4.30528319042104,1.04245790389912
B,BCS,WithTurning,4.31943596432065,1.04117011237737
B,BCS,WithTurning,4.33363526268802,1.03988358167207
B,BCS,WithTurning,4.34788123846324,1.03859829073709
B,BCS,WithTurning,4.36217404508911,1.03731421862643
B,BCS,WithTurning,4.37651383651287,1.03603134449398
B,BCS,WithTurning,4.39090076718782,1.03474964759329
B,BCS,WithTurning,4.40533499207502,1.03346910727731
B,BCS,WithTurning,4.4198166666449,1.03218970299822
B,BCS,WithTurning,4.43434594687899,1.03091141430716
B,BCS,WithTurning,4.44892298927156,1.02963422085403
B,BCS,WithTurning,4.46354795083135,1.02835810238727
B,BCS,WithTurning,4.47822098908321,1.02708303875367
B,BCS,WithTurning,4.49294226206984,1.02580900989813
B,BCS,WithTurning,4.50771192835348,1.02453599586347
B,BCS,WithTurning,4.52253014701757,1.02326397679025
B,BCS,WithTurning,4.53739707766857,1.02199293291657
B,BCS,WithTurning,4.55231288043756,1.02072284457785
B,BCS,WithTurning,4.56727771598204,1.01945369220668
B,BCS,WithTurning,4.58229174548765,1.01818545633261
B,BCS,WithTurning,4.59735513066988,1.016918117582
B,BCS,WithTurning,4.61246803377584,1.0156516566778
B,BCS,WithTurning,4.62763061758599,1.01438605443944
B,BCS,WithTurning,4.64284304541589,1.01312129178259
B,BCS,WithTurning,4.65810548111799,1.01185734971906
B,BCS,WithTurning,4.67341808908335,1.01059420935659
B,BCS,WithTurning,4.68878103424344,1.00933185189873
B,BCS,WithTurning,4.70419448207193,1.00807025864465
B,BCS,WithTurning,4.71965859858641,1.00680941098903
B,BCS,WithTurning,4.73517355035026,1.00554929042187
B,BCS,WithTurning,4.75073950447439,1.00428987852839
B,BCS,WithTurning,4.76635662861906,1.00303115698884
B,BCS,WithTurning,4.78202509099566,1.00177310757841
B,BCS,WithTurning,4.79774506036856,1.00051571216707
B,BCS,WithTurning,4.81351670605691,0.99925895271945
B,BCS,WithTurning,4.82934019793646,0.998002811294697
B,BCS,WithTurning,4.84521570644139,0.996747270046372
B,BCS,WithTurning,4.86114340256615,0.99549231122232
B,BCS,WithTurning,4.87712345786731,0.994237917164549
B,BCS,WithTurning,4.89315604446538,0.992984070309123
B,BCS,WithTurning,4.9092413350467,0.991730753186042
B,BCS,WithTurning,4.92537950286528,0.990477948419142
B,BCS,WithTurning,4.94157072174465,0.989225638725986
B,BCS,WithTurning,4.95781516607977,0.987973806917761
B,BCS,WithTurning,4.9741130108389,0.986722435899181
B,BCS,WithTurning,4.99046443156544,0.985471508668389
B,BCS,WithTurning,5.00686960437988,0.984221008316863
B,BCS,WithTurning,5.02332870598166,0.982970918029332
B,BCS,WithTurning,5.03984191365109,0.981721221083677
B,BCS,WithTurning,5.05640940525126,0.980471900850857
B,BCS,WithTurning,5.07303135922994,0.979222940794822
B,BCS,WithTurning,5.08970795462151,0.977974324472432
B,BCS,WithTurning,5.1064393710489,0.976726035533388
B,BCS,WithTurning,5.12322578872551,0.975478057720148
B,BCS,WithTurning,5.14006738845715,0.974230374867866
B,BCS,WithTurning,5.15696435164401,0.972982970904315
B,BCS,WithTurning,5.17391686028259,0.971735829849829
B,BCS,WithTurning,5.19092509696766,0.970488935817233
B,BCS,WithTurning,5.20798924489424,0.969242273011786
B,BCS,WithTurning,5.22510948785956,0.967995825731125
B,BCS,WithTurning,5.24228601026508,0.966749578365202
B,BCS,WithTurning,5.25951899711839,0.96550351539624
B,BCS,WithTurning,5.27680863403531,0.964257621398675
B,BCS,WithTurning,5.2941551072418,0.963011881039112
B,BCS,WithTurning,5.311558603576,0.961766279076277
B,BCS,WithTurning,5.32901931049028,0.960520800360975
B,BCS,WithTurning,5.34653741605319,0.959275429836047
B,BCS,WithTurning,5.36411310895151,0.958030152536334
B,BCS,WithTurning,5.38174657849233,0.956784953588634
B,BCS,WithTurning,5.39943801460502,0.955539818211677
B,BCS,WithTurning,5.41718760784331,0.954294731716085
B,BCS,WithTurning,5.43499554938735,0.953049679504345
B,BCS,WithTurning,5.45286203104574,0.951804647070781
B,BCS,WithTurning,5.47078724525762,0.950559620001527
B,BCS,WithTurning,5.48877138509475,0.949314583974505
B,BCS,WithTurning,5.50681464426355,0.948069524759402
B,BCS,WithTurning,5.52491721710723,0.946824428217653
B,BCS,WithTurning,5.54307929860787,0.945579280302417
B,BCS,WithTurning,5.56130108438849,0.944334067058571
B,BCS,WithTurning,5.57958277071521,0.943088774622685
B,BCS,WithTurning,5.59792455449932,0.941843389223021
B,BCS,WithTurning,5.61632663329942,0.940597897179516
B,BCS,WithTurning,5.63478920532354,0.939352284903776
B,BCS,WithTurning,5.6533124694313,0.938106538899068
B,BCS,WithTurning,5.67189662513602,0.936860645760322
B,BCS,WithTurning,5.69054187260686,0.935614592174119
B,BCS,WithTurning,5.70924841267104,0.934368364918697
B,BCS,WithTurning,5.72801644681592,0.933121950863948
B,BCS,WithTurning,5.74684617719123,0.931875336971422
B,BCS,WithTurning,5.76573780661123,0.930628510294331
B,BCS,WithTurning,5.78469153855688,0.929381457977556
B,BCS,WithTurning,5.80370757717805,0.928134167257649
B,BCS,WithTurning,5.82278612729572,0.926886625462848
B,BCS,WithTurning,5.84192739440417,0.925638820013086
B,BCS,WithTurning,5.8611315846732,0.924390738419998
B,BCS,WithTurning,5.88039890495036,0.923142368286941
B,BCS,WithTurning,5.89972956276316,0.921893697309005
B,BCS,WithTurning,5.91912376632133,0.920644713273029
B,BCS,WithTurning,5.93858172451904,0.919395404057621
B,BCS,WithTurning,5.95810364693716,0.918145757633174
B,BCS,WithTurning,5.97768974384552,0.916895762061888
B,BCS,WithTurning,5.99734022620516,0.915645405497793
B,BCS,WithTurning,6.01705530567062,0.914394676186767
B,BCS,WithTurning,6.03683519459222,0.913143562466565
B,BCS,WithTurning,6.05668010601833,0.911892052766842
B,BCS,WithTurning,6.07659025369768,0.910640135609179
B,BCS,WithTurning,6.09656585208165,0.909387799607113
B,BCS,WithTurning,6.1166071163266,0.908135033466162
B,BCS,WithTurning,6.13671426229616,0.906881825983858
B,BCS,WithTurning,6.15688750656357,0.905628166049777
B,BCS,WithTurning,6.17712706641402,0.904374042645571
B,BCS,WithTurning,6.19743315984699,0.903119444844999
B,BCS,WithTurning,6.21780600557857,0.901864361813964
B,BCS,WithTurning,6.23824582304386,0.900608782810546
B,BCS,WithTurning,6.25875283239927,0.899352697185039
B,BCS,WithTurning,6.27932725452498,0.898096094379985
B,BCS,WithTurning,6.29996931102724,0.896838963930215
B,BCS,WithTurning,6.3206792242408,0.895581295462886
B,BCS,WithTurning,6.34145721723128,0.894323078697518
B,BCS,WithTurning,6.3623035137976,0.893064303446039
B,BCS,WithTurning,6.38143427126041,0.891912244914893
B,BCS,WithTurning,6.38321833847435,0.89180497122582
B,BCS,WithTurning,6.40420191653426,0.890546891140831
B,BCS,WithTurning,6.42525447399059,0.889291256741741
B,BCS,WithTurning,6.44637623759957,0.888037900604786
B,BCS,WithTurning,6.46756743486286,0.886786656232567
B,BCS,WithTurning,6.48882829402997,0.885537358050025
B,BCS,WithTurning,6.51015904410074,0.884289841400719
B,BCS,WithTurning,6.5315599148278,0.883043942543422
B,BCS,WithTurning,6.55303113671907,0.881799498649008
B,BCS,WithTurning,6.57457294104019,0.880556347797655
B,BCS,WithTurning,6.59618555981705,0.879314328976332
B,BCS,WithTurning,6.61786922583827,0.878073282076596
B,BCS,WithTurning,6.63962417265776,0.876833047892667
B,BCS,WithTurning,6.66145063459714,0.87559346811981
B,BCS,WithTurning,6.68334884674833,0.874354385352984
B,BCS,WithTurning,6.7053190449761,0.873115643085795
B,BCS,WithTurning,6.72736146592053,0.871877085709715
B,BCS,WithTurning,6.74947634699965,0.870638558513589
B,BCS,WithTurning,6.77166392641192,0.869399907683412
B,BCS,WithTurning,6.79392444313887,0.868160980302381
B,BCS,WithTurning,6.8162581369476,0.86692162435122
B,BCS,WithTurning,6.83866524839341,0.865681688708765
B,BCS,WithTurning,6.86114601882239,0.864441023152819
B,BCS,WithTurning,6.88370069037398,0.863199478361266
B,BCS,WithTurning,6.90632950598364,0.861956905913446
B,BCS,WithTurning,6.92903270938541,0.860713158291782
B,BCS,WithTurning,6.95181054511456,0.85946808888366
B,BCS,WithTurning,6.97466325851023,0.858221551983567
B,BCS,WithTurning,6.99759109571806,0.85697340279546
B,BCS,WithTurning,7.02059430369284,0.855723497435399
B,BCS,WithTurning,7.04367313020118,0.854471692934403
B,BCS,WithTurning,7.06682782382418,0.853217847241558
B,BCS,WithTurning,7.09005863396009,0.85196181922735
B,BCS,WithTurning,7.11336581082702,0.85070346868724
B,BCS,WithTurning,7.13674960546562,0.84944265634546
B,BCS,WithTurning,7.16021026974177,0.848179243859042
B,BCS,WithTurning,7.18374805634934,0.846913093822063
B,BCS,WithTurning,7.20736321881285,0.845644069770124
B,BCS,WithTurning,7.23105601149026,0.844372036185028
B,BCS,WithTurning,7.25482668957566,0.843096858499687
B,BCS,WithTurning,7.27867550910205,0.841818403103237
B,BCS,WithTurning,7.3026027269441,0.840536537346354
B,BCS,WithTurning,7.32660860082088,0.839251129546786
B,BCS,WithTurning,7.35069338929867,0.837962048995079
B,BCS,WithTurning,7.37485735179376,0.836669165960501
B,BCS,WithTurning,7.39910074857518,0.835372351697172
B,BCS,WithTurning,7.42342384076757,0.834071478450373
B,BCS,WithTurning,7.44782689035397,0.832766419463052
B,BCS,WithTurning,7.47231016017861,0.831457048982512
B,BCS,WithTurning,7.49687391394979,0.830143242267288
B,BCS,WithTurning,7.5215184162427,0.82882487559419
B,BCS,WithTurning,7.54624393250227,0.827501826265536
B,BCS,WithTurning,7.571050729046,0.82617397261655
B,BCS,WithTurning,7.59593907306691,0.824841194022927
B,BCS,WithTurning,7.62090923263631,0.823503370908568
B,BCS,WithTurning,7.64596147670677,0.822160384753474
B,BCS,WithTurning,7.671096075115,0.820812118101801
B,BCS,WithTurning,7.69631329858471,0.819458454570065
B,BCS,WithTurning,7.72161341872959,0.818099278855501
B,BCS,WithTurning,7.74699670805619,0.81673447674457
B,BCS,WithTurning,7.77246343996689,0.81536393512161
B,BCS,WithTurning,7.79801388876281,0.813987541977623
B,BCS,WithTurning,7.82364832964679,0.812605186419202
B,BCS,WithTurning,7.84936703872633,0.81121675867759
B,BCS,WithTurning,7.87517029301661,0.809822150117868
B,BCS,WithTurning,7.90105837044341,0.808421253248262
B,BCS,WithTurning,7.92703154984617,0.807013961729581
B,BCS,WithTurning,7.95309011098091,0.805600170384762
B,BCS,WithTurning,7.97923433452336,0.804179775208536
B,BCS,WithTurning,8.00546450207185,0.802752673377194
B,BCS,WithTurning,8.02871882981031,0.801485718174477
B,BCS,WithTurning,8.03178089615045,0.801318759374904
B,BCS,WithTurning,8.05818380021198,0.799877636483366
B,BCS,WithTurning,8.08467349864101,0.798429191578717
B,BCS,WithTurning,8.11125027675702,0.796973567516368
B,BCS,WithTurning,8.13791442081738,0.795510906645371
B,BCS,WithTurning,8.1646662180205,0.794041350797373
B,BCS,WithTurning,8.19150595650889,0.792565041275783
B,BCS,WithTurning,8.21843392537228,0.791082118845167
B,BCS,WithTurning,8.24545041465071,0.789592723720852
B,BCS,WithTurning,8.27255571533768,0.788096995558748
B,BCS,WithTurning,8.29975011938328,0.786595073445388
B,BCS,WithTurning,8.32703391969732,0.785087095888183
B,BCS,WithTurning,8.35440741015249,0.783573200805893
B,BCS,WithTurning,8.38187088558755,0.782053525519307
B,BCS,WithTurning,8.40942464181044,0.780528206742144
B,BCS,WithTurning,8.43706897560156,0.778997380572157
B,BCS,WithTurning,8.46480418471689,0.777461182482455
B,BCS,WithTurning,8.49263056789123,0.775919747313034
B,BCS,WithTurning,8.52054842484142,0.774373209262516
B,BCS,WithTurning,8.54855805626955,0.772821701880096
B,BCS,WithTurning,8.5766597638662,0.771265358057698
B,BCS,WithTurning,8.60485385031373,0.76970431002234
B,BCS,WithTurning,8.63314061928948,0.768138689328694
B,BCS,WithTurning,8.66152037546908,0.766568626851864
B,BCS,WithTurning,8.68999342452973,0.764994252780354
B,BCS,WithTurning,8.71856007315346,0.763415696609248
B,BCS,WithTurning,8.74722062903047,0.761833087133585
B,BCS,WithTurning,8.77597540086245,0.76024655244193
B,BCS,WithTurning,8.80482469836586,0.758656219910153
B,BCS,WithTurning,8.8337688322753,0.757062216195394
B,BCS,WithTurning,8.86280811434685,0.755464667230233
B,BCS,WithTurning,8.89194285736144,0.753863698217043
B,BCS,WithTurning,8.92117337512817,0.752259433622547
B,BCS,WithTurning,8.95049998248777,0.750651997172556
B,BCS,WithTurning,8.97992299531592,0.749041511846906
B,BCS,WithTurning,9.00944273052667,0.747428099874574
B,BCS,WithTurning,9.0390595060759,0.745811882728991
B,BCS,WithTurning,9.06877364096468,0.744192981123529
B,BCS,WithTurning,9.09858545524273,0.742571515007184
B,BCS,WithTurning,9.12849527001189,0.74094760356043
B,BCS,WithTurning,9.15850340742954,0.73932136519126
B,BCS,WithTurning,9.18861019071211,0.737692917531407
B,BCS,WithTurning,9.21881594413852,0.736062377432741
B,BCS,WithTurning,9.24912099305371,0.734429860963838
B,BCS,WithTurning,9.27952566387212,0.732795483406731
B,BCS,WithTurning,9.3100302840812,0.731159359253831
B,BCS,WithTurning,9.34063518224498,0.729521602205011
B,BCS,WithTurning,9.37134068800756,0.727882325164879
B,BCS,WithTurning,9.40214713209667,0.726241640240193
B,BCS,WithTurning,9.43305484632728,0.724599658737469
B,BCS,WithTurning,9.4640641636051,0.722956491160731
B,BCS,WithTurning,9.49517541793022,0.721312247209437
B,BCS,WithTurning,9.52638894440068,0.719667035776566
B,BCS,WithTurning,9.5577050792161,0.718020964946853
B,BCS,WithTurning,9.58912415968128,0.716374141995199
B,BCS,WithTurning,9.62064652420985,0.714726673385221
B,BCS,WithTurning,9.65227251232791,0.713078664767967
B,BCS,WithTurning,9.68400246467768,0.711430220980778
B,BCS,WithTurning,9.71583672302118,0.709781446046302
B,BCS,WithTurning,9.7477756302439,0.708132443171661
B,BCS,WithTurning,9.77981953035849,0.706483314747758
B,BCS,WithTurning,9.81196876850851,0.704834162348736
B,BCS,WithTurning,9.84422369097206,0.703185086731577
B,BCS,WithTurning,9.8765846451656,0.701536187835846
B,BCS,WithTurning,9.90905197964765,0.699887564783573
B,BCS,WithTurning,9.94162604412252,0.698239315879272
B,BCS,WithTurning,9.97430718944414,0.696591538610103
B,BCS,WithTurning,10.0070957676198,0.694944329646163
B,BCS,WithTurning,10.0399921318139,0.693297784840913
B,BCS,WithTurning,10.0729966363518,0.691651999231732
B,BCS,WithTurning,10.1061096367238,0.690007067040612
B,BCS,WithTurning,10.1393314895885,0.688363081674965
B,BCS,WithTurning,10.1726625527772,0.686720135728571
B,BCS,WithTurning,10.2061031852974,0.685078320982641
B,BCS,WithTurning,10.2396537473369,0.683437728407006
B,BCS,WithTurning,10.2733146002672,0.681798448161426
B,BCS,WithTurning,10.3070861066482,0.680160569597021
B,BCS,WithTurning,10.3409686302312,0.678524181257814
B,BCS,WithTurning,10.3749625359636,0.676889370882396
B,BCS,WithTurning,10.4090681899924,0.6752562254057
B,BCS,WithTurning,10.4432859596681,0.673624830960889
B,BCS,WithTurning,10.4776162135489,0.671995272881355
B,BCS,WithTurning,10.5120593214047,0.670367635702827
B,BCS,WithTurning,10.5466156542206,0.668742003165585
B,BCS,WithTurning,10.5812855842016,0.667118458216777
B,BCS,WithTurning,10.616069484776,0.665497083012848
B,BCS,WithTurning,10.6509677305999,0.66387795892206
B,BCS,WithTurning,10.6859806975607,0.662261166527124
B,BCS,WithTurning,10.7211087627817,0.660646785627915
B,BCS,WithTurning,10.7563523046259,0.659034895244305
B,BCS,WithTurning,10.7917117027,0.657425573619069
B,BCS,WithTurning,10.8271873378586,0.655818898220903
B,BCS,WithTurning,10.8627795922084,0.654214945747523
B,BCS,WithTurning,10.8984888491121,0.652613792128858
B,BCS,WithTurning,10.9343154931926,0.651015512530334
B,BCS,WithTurning,10.9702599103371,0.64942018135624
B,BCS,WithTurning,11.0063224877017,0.647827872253184
B,BCS,WithTurning,11.0425036137148,0.646238658113631
B,BCS,WithTurning,11.0788036780818,0.644652611079528
B,BCS,WithTurning,11.1152230717892,0.643069802545998
B,BCS,WithTurning,11.1517621871089,0.64149030316513
B,BCS,WithTurning,11.1884214176021,0.639914182849833
B,BCS,WithTurning,11.225201158124,0.638341510777774
B,BCS,WithTurning,11.2621018048275,0.636772355395386
B,BCS,WithTurning,11.2873114903222,0.635705346080456
B,BCS,WithTurning,11.2991237551682,0.635206680034079
B,BCS,WithTurning,11.3362674079077,0.633643060108522
B,BCS,WithTurning,11.373533163119,0.632081029260877
B,BCS,WithTurning,11.41092142219,0.630520593423574
B,BCS,WithTurning,11.448432587828,0.628961758506998
B,BCS,WithTurning,11.4860670640643,0.627404530399446
B,BCS,WithTurning,11.5238252562582,0.625848914967072
B,BCS,WithTurning,11.5617075711018,0.624294918053839
B,BCS,WithTurning,11.5997144166239,0.62274254548147
B,BCS,WithTurning,11.6378462021947,0.621191803049403
B,BCS,WithTurning,11.67610333853,0.619642696534739
B,BCS,WithTurning,11.7144862376959,0.618095231692196
B,BCS,WithTurning,11.752995313113,0.616549414254062
B,BCS,WithTurning,11.7916309795611,0.615005249930148
B,BCS,WithTurning,11.8303936531833,0.613462744407742
B,BCS,WithTurning,11.8692837514907,0.611921903351563
B,BCS,WithTurning,11.908301693367,0.610382732403715
B,BCS,WithTurning,11.947447899073,0.608845237183642
B,BCS,WithTurning,11.9867227902506,0.607309423288085
B,BCS,WithTurning,12.0261267899283,0.605775296291036
B,BCS,WithTurning,12.0656603225248,0.604242861743691
B,BCS,WithTurning,12.1053238138543,0.602712125174416
B,BCS,WithTurning,12.1451176911305,0.601183092088691
B,BCS,WithTurning,12.1850423829717,0.599655767969079
B,BCS,WithTurning,12.2250983194051,0.598130158275177
B,BCS,WithTurning,12.2652859318715,0.596606268443577
B,BCS,WithTurning,12.3056056532302,0.595084103887822
B,BCS,WithTurning,12.3460579177631,0.593563669998367
B,BCS,WithTurning,12.3866431611799,0.592044972142538
B,BCS,WithTurning,12.4273618206226,0.590528015664493
B,BCS,WithTurning,12.4682143346702,0.589012805885178
B,BCS,WithTurning,12.5092011433436,0.587499348102294
B,BCS,WithTurning,12.5503226881099,0.58598764759025
B,BCS,WithTurning,12.5915794118875,0.584477709600135
B,BCS,WithTurning,12.6329717590511,0.582969539359667
B,BCS,WithTurning,12.6745001754358,0.581463142073167
B,BCS,WithTurning,12.7161651083426,0.579958522921515
B,BCS,WithTurning,12.7579670065426,0.578455687062114
B,BCS,WithTurning,12.7999063202825,0.576954639628855
B,BCS,WithTurning,12.8419835012889,0.575455385732081
B,BCS,WithTurning,12.8841990027733,0.57395793045855
B,BCS,WithTurning,12.9265532794373,0.572462278871401
B,BCS,WithTurning,12.9690467874769,0.570968436010115
B,BCS,WithTurning,13.0116799845881,0.569476406890491
B,BCS,WithTurning,13.0544533299712,0.567986196504597
B,BCS,WithTurning,13.0973672843361,0.566497809820752
B,BCS,WithTurning,13.1404223099074,0.56501125178348
B,BCS,WithTurning,13.183618870429,0.563526527313485
B,BCS,WithTurning,13.2269574311692,0.562043641307616
B,BCS,WithTurning,13.2704384589258,0.560562598638837
B,BCS,WithTurning,13.3140624220314,0.559083404156191
B,BCS,WithTurning,13.3578297903577,0.557606062684775
B,BCS,WithTurning,13.4017410353213,0.556130579025704
B,BCS,WithTurning,13.4457966298884,0.554656957956084
B,BCS,WithTurning,13.4899970485801,0.553185204228982
B,BCS,WithTurning,13.5343427674772,0.551715322573396
B,BCS,WithTurning,13.5788342642257,0.550247317694225
B,BCS,WithTurning,13.6234720180416,0.548781194272241
B,BCS,WithTurning,13.6682565097163,0.547316956964065
B,BCS,WithTurning,13.7131882216219,0.545854610402132
B,BCS,WithTurning,13.7582676377158,0.544394159194669
B,BCS,WithTurning,13.8034952435468,0.542935607925668
B,BCS,WithTurning,13.8488715262593,0.541478961154855
B,BCS,WithTurning,13.8943969745996,0.540024223417671
B,BCS,WithTurning,13.9400720789203,0.53857139922524
B,BCS,WithTurning,13.9858973311862,0.53712049306435
B,BCS,WithTurning,14.0318732249792,0.53567150939742
B,BCS,WithTurning,14.0780002555036,0.534224452662487
B,BCS,WithTurning,14.124278919592,0.53277932727317
B,BCS,WithTurning,14.1707097157098,0.531336137618656
B,BCS,WithTurning,14.2172931439613,0.529894888063672
B,BCS,WithTurning,14.2640297060947,0.528455582948466
B,BCS,WithTurning,14.3109199055075,0.527018226588778
B,BCS,WithTurning,14.3579642472522,0.525582823275828
B,BCS,WithTurning,14.4051632380415,0.524149377276288
B,BCS,WithTurning,14.4525173862538,0.522717892832261
B,BCS,WithTurning,14.5000272019386,0.521288374161266
B,BCS,WithTurning,14.5476931968222,0.51986082545621
B,BCS,WithTurning,14.5955158843131,0.518435250885377
B,BCS,WithTurning,14.6434957795075,0.517011654592401
B,BCS,WithTurning,14.691633399195,0.515590040696254
B,BCS,WithTurning,14.7399292618637,0.514170413291222
B,BCS,WithTurning,14.7883838877065,0.512752776446891
B,BCS,WithTurning,14.8369977986263,0.511337134208129
B,BCS,WithTurning,14.8857715182413,0.509923490595065
B,BCS,WithTurning,14.9347055718913,0.508511849603078
B,BCS,WithTurning,14.9838004866432,0.50710221520278
B,BCS,WithTurning,15.033056791296,0.505694591339994
B,BCS,WithTurning,15.0824750163876,0.504288981935746
B,BCS,WithTurning,15.1320556941995,0.502885390886248
B,BCS,WithTurning,15.1817993587632,0.501483822062881
B,BCS,WithTurning,15.2317065458658,0.500084279312185
B,BCS,WithTurning,15.2817777930553,0.498686766455841
B,BCS,WithTurning,15.3320136396474,0.49729128729066
B,BCS,WithTurning,15.38241462673,0.495897845588572
B,BCS,WithTurning,15.4329812971703,0.494506445096611
B,BCS,WithTurning,15.4837141956197,0.493117089536902
B,BCS,WithTurning,15.5346138685202,0.491729782606655
B,BCS,WithTurning,15.5856808641102,0.490344527978147
B,BCS,WithTurning,15.6369157324301,0.488961329298716
B,BCS,WithTurning,15.6883190253286,0.48758019019075
B,BCS,WithTurning,15.7398912964685,0.486201114251676
B,BCS,WithTurning,15.7916331013326,0.484824105053949
B,BCS,WithTurning,15.8435449972296,0.48344916614505
B,BCS,WithTurning,15.8956275433007,0.482076301047468
B,BCS,WithTurning,15.9478813005246,0.4807055132587
B,BCS,WithTurning,16.0003068317246,0.479336806251237
B,BCS,WithTurning,16.0529047015738,0.477970183472562
B,BCS,WithTurning,16.1056754766017,0.47660564834514
B,BCS,WithTurning,16.1586197252002,0.475243204266411
B,BCS,WithTurning,16.2117380176297,0.473882854608787
B,BCS,WithTurning,16.2650309260251,0.472524602719645
B,BCS,WithTurning,16.318499024402,0.47116845192132
B,BCS,WithTurning,16.3721428886633,0.469814405511103
B,BCS,WithTurning,16.4259630966047,0.468462466761235
B,BCS,WithTurning,16.4799602279216,0.467112638918903
B,BCS,WithTurning,16.5341348642148,0.46576492520624
B,BCS,WithTurning,16.5884875889971,0.464419328820315
B,BCS,WithTurning,16.6430189876994,0.463075852933137
B,BCS,WithTurning,16.6977296476773,0.46173450069165
B,BCS,WithTurning,16.7526201582171,0.460395275217732
B,BCS,WithTurning,16.807691110542,0.459058179608191
B,BCS,WithTurning,16.8629430978192,0.457723216934767
B,BCS,WithTurning,16.9183767151655,0.456390390244132
B,BCS,WithTurning,16.9739925596542,0.455059702557887
B,BCS,WithTurning,17.0297912303211,0.453731156872563
B,BCS,WithTurning,17.0857733281716,0.452404756159624
B,BCS,WithTurning,17.1419394561865,0.451080503365465
B,BCS,WithTurning,17.1982902193288,0.449758401411417
B,BCS,WithTurning,17.2548262245504,0.448438453193745
B,BCS,WithTurning,17.3115480807982,0.447120661583653
B,BCS,WithTurning,17.3684563990209,0.445805029427287
B,BCS,WithTurning,17.4255517921759,0.444491559545735
B,BCS,WithTurning,17.4828348752351,0.443180254735036
B,BCS,WithTurning,17.5403062651924,0.441871117766179
B,BCS,WithTurning,17.5979665810698,0.440564151385109
B,BCS,WithTurning,17.655816443924,0.439259358312733
B,BCS,WithTurning,17.7138564768537,0.437956741244924
B,BCS,WithTurning,17.7720873050057,0.436656302852528
B,BCS,WithTurning,17.8305095555818,0.435358045781368
B,BCS,WithTurning,17.8891238578456,0.434061972652253
B,BCS,WithTurning,17.9479308431295,0.43276808606098
B,BCS,WithTurning,18.0069311448411,0.43147638857835
B,BCS,WithTurning,18.0661253984701,0.430186882750166
B,BCS,WithTurning,18.1255142415956,0.428899571097248
B,BCS,WithTurning,18.1850983138922,0.427614456115439
B,BCS,WithTurning,18.2448782571375,0.426331540275613
B,BCS,WithTurning,18.304854715219,0.425050826023685
B,BCS,WithTurning,18.3650283341405,0.423772315780622
B,BCS,WithTurning,18.4253997620296,0.422496011942453
B,BCS,WithTurning,18.4859696491446,0.421221916880277
B,BCS,WithTurning,18.5467386478812,0.419950032940275
B,BCS,WithTurning,18.6077074127797,0.418680362443726
B,BCS,WithTurning,18.6688766005323,0.41741290768701
B,BCS,WithTurning,18.7302468699898,0.416147670941626
B,BCS,WithTurning,18.7918188821688,0.414884654454206
B,BCS,WithTurning,18.853593300259,0.413623860446523
B,BCS,WithTurning,18.9155707896301,0.412365291115506
B,BCS,WithTurning,18.977752017839,0.411108948633255
B,BCS,WithTurning,19.0401376546372,0.409854835147057
B,BCS,WithTurning,19.1027283719779,0.408602952779393
B,BCS,WithTurning,19.1655248440232,0.407353303627962
B,BCS,WithTurning,19.2285277471512,0.406105889765691
B,BCS,WithTurning,19.2917377599636,0.404860713240751
B,BCS,WithTurning,19.355155563293,0.403617776076575
B,BCS,WithTurning,19.4187818402097,0.402377080271872
B,BCS,WithTurning,19.48261727603,0.401138627800648
B,BCS,WithTurning,19.5466625583226,0.399902420612217
B,BCS,WithTurning,19.6109183769167,0.398668460631226
B,BCS,WithTurning,19.675385423909,0.397436749757666
B,BCS,WithTurning,19.7400643936715,0.396207289866896
B,BCS,WithTurning,19.8049559828586,0.394980082809658
B,BCS,WithTurning,19.8700608904152,0.393755130412098
B,BCS,WithTurning,19.9353798175833,0.392532434475786
B,BCS,WithTurning,20.0009134679106,0.391311996777734
B,BCS,WithTurning,20.0666625472573,0.390093819070419
B,BCS,WithTurning,20.132627763804,0.388877903081802
B,BCS,WithTurning,20.1988098280593,0.387664250515348
B,BCS,WithTurning,20.2652094528677,0.38645286305005
B,BCS,WithTurning,20.3318273534166,0.385243742340451
B,BCS,WithTurning,20.3986642472448,0.384036890016662
B,BCS,WithTurning,20.4657208542498,0.38283230768439
B,BCS,WithTurning,20.5329978966955,0.381629996924959
B,BCS,WithTurning,20.6004960992201,0.380429959295331
B,BCS,WithTurning,20.6682161888441,0.379232196328132
B,BCS,WithTurning,20.7361588949777,0.378036709531678
B,BCS,WithTurning,20.8043249494291,0.376843500389996
B,BCS,WithTurning,20.872715086412,0.37565257036285
B,BCS,WithTurning,20.9413300425539,0.374463920885766
B,BCS,WithTurning,21.0101705569034,0.37327755337006
B,BCS,WithTurning,21.029454838619,0.372946321669181
B,BCS,WithTurning,21.0792373709392,0.37209299082133
B,BCS,WithTurning,21.1485312285769,0.370908962105241
B,BCS,WithTurning,21.2180528761778,0.369725437072256
B,BCS,WithTurning,21.2878030625568,0.368542457764994
B,BCS,WithTurning,21.3577825389904,0.367360065858286
B,BCS,WithTurning,21.4279920592244,0.366178302659108
B,BCS,WithTurning,21.4984323794829,0.364997209106552
B,BCS,WithTurning,21.5691042584756,0.363816825771843
B,BCS,WithTurning,21.6400084574064,0.362637192858401
B,BCS,WithTurning,21.7111457399816,0.361458350201931
B,BCS,WithTurning,21.7825168724179,0.360280337270561
B,BCS,WithTurning,21.8541226234508,0.359103193165026
B,BCS,WithTurning,21.925963764343,0.357926956618874
B,BCS,WithTurning,21.9980410688925,0.356751665998723
B,BCS,WithTurning,22.0703553134409,0.355577359304558
B,BCS,WithTurning,22.142907276882,0.354404074170053
B,BCS,WithTurning,22.2156977406701,0.353231847862942
B,BCS,WithTurning,22.2887274888281,0.352060717285421
B,BCS,WithTurning,22.3619973079566,0.350890718974586
B,BCS,WithTurning,22.4355079872419,0.34972188910291
B,BCS,WithTurning,22.5092603184643,0.348554263478752
B,BCS,WithTurning,22.5832550960072,0.3473878775469
B,BCS,WithTurning,22.6574931168654,0.346222766389153
B,BCS,WithTurning,22.7319751806535,0.34505896472493
B,BCS,WithTurning,22.8067020896148,0.343896506911917
B,BCS,WithTurning,22.8816746486297,0.342735426946746
B,BCS,WithTurning,22.9568936652247,0.341575758465706
B,BCS,WithTurning,23.0323599495806,0.340417534745485
B,BCS,WithTurning,23.1080743145418,0.339260788703941
B,BCS,WithTurning,23.1840375756245,0.338105552900912
B,BCS,WithTurning,23.2602505510259,0.336951859539046
B,BCS,WithTurning,23.3367140616329,0.335799740464671
B,BCS,WithTurning,23.4134289310308,0.334649227168685
B,BCS,WithTurning,23.4903959855122,0.333500350787479
B,BCS,WithTurning,23.5676160540863,0.332353142103893
B,BCS,WithTurning,23.6450899684872,0.331207631548194
B,BCS,WithTurning,23.7228185631832,0.330063849199082
B,BCS,WithTurning,23.8008026753858,0.328921824784726
B,BCS,WithTurning,23.8790431450588,0.327781587683826
B,BCS,WithTurning,23.9575408149271,0.326643166926698
B,BCS,WithTurning,24.0362965304857,0.325506591196388
B,BCS,WithTurning,24.1153111400093,0.324371888829815
B,BCS,WithTurning,24.1945854945611,0.323239087818926
B,BCS,WithTurning,24.2741204480018,0.322108215811889
B,BCS,WithTurning,24.3539168569992,0.320979300114307
B,BCS,WithTurning,24.433975581037,0.319852367690446
B,BCS,WithTurning,24.5142974824247,0.318727445164499
B,BCS,WithTurning,24.594883426306,0.317604558821863
B,BCS,WithTurning,24.6757342806688,0.316483734610446
B,BCS,WithTurning,24.7568509163545,0.315364998141988
B,BCS,WithTurning,24.8382342070669,0.314248374693407
B,BCS,WithTurning,24.9198850293822,0.313133889208169
B,BCS,WithTurning,25.001804262758,0.31202156629767
B,BCS,WithTurning,25.083992789543,0.310911430242651
B,BCS,WithTurning,25.1664514949865,0.309803504994614
B,BCS,WithTurning,25.2491812672477,0.308697814177278
B,BCS,WithTurning,25.3321829974058,0.307594381088037
B,BCS,WithTurning,25.4154575794689,0.306493228699447
B,BCS,WithTurning,25.4990059103842,0.305394379660722
B,BCS,WithTurning,25.5828288900472,0.304297856299258
B,BCS,WithTurning,25.6669274213119,0.303203680622163
B,BCS,WithTurning,25.7513024100002,0.302111874317813
B,BCS,WithTurning,25.8359547649114,0.301022458757417
B,BCS,WithTurning,25.9208853978328,0.299935454996603
B,BCS,WithTurning,26.0060952235486,0.298850883777017
B,BCS,WithTurning,26.0915851598505,0.297768765527937
B,BCS,WithTurning,26.1773561275469,0.296689120367903
B,BCS,WithTurning,26.2634090504735,0.295611968106358
B,BCS,WithTurning,26.3497448555028,0.29453732824531
B,BCS,WithTurning,26.4363644725542,0.293465219980999
B,BCS,WithTurning,26.5232688346041,0.292395662205581
B,BCS,WithTurning,26.6104588776957,0.291328673508826
B,BCS,WithTurning,26.6979355409495,0.290264272179828
B,BCS,WithTurning,26.785699766573,0.289202476208723
B,BCS,WithTurning,26.8737524998712,0.288143303288425
B,BCS,WithTurning,26.9620946892562,0.287086770816367
B,BCS,WithTurning,27.0507272862584,0.286032895896256
B,BCS,WithTurning,27.1396512455357,0.284981695339842
B,BCS,WithTurning,27.2288675248845,0.28393318566869
B,BCS,WithTurning,27.3183770852496,0.282887383115965
B,BCS,WithTurning,27.4081808907349,0.281844303628229
B,BCS,WithTurning,27.4982799086134,0.280803962867245
B,BCS,WithTurning,27.5886751093381,0.279766376211787
B,BCS,WithTurning,27.6793674665518,0.278731558759466
B,BCS,WithTurning,27.7703579570984,0.277699525328554
B,BCS,WithTurning,27.8616475610325,0.276670290459824
B,BCS,WithTurning,27.9532372616309,0.275643868418396
B,BCS,WithTurning,28.0451280454023,0.274620273195586
B,BCS,WithTurning,28.1373209020987,0.273599518510766
B,BCS,WithTurning,28.2298168247256,0.272581617813227
B,BCS,WithTurning,28.3226168095527,0.271566584284057
B,BCS,WithTurning,28.4157218561249,0.270554430838008
B,BCS,WithTurning,28.5091329672729,0.269545170125386
B,BCS,WithTurning,28.6028511491238,0.268538814533938
B,BCS,WithTurning,28.6968774111124,0.267535376190743
B,BCS,WithTurning,28.7912127659916,0.266534866964111
B,BCS,WithTurning,28.8858582298438,0.265537298465483
B,BCS,WithTurning,28.9808148220914,0.264542682051342
B,BCS,WithTurning,29.0760835655078,0.263551028825115
B,BCS,WithTurning,29.1716654862289,0.262562349639096
B,BCS,WithTurning,29.2675616137635,0.261576655096353
B,BCS,WithTurning,29.363772981005,0.260593955552654
B,BCS,WithTurning,29.4603006242421,0.259614261118387
B,BCS,WithTurning,29.55714558317,0.258637581660487
B,BCS,WithTurning,29.6543089009018,0.257663926804356
B,BCS,WithTurning,29.7517916239796,0.256693305935801
B,BCS,WithTurning,29.8495948023859,0.255725728202958
B,BCS,WithTurning,29.9477194895546,0.254761202518225
B,BCS,WithTurning,30.0461667423828,0.253799737560195
B,BCS,WithTurning,30.1449376212418,0.252841341775592
B,BCS,WithTurning,30.2440331899887,0.2518860233812
B,BCS,WithTurning,30.3434545159777,0.250933790365804
B,BCS,WithTurning,30.443202670072,0.249984650492118
B,BCS,WithTurning,30.5432787266547,0.249038611298726
B,BCS,WithTurning,30.6436837636411,0.248095680102014
B,BCS,WithTurning,30.7444188624895,0.2471558639981
B,BCS,WithTurning,30.8454851082138,0.246219169864775
B,BCS,WithTurning,30.9468835893942,0.245285604363426
B,BCS,WithTurning,31.0486153981896,0.244355173940976
B,BCS,WithTurning,31.1506816303492,0.243427884831804
B,BCS,WithTurning,31.2530833852242,0.242503743059681
B,BCS,WithTurning,31.3558217657796,0.241582754439691
B,BCS,WithTurning,31.4588978786065,0.240664924580155
B,BCS,WithTurning,31.5623128339333,0.239750258884556
B,BCS,WithTurning,31.6660677456383,0.238838762553455
B,BCS,WithTurning,31.7701637312614,0.237930440586405
B,BCS,WithTurning,31.8746019120162,0.237025297783874
B,BCS,WithTurning,31.9793834128021,0.236123338749143
B,BCS,WithTurning,32.0845093622164,0.235224567890224
B,BCS,WithTurning,32.1899808925662,0.234328989421757
B,BCS,WithTurning,32.2957991398812,0.233436607366914
B,BCS,WithTurning,32.4019652439253,0.232547425559295
B,BCS,WithTurning,32.5084803482094,0.231661447644819
B,BCS,WithTurning,32.6153456000032,0.230778677083613
B,BCS,WithTurning,32.7225621503479,0.2298991171519
B,BCS,WithTurning,32.8301311540687,0.229022770943872
B,BCS,WithTurning,32.9380537697869,0.228149641373572
B,BCS,WithTurning,33.0463311599326,0.227279731176758
B,BCS,WithTurning,33.1549644907571,0.226413042912777
B,BCS,WithTurning,33.2639549323454,0.225549578966416
B,BCS,WithTurning,33.3733036586293,0.224689341549765
B,BCS,WithTurning,33.4830118473994,0.223832332704062
B,BCS,WithTurning,33.5930806803181,0.222978554301541
B,BCS,WithTurning,33.7035113429322,0.222128008047268
B,BCS,WithTurning,33.814305024686,0.221280695480975
B,BCS,WithTurning,33.9254629189335,0.220436617978891
B,BCS,WithTurning,34.036986222952,0.219595776755556
B,BCS,WithTurning,34.1488761379544,0.218758172865641
B,BCS,WithTurning,34.2611338691023,0.217923807205756
B,BCS,WithTurning,34.3737606255193,0.217092680516251
B,BCS,WithTurning,34.4867576203033,0.216264793383014
B,BCS,WithTurning,34.6001260705406,0.215440146239257
B,BCS,WithTurning,34.713867197318,0.214618739367302
B,BCS,WithTurning,34.8279822257365,0.213800572900353
B,BCS,WithTurning,34.9424723849243,0.212985646824268
B,BCS,WithTurning,35.0573389080504,0.212173960979316
B,BCS,WithTurning,35.1725830323374,0.211365515061938
B,BCS,WithTurning,35.2882059990749,0.210560308626488
B,BCS,WithTurning,35.4042090536333,0.209758341086973
B,BCS,WithTurning,35.5205934454766,0.208959611718791
B,BCS,WithTurning,35.6373604281764,0.208164119660448
B,BCS,WithTurning,35.754511259425,0.20737186391528
B,BCS,WithTurning,35.8720472010493,0.20658284335316
B,BCS,WithTurning,35.9899695190241,0.205797056712201
B,BCS,WithTurning,36.1082794834858,0.205014502600447
B,BCS,WithTurning,36.2269783687463,0.204235179497561
B,BCS,WithTurning,36.3460674533062,0.203459085756501
B,BCS,WithTurning,36.4655480198694,0.20268621960519
B,BCS,WithTurning,36.585421355356,0.201916579148176
B,BCS,WithTurning,36.7056887509169,0.201150162368286
B,BCS,WithTurning,36.8263515019473,0.200386967128268
B,BCS,WithTurning,36.9474109081007,0.19962699117243
B,BCS,WithTurning,37.0688682733029,0.198870232128267
B,BCS,WithTurning,37.1907249057663,0.198116687508079
B,BCS,WithTurning,37.3129821180038,0.197366354710578
B,BCS,WithTurning,37.4356412268427,0.196619231022497
B,BCS,WithTurning,37.5587035534392,0.195875313620178
B,BCS,WithTurning,37.6821704232927,0.195134599571157
B,BCS,WithTurning,37.8060431662597,0.194397085835739
B,BCS,WithTurning,37.9303231165685,0.193662769268564
B,BCS,WithTurning,38.0550116128332,0.19293164662017
B,BCS,WithTurning,38.1801099980687,0.192203714538533
B,BCS,WithTurning,38.3056196197045,0.191478969570611
B,BCS,WithTurning,38.4315418295996,0.190757408163878
B,BCS,WithTurning,38.5578779840569,0.190039026667838
B,BCS,WithTurning,38.684629443838,0.189323821335544
B,BCS,WithTurning,38.8117975741776,0.188611788325097
B,BCS,WithTurning,38.9393837447986,0.187902923701142
B,BCS,WithTurning,39.0673893299262,0.187197223436353
B,BCS,WithTurning,39.1958157083035,0.186494683412909
B,BCS,WithTurning,39.3246642632056,0.185795299423957
B,BCS,WithTurning,39.4539363824551,0.185099067175074
B,BCS,WithTurning,39.5836334584367,0.18440598228571
B,BCS,WithTurning,39.7137568881122,0.183716040290632
B,BCS,WithTurning,39.8443080730358,0.183029236641346
B,BCS,WithTurning,39.975288419369,0.182345566707523
B,BCS,WithTurning,40.1066993378957,0.181665025778407
B,BCS,WithTurning,40.2385422440375,0.180987609064213
B,BCS,WithTurning,40.370818557869,0.180313311697526
B,BCS,WithTurning,40.5035297041329,0.179642128734673
B,BCS,WithTurning,40.5652414360799,0.17933182815807
B,BCS,WithTurning,40.6366771122555,0.178973948231938
B,BCS,WithTurning,40.7702622163621,0.17830820695965
B,BCS,WithTurning,40.9042864552924,0.177644817134277
B,BCS,WithTurning,41.038751272616,0.176983770956408
B,BCS,WithTurning,41.173658116648,0.176325060650522
B,BCS,WithTurning,41.3090084404643,0.175668678464919
B,BCS,WithTurning,41.4448037019178,0.175014616671657
B,BCS,WithTurning,41.5810453636537,0.174362867566483
B,BCS,WithTurning,41.7177348931254,0.173713423468773
B,BCS,WithTurning,41.8548737626101,0.173066276721462
B,BCS,WithTurning,41.9924634492251,0.172421419690981
B,BCS,WithTurning,42.1305054349431,0.171778844767195
B,BCS,WithTurning,42.2690012066088,0.171138544363333
B,BCS,WithTurning,42.4079522559545,0.170500510915926
B,BCS,WithTurning,42.5473600796162,0.169864736884746
B,BCS,WithTurning,42.6872261791497,0.169231214752737
B,BCS,WithTurning,42.8275520610473,0.168599937025951
B,BCS,WithTurning,42.9683392367533,0.16797089623349
B,BCS,WithTurning,43.1095892226804,0.167344084927436
B,BCS,WithTurning,43.2513035402265,0.16671949568279
B,BCS,WithTurning,43.3934837157908,0.166097121097408
B,BCS,WithTurning,43.53613128079,0.165476953791939
B,BCS,WithTurning,43.6792477716753,0.164858986409761
B,BCS,WithTurning,43.8228347299485,0.164243211616917
B,BCS,WithTurning,43.9668937021788,0.163629622102054
B,BCS,WithTurning,44.1114262400196,0.163018210576359
B,BCS,WithTurning,44.2564339002249,0.1624089697735
B,BCS,WithTurning,44.4019182446662,0.161801892449556
B,BCS,WithTurning,44.5478808403494,0.161196971382963
B,BCS,WithTurning,44.6943232594318,0.160594199374447
B,BCS,WithTurning,44.8412470792386,0.159993569246965
B,BCS,WithTurning,44.9886538822802,0.159395073845639
B,BCS,WithTurning,45.1365452562693,0.1587987060377
B,BCS,WithTurning,45.2849227941377,0.158204458712423
B,BCS,WithTurning,45.433788094054,0.157612324781065
B,BCS,WithTurning,45.5831427594401,0.157022297176806
B,BCS,WithTurning,45.732988398989,0.156434368854687
B,BCS,WithTurning,45.8833266266819,0.15584853279155
B,BCS,WithTurning,46.0341590618058,0.155264781985975
B,BCS,WithTurning,46.1854873289705,0.154683109458222
B,BCS,WithTurning,46.3373130581268,0.154103508250169
B,BCS,WithTurning,46.4896378845833,0.153525971425252
B,BCS,WithTurning,46.6424634490244,0.152950492068405
B,BCS,WithTurning,46.795791397528,0.152377063286
B,BCS,WithTurning,46.9496233815833,0.151805678205786
B,BCS,WithTurning,47.1039610581081,0.151236329976831
B,BCS,WithTurning,47.2588060894674,0.150669011769463
B,BCS,WithTurning,47.4141601434905,0.150103716775206
B,BCS,WithTurning,47.5700248934896,0.149540438206726
B,BCS,WithTurning,47.7264020182776,0.148979169297769
B,BCS,WithTurning,47.883293202186,0.148419903303104
B,BCS,WithTurning,48.0407001350834,0.14786263349846
B,BCS,WithTurning,48.1986245123934,0.147307353180472
B,BCS,WithTurning,48.357068035113,0.14675405566662
B,BCS,WithTurning,48.5160324098309,0.146202734295172
B,BCS,WithTurning,48.6755193487458,0.145653382425121
B,BCS,WithTurning,48.8355305696851,0.145105993436135
B,BCS,WithTurning,48.996067796123,0.14456056072849
B,BCS,WithTurning,49.1571327571994,0.14401707772302
B,BCS,WithTurning,49.3187271877385,0.143475537861053
B,BCS,WithTurning,49.4808528282671,0.142935934604359
B,BCS,WithTurning,49.643511425034,0.142398261435085
B,BCS,WithTurning,49.8067047300282,0.141862511855708
B,BCS,WithTurning,49.9704345009982,0.141328679388966
B,BCS,WithTurning,50.1347025014705,0.140796757577811
B,BCS,WithTurning,50.2995105007691,0.140266739985347
B,BCS,WithTurning,50.4648602740342,0.139738620194773
B,BCS,WithTurning,50.6307536022414,0.139212391809329
B,BCS,WithTurning,50.7971922722209,0.138688048452238
B,BCS,WithTurning,50.964178076677,0.138165583766646
B,BCS,WithTurning,51.1317128142067,0.137644991415575
B,BCS,WithTurning,51.2997982893199,0.137126265081858
B,BCS,WithTurning,51.4684363124584,0.136609398468086
B,BCS,WithTurning,51.6376287000154,0.136094385296552
B,BCS,WithTurning,51.8073772743552,0.135581219309199
B,BCS,WithTurning,51.9776838638327,0.135069894267557
B,BCS,WithTurning,52.1485503028132,0.134560403952695
B,BCS,WithTurning,52.3199784316921,0.134052742165159
B,BCS,WithTurning,52.4919700969148,0.133546902724924
B,BCS,WithTurning,52.6645271509965,0.133042879471332
B,BCS,WithTurning,52.8376514525421,0.132540666263043
B,BCS,WithTurning,53.0113448662663,0.132040256977974
B,BCS,WithTurning,53.1856092630139,0.131541645513251
B,BCS,WithTurning,53.3604465197794,0.13104482578515
B,BCS,WithTurning,53.5358585197279,0.130549791729045
B,BCS,WithTurning,53.7118471522148,0.130056537299352
B,BCS,WithTurning,53.8884143128064,0.129565056469476
B,BCS,WithTurning,54.0655619033004,0.129075343231756
B,BCS,WithTurning,54.2432918317461,0.128587391597413
B,BCS,WithTurning,54.4216060124655,0.128101195596495
B,BCS,WithTurning,54.6005063660732,0.127616749277822
B,BCS,WithTurning,54.7799948194977,0.127134046708938
B,BCS,WithTurning,54.9600733060016,0.126653081976049
B,BCS,WithTurning,55.140743765203,0.126173849183978
B,BCS,WithTurning,55.322008143096,0.125696342456109
B,BCS,WithTurning,55.5038683920718,0.125220555934331
B,BCS,WithTurning,55.6863264709397,0.12474648377899
B,BCS,WithTurning,55.8693843449481,0.124274120168835
B,BCS,WithTurning,56.0530439858059,0.123803459300963
B,BCS,WithTurning,56.2373073717037,0.123334495390769
B,BCS,WithTurning,56.4221764873347,0.122867222671894
B,BCS,WithTurning,56.6076533239166,0.12240163539617
B,BCS,WithTurning,56.793739879213,0.121937727833572
B,BCS,WithTurning,56.9804381575543,0.121475494272164
B,BCS,WithTurning,57.1677501698601,0.121014929018046
B,BCS,WithTurning,57.3556779336604,0.120556026395306
B,BCS,WithTurning,57.5442234731175,0.120098780745963
B,BCS,WithTurning,57.7333888190477,0.119643186429922
B,BCS,WithTurning,57.9231760089431,0.119189237824918
B,BCS,WithTurning,58.1135870869937,0.118736929326467
B,BCS,WithTurning,58.3046241041096,0.118286255347814
B,BCS,WithTurning,58.4962891179426,0.117837210319884
B,BCS,WithTurning,58.6885841929086,0.117389788691229
B,BCS,WithTurning,58.8815114002101,0.116943984927979
B,BCS,WithTurning,59.0750728178581,0.11649979351379
B,BCS,WithTurning,59.2692705306947,0.116057208949795
B,BCS,WithTurning,59.4641066304156,0.115616225754553
B,BCS,WithTurning,59.6595832155923,0.115176838464
B,BCS,WithTurning,59.8557023916951,0.114739041631398
B,BCS,WithTurning,60.0524662711158,0.114302829827285
B,BCS,WithTurning,60.2498769731898,0.113868197639425
B,BCS,WithTurning,60.4479366242199,0.113435139672761
B,BCS,WithTurning,60.6466473574984,0.113003650549362
B,BCS,WithTurning,60.8460113133305,0.112573724908375
B,BCS,WithTurning,61.0460306390571,0.112145357405977
B,BCS,WithTurning,61.2467074890783,0.111718542715325
B,BCS,WithTurning,61.4480440248761,0.111293275526505
B,BCS,WithTurning,61.6500424150382,0.110869550546487
B,BCS,WithTurning,61.8527048352809,0.110447362499073
B,BCS,WithTurning,62.0560334684729,0.110026706124852
B,BCS,WithTurning,62.2600305046584,0.109607576181145
B,BCS,WithTurning,62.4646981410814,0.109189967441964
B,BCS,WithTurning,62.6700385822084,0.10877387469796
B,BCS,WithTurning,62.8760540397529,0.108359292756375
B,BCS,WithTurning,63.0827467326991,0.107946216440994
B,BCS,WithTurning,63.2901188873253,0.107534640592098
B,BCS,WithTurning,63.4981727372287,0.107124560066415
B,BCS,WithTurning,63.7069105233486,0.106715969737075
B,BCS,WithTurning,63.9163344939913,0.106308864493558
B,BCS,WithTurning,64.1264469048538,0.10590323924165
B,BCS,WithTurning,64.3372500190481,0.105499088903396
B,BCS,WithTurning,64.548746107126,0.10509640841705
B,BCS,WithTurning,64.7609374471033,0.104695192737031
B,BCS,WithTurning,64.9738263244841,0.104295436833874
B,BCS,WithTurning,65.1874150322858,0.103897135694184
B,BCS,WithTurning,65.4017058710637,0.103500284320588
B,BCS,WithTurning,65.6167011489355,0.103104877731691
B,BCS,WithTurning,65.8324031816067,0.102710910962028
B,BCS,WithTurning,66.0488142923949,0.102318379062018
B,BCS,WithTurning,66.2659368122553,0.101927277097916
B,BCS,WithTurning,66.4837730798059,0.10153760015177
B,BCS,WithTurning,66.7023254413519,0.101149343321374
B,BCS,WithTurning,66.921596250912,0.100762501720219
B,BCS,WithTurning,67.1415878702431,0.100377070477452
B,BCS,WithTurning,67.3623026688659,0.0999930447378269
B,BCS,WithTurning,67.5837430240905,0.0996104196616622
B,BCS,WithTurning,67.8059113210417,0.0992291904247918
B,BCS,WithTurning,68.0288099526854,0.098849352218522
B,BCS,WithTurning,68.2524413198534,0.0984709002495864
B,BCS,WithTurning,68.4768078312701,0.0980938297400997
B,BCS,WithTurning,68.7019119035781,0.0977181359275138
B,BCS,WithTurning,68.9277559613639,0.0973438140645723
B,BCS,WithTurning,69.1543424371847,0.0969708594192661
B,BCS,WithTurning,69.3816737715942,0.0965992672747889
B,BCS,WithTurning,69.6097524131689,0.0962290329294924
B,BCS,WithTurning,69.8385808185344,0.095860151696842
B,BCS,WithTurning,70.0681614523921,0.0954926189053724
B,BCS,WithTurning,70.2984967875457,0.0951264298986444
B,BCS,WithTurning,70.5295893049275,0.0947615800351991
B,BCS,WithTurning,70.7614414936257,0.0943980646885159
B,BCS,WithTurning,70.9940558509106,0.0940358792469671
B,BCS,WithTurning,71.2274348822619,0.0936750191137754
B,BCS,WithTurning,71.4615811013957,0.0933154797069693
B,BCS,WithTurning,71.6964970302913,0.0929572564593407
B,BCS,WithTurning,71.9321851992184,0.0926003448184004
B,BCS,WithTurning,72.1686481467648,0.0922447402463358
B,BCS,WithTurning,72.4058884198632,0.091890438219967
B,BCS,WithTurning,72.6439085738187,0.0915374342307048
B,BCS,WithTurning,72.8827111723368,0.0911857237845065
B,BCS,WithTurning,73.1222987875504,0.0908353024018339
B,BCS,WithTurning,73.3626740000479,0.0904861656176104
B,BCS,WithTurning,73.6038393989009,0.0901383089811786
B,BCS,WithTurning,73.845797581692,0.0897917280562577
B,BCS,WithTurning,74.0885511545428,0.0894464184209008
B,BCS,WithTurning,74.3321027321423,0.089102375667453
B,BCS,WithTurning,74.5764549377744,0.0887595954025096
B,BCS,WithTurning,74.8216104033467,0.0884180732468732
B,BCS,WithTurning,75.0675717694187,0.0880778048355123
B,BCS,WithTurning,75.3143416852302,0.0877387858175196
B,BCS,WithTurning,75.5619228087298,0.08740101185607
B,BCS,WithTurning,75.8103178066037,0.0870644786283789
B,BCS,WithTurning,76.0595293543043,0.0867291818256612
B,BCS,WithTurning,76.3095601360788,0.0863951171530894
B,BCS,WithTurning,76.5604128449986,0.0860622803297526
B,BCS,WithTurning,76.812090182988,0.0857306670886151
B,BCS,WithTurning,77.0645948608532,0.0854002731764758
B,BCS,WithTurning,77.3179295983117,0.0850710943539267
B,BCS,WithTurning,77.5720971240218,0.0847431263953118
B,BCS,WithTurning,77.8271001756113,0.0844163650886879
B,BCS,WithTurning,78.0829414997077,0.0840908062357818
B,BCS,WithTurning,78.3396238519674,0.0837664456519514
B,BCS,WithTurning,78.5971499971054,0.0834432791661447
B,BCS,WithTurning,78.8555227089254,0.0831213026208593
B,BCS,WithTurning,79.1147447703493,0.0828005118721025
B,BCS,WithTurning,79.3748189734472,0.0824809027893506
B,BCS,WithTurning,79.6357481194677,0.0821624712555102
B,BCS,WithTurning,79.6357481194678,0.0821624712555102
B,BCS,WithoutTurning,1.46648641833174,2.523514938388
B,BCS,WithoutTurning,1.47100217517754,2.52115916964839
B,BCS,WithoutTurning,1.47553183740945,2.5182876176819
B,BCS,WithoutTurning,1.4800754478464,2.5149289578589
B,BCS,WithoutTurning,1.48463304943913,2.51111201519167
B,BCS,WithoutTurning,1.48920468527066,2.50686571197213
B,BCS,WithoutTurning,1.49379039855667,2.50221901847978
B,BCS,WithoutTurning,1.49839023264592,2.4972009068198
B,BCS,WithoutTurning,1.50300423102064,2.49184030793672
B,BCS,WithoutTurning,1.50763243729698,2.48616607183535
B,BCS,WithoutTurning,1.51227489522538,2.48020693102782
B,BCS,WithoutTurning,1.51693164869099,2.47399146721391
B,BCS,WithoutTurning,1.52160274171411,2.46754808119088
B,BCS,WithoutTurning,1.52628821845061,2.46090496597949
B,BCS,WithoutTurning,1.53098812319228,2.45409008314358
B,BCS,WithoutTurning,1.53570250036735,2.44713114227335
B,BCS,WithoutTurning,1.54043139454083,2.44005558359521
B,BCS,WithoutTurning,1.54142964746815,2.43855241811834
B,BCS,WithoutTurning,1.54517485041497,2.43269273580958
B,BCS,WithoutTurning,1.54993291282965,2.42465451527305
B,BCS,WithoutTurning,1.55470562676286,2.4159689448239
B,BCS,WithoutTurning,1.55949303733107,2.4066782879791
B,BCS,WithoutTurning,1.56429518978967,2.39682473816161
B,BCS,WithoutTurning,1.56911212953342,2.38645032467421
B,BCS,WithoutTurning,1.57394390209686,2.37559682537738
B,BCS,WithoutTurning,1.57879055315475,2.36430568612536
B,BCS,WithoutTurning,1.58365212852249,2.35261794697796
B,BCS,WithoutTurning,1.58852867415656,2.34057417517101
B,BCS,WithoutTurning,1.59342023615494,2.32821440479772
B,BCS,WithoutTurning,1.5983268607576,2.31557808312478
B,BCS,WithoutTurning,1.60324859434685,2.30270402344166
B,BCS,WithoutTurning,1.60818548344785,2.28963036431971
B,BCS,WithoutTurning,1.61313757472903,2.27639453513787
B,BCS,WithoutTurning,1.61810491500251,2.26303322771546
B,BCS,WithoutTurning,1.62308755122457,2.2495823738788
B,BCS,WithoutTurning,1.62808553049607,2.23607712877723
B,BCS,WithoutTurning,1.63309890006293,2.22255185975561
B,BCS,WithoutTurning,1.63812770731654,2.20904014058456
B,BCS,WithoutTurning,1.64317199979421,2.19557475084559
B,BCS,WithoutTurning,1.64368884768499,2.19420127917813
B,BCS,WithoutTurning,1.64823182517965,2.18081579525325
B,BCS,WithoutTurning,1.64920732792307,2.17776081754285
B,BCS,WithoutTurning,1.65330723130341,2.16479557060683
B,BCS,WithoutTurning,1.65839826614331,2.14842358380184
B,BCS,WithoutTurning,1.6635049778249,2.13175983570383
B,BCS,WithoutTurning,1.66862741462194,2.11486603516877
B,BCS,WithoutTurning,1.67376562495684,2.09780226969426
B,BCS,WithoutTurning,1.6789196574011,2.08062695059912
B,BCS,WithoutTurning,1.68408956067581,2.06339677462692
B,BCS,WithoutTurning,1.68927538365207,2.0461667012383
B,BCS,WithoutTurning,1.69447717535147,2.028989944834
B,BCS,WithoutTurning,1.69969498494655,2.01191798113856
B,BCS,WithoutTurning,1.70492886176129,1.99500056697396
B,BCS,WithoutTurning,1.70981229655189,1.97944359680258
B,BCS,WithoutTurning,1.71017885527153,1.9782847880032
B,BCS,WithoutTurning,1.71544501510546,1.96155684810382
B,BCS,WithoutTurning,1.71913837323599,1.94969513480416
B,BCS,WithoutTurning,1.7207273910441,1.9445415607871
B,BCS,WithoutTurning,1.72602603302177,1.92709964365089
B,BCS,WithoutTurning,1.73134099112653,1.90930978520189
B,BCS,WithoutTurning,1.7366723156007,1.89129933536626
B,BCS,WithoutTurning,1.74202005684129,1.87319135355721
B,BCS,WithoutTurning,1.74738426540051,1.85510450628744
B,BCS,WithoutTurning,1.75276499198623,1.83715304185803
B,BCS,WithoutTurning,1.75816228746247,1.81944683742865
B,BCS,WithoutTurning,1.76357620284987,1.80209151379027
B,BCS,WithoutTurning,1.76900678932619,1.7851886132982
B,BCS,WithoutTurning,1.77445409822677,1.7688358366687
B,BCS,WithoutTurning,1.77991818104503,1.75312733468668
B,BCS,WithoutTurning,1.78539908943295,1.73815405130519
B,BCS,WithoutTurning,1.79089687520157,1.72400411513101
B,BCS,WithoutTurning,1.79641159032147,1.71076327687874
B,BCS,WithoutTurning,1.79750054859157,1.70826801595818
B,BCS,WithoutTurning,1.80194328692326,1.69828188798266
B,BCS,WithoutTurning,1.80749201729808,1.68611633843086
B,BCS,WithoutTurning,1.81305783389809,1.67424453239024
B,BCS,WithoutTurning,1.81864078933695,1.66265809610499
B,BCS,WithoutTurning,1.82424093639036,1.65134888924385
B,BCS,WithoutTurning,1.82985832799652,1.64030899595323
B,BCS,WithoutTurning,1.83549301725664,1.62953071626808
B,BCS,WithoutTurning,1.84114505743545,1.61900655786546
B,BCS,WithoutTurning,1.84681450196168,1.60872922814625
B,BCS,WithoutTurning,1.85250140442862,1.59869162663128
B,BCS,WithoutTurning,1.85820581859457,1.58888683765864
B,BCS,WithoutTurning,1.86392779838334,1.57930812336996
B,BCS,WithoutTurning,1.86966739788485,1.56994891697356
B,BCS,WithoutTurning,1.87542467135551,1.56080281627326
B,BCS,WithoutTurning,1.88119967321887,1.55186357745215
B,BCS,WithoutTurning,1.886992458066,1.54312510910109
B,BCS,WithoutTurning,1.89280308065613,1.5345814664821
B,BCS,WithoutTurning,1.89863159591707,1.5262268460175
B,BCS,WithoutTurning,1.9044780589458,1.51805557999596
B,BCS,WithoutTurning,1.91034252500893,1.51006213148698
B,BCS,WithoutTurning,1.91622504954327,1.50224108945593
B,BCS,WithoutTurning,1.92212568815635,1.4945871640719
B,BCS,WithoutTurning,1.9280444966269,1.48709518220126
B,BCS,WithoutTurning,1.93398153090543,1.47976008307993
B,BCS,WithoutTurning,1.93993684711474,1.47257691415782
B,BCS,WithoutTurning,1.94197682626878,1.47015538061796
B,BCS,WithoutTurning,1.94591050155045,1.46552456576472
B,BCS,WithoutTurning,1.95190255068151,1.45854689989274
B,BCS,WithoutTurning,1.95791305115078,1.45164130729467
B,BCS,WithoutTurning,1.96394205977553,1.4448096558053
B,BCS,WithoutTurning,1.96998963354799,1.43805377408492
B,BCS,WithoutTurning,1.97605582963589,1.43137545281787
B,BCS,WithoutTurning,1.98214070538299,1.424776445932
B,BCS,WithoutTurning,1.98824431830962,1.41825847183805
B,BCS,WithoutTurning,1.99436672611325,1.41182321468822
B,BCS,WithoutTurning,2.00050798666902,1.40547232565317
B,BCS,WithoutTurning,2.00666815803027,1.3992074242167
B,BCS,WithoutTurning,2.01284729842911,1.39303009948752
B,BCS,WithoutTurning,2.01904546627696,1.38694191152749
B,BCS,WithoutTurning,2.02526272016512,1.38094439269577
B,BCS,WithoutTurning,2.0314991188653,1.37503904900849
B,BCS,WithoutTurning,2.03775472133019,1.36922736151339
B,BCS,WithoutTurning,2.04402958669401,1.36351078767924
B,BCS,WithoutTurning,2.05032377427307,1.35789076279955
B,BCS,WithoutTurning,2.05663734356633,1.35236870141048
B,BCS,WithoutTurning,2.06297035425598,1.34694599872265
B,BCS,WithoutTurning,2.06932286620799,1.34162403206685
B,BCS,WithoutTurning,2.07569493947264,1.33640416235343
B,BCS,WithoutTurning,2.08208663428518,1.33128773554549
B,BCS,WithoutTurning,2.08849801106629,1.32627608414586
B,BCS,WithoutTurning,2.09492913042274,1.32137052869802
B,BCS,WithoutTurning,2.1013800531479,1.31657237930108
B,BCS,WithoutTurning,2.10785084022237,1.31188293713917
B,BCS,WithoutTurning,2.11434155281449,1.30730349602537
B,BCS,WithoutTurning,2.120852252281,1.30283534396074
B,BCS,WithoutTurning,2.12738300016753,1.29847976470873
B,BCS,WithoutTurning,2.13393385820928,1.2942380393855
B,BCS,WithoutTurning,2.14050488833149,1.29011144806678
B,BCS,WithoutTurning,2.14709615265015,1.28610127141179
B,BCS,WithoutTurning,2.15370771347247,1.28220879230503
B,BCS,WithoutTurning,2.16033963329755,1.27843529751652
B,BCS,WithoutTurning,2.16699197481695,1.27478207938158
B,BCS,WithoutTurning,2.17366480091526,1.27125043750076
B,BCS,WithoutTurning,2.18035817467072,1.26784168046122
B,BCS,WithoutTurning,2.18211294672196,1.26697020046577
B,BCS,WithoutTurning,2.1870721593558,1.26453688744899
B,BCS,WithoutTurning,2.1938068184378,1.26128649995565
B,BCS,WithoutTurning,2.20056221557948,1.25809044283862
B,BCS,WithoutTurning,2.20733841463962,1.25495117416672
B,BCS,WithoutTurning,2.21413547967363,1.25187113103885
B,BCS,WithoutTurning,2.22095347493418,1.24885273080869
B,BCS,WithoutTurning,2.2277924648718,1.24589837235687
B,BCS,WithoutTurning,2.23465251413546,1.2430104374103
B,BCS,WithoutTurning,2.24153368757324,1.24019129190838
B,BCS,WithoutTurning,2.24843605023286,1.23744328741552
B,BCS,WithoutTurning,2.25535966736238,1.23476876258013
B,BCS,WithoutTurning,2.26230460441076,1.23217004463965
B,BCS,WithoutTurning,2.2692709270285,1.22964945097179
B,BCS,WithoutTurning,2.27625870106827,1.22720929069197
B,BCS,WithoutTurning,2.2832679925855,1.22485186629704
B,BCS,WithoutTurning,2.29029886783904,1.2225794753557
B,BCS,WithoutTurning,2.29735139329177,1.22039441224582
B,BCS,WithoutTurning,2.30442563561121,1.21829896993912
B,BCS,WithoutTurning,2.3115216616702,1.21629544183384
B,BCS,WithoutTurning,2.31863953854748,1.21438612363602
B,BCS,WithoutTurning,2.32577933352835,1.21257331529011
B,BCS,WithoutTurning,2.33294111410532,1.21085932295985
B,BCS,WithoutTurning,2.34012494797869,1.20924646106044
B,BCS,WithoutTurning,2.34273204804434,1.20868775355199
B,BCS,WithoutTurning,2.34733090305727,1.2077283498278
B,BCS,WithoutTurning,2.35455904745897,1.20627360294433
B,BCS,WithoutTurning,2.36180944951143,1.20487642323025
B,BCS,WithoutTurning,2.36908217775274,1.20353372190685
B,BCS,WithoutTurning,2.376377300932,1.2022424307598
B,BCS,WithoutTurning,2.38369488801001,1.20099950082896
B,BCS,WithoutTurning,2.39103500815996,1.19980190117725
B,BCS,WithoutTurning,2.398397730768,1.19864661773717
B,BCS,WithoutTurning,2.40578312543396,1.19753065223441
B,BCS,WithoutTurning,2.41319126197199,1.19645102118735
B,BCS,WithoutTurning,2.42062221041123,1.19540475498168
B,BCS,WithoutTurning,2.42807604099643,1.19438889701956
B,BCS,WithoutTurning,2.43555282418867,1.19340050294236
B,BCS,WithoutTurning,2.44305263066601,1.19243663992658
B,BCS,WithoutTurning,2.45057553132411,1.19149438605215
B,BCS,WithoutTurning,2.45812159727697,1.19057082974278
B,BCS,WithoutTurning,2.46569089985758,1.18966306927761
B,BCS,WithoutTurning,2.47328351061855,1.18876821237397
B,BCS,WithoutTurning,2.48089950133285,1.18788337584051
B,BCS,WithoutTurning,2.48853894399446,1.1870056853006
B,BCS,WithoutTurning,2.49620191081903,1.1861322749853
B,BCS,WithoutTurning,2.50388847424462,1.18526028759582
B,BCS,WithoutTurning,2.51159870693231,1.18438687423485
B,BCS,WithoutTurning,2.51933268176695,1.18350919440656
B,BCS,WithoutTurning,2.52709047185781,1.18262441608491
B,BCS,WithoutTurning,2.53487215053931,1.18172971584984
B,BCS,WithoutTurning,2.54267779137165,1.18082227909099
B,BCS,WithoutTurning,2.55050746814159,1.17989930027866
B,BCS,WithoutTurning,2.55836125486306,1.17895798330153
B,BCS,WithoutTurning,2.56623922577792,1.17799554187074
B,BCS,WithoutTurning,2.57414145535666,1.17700919998996
B,BCS,WithoutTurning,2.58206801829905,1.17599619249089
B,BCS,WithoutTurning,2.59001898953491,1.1749537656338
B,BCS,WithoutTurning,2.59799444422479,1.17387917777243
B,BCS,WithoutTurning,2.60599445776067,1.17276970008288
B,BCS,WithoutTurning,2.6140191057667,1.1716226173556
B,BCS,WithoutTurning,2.61619650106622,1.17130515414318
B,BCS,WithoutTurning,2.62206846409989,1.17044286999139
B,BCS,WithoutTurning,2.63014260885083,1.16924931560469
B,BCS,WithoutTurning,2.63824161634443,1.1680432950427
B,BCS,WithoutTurning,2.64636556314063,1.16682513129765
B,BCS,WithoutTurning,2.65451452603509,1.16559514656656
B,BCS,WithoutTurning,2.66268858206,1.16435366222008
B,BCS,WithoutTurning,2.6708878084847,1.1631009987722
B,BCS,WithoutTurning,2.67911228281651,1.16183747585083
B,BCS,WithoutTurning,2.68736208280139,1.16056341216916
B,BCS,WithoutTurning,2.69563728642471,1.15927912549795
B,BCS,WithoutTurning,2.703937971912,1.15798493263865
B,BCS,WithoutTurning,2.71226421772964,1.15668114939731
B,BCS,WithoutTurning,2.72061610258566,1.15536809055939
B,BCS,WithoutTurning,2.72899370543043,1.15404606986542
B,BCS,WithoutTurning,2.73739710545744,1.15271539998739
B,BCS,WithoutTurning,2.74582638210406,1.15137639250612
B,BCS,WithoutTurning,2.75428161505225,1.15002935788935
B,BCS,WithoutTurning,2.76276288422934,1.14867460547069
B,BCS,WithoutTurning,2.77127026980878,1.14731244342938
B,BCS,WithoutTurning,2.77980385221091,1.14594317877089
B,BCS,WithoutTurning,2.78836371210369,1.1445671173083
B,BCS,WithoutTurning,2.79694993040349,1.14318456364452
B,BCS,WithoutTurning,2.80556258827586,1.14179582115526
B,BCS,WithoutTurning,2.81420176713626,1.14040119197288
B,BCS,WithoutTurning,2.82286754865086,1.13900097697095
B,BCS,WithoutTurning,2.83156001473731,1.13759547574964
B,BCS,WithoutTurning,2.84027924756551,1.13618498662192
B,BCS,WithoutTurning,2.84902532955838,1.13476980660044
B,BCS,WithoutTurning,2.85779834339265,1.13335023138534
B,BCS,WithoutTurning,2.86659837199963,1.13192655535265
B,BCS,WithoutTurning,2.87542549856602,1.13049907154359
B,BCS,WithoutTurning,2.88427980653465,1.12906807165459
B,BCS,WithoutTurning,2.89316137960531,1.12763384602799
B,BCS,WithoutTurning,2.90207030173553,1.12619668364362
B,BCS,WithoutTurning,2.91100665714136,1.12475687211097
B,BCS,WithoutTurning,2.91997053029819,1.12331469766224
B,BCS,WithoutTurning,2.92896200594152,1.12187044514601
B,BCS,WithoutTurning,2.9379811690678,1.12042439802168
B,BCS,WithoutTurning,2.94702810493518,1.11897683835463
B,BCS,WithoutTurning,2.95610289906437,1.11752804681208
B,BCS,WithoutTurning,2.9652056372394,1.11607830265962
B,BCS,WithoutTurning,2.97433640550849,1.11462788375857
B,BCS,WithoutTurning,2.9834952901848,1.11317706656384
B,BCS,WithoutTurning,2.99268237784728,1.11172612612264
B,BCS,WithoutTurning,3.00189775534148,1.11027533607379
B,BCS,WithoutTurning,3.01114150978039,1.10882496864775
B,BCS,WithoutTurning,3.02041372854524,1.10737529466726
B,BCS,WithoutTurning,3.02971449928632,1.10592658354872
B,BCS,WithoutTurning,3.03904390992383,1.10447910330416
B,BCS,WithoutTurning,3.04840204864871,1.10303312054392
B,BCS,WithoutTurning,3.05778900392347,1.10158890047991
B,BCS,WithoutTurning,3.067204864483,1.10014670692958
B,BCS,WithoutTurning,3.07664971933546,1.0987068023205
B,BCS,WithoutTurning,3.08612365776307,1.09726944769551
B,BCS,WithoutTurning,3.09562676932299,1.09583490271861
B,BCS,WithoutTurning,3.10515914384814,1.09440342568135
B,BCS,WithoutTurning,3.11472087144809,1.09297527350989
B,BCS,WithoutTurning,3.12431204250986,1.09155070177268
B,BCS,WithoutTurning,3.13393274769881,1.09012996468869
B,BCS,WithoutTurning,3.14358307795947,1.08871331513627
B,BCS,WithoutTurning,3.15326312451644,1.08730100466261
B,BCS,WithoutTurning,3.16297297887522,1.08589328349372
B,BCS,WithoutTurning,3.17271273282307,1.08449040054504
B,BCS,WithoutTurning,3.18248247842991,1.08309260343264
B,BCS,WithoutTurning,3.19228230804916,1.08170013848495
B,BCS,WithoutTurning,3.20211231431862,1.08031325075501
B,BCS,WithoutTurning,3.21197259016136,1.0789321840334
B,BCS,WithoutTurning,3.22186322878659,1.07755718086161
B,BCS,WithoutTurning,3.22738332754232,1.07679432429342
B,BCS,WithoutTurning,3.23178432369052,1.07618801175375
B,BCS,WithoutTurning,3.2417359686573,1.07482124816603
B,BCS,WithoutTurning,3.25171825775983,1.07345614291214
B,BCS,WithoutTurning,3.26173128536071,1.07209267851758
B,BCS,WithoutTurning,3.27177514611311,1.07073083758898
B,BCS,WithoutTurning,3.28184993496166,1.06937060281389
B,BCS,WithoutTurning,3.29195574714336,1.06801195696056
B,BCS,WithoutTurning,3.30209267818847,1.06665488287766
B,BCS,WithoutTurning,3.31226082392141,1.06529936349408
B,BCS,WithoutTurning,3.32246028046168,1.06394538181871
B,BCS,WithoutTurning,3.33269114422477,1.06259292094018
B,BCS,WithoutTurning,3.34295351192305,1.06124196402669
B,BCS,WithoutTurning,3.3532474805667,1.05989249432573
B,BCS,WithoutTurning,3.36357314746461,1.05854449516391
B,BCS,WithoutTurning,3.37393061022534,1.05719794994673
B,BCS,WithoutTurning,3.38431996675801,1.05585284215837
B,BCS,WithoutTurning,3.39474131527321,1.05450915536147
B,BCS,WithoutTurning,3.40519475428398,1.05316687319692
B,BCS,WithoutTurning,3.41568038260668,1.0518259793837
B,BCS,WithoutTurning,3.42619829936199,1.05048645771862
B,BCS,WithoutTurning,3.43674860397578,1.04914829207615
B,BCS,WithoutTurning,3.44733139618011,1.04781146640823
B,BCS,WithoutTurning,3.45794677601413,1.04647596474406
B,BCS,WithoutTurning,3.46859484382504,1.04514177118991
B,BCS,WithoutTurning,3.47927570026905,1.04380886992895
B,BCS,WithoutTurning,3.48998944631231,1.04247724522103
B,BCS,WithoutTurning,3.50073618323188,1.04114688140252
B,BCS,WithoutTurning,3.51151601261668,1.03981776288613
B,BCS,WithoutTurning,3.52232903636847,1.03848987416071
B,BCS,WithoutTurning,3.53317535670276,1.03716319979108
B,BCS,WithoutTurning,3.54405507614986,1.03583772441788
B,BCS,WithoutTurning,3.55496829755575,1.03451343275736
B,BCS,WithoutTurning,3.56591512408316,1.03319030960122
B,BCS,WithoutTurning,3.57689565921243,1.03186833981646
B,BCS,WithoutTurning,3.5879100067426,1.03054750834519
B,BCS,WithoutTurning,3.59895827079231,1.02922780020449
B,BCS,WithoutTurning,3.61004055580082,1.02790920048623
B,BCS,WithoutTurning,3.62115696652899,1.02659169435689
B,BCS,WithoutTurning,3.63230760806026,1.02527526705747
B,BCS,WithoutTurning,3.64349258580167,1.02395990390326
B,BCS,WithoutTurning,3.65471200548485,1.02264559028373
B,BCS,WithoutTurning,3.66596597316697,1.02133231166238
B,BCS,WithoutTurning,3.67725459523181,1.02002005357655
B,BCS,WithoutTurning,3.68857797839075,1.01870880163732
B,BCS,WithoutTurning,3.69993622968374,1.01739854152936
B,BCS,WithoutTurning,3.71132945648034,1.01608925901075
B,BCS,WithoutTurning,3.72275776648076,1.01478093991286
B,BCS,WithoutTurning,3.73422126771682,1.01347357014025
B,BCS,WithoutTurning,3.74572006855303,1.01216713567045
B,BCS,WithoutTurning,3.75725427768757,1.0108616225539
B,BCS,WithoutTurning,3.76882400415334,1.0095570169138
B,BCS,WithoutTurning,3.78042935731897,1.00825330494593
B,BCS,WithoutTurning,3.7920704468899,1.00695047291859
B,BCS,WithoutTurning,3.80374738290937,1.00564850717243
B,BCS,WithoutTurning,3.81546027575947,1.00434739412033
B,BCS,WithoutTurning,3.8272092361622,1.00304712024729
B,BCS,WithoutTurning,3.8389943751805,1.0017476721103
B,BCS,WithoutTurning,3.85081580421931,1.00044903633821
B,BCS,WithoutTurning,3.86267363502661,0.999151199631639
B,BCS,WithoutTurning,3.87456797969452,0.997854148762825
B,BCS,WithoutTurning,3.88649895066028,0.996557870575533
B,BCS,WithoutTurning,3.89846666070739,0.995262351984934
B,BCS,WithoutTurning,3.91047122296663,0.993967579977496
B,BCS,WithoutTurning,3.92251275091714,0.992673541610872
B,BCS,WithoutTurning,3.93459135838752,0.991380224013795
B,BCS,WithoutTurning,3.94670715955686,0.990087614385971
B,BCS,WithoutTurning,3.95886026895584,0.988795699997972
B,BCS,WithoutTurning,3.97105080146784,0.987504468191136
B,BCS,WithoutTurning,3.98327887232998,0.986213906377466
B,BCS,WithoutTurning,3.99554459713424,0.984924002039527
B,BCS,WithoutTurning,4.00784809182852,0.983634742730352
B,BCS,WithoutTurning,4.02018947271779,0.982346116073341
B,BCS,WithoutTurning,4.03256885646515,0.981058109762171
B,BCS,WithoutTurning,4.04498636009293,0.979770711560699
B,BCS,WithoutTurning,4.05744210098381,0.978483909302871
B,BCS,WithoutTurning,4.06993619688193,0.977197690892634
B,BCS,WithoutTurning,4.082468765894,0.975912044303841
B,BCS,WithoutTurning,4.09503992649043,0.97462695758017
B,BCS,WithoutTurning,4.10764979750641,0.973342418835036
B,BCS,WithoutTurning,4.12029849814308,0.972058416251505
B,BCS,WithoutTurning,4.13298614796862,0.970774938082212
B,BCS,WithoutTurning,4.14571286691941,0.969491972649279
B,BCS,WithoutTurning,4.15847877530115,0.968209508344236
B,BCS,WithoutTurning,4.17128399378999,0.966927533627939
B,BCS,WithoutTurning,4.18412864343369,0.965646037030495
B,BCS,WithoutTurning,4.19701284565273,0.964365007151185
B,BCS,WithoutTurning,4.20993672224151,0.963084432658391
B,BCS,WithoutTurning,4.22290039536945,0.961804302289518
B,BCS,WithoutTurning,4.23590398758219,0.960524604850925
B,BCS,WithoutTurning,4.24894762180269,0.959245329217852
B,BCS,WithoutTurning,4.26203142133245,0.957966464334354
B,BCS,WithoutTurning,4.27515550985266,0.956687999213227
B,BCS,WithoutTurning,4.28832001142535,0.955409922935945
B,BCS,WithoutTurning,4.30152505049457,0.954132224652592
B,BCS,WithoutTurning,4.31477075188758,0.952854893581796
B,BCS,WithoutTurning,4.32805724081602,0.951577919010669
B,BCS,WithoutTurning,4.34138464287709,0.950301290294741
B,BCS,WithoutTurning,4.35475308405474,0.949024996857898
B,BCS,WithoutTurning,4.36816269072088,0.947749028192326
B,BCS,WithoutTurning,4.38161358963654,0.946473373858447
B,BCS,WithoutTurning,4.39510590795308,0.945198023484865
B,BCS,WithoutTurning,4.40863977321343,0.943922966768304
B,BCS,WithoutTurning,4.42221531335323,0.942648193473559
B,BCS,WithoutTurning,4.43583265670208,0.941373693433434
B,BCS,WithoutTurning,4.44949193198476,0.940099456548692
B,BCS,WithoutTurning,4.46319326832241,0.938825472788003
B,BCS,WithoutTurning,4.4769367952338,0.93755173218789
B,BCS,WithoutTurning,4.49072264263651,0.936278224852678
B,BCS,WithoutTurning,4.50455094084817,0.935004940954445
B,BCS,WithoutTurning,4.51842182058772,0.933731870732975
B,BCS,WithoutTurning,4.53233541297661,0.932459004495706
B,BCS,WithoutTurning,4.54629184954004,0.931186332617685
B,BCS,WithoutTurning,4.56029126220824,0.929913845541524
B,BCS,WithoutTurning,4.57433378331769,0.928641533777352
B,BCS,WithoutTurning,4.58841954561234,0.92736938790277
B,BCS,WithoutTurning,4.60254868224495,0.926097398562811
B,BCS,WithoutTurning,4.61672132677827,0.924825556469892
B,BCS,WithoutTurning,4.63093761318632,0.923553852403781
B,BCS,WithoutTurning,4.64519767585569,0.922282277211544
B,BCS,WithoutTurning,4.65950164958678,0.921010821807517
B,BCS,WithoutTurning,4.67384966959507,0.919739477173258
B,BCS,WithoutTurning,4.68824187151242,0.91846823435751
B,BCS,WithoutTurning,4.70267839138835,0.917197084476169
B,BCS,WithoutTurning,4.71715936569129,0.915926018712238
B,BCS,WithoutTurning,4.73168493130993,0.914655028315797
B,BCS,WithoutTurning,4.74625522555446,0.913384104603965
B,BCS,WithoutTurning,4.76087038615791,0.912113238960865
B,BCS,WithoutTurning,4.77553055127739,0.910842422837591
B,BCS,WithoutTurning,4.7902358594955,0.909571647752172
B,BCS,WithoutTurning,4.80498644982152,0.908300905289541
B,BCS,WithoutTurning,4.81978246169281,0.907030187101503
B,BCS,WithoutTurning,4.83462403497611,0.905759484906701
B,BCS,WithoutTurning,4.84951130996882,0.904488790490586
B,BCS,WithoutTurning,4.86444442740039,0.903218095705388
B,BCS,WithoutTurning,4.8794235284336,0.901947392470085
B,BCS,WithoutTurning,4.89444875466591,0.900676672770371
B,BCS,WithoutTurning,4.90952024813083,0.899405928658632
B,BCS,WithoutTurning,4.92463815129919,0.898135152253913
B,BCS,WithoutTurning,4.93980260708058,0.896864335741895
B,BCS,WithoutTurning,4.9550137588246,0.895593471374863
B,BCS,WithoutTurning,4.97027175032231,0.894322551471682
B,BCS,WithoutTurning,4.98557672580753,0.89305156841777
B,BCS,WithoutTurning,4.99871489480102,0.891963577679409
B,BCS,WithoutTurning,5.00092882995822,0.891780553264906
B,BCS,WithoutTurning,5.01632820789784,0.890511778791545
B,BCS,WithoutTurning,5.03177500519674,0.889246442430667
B,BCS,WithoutTurning,5.04726936787353,0.887984356961598
B,BCS,WithoutTurning,5.06281144239644,0.886725336203608
B,BCS,WithoutTurning,5.07840137568472,0.885469195009508
B,BCS,WithoutTurning,5.09403931511005,0.884215749259626
B,BCS,WithoutTurning,5.10972540849789,0.882964815856169
B,BCS,WithoutTurning,5.12545980412891,0.881716212717975
B,BCS,WithoutTurning,5.14124265074039,0.880469758775623
B,BCS,WithoutTurning,5.15707409752759,0.879225273966936
B,BCS,WithoutTurning,5.17295429414521,0.877982579232838
B,BCS,WithoutTurning,5.18888339070878,0.87674149651359
B,BCS,WithoutTurning,5.20486153779607,0.875501848745378
B,BCS,WithoutTurning,5.22088888644853,0.874263459857265
B,BCS,WithoutTurning,5.23696558817274,0.873026154768499
B,BCS,WithoutTurning,5.25309179494176,0.871789759386172
B,BCS,WithoutTurning,5.26926765919666,0.870554100603227
B,BCS,WithoutTurning,5.28549333384792,0.869319006296813
B,BCS,WithoutTurning,5.30176897227686,0.868084305326975
B,BCS,WithoutTurning,5.31809472833713,0.866849827535693
B,BCS,WithoutTurning,5.33447075635612,0.865615403746245
B,BCS,WithoutTurning,5.35089721113646,0.86438086576291
B,BCS,WithoutTurning,5.36737424795744,0.863146046370994
B,BCS,WithoutTurning,5.38390202257654,0.861910779337182
B,BCS,WithoutTurning,5.40048069123083,0.860674899410212
B,BCS,WithoutTurning,5.41711041063849,0.859438242321868
B,BCS,WithoutTurning,5.43379133800029,0.858200644788282
B,BCS,WithoutTurning,5.45052363100107,0.856961944511555
B,BCS,WithoutTurning,5.46730744781123,0.85572198018168
B,BCS,WithoutTurning,5.4841429470882,0.854480591478769
B,BCS,WithoutTurning,5.501030287978,0.853237619075586
B,BCS,WithoutTurning,5.51796963011668,0.85199290464037
B,BCS,WithoutTurning,5.53496113363189,0.850746290839957
B,BCS,WithoutTurning,5.55200495914432,0.849497621343192
B,BCS,WithoutTurning,5.5691012677693,0.848246740824623
B,BCS,WithoutTurning,5.58625022111826,0.846993494968484
B,BCS,WithoutTurning,5.60345198130028,0.845737730472956
B,BCS,WithoutTurning,5.62070671092363,0.844479295054702
B,BCS,WithoutTurning,5.63801457309731,0.843218037453674
B,BCS,WithoutTurning,5.65537573143256,0.841953807438195
B,BCS,WithoutTurning,5.67279035004445,0.8406864558103
B,BCS,WithoutTurning,5.69025859355338,0.839415834411339
B,BCS,WithoutTurning,5.70778062708671,0.838141796127842
B,BCS,WithoutTurning,5.72535661628024,0.836864194897635
B,BCS,WithoutTurning,5.74298672727983,0.835582885716205
B,BCS,WithoutTurning,5.76067112674295,0.834297724643318
B,BCS,WithoutTurning,5.77840998184026,0.833008568809871
B,BCS,WithoutTurning,5.79620346025719,0.831715276424989
B,BCS,WithoutTurning,5.81405173019551,0.830417706783356
B,BCS,WithoutTurning,5.83195496037496,0.829115720272776
B,BCS,WithoutTurning,5.8499133200348,0.827809178381961
B,BCS,WithoutTurning,5.86792697893545,0.826497943708544
B,BCS,WithoutTurning,5.88599610736003,0.825181879967309
B,BCS,WithoutTurning,5.90412087611607,0.823860851998635
B,BCS,WithoutTurning,5.92230145653702,0.822534725777158
B,BCS,WithoutTurning,5.94053802048395,0.82120336842063
B,BCS,WithoutTurning,5.95883074034713,0.819866648198984
B,BCS,WithoutTurning,5.97717978904767,0.818524434543604
B,BCS,WithoutTurning,5.99558534003916,0.817176598056778
B,BCS,WithoutTurning,6.01404756730931,0.815823010521346
B,BCS,WithoutTurning,6.03256664538158,0.814463544910538
B,BCS,WithoutTurning,6.05114274931685,0.813098075397982
B,BCS,WithoutTurning,6.06977605471506,0.811726477367899
B,BCS,WithoutTurning,6.08846673771689,0.81034862742546
B,BCS,WithoutTurning,6.10721497500538,0.808964403407321
B,BCS,WithoutTurning,6.12602094380766,0.807573684392312
B,BCS,WithoutTurning,6.14488482189659,0.806176350712287
B,BCS,WithoutTurning,6.16380678759243,0.804772283963126
B,BCS,WithoutTurning,6.18278701976457,0.80336136701589
B,BCS,WithoutTurning,6.20182569783317,0.801943484028115
B,BCS,WithoutTurning,6.20892771717372,0.801413881619285
B,BCS,WithoutTurning,6.22092300177088,0.800518454360565
B,BCS,WithoutTurning,6.24007911210457,0.799086034077339
B,BCS,WithoutTurning,6.25929420991695,0.797646342258693
B,BCS,WithoutTurning,6.2785684768484,0.796199526747589
B,BCS,WithoutTurning,6.29790209509859,0.794745734840982
B,BCS,WithoutTurning,6.31729524742825,0.793285113278388
B,BCS,WithoutTurning,6.33674811716088,0.791817808230694
B,BCS,WithoutTurning,6.35626088818449,0.790343965289211
B,BCS,WithoutTurning,6.37583374495334,0.788863729454953
B,BCS,WithoutTurning,6.39546687248968,0.787377245128159
B,BCS,WithoutTurning,6.4151604563855,0.785884656098045
B,BCS,WithoutTurning,6.43491468280428,0.784386105532794
B,BCS,WithoutTurning,6.45472973848276,0.782881735969774
B,BCS,WithoutTurning,6.47460581073269,0.781371689305991
B,BCS,WithoutTurning,6.49454308744262,0.779856106788774
B,BCS,WithoutTurning,6.51454175707966,0.778335129006686
B,BCS,WithoutTurning,6.53460200869127,0.776808895880664
B,BCS,WithoutTurning,6.55472403190705,0.775277546655392
B,BCS,WithoutTurning,6.57490801694051,0.773741219890895
B,BCS,WithoutTurning,6.59515415459089,0.772200053454361
B,BCS,WithoutTurning,6.61546263624498,0.770654184512183
B,BCS,WithoutTurning,6.63583365387888,0.769103749522232
B,BCS,WithoutTurning,6.65626740005987,0.767548884226342
B,BCS,WithoutTurning,6.67676406794818,0.765989723643024
B,BCS,WithoutTurning,6.69732385129884,0.764426402060391
B,BCS,WithoutTurning,6.71794694446353,0.762859053029305
B,BCS,WithoutTurning,6.73863354239237,0.761287809356741
B,BCS,WithoutTurning,6.75938384063583,0.759712803099363
B,BCS,WithoutTurning,6.78019803534649,0.758134165557312
B,BCS,WithoutTurning,6.80107632328098,0.75655202726821
B,BCS,WithoutTurning,6.8220189018018,0.754966518001369
B,BCS,WithoutTurning,6.84302596887917,0.753377766752217
B,BCS,WithoutTurning,6.86409772309294,0.751785901736917
B,BCS,WithoutTurning,6.88523436363443,0.750191050387205
B,BCS,WithoutTurning,6.90643609030835,0.748593339345427
B,BCS,WithoutTurning,6.92770310353465,0.746992894459773
B,BCS,WithoutTurning,6.94903560435044,0.745389840779719
B,BCS,WithoutTurning,6.9704337944119,0.743784302551665
B,BCS,WithoutTurning,6.99189787599616,0.742176403214769
B,BCS,WithoutTurning,7.0134280520032,0.740566265396976
B,BCS,WithoutTurning,7.03502452595783,0.738954010911241
B,BCS,WithoutTurning,7.05668750201155,0.737339760751949
B,BCS,WithoutTurning,7.07841718494451,0.735723635091513
B,BCS,WithoutTurning,7.10021378016744,0.734105753277175
B,BCS,WithoutTurning,7.12207749372359,0.732486233827982
B,BCS,WithoutTurning,7.14400853229069,0.73086519443195
B,BCS,WithoutTurning,7.16600710318288,0.729242751943414
B,BCS,WithoutTurning,7.18807341435269,0.727619022380555
B,BCS,WithoutTurning,7.21020767439299,0.725994120923109
B,BCS,WithoutTurning,7.232410092539,0.724368161910248
B,BCS,WithoutTurning,7.2546808786702,0.722741258838643
B,BCS,WithoutTurning,7.27702024331237,0.7211135243607
B,BCS,WithoutTurning,7.29942839763957,0.719485070282956
B,BCS,WithoutTurning,7.32190555347612,0.717856007564663
B,BCS,WithoutTurning,7.34445192329861,0.716226446316527
B,BCS,WithoutTurning,7.36706772023792,0.714596495799613
B,BCS,WithoutTurning,7.38975315808121,0.712966264424423
B,BCS,WithoutTurning,7.41250845127397,0.711335859750123
B,BCS,WithoutTurning,7.43533381492201,0.709705388483945
B,BCS,WithoutTurning,7.45822946479356,0.708074956480731
B,BCS,WithoutTurning,7.48119561732121,0.706444668742647
B,BCS,WithoutTurning,7.50423248960406,0.704814629419043
B,BCS,WithoutTurning,7.5273402994097,0.703184941806468
B,BCS,WithoutTurning,7.55051926517629,0.701555708348835
B,BCS,WithoutTurning,7.57376960601464,0.699927030637735
B,BCS,WithoutTurning,7.59709154171026,0.698299009412897
B,BCS,WithoutTurning,7.62048529272544,0.696671744562791
B,BCS,WithoutTurning,7.64395108020137,0.695045335125375
B,BCS,WithoutTurning,7.66748912596015,0.693419879288984
B,BCS,WithoutTurning,7.691099652507,0.691795474393356
B,BCS,WithoutTurning,7.71478288303224,0.690172216930793
B,BCS,WithoutTurning,7.73853904141351,0.68855020254746
B,BCS,WithoutTurning,7.76236835221781,0.686929526044816
B,BCS,WithoutTurning,7.78627104070365,0.685310281381174
B,BCS,WithoutTurning,7.8102473328232,0.683692561673394
B,BCS,WithoutTurning,7.83429745522438,0.682076459198698
B,BCS,WithoutTurning,7.85842163525303,0.680462065396614
B,BCS,WithoutTurning,7.88262010095509,0.678849470871042
B,BCS,WithoutTurning,7.90689308107868,0.677238765392443
B,BCS,WithoutTurning,7.93124080507633,0.675630037900144
B,BCS,WithoutTurning,7.95566350310712,0.674023376504763
B,BCS,WithoutTurning,7.98016140603884,0.672418868490752
B,BCS,WithoutTurning,8.00473474545024,0.670816600319048
B,BCS,WithoutTurning,8.02938375363311,0.669216657629842
B,BCS,WithoutTurning,8.05410866359458,0.667619125245454
B,BCS,WithoutTurning,8.07890970905928,0.666024087173323
B,BCS,WithoutTurning,8.10378712447151,0.664431626609089
B,BCS,WithoutTurning,8.12874114499754,0.662841825939802
B,BCS,WithoutTurning,8.15377200652776,0.661254766747209
B,BCS,WithoutTurning,8.17887994567895,0.659670529811163
B,BCS,WithoutTurning,8.20406519979651,0.658089195113122
B,BCS,WithoutTurning,8.22932800695668,0.656510841839743
B,BCS,WithoutTurning,8.25466860596882,0.65493554838658
B,BCS,WithoutTurning,8.28008723637766,0.653363392361866
B,BCS,WithoutTurning,8.30558413846557,0.651794450590401
B,BCS,WithoutTurning,8.33115955325479,0.650228799117513
B,BCS,WithoutTurning,8.35681372250977,0.648666513213128
B,BCS,WithoutTurning,8.38254688873942,0.64710766737591
B,BCS,WithoutTurning,8.4083592951994,0.645552335337495
B,BCS,WithoutTurning,8.43425118589443,0.64400059006681
B,BCS,WithoutTurning,8.4602228055806,0.642452503774469
B,BCS,WithoutTurning,8.48627439976768,0.640908147917257
B,BCS,WithoutTurning,8.51240621472143,0.639367593202684
B,BCS,WithoutTurning,8.53861849746596,0.637830909593623
B,BCS,WithoutTurning,8.564911495786,0.636298166313027
B,BCS,WithoutTurning,8.57470033861316,0.635729747714377
B,BCS,WithoutTurning,8.59128545822931,0.634769022056791
B,BCS,WithoutTurning,8.61774063410902,0.633241992794867
B,BCS,WithoutTurning,8.64427727350595,0.631716936814577
B,BCS,WithoutTurning,8.67089562727098,0.630193854045012
B,BCS,WithoutTurning,8.69759594702748,0.628672744424978
B,BCS,WithoutTurning,8.7243784851736,0.627153607902909
B,BCS,WithoutTurning,8.75124349488473,0.62563644443678
B,BCS,WithoutTurning,8.77819123011585,0.624121253994014
B,BCS,WithoutTurning,8.80522194560395,0.622608036551397
B,BCS,WithoutTurning,8.83233589687043,0.621096792094989
B,BCS,WithoutTurning,8.85953334022351,0.619587520620035
B,BCS,WithoutTurning,8.88681453276068,0.618080222130877
B,BCS,WithoutTurning,8.9141797323711,0.616574896640866
B,BCS,WithoutTurning,8.94162919773805,0.615071544172272
B,BCS,WithoutTurning,8.96916318834137,0.613570164756201
B,BCS,WithoutTurning,8.99678196445992,0.612070758432502
B,BCS,WithoutTurning,9.02448578717404,0.610573325249681
B,BCS,WithoutTurning,9.05227491836802,0.609077865264813
B,BCS,WithoutTurning,9.08014962073255,0.607584378543458
B,BCS,WithoutTurning,9.10811015776725,0.606092865159567
B,BCS,WithoutTurning,9.13615679378313,0.604603325195397
B,BCS,WithoutTurning,9.16428979390509,0.60311575874143
B,BCS,WithoutTurning,9.19250942407442,0.601630165896274
B,BCS,WithoutTurning,9.22081595105134,0.600146546766586
B,BCS,WithoutTurning,9.2492096424175,0.598664901466982
B,BCS,WithoutTurning,9.2776907665785,0.597185230119945
B,BCS,WithoutTurning,9.30625959276647,0.595707532855747
B,BCS,WithoutTurning,9.33491639104257,0.594231809812355
B,BCS,WithoutTurning,9.36366143229956,0.592758061135348
B,BCS,WithoutTurning,9.39249498826438,0.591286286977829
B,BCS,WithoutTurning,9.42141733150066,0.58981648750034
B,BCS,WithoutTurning,9.45042873541138,0.588348662870773
B,BCS,WithoutTurning,9.47952947424139,0.586882813264287
B,BCS,WithoutTurning,9.50871982308001,0.585418938863221
B,BCS,WithoutTurning,9.53800005786368,0.583957039857005
B,BCS,WithoutTurning,9.5673704553785,0.582497116442078
B,BCS,WithoutTurning,9.59683129326288,0.581039168821799
B,BCS,WithoutTurning,9.62638285001019,0.579583197206365
B,BCS,WithoutTurning,9.65602540497134,0.578129201812721
B,BCS,WithoutTurning,9.68575923835744,0.576677182864479
B,BCS,WithoutTurning,9.71558463124248,0.575227140591827
B,BCS,WithoutTurning,9.74550186556596,0.57377907523145
B,BCS,WithoutTurning,9.77551122413553,0.57233298702644
B,BCS,WithoutTurning,9.80561299062973,0.570888876226213
B,BCS,WithoutTurning,9.83580744960059,0.569446743086423
B,BCS,WithoutTurning,9.86609488647639,0.56800658786888
B,BCS,WithoutTurning,9.89647558756434,0.566568410841459
B,BCS,WithoutTurning,9.92694984005323,0.565132212278025
B,BCS,WithoutTurning,9.95751793201624,0.563697992458337
B,BCS,WithoutTurning,9.9881801524136,0.562265751667973
B,BCS,WithoutTurning,10.0189367910953,0.56083549019824
B,BCS,WithoutTurning,10.049788138804,0.559407208346094
B,BCS,WithoutTurning,10.0807344871774,0.557980906414052
B,BCS,WithoutTurning,10.1117761287515,0.55655658471011
B,BCS,WithoutTurning,10.1429133569629,0.555134243547659
B,BCS,WithoutTurning,10.1741464661519,0.553713883245402
B,BCS,WithoutTurning,10.2054757515652,0.55229550412727
B,BCS,WithoutTurning,10.2369015093586,0.550879106522334
B,BCS,WithoutTurning,10.2684240365997,0.549464690764731
B,BCS,WithoutTurning,10.3000436312711,0.548052257193572
B,BCS,WithoutTurning,10.3317605922729,0.546641806152864
B,BCS,WithoutTurning,10.3635752194256,0.545233337991423
B,BCS,WithoutTurning,10.3954878134728,0.543826853062795
B,BCS,WithoutTurning,10.4274986760845,0.542422351725173
B,BCS,WithoutTurning,10.4596081098593,0.541019834341308
B,BCS,WithoutTurning,10.4918164183277,0.539619301278437
B,BCS,WithoutTurning,10.524123905955,0.53822075290819
B,BCS,WithoutTurning,10.5565308781439,0.536824189606516
B,BCS,WithoutTurning,10.5890376412376,0.535429611753596
B,BCS,WithoutTurning,10.6216445025226,0.534037019733762
B,BCS,WithoutTurning,10.6543517702315,0.532646413935418
B,BCS,WithoutTurning,10.6871597535462,0.531257794750951
B,BCS,WithoutTurning,10.7200687626007,0.529871162576659
B,BCS,WithoutTurning,10.7530791084839,0.528486517812662
B,BCS,WithoutTurning,10.7861911032426,0.527103860862824
B,BCS,WithoutTurning,10.8194050598845,0.52572319213467
B,BCS,WithoutTurning,10.8527212923814,0.524344512039306
B,BCS,WithoutTurning,10.8861401156715,0.522967820991339
B,BCS,WithoutTurning,10.9196618456631,0.521593119408795
B,BCS,WithoutTurning,10.9532867992371,0.520220407713036
B,BCS,WithoutTurning,10.9870152942502,0.518849686328684
B,BCS,WithoutTurning,11.0208476495381,0.517480955683538
B,BCS,WithoutTurning,11.054784184918,0.516114216208492
B,BCS,WithoutTurning,11.0888252211921,0.51474946833746
B,BCS,WithoutTurning,11.1229710801502,0.51338671250729
B,BCS,WithoutTurning,11.1572220845734,0.512025949157687
B,BCS,WithoutTurning,11.1915785582363,0.510667178731137
B,BCS,WithoutTurning,11.2260408259108,0.509310401672817
B,BCS,WithoutTurning,11.2606092133688,0.507955618430529
B,BCS,WithoutTurning,11.2952840473853,0.506602829454609
B,BCS,WithoutTurning,11.3300656557415,0.505252035197855
B,BCS,WithoutTurning,11.3649543672282,0.503903236115444
B,BCS,WithoutTurning,11.3999505116482,0.502556432664855
B,BCS,WithoutTurning,11.4350544198202,0.501211625305793
B,BCS,WithoutTurning,11.4702664235816,0.499868814500104
B,BCS,WithoutTurning,11.5055868557915,0.498528000711701
B,BCS,WithoutTurning,11.5410160503339,0.497189184406486
B,BCS,WithoutTurning,11.5765543421212,0.495852366052269
B,BCS,WithoutTurning,11.6122020670968,0.494517546118692
B,BCS,WithoutTurning,11.6479595622387,0.493184725077153
B,BCS,WithoutTurning,11.6838271655627,0.491853903400723
B,BCS,WithoutTurning,11.7198052161252,0.490525081564075
B,BCS,WithoutTurning,11.7558940540268,0.489198260043402
B,BCS,WithoutTurning,11.7920940204154,0.487873439316339
B,BCS,WithoutTurning,11.8284054574893,0.486550619861892
B,BCS,WithoutTurning,11.8648287085005,0.485229802160355
B,BCS,WithoutTurning,11.9013641177582,0.483910986693237
B,BCS,WithoutTurning,11.9380120306316,0.482594173943183
B,BCS,WithoutTurning,11.9747727935535,0.481279364393899
B,BCS,WithoutTurning,12.0116467540235,0.479966558530077
B,BCS,WithoutTurning,12.0486342606111,0.478655756837314
B,BCS,WithoutTurning,12.0857356629594,0.477346959802043
B,BCS,WithoutTurning,12.122951311788,0.476040167911452
B,BCS,WithoutTurning,12.1602815588964,0.474735381653412
B,BCS,WithoutTurning,12.1977267571675,0.473432601516397
B,BCS,WithoutTurning,12.2352872605709,0.472131827989415
B,BCS,WithoutTurning,12.2729634241661,0.470833061561927
B,BCS,WithoutTurning,12.3107556041059,0.469536302723776
B,BCS,WithoutTurning,12.3486641576399,0.468241551965111
B,BCS,WithoutTurning,12.3866894431176,0.466948809776314
B,BCS,WithoutTurning,12.4248318199922,0.465658076647919
B,BCS,WithoutTurning,12.4630916488236,0.46436935307055
B,BCS,WithoutTurning,12.5014692912821,0.463082639534835
B,BCS,WithoutTurning,12.5399651101515,0.461797936531339
B,BCS,WithoutTurning,12.578579469333,0.46051524455049
B,BCS,WithoutTurning,12.617312733848,0.459234564082499
B,BCS,WithoutTurning,12.6561652698424,0.457955895617298
B,BCS,WithoutTurning,12.695137444589,0.456679239644456
B,BCS,WithoutTurning,12.734229626492,0.455404596653115
B,BCS,WithoutTurning,12.7734421850898,0.454131967131907
B,BCS,WithoutTurning,12.8127754910588,0.452861351568894
B,BCS,WithoutTurning,12.8522299162169,0.451592750451484
B,BCS,WithoutTurning,12.8918058335267,0.450326164266368
B,BCS,WithoutTurning,12.9315036170995,0.44906159349944
B,BCS,WithoutTurning,12.9713236421985,0.447799038635731
B,BCS,WithoutTurning,13.0112662852425,0.446538500159335
B,BCS,WithoutTurning,13.0513319238094,0.44527997855334
B,BCS,WithoutTurning,13.0915209366396,0.444023474299751
B,BCS,WithoutTurning,13.13183370364,0.442768987879426
B,BCS,WithoutTurning,13.1722706058873,0.441516519772
B,BCS,WithoutTurning,13.2128320256315,0.440266070455817
B,BCS,WithoutTurning,13.2535183462999,0.439017640407859
B,BCS,WithoutTurning,13.2943299525003,0.437771230103674
B,BCS,WithoutTurning,13.3352672300248,0.43652684001731
B,BCS,WithoutTurning,13.3763305658537,0.435284470621239
B,BCS,WithoutTurning,13.4175203481588,0.434044122386294
B,BCS,WithoutTurning,13.458836966307,0.432805795781595
B,BCS,WithoutTurning,13.5002808108645,0.431569491274481
B,BCS,WithoutTurning,13.5418522736,0.430335209330443
B,BCS,WithoutTurning,13.5835517474886,0.429102950413048
B,BCS,WithoutTurning,13.6253796267156,0.427872714983883
B,BCS,WithoutTurning,13.6673363066798,0.426644503502472
B,BCS,WithoutTurning,13.709422183998,0.425418316426219
B,BCS,WithoutTurning,13.7516376565079,0.424194154210335
B,BCS,WithoutTurning,13.7939831232726,0.42297201730777
B,BCS,WithoutTurning,13.8364589845837,0.421751906169147
B,BCS,WithoutTurning,13.8790656419656,0.420533821242694
B,BCS,WithoutTurning,13.9218034981793,0.419317762974176
B,BCS,WithoutTurning,13.9646729572256,0.418103731806829
B,BCS,WithoutTurning,14.0076744243498,0.416891728181294
B,BCS,WithoutTurning,14.0508083060446,0.415681752535548
B,BCS,WithoutTurning,14.0940750100548,0.41447380530484
B,BCS,WithoutTurning,14.1374749453806,0.413267886921623
B,BCS,WithoutTurning,14.1810085222817,0.412063997815488
B,BCS,WithoutTurning,14.2246761522811,0.410862138413103
B,BCS,WithoutTurning,14.2684782481688,0.409662309138141
B,BCS,WithoutTurning,14.3124152240063,0.408464510411217
B,BCS,WithoutTurning,14.3564874951298,0.407268742649825
B,BCS,WithoutTurning,14.4006954781546,0.406075006268272
B,BCS,WithoutTurning,14.4450395909788,0.404883301677613
B,BCS,WithoutTurning,14.4895202527874,0.403693629285585
B,BCS,WithoutTurning,14.5341378840562,0.402505989496547
B,BCS,WithoutTurning,14.5788929065557,0.401320382711413
B,BCS,WithoutTurning,14.6237857433552,0.400136809327588
B,BCS,WithoutTurning,14.6688168188268,0.398955269738908
B,BCS,WithoutTurning,14.7139865586494,0.397775764335571
B,BCS,WithoutTurning,14.7592953898124,0.396598293504082
B,BCS,WithoutTurning,14.8047437406205,0.395422857627182
B,BCS,WithoutTurning,14.850332040697,0.39424945708379
B,BCS,WithoutTurning,14.896060720988,0.393078092248942
B,BCS,WithoutTurning,14.941930213767,0.391908763493722
B,BCS,WithoutTurning,14.9879409526384,0.390741471185212
B,BCS,WithoutTurning,15.0340933725416,0.389576215686416
B,BCS,WithoutTurning,15.0803879097556,0.388412997356212
B,BCS,WithoutTurning,15.1268250019029,0.387251816549283
B,BCS,WithoutTurning,15.1734050879532,0.386092673616056
B,BCS,WithoutTurning,15.2201286082282,0.384935568902646
B,BCS,WithoutTurning,15.2669960044054,0.383780502750794
B,BCS,WithoutTurning,15.3140077195224,0.382627475497803
B,BCS,WithoutTurning,15.3611641979811,0.381476487476483
B,BCS,WithoutTurning,15.4084658855516,0.38032753901509
B,BCS,WithoutTurning,15.455913229377,0.379180630437264
B,BCS,WithoutTurning,15.5035066779771,0.378035762061973
B,BCS,WithoutTurning,15.5512466812528,0.376892934203454
B,BCS,WithoutTurning,15.5991336904904,0.375752147171153
B,BCS,WithoutTurning,15.6471681583659,0.374613401269665
B,BCS,WithoutTurning,15.6953505389493,0.37347669679868
B,BCS,WithoutTurning,15.7180177357243,0.372943849492674
B,BCS,WithoutTurning,15.7436812877087,0.372341816169841
B,BCS,WithoutTurning,15.7921608615147,0.371207614385395
B,BCS,WithoutTurning,15.8407897186447,0.37007395574533
B,BCS,WithoutTurning,15.8895683187876,0.368940876071458
B,BCS,WithoutTurning,15.9384971230475,0.367808410881517
B,BCS,WithoutTurning,15.9875765939484,0.366676595389188
B,BCS,WithoutTurning,16.0368071954386,0.365545464504145
B,BCS,WithoutTurning,16.0861893928952,0.364415052832131
B,BCS,WithoutTurning,16.1357236531282,0.363285394675067
B,BCS,WithoutTurning,16.1854104443849,0.362156524031184
B,BCS,WithoutTurning,16.2352502363547,0.361028474595197
B,BCS,WithoutTurning,16.2852435001733,0.359901279758493
B,BCS,WithoutTurning,16.335390708427,0.35877497260936
B,BCS,WithoutTurning,16.3856923351575,0.357649585933233
B,BCS,WithoutTurning,16.4361488558662,0.356525152212979
B,BCS,WithoutTurning,16.4867607475186,0.355401703629201
B,BCS,WithoutTurning,16.5375284885491,0.354279272060573
B,BCS,WithoutTurning,16.5884525588652,0.3531578890842
B,BCS,WithoutTurning,16.6395334398521,0.352037585976008
B,BCS,WithoutTurning,16.6907716143777,0.350918393711154
B,BCS,WithoutTurning,16.7421675667964,0.349800342964469
B,BCS,WithoutTurning,16.7937217829542,0.348683464110921
B,BCS,WithoutTurning,16.8454347501933,0.347567787226104
B,BCS,WithoutTurning,16.8973069573564,0.346453342086754
B,BCS,WithoutTurning,16.9493388947915,0.34534015817129
B,BCS,WithoutTurning,17.0015310543568,0.344228264660373
B,BCS,WithoutTurning,17.0538839294247,0.343117690437497
B,BCS,WithoutTurning,17.1063980148871,0.342008464089595
B,BCS,WithoutTurning,17.1590738071596,0.340900613907679
B,BCS,WithoutTurning,17.2119118041868,0.339794167887488
B,BCS,WithoutTurning,17.2649125054462,0.338689153730174
B,BCS,WithoutTurning,17.3180764119536,0.337585598843
B,BCS,WithoutTurning,17.3714040262674,0.336483530340061
B,BCS,WithoutTurning,17.4248958524937,0.335382975043028
B,BCS,WithoutTurning,17.4785523962909,0.334283959481917
B,BCS,WithoutTurning,17.5323741648742,0.33318650989587
B,BCS,WithoutTurning,17.5863616670211,0.332090652233961
B,BCS,WithoutTurning,17.6405154130755,0.330996412156028
B,BCS,WithoutTurning,17.6948359149527,0.329903815033512
B,BCS,WithoutTurning,17.7493236861446,0.328812885950327
B,BCS,WithoutTurning,17.8039792417243,0.327723649703743
B,BCS,WithoutTurning,17.8588030983507,0.326636130805288
B,BCS,WithoutTurning,17.9137957742739,0.325550353481671
B,BCS,WithoutTurning,17.9689577893397,0.324466341675723
B,BCS,WithoutTurning,18.0242896649948,0.323384119047354
B,BCS,WithoutTurning,18.0797919242914,0.322303708974527
B,BCS,WithoutTurning,18.1354650918926,0.32122513455425
B,BCS,WithoutTurning,18.1913096940769,0.32014841860359
B,BCS,WithoutTurning,18.2473262587434,0.319073583660693
B,BCS,WithoutTurning,18.3035153154167,0.318000651985829
B,BCS,WithoutTurning,18.3598773952522,0.316929645562451
B,BCS,WithoutTurning,18.4164130310407,0.315860586098264
B,BCS,WithoutTurning,18.4731227572136,0.314793495026321
B,BCS,WithoutTurning,18.5300071098481,0.313728393506122
B,BCS,WithoutTurning,18.5870666266721,0.312665302424734
B,BCS,WithoutTurning,18.6443018470692,0.311604242397923
B,BCS,WithoutTurning,18.7017133120842,0.310545233771305
B,BCS,WithoutTurning,18.7593015644276,0.309488296621503
B,BCS,WithoutTurning,18.8170671484814,0.308433450757322
B,BCS,WithoutTurning,18.8750106103037,0.30738071572094
B,BCS,WithoutTurning,18.9331324976342,0.306330110789105
B,BCS,WithoutTurning,18.9914333598991,0.305281654974352
B,BCS,WithoutTurning,19.0499137482166,0.304235367026223
B,BCS,WithoutTurning,19.1085742154019,0.303191265432511
B,BCS,WithoutTurning,19.1674153159726,0.302149368420506
B,BCS,WithoutTurning,19.2264376061536,0.301109693958257
B,BCS,WithoutTurning,19.2856416438828,0.300072259755844
B,BCS,WithoutTurning,19.345027988816,0.299037083266661
B,BCS,WithoutTurning,19.4045972023324,0.298004181688709
B,BCS,WithoutTurning,19.46434984754,0.296973571965903
B,BCS,WithoutTurning,19.5242864892806,0.295945270789383
B,BCS,WithoutTurning,19.5844076941353,0.294919294598839
B,BCS,WithoutTurning,19.6447140304301,0.293895659583845
B,BCS,WithoutTurning,19.7052060682408,0.292874381685203
B,BCS,WithoutTurning,19.7658843793987,0.291855476596294
B,BCS,WithoutTurning,19.8267495374961,0.290838959764437
B,BCS,WithoutTurning,19.8878021178914,0.28982484639226
B,BCS,WithoutTurning,19.9490426977147,0.288813151439078
B,BCS,WithoutTurning,20.0104718558734,0.287803889622278
B,BCS,WithoutTurning,20.0720901730573,0.286797075418711
B,BCS,WithoutTurning,20.1338982317446,0.285792723066094
B,BCS,WithoutTurning,20.195896616207,0.284790846564419
B,BCS,WithoutTurning,20.2580859125152,0.283791459677362
B,BCS,WithoutTurning,20.3204667085448,0.282794575933714
B,BCS,WithoutTurning,20.3830395939816,0.281800208628801
B,BCS,WithoutTurning,20.4458051603271,0.280808370825924
B,BCS,WithoutTurning,20.5087640009044,0.279819075357794
B,BCS,WithoutTurning,20.5719167108635,0.278832334827984
B,BCS,WithoutTurning,20.6352638871871,0.277848161612375
B,BCS,WithoutTurning,20.6988061286961,0.27686656786062
B,BCS,WithoutTurning,20.7625440360554,0.275887565497599
B,BCS,WithoutTurning,20.8264782117798,0.274911166224891
B,BCS,WithoutTurning,20.8906092602388,0.273937381522243
B,BCS,WithoutTurning,20.9549377876636,0.272966222649046
B,BCS,WithoutTurning,21.0194644021518,0.27199770064582
B,BCS,WithoutTurning,21.0841897136736,0.271031826335691
B,BCS,WithoutTurning,21.1491143340774,0.270068610325884
B,BCS,WithoutTurning,21.2142388770958,0.269108063009215
B,BCS,WithoutTurning,21.2795639583513,0.268150194565581
B,BCS,WithoutTurning,21.3450901953619,0.267195014963465
B,BCS,WithoutTurning,21.4108182075473,0.26624253396143
B,BCS,WithoutTurning,21.4767486162344,0.265292761109629
B,BCS,WithoutTurning,21.5428820446636,0.264345705751307
B,BCS,WithoutTurning,21.6092191179943,0.263401377024311
B,BCS,WithoutTurning,21.6757604633109,0.262459783862602
B,BCS,WithoutTurning,21.742506709629,0.261520934997766
B,BCS,WithoutTurning,21.8094584879007,0.260584838960528
B,BCS,WithoutTurning,21.8766164310216,0.259651504082271
B,BCS,WithoutTurning,21.9439811738356,0.25872093849655
B,BCS,WithoutTurning,22.0115533531419,0.257793150140613
B,BCS,WithoutTurning,22.0793336077003,0.256868146756918
B,BCS,WithoutTurning,22.1473225782378,0.255945935894657
B,BCS,WithoutTurning,22.2155209074541,0.255026524911273
B,BCS,WithoutTurning,22.2839292400283,0.254109920973985
B,BCS,WithoutTurning,22.3525482226243,0.253196131061308
B,BCS,WithoutTurning,22.4213785038976,0.252285161964576
B,BCS,WithoutTurning,22.490420734501,0.251377020289462
B,BCS,WithoutTurning,22.5596755670907,0.250471712457501
B,BCS,WithoutTurning,22.6291436563328,0.249569244707615
B,BCS,WithoutTurning,22.6988256589092,0.248669623097625
B,BCS,WithoutTurning,22.7687222335242,0.24777285350578
B,BCS,WithoutTurning,22.83883404091,0.246878941632271
B,BCS,WithoutTurning,22.9091617438338,0.245987893000753
B,BCS,WithoutTurning,22.9797060071034,0.245099712959858
B,BCS,WithoutTurning,23.0504674975739,0.244214406684715
B,BCS,WithoutTurning,23.1214468841538,0.243331979178461
B,BCS,WithoutTurning,23.1926448378113,0.242452435273758
B,BCS,WithoutTurning,23.2640620315809,0.241575779634298
B,BCS,WithoutTurning,23.3356991405693,0.240702016756318
B,BCS,WithoutTurning,23.4075568419624,0.239831150970106
B,BCS,WithoutTurning,23.479635815031,0.238963186441502
B,BCS,WithoutTurning,23.5519367411378,0.238098127173407
B,BCS,WithoutTurning,23.6244603037437,0.237235977007278
B,BCS,WithoutTurning,23.6972071884139,0.236376739624629
B,BCS,WithoutTurning,23.7701780828249,0.235520418548526
B,BCS,WithoutTurning,23.8433736767707,0.234667017145078
B,BCS,WithoutTurning,23.9167946621694,0.233816538624926
B,BCS,WithoutTurning,23.9904417330697,0.232968986044732
B,BCS,WithoutTurning,24.0643155856574,0.232124362308661
B,BCS,WithoutTurning,24.1384169182622,0.23128267016986
B,BCS,WithoutTurning,24.2127464313642,0.230443912231934
B,BCS,WithoutTurning,24.2873048276004,0.229608090950422
B,BCS,WithoutTurning,24.3620928117713,0.228775208634265
B,BCS,WithoutTurning,24.437111090848,0.22794526744727
B,BCS,WithoutTurning,24.5123603739784,0.227118269409574
B,BCS,WithoutTurning,24.5878413724941,0.226294216399103
B,BCS,WithoutTurning,24.6635547999171,0.22547311015302
B,BCS,WithoutTurning,24.7395013719665,0.224654952269184
B,BCS,WithoutTurning,24.8156818065655,0.223839744207586
B,BCS,WithoutTurning,24.8920968238478,0.223027487291799
B,BCS,WithoutTurning,24.9687471461646,0.222218182710406
B,BCS,WithoutTurning,25.0456334980918,0.22141183151844
B,BCS,WithoutTurning,25.1227566064359,0.220608434638807
B,BCS,WithoutTurning,25.200117200242,0.21980799286371
B,BCS,WithoutTurning,25.2777160107999,0.219010506856069
B,BCS,WithoutTurning,25.3555537716512,0.218215977150929
B,BCS,WithoutTurning,25.4336312185965,0.217424404156875
B,BCS,WithoutTurning,25.5119490897019,0.216635788157432
B,BCS,WithoutTurning,25.5905081253065,0.215850129312461
B,BCS,WithoutTurning,25.669309068029,0.215067427659556
B,BCS,WithoutTurning,25.7483526627747,0.21428768311543
B,BCS,WithoutTurning,25.827639656743,0.213510895477296
B,BCS,WithoutTurning,25.9071707994339,0.212737064424245
B,BCS,WithoutTurning,25.9869468426555,0.211966189518619
B,BCS,WithoutTurning,26.0669685405308,0.211198270207373
B,BCS,WithoutTurning,26.1472366495051,0.21043330582344
B,BCS,WithoutTurning,26.227751928353,0.209671295587081
B,BCS,WithoutTurning,26.3085151381855,0.208912238607237
B,BCS,WithoutTurning,26.3895270424574,0.208156133882869
B,BCS,WithoutTurning,26.4707884069744,0.2074029803043
B,BCS,WithoutTurning,26.5522999999003,0.206652776654539
B,BCS,WithoutTurning,26.6340625917643,0.205905521610615
B,BCS,WithoutTurning,26.7160769554683,0.205161213744887
B,BCS,WithoutTurning,26.7983438662943,0.204419851526363
B,BCS,WithoutTurning,26.8808641019115,0.203681433322006
B,BCS,WithoutTurning,26.9636384423838,0.202945957398032
B,BCS,WithoutTurning,27.0466676701773,0.202213421921208
B,BCS,WithoutTurning,27.1299525701673,0.201483824960136
B,BCS,WithoutTurning,27.2134939296463,0.200757164486541
B,BCS,WithoutTurning,27.2972925383307,0.20003343837654
B,BCS,WithoutTurning,27.381349188369,0.199312644411912
B,BCS,WithoutTurning,27.4656646743488,0.198594780281366
B,BCS,WithoutTurning,27.5502397933046,0.19787984358179
B,BCS,WithoutTurning,27.6350753447251,0.197167831819504
B,BCS,WithoutTurning,27.720172130561,0.196458742411504
B,BCS,WithoutTurning,27.8055309552323,0.195752572686695
B,BCS,WithoutTurning,27.891152625636,0.195049319887122
B,BCS,WithoutTurning,27.9770379511541,0.194348981169193
B,BCS,WithoutTurning,28.0631877436607,0.193651553604897
B,BCS,WithoutTurning,28.1496028175299,0.19295703418301
B,BCS,WithoutTurning,28.2362839896434,0.1922654198103
B,BCS,WithoutTurning,28.3232320793987,0.191576707312722
B,BCS,WithoutTurning,28.4104479087162,0.190890893436608
B,BCS,WithoutTurning,28.4979323020471,0.190207974849848
B,BCS,WithoutTurning,28.5856860863818,0.189527948143065
B,BCS,WithoutTurning,28.6737100912567,0.188850809830786
B,BCS,WithoutTurning,28.7620051487631,0.188176556352601
B,BCS,WithoutTurning,28.8505720935542,0.187505184074319
B,BCS,WithoutTurning,28.9394117628535,0.186836689289114
B,BCS,WithoutTurning,29.0285249964626,0.186171068218667
B,BCS,WithoutTurning,29.117912636769,0.185508317014301
B,BCS,WithoutTurning,29.2075755287543,0.184848431758105
B,BCS,WithoutTurning,29.2975145200019,0.184191408464054
B,BCS,WithoutTurning,29.3877304607052,0.183537243079124
B,BCS,WithoutTurning,29.4782242036757,0.182885931484396
B,BCS,WithoutTurning,29.568996604351,0.182237469496155
B,BCS,WithoutTurning,29.6600485208026,0.181591852866981
B,BCS,WithoutTurning,29.7513808137445,0.180949077286833
B,BCS,WithoutTurning,29.842994346541,0.18030913838413
B,BCS,WithoutTurning,29.934889985215,0.179672031726816
B,BCS,WithoutTurning,29.9841125732908,0.179332738104058
B,BCS,WithoutTurning,30.0270685984562,0.179037680125662
B,BCS,WithoutTurning,30.1195310576291,0.178405575996192
B,BCS,WithoutTurning,30.2122782367815,0.177775616728083
B,BCS,WithoutTurning,30.3053110126527,0.177147795365605
B,BCS,WithoutTurning,30.3986302646816,0.176522104974423
B,BCS,WithoutTurning,30.4922368750154,0.17589853864154
B,BCS,WithoutTurning,30.5861317285174,0.175277089475233
B,BCS,WithoutTurning,30.6803157127758,0.17465775060499
B,BCS,WithoutTurning,30.7747897181122,0.174040515181451
B,BCS,WithoutTurning,30.8695546375892,0.173425376376345
B,BCS,WithoutTurning,30.96461136702,0.172812327382432
B,BCS,WithoutTurning,31.059960804976,0.172201361413438
B,BCS,WithoutTurning,31.1556038527955,0.171592471703999
B,BCS,WithoutTurning,31.2515414145925,0.170985651509595
B,BCS,WithoutTurning,31.3477743972648,0.170380894106497
B,BCS,WithoutTurning,31.4443037105031,0.169778192791699
B,BCS,WithoutTurning,31.5411302667991,0.169177540882862
B,BCS,WithoutTurning,31.6382549814545,0.168578931718258
B,BCS,WithoutTurning,31.7356787725892,0.1679823586567
B,BCS,WithoutTurning,31.8334025611506,0.167387815077494
B,BCS,WithoutTurning,31.9314272709219,0.166795294380372
B,BCS,WithoutTurning,32.0297538285307,0.166204789985434
B,BCS,WithoutTurning,32.1283831634582,0.165616295333092
B,BCS,WithoutTurning,32.2273162080477,0.16502980388401
B,BCS,WithoutTurning,32.3265538975134,0.164445309119042
B,BCS,WithoutTurning,32.4260971699493,0.163862804539177
B,BCS,WithoutTurning,32.5259469663383,0.16328228366548
B,BCS,WithoutTurning,32.6261042305605,0.162703740039034
B,BCS,WithoutTurning,32.7265699094029,0.162127167220879
B,BCS,WithoutTurning,32.8273449525675,0.161552558791959
B,BCS,WithoutTurning,32.9284303126811,0.160979908353058
B,BCS,WithoutTurning,33.0298269453038,0.160409209524751
B,BCS,WithoutTurning,33.1315358089381,0.159840455947336
B,BCS,WithoutTurning,33.2335578650381,0.159273641280785
B,BCS,WithoutTurning,33.3358940780184,0.158708759204684
B,BCS,WithoutTurning,33.4385454152635,0.158145803418176
B,BCS,WithoutTurning,33.5415128471365,0.157584767639902
B,BCS,WithoutTurning,33.644797346989,0.15702564560795
B,BCS,WithoutTurning,33.7483998911693,0.156468431079791
B,BCS,WithoutTurning,33.8523214590325,0.155913117832229
B,BCS,WithoutTurning,33.9565630329494,0.155359699661341
B,BCS,WithoutTurning,34.0611255983157,0.154808170382423
B,BCS,WithoutTurning,34.1660101435617,0.154258523829933
B,BCS,WithoutTurning,34.2712176601609,0.153710753857435
B,BCS,WithoutTurning,34.3767491426404,0.153164854337544
B,BCS,WithoutTurning,34.4826055885894,0.152620819161869
B,BCS,WithoutTurning,34.588787998669,0.152078642240962
B,BCS,WithoutTurning,34.6952973766218,0.151538317504256
B,BCS,WithoutTurning,34.8021347292811,0.150999838900016
B,BCS,WithoutTurning,34.9093010665805,0.150463200395282
B,BCS,WithoutTurning,35.0167974015637,0.149928395975812
B,BCS,WithoutTurning,35.1246247503937,0.149395419646032
B,BCS,WithoutTurning,35.2327841323626,0.148864265428977
B,BCS,WithoutTurning,35.3412765699012,0.14833492736624
B,BCS,WithoutTurning,35.4501030885888,0.147807399517915
B,BCS,WithoutTurning,35.5592647171625,0.147281675962546
B,BCS,WithoutTurning,35.6687624875276,0.146757750797072
B,BCS,WithoutTurning,35.7785974347665,0.14623561813677
B,BCS,WithoutTurning,35.8887705971493,0.145715272115208
B,BCS,WithoutTurning,35.9992830161429,0.145196706884186
B,BCS,WithoutTurning,36.1101357364216,0.144679916613685
B,BCS,WithoutTurning,36.2213298058763,0.144164895491813
B,BCS,WithoutTurning,36.3328662756247,0.143651637724754
B,BCS,WithoutTurning,36.4447462000212,0.143140137536712
B,BCS,WithoutTurning,36.556970636667,0.142630389169861
B,BCS,WithoutTurning,36.6695406464198,0.142122386884291
B,BCS,WithoutTurning,36.7824572934042,0.141616124957956
B,BCS,WithoutTurning,36.8957216450215,0.141111597686621
B,BCS,WithoutTurning,37.0093347719596,0.140608799383812
B,BCS,WithoutTurning,37.1232977482038,0.140107724380762
B,BCS,WithoutTurning,37.2376116510462,0.139608367026359
B,BCS,WithoutTurning,37.3522775610964,0.139110721687095
B,BCS,WithoutTurning,37.4672965622914,0.138614782747015
B,BCS,WithoutTurning,37.582669741906,0.138120544607665
B,BCS,WithoutTurning,37.6983981905631,0.137628001688041
B,BCS,WithoutTurning,37.8144830022439,0.137137148424535
B,BCS,WithoutTurning,37.9309252742984,0.136647979270891
B,BCS,WithoutTurning,38.0477261074555,0.136160488698145
B,BCS,WithoutTurning,38.1648866058337,0.135674671194581
B,BCS,WithoutTurning,38.2824078769514,0.135190521265678
B,BCS,WithoutTurning,38.4002910317375,0.134708033434061
B,BCS,WithoutTurning,38.5185371845415,0.134227202239448
B,BCS,WithoutTurning,38.6371474531445,0.1337480222386
B,BCS,WithoutTurning,38.7561229587697,0.133270488005276
B,BCS,WithoutTurning,38.8754648260927,0.132794594130176
B,BCS,WithoutTurning,38.9951741832524,0.132320335220895
B,BCS,WithoutTurning,39.1152521618615,0.131847705901874
B,BCS,WithoutTurning,39.2356998970173,0.131376700814349
B,BCS,WithoutTurning,39.3565185273126,0.130907314616302
B,BCS,WithoutTurning,39.477709194846,0.13043954198241
B,BCS,WithoutTurning,39.5992730452332,0.129973377604001
B,BCS,WithoutTurning,39.7212112276174,0.129508816188999
B,BCS,WithoutTurning,39.8435248946805,0.129045852461878
B,BCS,WithoutTurning,39.9662152026537,0.128584481163614
B,BCS,WithoutTurning,40.0892833113289,0.128124697051635
B,BCS,WithoutTurning,40.2127303840689,0.127666494899773
B,BCS,WithoutTurning,40.3365575878193,0.127209869498217
B,BCS,WithoutTurning,40.4607660931188,0.126754815653462
B,BCS,WithoutTurning,40.5853570741106,0.126301328188263
B,BCS,WithoutTurning,40.7103317085534,0.125849401941587
B,BCS,WithoutTurning,40.8356911778328,0.125399031768564
B,BCS,WithoutTurning,40.9614366669719,0.124950212540441
B,BCS,WithoutTurning,41.0875693646432,0.124502939144534
B,BCS,WithoutTurning,41.2140904631792,0.124057206484179
B,BCS,WithoutTurning,41.341001158584,0.123613009478688
B,BCS,WithoutTurning,41.4683026505448,0.123170343063297
B,BCS,WithoutTurning,41.5959961424428,0.122729202189124
B,BCS,WithoutTurning,41.7240828413646,0.12228958182312
B,BCS,WithoutTurning,41.8525639581142,0.121851476948022
B,BCS,WithoutTurning,41.9814407072238,0.121414882562305
B,BCS,WithoutTurning,42.1107143069654,0.12097979368014
B,BCS,WithoutTurning,42.2403859793627,0.120546205331343
B,BCS,WithoutTurning,42.3704569502021,0.12011411256133
B,BCS,WithoutTurning,42.5009284490449,0.119683510431072
B,BCS,WithoutTurning,42.6318017092383,0.11925439401705
B,BCS,WithoutTurning,42.7630779679274,0.118826758411206
B,BCS,WithoutTurning,42.894758466067,0.118400598720898
B,BCS,WithoutTurning,43.0268444484331,0.117975910068858
B,BCS,WithoutTurning,43.1593371636346,0.117552687593141
B,BCS,WithoutTurning,43.2922378641255,0.117130926447084
B,BCS,WithoutTurning,43.4255478062162,0.116710621799259
B,BCS,WithoutTurning,43.5592682500859,0.116291768833427
B,BCS,WithoutTurning,43.6934004597943,0.115874362748496
B,BCS,WithoutTurning,43.8279457032933,0.115458398758472
B,BCS,WithoutTurning,43.9629052524392,0.115043872092419
B,BCS,WithoutTurning,44.0982803830051,0.114630777994409
B,BCS,WithoutTurning,44.2340723746921,0.114219111723483
B,BCS,WithoutTurning,44.3702825111424,0.113808868553602
B,BCS,WithoutTurning,44.5069120799504,0.113400043773607
B,BCS,WithoutTurning,44.6439623726758,0.112992632687171
B,BCS,WithoutTurning,44.7814346848552,0.112586630612756
B,BCS,WithoutTurning,44.9193303160147,0.112182032883572
B,BCS,WithoutTurning,45.0576505696818,0.111778834847529
B,BCS,WithoutTurning,45.1963967533982,0.111377031867197
B,BCS,WithoutTurning,45.3355701787318,0.110976619319759
B,BCS,WithoutTurning,45.4751721612892,0.110577592596972
B,BCS,WithoutTurning,45.6152040207281,0.110179947105119
B,BCS,WithoutTurning,45.7556670807701,0.109783678264968
B,BCS,WithoutTurning,45.8965626692127,0.109388781511731
B,BCS,WithoutTurning,46.037892117942,0.108995252295016
B,BCS,WithoutTurning,46.1796567629457,0.108603086078791
B,BCS,WithoutTurning,46.3218579443252,0.108212278341335
B,BCS,WithoutTurning,46.4644970063084,0.107822824575198
B,BCS,WithoutTurning,46.6075752972627,0.107434720287159
B,BCS,WithoutTurning,46.7510941697075,0.107047960998184
B,BCS,WithoutTurning,46.8950549803267,0.106662542243383
B,BCS,WithoutTurning,47.0394590899824,0.106278459571966
B,BCS,WithoutTurning,47.1843078637267,0.105895708547204
B,BCS,WithoutTurning,47.3296026708154,0.105514284746388
B,BCS,WithoutTurning,47.4753448847205,0.105134183760783
B,BCS,WithoutTurning,47.6215358831435,0.104755401195589
B,BCS,WithoutTurning,47.768177048028,0.104377932669899
B,BCS,WithoutTurning,47.9152697655734,0.104001773816658
B,BCS,WithoutTurning,48.0628154262472,0.103626920282623
B,BCS,WithoutTurning,48.2108154247989,0.103253367728319
B,BCS,WithoutTurning,48.3592711602727,0.102881111827998
B,BCS,WithoutTurning,48.5081840360211,0.102510148269601
B,BCS,WithoutTurning,48.6575554597175,0.102140472754715
B,BCS,WithoutTurning,48.8073868433704,0.101772080998533
B,BCS,WithoutTurning,48.9576796033361,0.101404968729812
B,BCS,WithoutTurning,49.1084351603323,0.101039131690836
B,BCS,WithoutTurning,49.2596549394515,0.100674565637371
B,BCS,WithoutTurning,49.4113403701747,0.100311266338627
B,BCS,WithoutTurning,49.5634928863844,0.0999492295772201
B,BCS,WithoutTurning,49.7161139263786,0.0995884511491273
B,BCS,WithoutTurning,49.8692049328842,0.0992289268636515
B,BCS,WithoutTurning,50.022767353071,0.0988706525433786
B,BCS,WithoutTurning,50.1768026385646,0.0985136240241393
B,BCS,WithoutTurning,50.3313122454608,0.0981578371549691
B,BCS,WithoutTurning,50.4862976343394,0.0978032877980682
B,BCS,WithoutTurning,50.6417602702773,0.0974499718287631
B,BCS,WithoutTurning,50.7977016228633,0.0970978851354666
B,BCS,WithoutTurning,50.9541231662111,0.0967470236196393
B,BCS,WithoutTurning,51.1110263789739,0.0963973831957496
B,BCS,WithoutTurning,51.268412744358,0.0960489597912357
B,BCS,WithoutTurning,51.426283750137,0.0957017493464662
B,BCS,WithoutTurning,51.5846408886659,0.0953557478147015
B,BCS,WithoutTurning,51.7434856568949,0.0950109511620556
B,BCS,WithoutTurning,51.9028195563838,0.0946673553674566
B,BCS,WithoutTurning,52.0626440933164,0.0943249564226096
B,BCS,WithoutTurning,52.2229607785142,0.093983750331957
B,BCS,WithoutTurning,52.3837711274511,0.0936437331126416
B,BCS,WithoutTurning,52.5450766602677,0.0933049007944674
B,BCS,WithoutTurning,52.7068789017855,0.0929672494198627
B,BCS,WithoutTurning,52.8691793815211,0.0926307750438414
B,BCS,WithoutTurning,53.0319796337016,0.0922954737339653
B,BCS,WithoutTurning,53.1952811972779,0.0919613415703071
B,BCS,WithoutTurning,53.3590856159399,0.0916283746454121
B,BCS,WithoutTurning,53.5233944381311,0.091296569064261
B,BCS,WithoutTurning,53.6882092170631,0.090965920944233
B,BCS,WithoutTurning,53.8535315107303,0.0906364264150676
B,BCS,WithoutTurning,54.0193628819246,0.0903080816188285
B,BCS,WithoutTurning,54.1857048982503,0.0899808827098657
B,BCS,WithoutTurning,54.3525591321386,0.0896548258547793
B,BCS,WithoutTurning,54.5199271608631,0.0893299072323822
B,BCS,WithoutTurning,54.6878105665539,0.0890061230336632
B,BCS,WithoutTurning,54.8562109362132,0.0886834694617512
B,BCS,WithoutTurning,55.02512986173,0.0883619427318779
B,BCS,WithoutTurning,55.1945689398951,0.0880415390713418
B,BCS,WithoutTurning,55.3645297724165,0.0877222547194714
B,BCS,WithoutTurning,55.5350139659342,0.0874040859275896
B,BCS,WithoutTurning,55.7060231320356,0.0870870289589774
B,BCS,WithoutTurning,55.8775588872707,0.0867710800888375
B,BCS,WithoutTurning,56.0496228531671,0.0864562356042592
B,BCS,WithoutTurning,56.222216656246,0.0861424918041814
B,BCS,WithoutTurning,56.3953419280368,0.0858298449993582
B,BCS,WithoutTurning,56.5690003050929,0.0855182915123223
B,BCS,WithoutTurning,56.7431934290075,0.0852078276773502
B,BCS,WithoutTurning,56.9179229464283,0.0848984498404262
B,BCS,WithoutTurning,57.0931905090738,0.0845901543592074
B,BCS,WithoutTurning,57.2689977737485,0.0842829376029886
B,BCS,WithoutTurning,57.445346402359,0.0839767959526668
B,BCS,WithoutTurning,57.6222380619289,0.0836717258007068
B,BCS,WithoutTurning,57.7996744246155,0.0833677235511055
B,BCS,WithoutTurning,57.9776571677251,0.0830647856193579
B,BCS,WithoutTurning,58.1561879737288,0.0827629084324217
B,BCS,WithoutTurning,58.3352685302787,0.0824620884286831
B,BCS,WithoutTurning,58.5149005302235,0.0821623220579222
B,BCS,WithoutTurning,58.5149005302235,0.0821623220579222
B,PCZ,WithTurning,1.55887746830816,2.52670961456669
B,PCZ,WithTurning,1.56397364397738,2.48386037163721
B,PCZ,WithTurning,1.56908647971578,2.44179569088473
B,PCZ,WithTurning,1.5742160299873,2.4004975600051
B,PCZ,WithTurning,1.57936234943397,2.35994846491658
B,PCZ,WithTurning,1.5830162658939,2.33168210644117
B,PCZ,WithTurning,1.58452549287642,2.32012880034629
B,PCZ,WithTurning,1.5897055153145,2.28099952137812
B,PCZ,WithTurning,1.59490247192789,2.24259382936167
B,PCZ,WithTurning,1.60011641807661,2.20496209457633
B,PCZ,WithTurning,1.60158576291594,2.19452509695834
B,PCZ,WithTurning,1.60534740930172,2.1679424900075
B,PCZ,WithTurning,1.61059550132579,2.13124165689912
B,PCZ,WithTurning,1.6158607500536,2.09530885546208
B,PCZ,WithTurning,1.62114321157266,2.06059881691421
B,PCZ,WithTurning,1.62644294215387,2.02753575387941
B,PCZ,WithTurning,1.62726514804234,2.02258905900459
B,PCZ,WithTurning,1.63175999825205,1.99567329202028
B,PCZ,WithTurning,1.63709443650661,1.96381939804685
B,PCZ,WithTurning,1.64244631374209,1.93216955559654
B,PCZ,WithTurning,1.64781568696883,1.90093326844935
B,PCZ,WithTurning,1.65320261338352,1.87030663077316
B,PCZ,WithTurning,1.65860715036985,1.84047286866543
B,PCZ,WithTurning,1.66402935549909,1.81160307035237
B,PCZ,WithTurning,1.66946928653072,1.78385708269396
B,PCZ,WithTurning,1.67492700141307,1.75738455398812
B,PCZ,WithTurning,1.68040255828386,1.73232610580573
B,PCZ,WithTurning,1.68589601547093,1.70881461965001
B,PCZ,WithTurning,1.69140743149275,1.68697662756337
B,PCZ,WithTurning,1.69693686505911,1.66693379936682
B,PCZ,WithTurning,1.70248437507176,1.64880452298972
B,PCZ,WithTurning,1.70731956018828,1.63469573786771
B,PCZ,WithTurning,1.70805002062496,1.63269144136877
B,PCZ,WithTurning,1.71363386100619,1.61767280181099
B,PCZ,WithTurning,1.71923595569673,1.60312959926161
B,PCZ,WithTurning,1.72485636437233,1.58904824566484
B,PCZ,WithTurning,1.73049514690382,1.57541564787207
B,PCZ,WithTurning,1.73615236335774,1.56221918696528
B,PCZ,WithTurning,1.74182807399702,1.54944669850678
B,PCZ,WithTurning,1.74752233928158,1.53708645366915
B,PCZ,WithTurning,1.75323521986901,1.52512714120136
B,PCZ,WithTurning,1.75896677661517,1.5135578501899
B,PCZ,WithTurning,1.76471707057489,1.50236805357538
B,PCZ,WithTurning,1.77048616300259,1.49154759238767
B,PCZ,WithTurning,1.77627411535294,1.48108666066403
B,PCZ,WithTurning,1.7820809892815,1.47097579101719
B,PCZ,WithTurning,1.7879068466454,1.4612058408214
B,PCZ,WithTurning,1.79375174950399,1.45176797898661
B,PCZ,WithTurning,1.79961576011951,1.4426536732923
B,PCZ,WithTurning,1.80549894095772,1.43385467825394
B,PCZ,WithTurning,1.81140135468862,1.42536302349648
B,PCZ,WithTurning,1.81732306418704,1.41717100261057
B,PCZ,WithTurning,1.82326413253341,1.40927116246852
B,PCZ,WithTurning,1.82922462301434,1.40165629297799
B,PCZ,WithTurning,1.83520459912334,1.3943194172528
B,PCZ,WithTurning,1.84120412456151,1.387253782181
B,PCZ,WithTurning,1.84722326323817,1.3804528493716
B,PCZ,WithTurning,1.85326207927158,1.37391028646202
B,PCZ,WithTurning,1.85932063698961,1.36761995876957
B,PCZ,WithTurning,1.86539900093042,1.36157592127071
B,PCZ,WithTurning,1.87149723584317,1.35577241089298
B,PCZ,WithTurning,1.87761540668868,1.35020383910507
B,PCZ,WithTurning,1.88204083199372,1.34633003662667
B,PCZ,WithTurning,1.88375357864014,1.3448658496452
B,PCZ,WithTurning,1.88991181708379,1.33976909791906
B,PCZ,WithTurning,1.89609018761965,1.33490462074705
B,PCZ,WithTurning,1.90228875606216,1.3302555984157
B,PCZ,WithTurning,1.90850758844095,1.32580552166509
B,PCZ,WithTurning,1.9147467510015,1.32153816769543
B,PCZ,WithTurning,1.92100631020583,1.31743757822557
B,PCZ,WithTurning,1.92728633273327,1.31348803953406
B,PCZ,WithTurning,1.93358688548112,1.30967406442067
B,PCZ,WithTurning,1.93990803556536,1.30598037603193
B,PCZ,WithTurning,1.94624985032141,1.30239189349993
B,PCZ,WithTurning,1.95261239730478,1.29889371934838
B,PCZ,WithTurning,1.95899574429188,1.29547112862416
B,PCZ,WithTurning,1.96539995928063,1.29210955971615
B,PCZ,WithTurning,1.9718251104913,1.28879460682654
B,PCZ,WithTurning,1.97827126636714,1.28551201406207
B,PCZ,WithTurning,1.98473849557517,1.2822476711148
B,PCZ,WithTurning,1.99122686700689,1.27898761050393
B,PCZ,WithTurning,1.99773644977901,1.2757180063506
B,PCZ,WithTurning,2.0042673132342,1.27242517465893
B,PCZ,WithTurning,2.0107069844226,1.26915305818066
B,PCZ,WithTurning,2.0108195269418,1.26909557150071
B,PCZ,WithTurning,2.01739316069862,1.26570693177388
B,PCZ,WithTurning,2.02398828452959,1.26225217779277
B,PCZ,WithTurning,2.03060496868862,1.25873937425931
B,PCZ,WithTurning,2.03724328365924,1.25517651105272
B,PCZ,WithTurning,2.04390330015543,1.25157149989799
B,PCZ,WithTurning,2.05058508912234,1.24793217153382
B,PCZ,WithTurning,2.05728872173703,1.244266273372
B,PCZ,WithTurning,2.06401426940927,1.24058146764021
B,PCZ,WithTurning,2.07076180378226,1.23688532999971
B,PCZ,WithTurning,2.07753139673343,1.23318534862908
B,PCZ,WithTurning,2.08432312037517,1.22948892376504
B,PCZ,WithTurning,2.09113704705562,1.22580336769128
B,PCZ,WithTurning,2.09797324935944,1.22213590516604
B,PCZ,WithTurning,2.10483180010857,1.21849367427944
B,PCZ,WithTurning,2.11171277236302,1.21488372773148
B,PCZ,WithTurning,2.11861623942165,1.21131303452193
B,PCZ,WithTurning,2.12554227482294,1.20778848204346
B,PCZ,WithTurning,2.13249095234575,1.20431687856978
B,PCZ,WithTurning,2.13946234601018,1.20090495613085
B,PCZ,WithTurning,2.14645653007828,1.19755937376777
B,PCZ,WithTurning,2.15347357905488,1.19428672116028
B,PCZ,WithTurning,2.16051356768837,1.19109352262049
B,PCZ,WithTurning,2.16757657097152,1.18798624144706
B,PCZ,WithTurning,2.17466266414224,1.18497128463478
B,PCZ,WithTurning,2.18177192268441,1.1820550079349
B,PCZ,WithTurning,2.18890442232869,1.17924372126287
B,PCZ,WithTurning,2.19606023905329,1.17654369445051
B,PCZ,WithTurning,2.20323944908483,1.17396116334079
B,PCZ,WithTurning,2.2104421288991,1.17150233622421
B,PCZ,WithTurning,2.21766835522191,1.16917340061686
B,PCZ,WithTurning,2.2249182050299,1.16698053038118
B,PCZ,WithTurning,2.23219175555134,1.16492989319169
B,PCZ,WithTurning,2.23948908426701,1.16302765834895
B,PCZ,WithTurning,2.24681026891093,1.16128000494635
B,PCZ,WithTurning,2.25415538747128,1.15969313039561
B,PCZ,WithTurning,2.26152451819119,1.15827325931816
B,PCZ,WithTurning,2.26891773956956,1.15702665281095
B,PCZ,WithTurning,2.27633513036194,1.15595961809683
B,PCZ,WithTurning,2.2837767695813,1.1550785185711
B,PCZ,WithTurning,2.29124273649897,1.15438978425748
B,PCZ,WithTurning,2.29179524241324,1.15434671306093
B,PCZ,WithTurning,2.29873311064537,1.15382200362094
B,PCZ,WithTurning,2.30624797181097,1.1532740808599
B,PCZ,WithTurning,2.31378740004704,1.1527450093655
B,PCZ,WithTurning,2.32135147566658,1.1522342736893
B,PCZ,WithTurning,2.32894027924513,1.15174136014185
B,PCZ,WithTurning,2.33655389162163,1.15126575671402
B,PCZ,WithTurning,2.34419239389932,1.15080695300063
B,PCZ,WithTurning,2.35185586744656,1.15036444012641
B,PCZ,WithTurning,2.35954439389772,1.14993771067431
B,PCZ,WithTurning,2.36725805515404,1.14952625861601
B,PCZ,WithTurning,2.37499693338451,1.14912957924478
B,PCZ,WithTurning,2.38276111102672,1.1487471691106
B,PCZ,WithTurning,2.39055067078781,1.14837852595749
B,PCZ,WithTurning,2.39836569564524,1.14802314866304
B,PCZ,WithTurning,2.40620626884777,1.14768053718027
B,PCZ,WithTurning,2.41407247391631,1.14735019248158
B,PCZ,WithTurning,2.4219643946448,1.14703161650497
B,PCZ,WithTurning,2.42988211510111,1.14672431210241
B,PCZ,WithTurning,2.43782571962797,1.14642778299042
B,PCZ,WithTurning,2.44579529284379,1.14614153370275
B,PCZ,WithTurning,2.45379091964364,1.14586506954531
B,PCZ,WithTurning,2.46181268520013,1.14559789655316
B,PCZ,WithTurning,2.46986067496427,1.14533952144972
B,PCZ,WithTurning,2.47793497466647,1.14508945160807
B,PCZ,WithTurning,2.48603567031738,1.14484719501435
B,PCZ,WithTurning,2.49416284820882,1.1446122602334
B,PCZ,WithTurning,2.50231659491472,1.14438415637635
B,PCZ,WithTurning,2.51049699729204,1.14416239307047
B,PCZ,WithTurning,2.51870414248168,1.14394648043103
B,PCZ,WithTurning,2.52693811790941,1.14373592903533
B,PCZ,WithTurning,2.53519901128681,1.14353024989878
B,PCZ,WithTurning,2.5434869106122,1.14332895445306
B,PCZ,WithTurning,2.55180190417158,1.14313155452646
B,PCZ,WithTurning,2.56014408053958,1.14293756232619
B,PCZ,WithTurning,2.56851352858036,1.14274649042285
B,PCZ,WithTurning,2.57691033744863,1.14255785173699
B,PCZ,WithTurning,2.58533459659051,1.14237115952765
B,PCZ,WithTurning,2.59378639574458,1.1421859273831
B,PCZ,WithTurning,2.60226582494277,1.14200166921359
B,PCZ,WithTurning,2.61077297451131,1.14181789924612
B,PCZ,WithTurning,2.61930793507175,1.1416341320214
B,PCZ,WithTurning,2.62787079754189,1.14144988239277
B,PCZ,WithTurning,2.63646165313674,1.14126466552721
B,PCZ,WithTurning,2.6450805933695,1.14107799690847
B,PCZ,WithTurning,2.65372771005257,1.14088939234212
B,PCZ,WithTurning,2.66240309529847,1.14069836796285
B,PCZ,WithTurning,2.67110684152084,1.14050444024362
B,PCZ,WithTurning,2.67983904143545,1.14030712600702
B,PCZ,WithTurning,2.68859978806118,1.14010594243857
B,PCZ,WithTurning,2.69738917472097,1.13990040710216
B,PCZ,WithTurning,2.70620729504287,1.13969003795742
B,PCZ,WithTurning,2.71505424296101,1.13947435337925
B,PCZ,WithTurning,2.72393011271658,1.13925287217928
B,PCZ,WithTurning,2.73283499885889,1.13902511362944
B,PCZ,WithTurning,2.74176899624632,1.13879059748748
B,PCZ,WithTurning,2.75073220004737,1.13854884402462
B,PCZ,WithTurning,2.75972470574164,1.13829937405511
B,PCZ,WithTurning,2.76874660912088,1.13804170896785
B,PCZ,WithTurning,2.77779800629,1.13777537076006
B,PCZ,WithTurning,2.78687899366808,1.13749988207287
B,PCZ,WithTurning,2.7959896679894,1.13721476622899
B,PCZ,WithTurning,2.80513012630449,1.13691954727228
B,PCZ,WithTurning,2.81430046598116,1.13661375000939
B,PCZ,WithTurning,2.82350078470549,1.13629690005335
B,PCZ,WithTurning,2.83273118048295,1.13596852386909
B,PCZ,WithTurning,2.84199175163939,1.13562814882097
B,PCZ,WithTurning,2.85128259682208,1.13527530322221
B,PCZ,WithTurning,2.86060381500081,1.13490951638634
B,PCZ,WithTurning,2.8699555054689,1.1345303186805
B,PCZ,WithTurning,2.87933776784428,1.13413724158068
B,PCZ,WithTurning,2.88875070207053,1.13372981772892
B,PCZ,WithTurning,2.89586571884241,1.13341297097394
B,PCZ,WithTurning,2.89819440841797,1.13330764503578
B,PCZ,WithTurning,2.90766898748472,1.13287185358918
B,PCZ,WithTurning,2.91717454019776,1.13242309365308
B,PCZ,WithTurning,2.92671116781402,1.13196146982365
B,PCZ,WithTurning,2.93627897192145,1.13148708699218
B,PCZ,WithTurning,2.94587805444011,1.13100005033403
B,PCZ,WithTurning,2.95550851762323,1.13050046529779
B,PCZ,WithTurning,2.96517046405834,1.12998843759443
B,PCZ,WithTurning,2.97486399666834,1.12946407318649
B,PCZ,WithTurning,2.98458921871259,1.12892747827743
B,PCZ,WithTurning,2.99434623378802,1.12837875930098
B,PCZ,WithTurning,3.00413514583024,1.12781802291063
B,PCZ,WithTurning,3.01395605911463,1.12724537596915
B,PCZ,WithTurning,3.02380907825746,1.1266609255382
B,PCZ,WithTurning,3.03369430821701,1.12606477886801
B,PCZ,WithTurning,3.04361185429469,1.12545704338719
B,PCZ,WithTurning,3.05356182213614,1.12483782669254
B,PCZ,WithTurning,3.06354431773236,1.124207236539
B,PCZ,WithTurning,3.07355944742088,1.12356538082964
B,PCZ,WithTurning,3.08360731788684,1.12291236760582
B,PCZ,WithTurning,3.09368803616415,1.1222483050373
B,PCZ,WithTurning,3.10380170963662,1.12157330141252
B,PCZ,WithTurning,3.11394844603914,1.12088746512899
B,PCZ,WithTurning,3.12412835345877,1.12019090468368
B,PCZ,WithTurning,3.13434154033593,1.11948372866355
B,PCZ,WithTurning,3.14458811546556,1.11876604573616
B,PCZ,WithTurning,3.15486818799824,1.11803796464037
B,PCZ,WithTurning,3.16518186744139,1.11729959417713
B,PCZ,WithTurning,3.17552926366044,1.11655104320033
B,PCZ,WithTurning,3.18591048687995,1.11579242060775
B,PCZ,WithTurning,3.19632564768485,1.11502383533216
B,PCZ,WithTurning,3.20677485702157,1.1142453963324
B,PCZ,WithTurning,3.21725822619924,1.11345721258465
B,PCZ,WithTurning,3.22777586689089,1.11265939307375
B,PCZ,WithTurning,3.2383278911346,1.11185204678456
B,PCZ,WithTurning,3.24891441133473,1.11103528269356
B,PCZ,WithTurning,3.2595355402631,1.11020920976034
B,PCZ,WithTurning,3.2701913910602,1.10937393691936
B,PCZ,WithTurning,3.2808820772364,1.10852957307172
B,PCZ,WithTurning,3.29160771267313,1.10767622707701
B,PCZ,WithTurning,3.30236841162413,1.1068140077453
B,PCZ,WithTurning,3.31316428871664,1.1059430238292
B,PCZ,WithTurning,3.32399545895263,1.105063384016
B,PCZ,WithTurning,3.33486203771004,1.10417519691996
B,PCZ,WithTurning,3.34576414074399,1.10327857107462
B,PCZ,WithTurning,3.35670188418801,1.10237361492523
B,PCZ,WithTurning,3.3676753845553,1.10146043682133
B,PCZ,WithTurning,3.37868475873995,1.10053914500935
B,PCZ,WithTurning,3.38973012401818,1.09960984762534
B,PCZ,WithTurning,3.40081159804962,1.09867265268782
B,PCZ,WithTurning,3.41192929887854,1.09772766809063
B,PCZ,WithTurning,3.42308334493511,1.09677500159603
B,PCZ,WithTurning,3.43427385503667,1.09581476082773
B,PCZ,WithTurning,3.44550094838897,1.09484705326417
B,PCZ,WithTurning,3.45676474458747,1.09387198623174
B,PCZ,WithTurning,3.46806536361863,1.09288966689826
B,PCZ,WithTurning,3.47940292586111,1.09190020226641
B,PCZ,WithTurning,3.49077755208715,1.09090369916736
B,PCZ,WithTurning,3.50218936346379,1.08990026425442
B,PCZ,WithTurning,3.51363848155417,1.08889000399686
B,PCZ,WithTurning,3.52512502831887,1.08787302467377
B,PCZ,WithTurning,3.53664912611713,1.08684943236802
B,PCZ,WithTurning,3.54821089770823,1.08581933296036
B,PCZ,WithTurning,3.55981046625277,1.08478283212357
B,PCZ,WithTurning,3.57144795531396,1.08374003531671
B,PCZ,WithTurning,3.58312348885896,1.08269104777951
B,PCZ,WithTurning,3.59483719126019,1.0816359745268
B,PCZ,WithTurning,3.60658918729667,1.08057492034304
B,PCZ,WithTurning,3.61837960215535,1.07950798977703
B,PCZ,WithTurning,3.63020856143239,1.07843528713657
B,PCZ,WithTurning,3.64207619113459,1.07735691648335
B,PCZ,WithTurning,3.65398261768065,1.07627298162786
B,PCZ,WithTurning,3.66592796790257,1.0751835861244
B,PCZ,WithTurning,3.67791236904695,1.07408883326623
B,PCZ,WithTurning,3.68993594877642,1.07298882608076
B,PCZ,WithTurning,3.70199883517093,1.07188366732485
B,PCZ,WithTurning,3.71410115672912,1.07077345948025
B,PCZ,WithTurning,3.72624304236976,1.06965830474902
B,PCZ,WithTurning,3.73842462143303,1.06853830504921
B,PCZ,WithTurning,3.75064602368195,1.06741356201046
B,PCZ,WithTurning,3.76290737930376,1.06628417696981
B,PCZ,WithTurning,3.77520881891131,1.06515025096758
B,PCZ,WithTurning,3.7875504735444,1.06401188474327
B,PCZ,WithTurning,3.79993247467127,1.06286917873166
B,PCZ,WithTurning,3.8123549541899,1.06172223305895
B,PCZ,WithTurning,3.82481804442949,1.06057114753896
B,PCZ,WithTurning,3.83732187815183,1.05941602166945
B,PCZ,WithTurning,3.84986658855274,1.05825695462856
B,PCZ,WithTurning,3.86245230926344,1.05709404527132
B,PCZ,WithTurning,3.87507917435206,1.0559273921262
B,PCZ,WithTurning,3.88774731832497,1.0547570933918
B,PCZ,WithTurning,3.90045687612828,1.05358324693366
B,PCZ,WithTurning,3.91320798314925,1.05240595028107
B,PCZ,WithTurning,3.92600077521775,1.05122530062405
B,PCZ,WithTurning,3.93883538860769,1.05004139481034
B,PCZ,WithTurning,3.95171196003847,1.04885432934257
B,PCZ,WithTurning,3.96463062667645,1.04766420037547
B,PCZ,WithTurning,3.9775915261364,1.04647110371308
B,PCZ,WithTurning,3.99059479648299,1.04527513480626
B,PCZ,WithTurning,4.00364057623221,1.04407638875003
B,PCZ,WithTurning,4.0167290043529,1.0428749602812
B,PCZ,WithTurning,4.0298602202682,1.04167094377598
B,PCZ,WithTurning,4.04303436385704,1.04046443324771
B,PCZ,WithTurning,4.05625157545565,1.03925552234463
B,PCZ,WithTurning,4.069511995859,1.03804430434779
B,PCZ,WithTurning,4.08281576632239,1.03683087216904
B,PCZ,WithTurning,4.09616302856285,1.03561531834903
B,PCZ,WithTurning,4.10955392476074,1.03439773505538
B,PCZ,WithTurning,4.1229885975612,1.03317821408088
B,PCZ,WithTurning,4.13646719007571,1.03195684684178
B,PCZ,WithTurning,4.1499898458836,1.03073372437618
B,PCZ,WithTurning,4.16355670903358,1.02950893734246
B,PCZ,WithTurning,4.17716792404526,1.02828257601783
B,PCZ,WithTurning,4.19082363591073,1.02705473029694
B,PCZ,WithTurning,4.20452399009605,1.02582548969056
B,PCZ,WithTurning,4.21826913254285,1.02459494332438
B,PCZ,WithTurning,4.23205920966984,1.02336317993778
B,PCZ,WithTurning,4.24589436837442,1.02213028788284
B,PCZ,WithTurning,4.25977475603419,1.02089635512328
B,PCZ,WithTurning,4.27370052050857,1.01966146923354
B,PCZ,WithTurning,4.28767181014034,1.01842571739795
B,PCZ,WithTurning,4.30168877375722,1.01718918640994
B,PCZ,WithTurning,4.3157515606735,1.0159519626713
B,PCZ,WithTurning,4.32986032069156,1.01471413219162
B,PCZ,WithTurning,4.34401520410353,1.01347578058766
B,PCZ,WithTurning,4.35821636169285,1.01223699308292
B,PCZ,WithTurning,4.37246394473591,1.01099785450719
B,PCZ,WithTurning,4.38675810500362,1.00975844929622
B,PCZ,WithTurning,4.40109899476307,1.00851886149144
B,PCZ,WithTurning,4.41548676677911,1.00727917473977
B,PCZ,WithTurning,4.42992157431601,1.00603947229347
B,PCZ,WithTurning,4.44440357113909,1.0047998370101
B,PCZ,WithTurning,4.45893291151632,1.00356035135248
B,PCZ,WithTurning,4.47350975022003,1.00232109738882
B,PCZ,WithTurning,4.48813424252849,1.00108215679283
B,PCZ,WithTurning,4.50280654422762,0.999843610843889
B,PCZ,WithTurning,4.5175268116126,0.998605540427394
B,PCZ,WithTurning,4.53229520148957,0.99736802603504
B,PCZ,WithTurning,4.54711187117731,0.99613114776524
B,PCZ,WithTurning,4.56197697850886,0.994894985323597
B,PCZ,WithTurning,4.57689068183326,0.993659618023427
B,PCZ,WithTurning,4.5918531400172,0.992425124786362
B,PCZ,WithTurning,4.60686451244675,0.991191584143
B,PCZ,WithTurning,4.62192495902901,0.989959074233634
B,PCZ,WithTurning,4.63703464019385,0.988727672809024
B,PCZ,WithTurning,4.65219371689559,0.987497457231248
B,PCZ,WithTurning,4.66740235061476,0.986268504474605
B,PCZ,WithTurning,4.68266070335976,0.985040891126575
B,PCZ,WithTurning,4.69796893766864,0.983814693388847
B,PCZ,WithTurning,4.7133272166108,0.982589987078401
B,PCZ,WithTurning,4.72873570378873,0.98136684762865
B,PCZ,WithTurning,4.74419456333976,0.980145350090639
B,PCZ,WithTurning,4.75970395993781,0.978925569134305
B,PCZ,WithTurning,4.77526405879514,0.977707579049788
B,PCZ,WithTurning,4.79087502566412,0.976491453748803
B,PCZ,WithTurning,4.80653702683896,0.97527726676607
B,PCZ,WithTurning,4.82225022915754,0.974065091260793
B,PCZ,WithTurning,4.83801480000314,0.9728550000182
B,PCZ,WithTurning,4.85383090730622,0.971647065451134
B,PCZ,WithTurning,4.86969871954626,0.970441359601698
B,PCZ,WithTurning,4.8856184057535,0.969237954142958
B,PCZ,WithTurning,4.90159013551077,0.968036920380691
B,PCZ,WithTurning,4.91761407895529,0.966838329255195
B,PCZ,WithTurning,4.93369040678047,0.965642251343142
B,PCZ,WithTurning,4.94981929023775,0.964448756859489
B,PCZ,WithTurning,4.96600090113841,0.963257915659438
B,PCZ,WithTurning,4.9822354118554,0.962069797240444
B,PCZ,WithTurning,4.99852299532519,0.960884470744276
B,PCZ,WithTurning,5.01486382504959,0.959702004959131
B,PCZ,WithTurning,5.03125807509763,0.958522468321787
B,PCZ,WithTurning,5.04770592010736,0.957345928919815
B,PCZ,WithTurning,5.05473743111147,0.956845052039826
B,PCZ,WithTurning,5.06420753528778,0.956169844023652
B,PCZ,WithTurning,5.08076309642066,0.954982569599343
B,PCZ,WithTurning,5.09737277986241,0.953782983761071
B,PCZ,WithTurning,5.11403676254598,0.952571415541514
B,PCZ,WithTurning,5.13075522198275,0.951348193008225
B,PCZ,WithTurning,5.14752833626439,0.950113643225717
B,PCZ,WithTurning,5.1643562840648,0.948868092218651
B,PCZ,WithTurning,5.18123924464195,0.947611864936071
B,PCZ,WithTurning,5.19817739783986,0.946345285216732
B,PCZ,WithTurning,5.21517092409047,0.945068675755478
B,PCZ,WithTurning,5.23222000441559,0.943782358070693
B,PCZ,WithTurning,5.24932482042878,0.94248665247281
B,PCZ,WithTurning,5.26648555433737,0.941181878033869
B,PCZ,WithTurning,5.2837023889443,0.93986835255813
B,PCZ,WithTurning,5.30097550765015,0.938546392553732
B,PCZ,WithTurning,5.31830509445504,0.937216313205391
B,PCZ,WithTurning,5.33569133396063,0.935878428348129
B,PCZ,WithTurning,5.35313441137206,0.934533050442035
B,PCZ,WithTurning,5.37063451249991,0.933180490548055
B,PCZ,WithTurning,5.38819182376222,0.931821058304786
B,PCZ,WithTurning,5.40580653218646,0.930455061906294
B,PCZ,WithTurning,5.42347882541151,0.929082808080929
B,PCZ,WithTurning,5.44120889168966,0.92770460207114
B,PCZ,WithTurning,5.45899691988863,0.926320747614279
B,PCZ,WithTurning,5.47684309949356,0.924931546924393
B,PCZ,WithTurning,5.49474762060905,0.923537300674991
B,PCZ,WithTurning,5.5127106739612,0.922138307982774
B,PCZ,WithTurning,5.53073245089958,0.920734866392339
B,PCZ,WithTurning,5.54881314339932,0.919327271861829
B,PCZ,WithTurning,5.56695294406317,0.917915818749529
B,PCZ,WithTurning,5.58515204612347,0.916500799801407
B,PCZ,WithTurning,5.60341064344431,0.915082506139576
B,PCZ,WithTurning,5.62172893052353,0.913661227251692
B,PCZ,WithTurning,5.6401071024948,0.912237250981252
B,PCZ,WithTurning,5.65854535512972,0.910810863518809
B,PCZ,WithTurning,5.67704388483989,0.909382349394079
B,PCZ,WithTurning,5.69560288867901,0.90795199146894
B,PCZ,WithTurning,5.71422256434496,0.906520070931309
B,PCZ,WithTurning,5.73290311018192,0.905086867289896
B,PCZ,WithTurning,5.75164472518251,0.903652658369819
B,PCZ,WithTurning,5.77044760898987,0.902217720309071
B,PCZ,WithTurning,5.78931196189977,0.900782327555841
B,PCZ,WithTurning,5.80823798486282,0.899346752866664
B,PCZ,WithTurning,5.82722587948654,0.897911267305408
B,PCZ,WithTurning,5.84627584803753,0.896476140243078
B,PCZ,WithTurning,5.86538809344363,0.895041639358428
B,PCZ,WithTurning,5.88456281929608,0.893608030639382
B,PCZ,WithTurning,5.90380022985167,0.892175578385245
B,PCZ,WithTurning,5.92310053003497,0.890744545209702
B,PCZ,WithTurning,5.94246392544045,0.889315192044593
B,PCZ,WithTurning,5.96189062233468,0.887887778144451
B,PCZ,WithTurning,5.98138082765857,0.886462561091812
B,PCZ,WithTurning,6.00093474902955,0.885039796803262
B,PCZ,WithTurning,6.02055259474374,0.883619739536232
B,PCZ,WithTurning,6.04023457377826,0.882202641896533
B,PCZ,WithTurning,6.05998089579336,0.880788754846602
B,PCZ,WithTurning,6.07979177113472,0.879378327714483
B,PCZ,WithTurning,6.09966741083566,0.877971608203499
B,PCZ,WithTurning,6.1196080266194,0.876568842402638
B,PCZ,WithTurning,6.1396138309013,0.875170274797625
B,PCZ,WithTurning,6.15968503679116,0.87377614828268
B,PCZ,WithTurning,6.17982185809543,0.872386704172949
B,PCZ,WithTurning,6.20002450931955,0.871002182217614
B,PCZ,WithTurning,6.22029320567019,0.869622820613649
B,PCZ,WithTurning,6.24062816305756,0.86824885602024
B,PCZ,WithTurning,6.26102959809771,0.866880523573847
B,PCZ,WithTurning,6.28149772811485,0.865518056903905
B,PCZ,WithTurning,6.30203277114363,0.864161688149153
B,PCZ,WithTurning,6.3226349459315,0.862811647974594
B,PCZ,WithTurning,6.34330447194102,0.86146816558906
B,PCZ,WithTurning,6.36404156935219,0.860131468763399
B,PCZ,WithTurning,6.38484645906483,0.858801783849259
B,PCZ,WithTurning,6.40571936270088,0.857479335798467
B,PCZ,WithTurning,6.42666050260683,0.856164348183
B,PCZ,WithTurning,6.44767010185603,0.854857043215545
B,PCZ,WithTurning,6.46874838425106,0.853557641770622
B,PCZ,WithTurning,6.4898955743262,0.852266363406297
B,PCZ,WithTurning,6.5111118973497,0.850983426386448
B,PCZ,WithTurning,6.53239757932629,0.849709047703594
B,PCZ,WithTurning,6.5537528469995,0.848443443102278
B,PCZ,WithTurning,6.57517792785414,0.847186827103005
B,PCZ,WithTurning,6.5966730501187,0.845939413026717
B,PCZ,WithTurning,6.61823844276777,0.844701413019812
B,PCZ,WithTurning,6.62530929058939,0.844298455763165
B,PCZ,WithTurning,6.63987433552447,0.84347252712164
B,PCZ,WithTurning,6.66158095886295,0.842251170692345
B,PCZ,WithTurning,6.68335854401079,0.841037077190385
B,PCZ,WithTurning,6.70520732295148,0.83983009531605
B,PCZ,WithTurning,6.72712752842691,0.838630074663422
B,PCZ,WithTurning,6.74911939393981,0.837436865709018
B,PCZ,WithTurning,6.7711831537563,0.836250319800704
B,PCZ,WithTurning,6.79331904290831,0.835070289146873
B,PCZ,WithTurning,6.81552729719614,0.833896626805877
B,PCZ,WithTurning,6.83780815319093,0.83272918667573
B,PCZ,WithTurning,6.86016184823723,0.831567823484057
B,PCZ,WithTurning,6.8825886204555,0.830412392778298
B,PCZ,WithTurning,6.90508870874461,0.82926275091617
B,PCZ,WithTurning,6.92766235278447,0.828118755056368
B,PCZ,WithTurning,6.9503097930385,0.826980263149518
B,PCZ,WithTurning,6.97303127075624,0.825847133929372
B,PCZ,WithTurning,6.99582702797591,0.824719226904245
B,PCZ,WithTurning,7.01869730752698,0.82359640234869
B,PCZ,WithTurning,7.04164235303276,0.822478521295412
B,PCZ,WithTurning,7.064662408913,0.821365445527413
B,PCZ,WithTurning,7.0877577203865,0.820257037570371
B,PCZ,WithTurning,7.11092853347368,0.819153160685253
B,PCZ,WithTurning,7.13417509499927,0.818053678861148
B,PCZ,WithTurning,7.15749765259488,0.816958456808333
B,PCZ,WithTurning,7.18089645470168,0.815867359951562
B,PCZ,WithTurning,7.204371750573,0.81478025442357
B,PCZ,WithTurning,7.22792379027703,0.813697007058808
B,PCZ,WithTurning,7.25155282469947,0.812617485387385
B,PCZ,WithTurning,7.27525910554618,0.811541557629235
B,PCZ,WithTurning,7.2990428853459,0.81046909268849
B,PCZ,WithTurning,7.32290441745291,0.809399960148069
B,PCZ,WithTurning,7.34684395604973,0.80833403026448
B,PCZ,WithTurning,7.37086175614985,0.807271173962826
B,PCZ,WithTurning,7.39495807360043,0.806211262832013
B,PCZ,WithTurning,7.41913316508502,0.805154169120179
B,PCZ,WithTurning,7.44338728812631,0.804099765730304
B,PCZ,WithTurning,7.46772070108886,0.803047926216039
B,PCZ,WithTurning,7.49213366318187,0.801998524777725
B,PCZ,WithTurning,7.51662643446191,0.800951436258612
B,PCZ,WithTurning,7.54119927583573,0.799906536141274
B,PCZ,WithTurning,7.565852449063,0.798863700544217
B,PCZ,WithTurning,7.59058621675912,0.797822806218681
B,PCZ,WithTurning,7.61540084239803,0.796783730545632
B,PCZ,WithTurning,7.64029659031498,0.795746351532942
B,PCZ,WithTurning,7.66527372570939,0.794710547812758
B,PCZ,WithTurning,7.69033251464762,0.793676198639055
B,PCZ,WithTurning,7.71547322406587,0.792643183885377
B,PCZ,WithTurning,7.74069612177297,0.791611384042753
B,PCZ,WithTurning,7.76600147645325,0.790580680217802
B,PCZ,WithTurning,7.79138955766942,0.789550954131014
B,PCZ,WithTurning,7.81686063586541,0.788522088115205
B,PCZ,WithTurning,7.84241498236927,0.787493965114154
B,PCZ,WithTurning,7.86805286939608,0.786466468681412
B,PCZ,WithTurning,7.89377457005078,0.785439482979282
B,PCZ,WithTurning,7.91958035833117,0.784412892777973
B,PCZ,WithTurning,7.94547050913077,0.783386583454922
B,PCZ,WithTurning,7.97144529824175,0.782360440994286
B,PCZ,WithTurning,7.99750500235791,0.781334351986599
B,PCZ,WithTurning,8.02364989907757,0.780308203628593
B,PCZ,WithTurning,8.04988026690656,0.779281883723188
B,PCZ,WithTurning,8.0761963852612,0.778255280679632
B,PCZ,WithTurning,8.10259853447124,0.777228283513818
B,PCZ,WithTurning,8.12908699578288,0.776200781848744
B,PCZ,WithTurning,8.15566205136173,0.775172665915142
B,PCZ,WithTurning,8.18232398429587,0.774143826552251
B,PCZ,WithTurning,8.20907307859879,0.773114155208757
B,PCZ,WithTurning,8.2359096192125,0.772083543943878
B,PCZ,WithTurning,8.26283389201048,0.771051885428597
B,PCZ,WithTurning,8.28984618380081,0.77001907294705
B,PCZ,WithTurning,8.31694678232915,0.768985000398063
B,PCZ,WithTurning,8.34413597628186,0.767949562296825
B,PCZ,WithTurning,8.37141405528904,0.766912653776722
B,PCZ,WithTurning,8.39878130992764,0.765874170591294
B,PCZ,WithTurning,8.42623803172454,0.764834009116351
B,PCZ,WithTurning,8.45378451315965,0.763792066352218
B,PCZ,WithTurning,8.48142104766906,0.762748239926122
B,PCZ,WithTurning,8.5091479296481,0.761702428094712
B,PCZ,WithTurning,8.53696545445457,0.760654529746723
B,PCZ,WithTurning,8.56487391841179,0.759604444405756
B,PCZ,WithTurning,8.59287361881182,0.758552072233211
B,PCZ,WithTurning,8.6209648539186,0.75749731403133
B,PCZ,WithTurning,8.64914792297114,0.756440071246378
B,PCZ,WithTurning,8.67742312618669,0.755380245971953
B,PCZ,WithTurning,8.70579076476398,0.754317740952411
B,PCZ,WithTurning,8.73425114088635,0.753252459586421
B,PCZ,WithTurning,8.76280455772507,0.752184305930641
B,PCZ,WithTurning,8.79145131944247,0.751113184703508
B,PCZ,WithTurning,8.82019173119525,0.750039001289152
B,PCZ,WithTurning,8.84902609913771,0.748961661741422
B,PCZ,WithTurning,8.877954730425,0.747881072788026
B,PCZ,WithTurning,8.90697793321641,0.746797141834785
B,PCZ,WithTurning,8.93609601667863,0.745709776969997
B,PCZ,WithTurning,8.96530929098907,0.744618886968906
B,PCZ,WithTurning,8.99461806733915,0.743524381298286
B,PCZ,WithTurning,9.02402265793759,0.742426170121117
B,PCZ,WithTurning,9.05352337601379,0.741324164301378
B,PCZ,WithTurning,9.08312053582114,0.74021827540893
B,PCZ,WithTurning,9.11281445264035,0.739108415724503
B,PCZ,WithTurning,9.14260544278283,0.737994498244778
B,PCZ,WithTurning,9.17249382359405,0.73687643668757
B,PCZ,WithTurning,9.20247991345694,0.735754145497092
B,PCZ,WithTurning,9.23256403179523,0.734627539849325
B,PCZ,WithTurning,9.26274649907693,0.733496535657464
B,PCZ,WithTurning,9.29302763681768,0.732361049577459
B,PCZ,WithTurning,9.3234077675842,0.731220999013639
B,PCZ,WithTurning,9.35388721499772,0.730076302124417
B,PCZ,WithTurning,9.38446630373743,0.728926877828078
B,PCZ,WithTurning,9.41514535954396,0.727772645808647
B,PCZ,WithTurning,9.4459247092228,0.72661352652183
B,PCZ,WithTurning,9.47680468064782,0.725449441201029
B,PCZ,WithTurning,9.50778560276476,0.724280311863435
B,PCZ,WithTurning,9.53886780559472,0.723106061316186
B,PCZ,WithTurning,9.57005162023768,0.721926613162593
B,PCZ,WithTurning,9.60133737887605,0.720741891808433
B,PCZ,WithTurning,9.63272541477816,0.719551822468309
B,PCZ,WithTurning,9.66421606230184,0.718356331172061
B,PCZ,WithTurning,9.69580965689801,0.717155344771244
B,PCZ,WithTurning,9.72750653511419,0.715948790945665
B,PCZ,WithTurning,9.73698758336275,0.715587565463581
B,PCZ,WithTurning,9.75930703459814,0.714737107333473
B,PCZ,WithTurning,9.79121149410142,0.713521749783715
B,PCZ,WithTurning,9.82322025348301,0.712302859930724
B,PCZ,WithTurning,9.85533365371296,0.711080488916009
B,PCZ,WithTurning,9.88755203687598,0.709854687741569
B,PCZ,WithTurning,9.91987574617508,0.708625507267788
B,PCZ,WithTurning,9.95230512593528,0.707392998211354
B,PCZ,WithTurning,9.98484052160723,0.706157211143206
B,PCZ,WithTurning,10.0174822797709,0.704918196486509
B,PCZ,WithTurning,10.0502307481393,0.703676004514659
B,PCZ,WithTurning,10.083086275562,0.702430685349307
B,PCZ,WithTurning,10.1160492120294,0.701182288958426
B,PCZ,WithTurning,10.1491199086756,0.699930865154388
B,PCZ,WithTurning,10.1822987177829,0.698676463592081
B,PCZ,WithTurning,10.2155859927851,0.69741913376705
B,PCZ,WithTurning,10.2489820882715,0.696158925013661
B,PCZ,WithTurning,10.2824873599907,0.694895886503297
B,PCZ,WithTurning,10.3161021648541,0.693630067242584
B,PCZ,WithTurning,10.3498268609399,0.692361516071633
B,PCZ,WithTurning,10.3836618074971,0.691090281662322
B,PCZ,WithTurning,10.4176073649489,0.689816412516598
B,PCZ,WithTurning,10.451663894897,0.688539956964806
B,PCZ,WithTurning,10.485831760125,0.687260963164048
B,PCZ,WithTurning,10.5201113246026,0.685979479096565
B,PCZ,WithTurning,10.5545029534893,0.68469555256815
B,PCZ,WithTurning,10.5890070131385,0.683409231206584
B,PCZ,WithTurning,10.6236238711012,0.682120562460103
B,PCZ,WithTurning,10.6583538961298,0.680829593595882
B,PCZ,WithTurning,10.6931974581824,0.679536371698561
B,PCZ,WithTurning,10.7281549284265,0.678240943668779
B,PCZ,WithTurning,10.763226679243,0.676943356221754
B,PCZ,WithTurning,10.7984130842301,0.675643655885869
B,PCZ,WithTurning,10.8337145182073,0.6743418890013
B,PCZ,WithTurning,10.8691313572196,0.673038101718662
B,PCZ,WithTurning,10.9046639785413,0.671732339997683
B,PCZ,WithTurning,10.9403127606799,0.670424649605902
B,PCZ,WithTurning,10.9760780833805,0.669115076117397
B,PCZ,WithTurning,11.0119603276294,0.667803664911534
B,PCZ,WithTurning,11.0479598756587,0.666490461171744
B,PCZ,WithTurning,11.0840771109498,0.665175509884322
B,PCZ,WithTurning,11.1203124182379,0.663858855837259
B,PCZ,WithTurning,11.1566661835159,0.662540543619088
B,PCZ,WithTurning,11.1931387940385,0.661220617617766
B,PCZ,WithTurning,11.2297306383265,0.659899122019572
B,PCZ,WithTurning,11.2664421061708,0.658576100808037
B,PCZ,WithTurning,11.3032735886365,0.657251597762891
B,PCZ,WithTurning,11.3402254780673,0.655925656459045
B,PCZ,WithTurning,11.3772981680893,0.654598320265586
B,PCZ,WithTurning,11.4144920536155,0.653269632344802
B,PCZ,WithTurning,11.4518075308501,0.651939635651235
B,PCZ,WithTurning,11.4892449972924,0.650608372930748
B,PCZ,WithTurning,11.526804851741,0.649275886719628
B,PCZ,WithTurning,11.5644874942986,0.647942219343699
B,PCZ,WithTurning,11.6022933263756,0.646607412917474
B,PCZ,WithTurning,11.6402227506948,0.645271509343318
B,PCZ,WithTurning,11.6782761712955,0.643934550310639
B,PCZ,WithTurning,11.7164539935378,0.642596577295105
B,PCZ,WithTurning,11.7547566241072,0.641257631557877
B,PCZ,WithTurning,11.7931844710183,0.639917754144876
B,PCZ,WithTurning,11.8317379436201,0.638576985886061
B,PCZ,WithTurning,11.8704174525993,0.637235367394736
B,PCZ,WithTurning,11.9092234099855,0.635892939066879
B,PCZ,WithTurning,11.9481562291551,0.634549741080494
B,PCZ,WithTurning,11.9872163248362,0.633205813394982
B,PCZ,WithTurning,12.0264041131122,0.63186119575054
B,PCZ,WithTurning,12.0657200114272,0.630515927667572
B,PCZ,WithTurning,12.1051644385897,0.629170048446135
B,PCZ,WithTurning,12.1447378147774,0.627823597165397
B,PCZ,WithTurning,12.1844405615416,0.626476612683118
B,PCZ,WithTurning,12.2242731018119,0.625129133635155
B,PCZ,WithTurning,12.2642358599003,0.623781198434987
B,PCZ,WithTurning,12.3043292615059,0.622432845273262
B,PCZ,WithTurning,12.3445537337197,0.621084112117362
B,PCZ,WithTurning,12.3849097050286,0.619735036710994
B,PCZ,WithTurning,12.4253976053206,0.618385656573793
B,PCZ,WithTurning,12.4660178658889,0.617036009000957
B,PCZ,WithTurning,12.5067709194366,0.615686131062893
B,PCZ,WithTurning,12.5476572000815,0.614336059604885
B,PCZ,WithTurning,12.5886771433604,0.612985831246786
B,PCZ,WithTurning,12.6298311862342,0.611635482382729
B,PCZ,WithTurning,12.671119767092,0.610285049180848
B,PCZ,WithTurning,12.7125433257563,0.608934567583037
B,PCZ,WithTurning,12.7541023034872,0.607584073304709
B,PCZ,WithTurning,12.7957971429876,0.606233601834587
B,PCZ,WithTurning,12.8376282884074,0.60488318843451
B,PCZ,WithTurning,12.8795961853486,0.603532868139258
B,PCZ,WithTurning,12.9217012808699,0.602182675756394
B,PCZ,WithTurning,12.9639440234917,0.600832645866126
B,PCZ,WithTurning,13.0063248632002,0.599482812821193
B,PCZ,WithTurning,13.0488442514533,0.598133210746756
B,PCZ,WithTurning,13.0915026411841,0.59678387354032
B,PCZ,WithTurning,13.134300486807,0.595434834871668
B,PCZ,WithTurning,13.1772382442215,0.594086128182812
B,PCZ,WithTurning,13.2203163708177,0.592737786687966
B,PCZ,WithTurning,13.263535325481,0.591389843373531
B,PCZ,WithTurning,13.3068955685968,0.5900423309981
B,PCZ,WithTurning,13.3503975620557,0.588695282092483
B,PCZ,WithTurning,13.3940417692582,0.587348728959743
B,PCZ,WithTurning,13.4378286551199,0.586002703675252
B,PCZ,WithTurning,13.4817586860759,0.584657238086765
B,PCZ,WithTurning,13.5258323300865,0.583312363814505
B,PCZ,WithTurning,13.5700500566416,0.581968112251274
B,PCZ,WithTurning,13.6144123367661,0.580624514562568
B,PCZ,WithTurning,13.6589196430245,0.57928160168672
B,PCZ,WithTurning,13.7035724495265,0.577939404335045
B,PCZ,WithTurning,13.7483712319315,0.576597952992018
B,PCZ,WithTurning,13.7933164674539,0.57525727791545
B,PCZ,WithTurning,13.8384086348682,0.573917409136691
B,PCZ,WithTurning,13.8836482145141,0.572578376460844
B,PCZ,WithTurning,13.9290356883017,0.571240209466995
B,PCZ,WithTurning,13.9745715397163,0.569902937508454
B,PCZ,WithTurning,14.020256253824,0.568566589713017
B,PCZ,WithTurning,14.0660903172764,0.567231194983238
B,PCZ,WithTurning,14.1120742183163,0.565896781996718
B,PCZ,WithTurning,14.1582084467825,0.564563379206402
B,PCZ,WithTurning,14.204493494115,0.5632310148409
B,PCZ,WithTurning,14.2509298533607,0.561899716904816
B,PCZ,WithTurning,14.2975180191781,0.560569513179086
B,PCZ,WithTurning,14.3442584878428,0.55924043122134
B,PCZ,WithTurning,14.391151757253,0.55791249836627
B,PCZ,WithTurning,14.4381983269343,0.556585741726013
B,PCZ,WithTurning,14.4853986980456,0.555260188190547
B,PCZ,WithTurning,14.532753373384,0.553935864428101
B,PCZ,WithTurning,14.5802628573902,0.552612796885576
B,PCZ,WithTurning,14.6279276561543,0.551291011788976
B,PCZ,WithTurning,14.6757482774205,0.549970535143862
B,PCZ,WithTurning,14.7237252305933,0.548651392735804
B,PCZ,WithTurning,14.771859026742,0.547333610130854
B,PCZ,WithTurning,14.8201501786072,0.546017212676029
B,PCZ,WithTurning,14.8685992006054,0.544702225499806
B,PCZ,WithTurning,14.9172066088347,0.543388673512627
B,PCZ,WithTurning,14.9659729210807,0.542076581407415
B,PCZ,WithTurning,15.0148986568215,0.540765973660106
B,PCZ,WithTurning,15.0639843372334,0.539456874530188
B,PCZ,WithTurning,15.1132304851967,0.538149308061246
B,PCZ,WithTurning,15.162637625301,0.536843298081535
B,PCZ,WithTurning,15.2122062838506,0.535538868204539
B,PCZ,WithTurning,15.2619369888708,0.534236041829564
B,PCZ,WithTurning,15.3118302701126,0.532934842142325
B,PCZ,WithTurning,15.3618866590593,0.531635292115553
B,PCZ,WithTurning,15.4121066889313,0.530337414509605
B,PCZ,WithTurning,15.4624908946925,0.529041231873087
B,PCZ,WithTurning,15.5130398130553,0.52774676654349
B,PCZ,WithTurning,15.563753982487,0.52645404064783
B,PCZ,WithTurning,15.614633943215,0.5251630761033
B,PCZ,WithTurning,15.665680237233,0.523873894617931
B,PCZ,WithTurning,15.7168934083063,0.522586517691262
B,PCZ,WithTurning,15.7682740019781,0.521300966615021
B,PCZ,WithTurning,15.8198225655748,0.520017262473809
B,PCZ,WithTurning,15.8715396482122,0.518735426145802
B,PCZ,WithTurning,15.9234258008013,0.517455478303452
B,PCZ,WithTurning,15.975481576054,0.516177439414201
B,PCZ,WithTurning,16.0277075284891,0.514901329741207
B,PCZ,WithTurning,16.0801042144382,0.513627169344066
B,PCZ,WithTurning,16.1326721920517,0.51235497807956
B,PCZ,WithTurning,16.1854120213046,0.511084775602395
B,PCZ,WithTurning,16.2383242640025,0.509816581365957
B,PCZ,WithTurning,16.2914094837876,0.508550414623074
B,PCZ,WithTurning,16.3446682461448,0.507286294426783
B,PCZ,WithTurning,16.3981011184076,0.506024239631107
B,PCZ,WithTurning,16.4517086697643,0.504764268891836
B,PCZ,WithTurning,16.5054914712638,0.503506400667319
B,PCZ,WithTurning,16.5594500958218,0.502250653219259
B,PCZ,WithTurning,16.6135851182272,0.50099704461352
B,PCZ,WithTurning,16.6678971151476,0.499745592720928
B,PCZ,WithTurning,16.7223866651361,0.498496315218101
B,PCZ,WithTurning,16.7770543486371,0.497249229588258
B,PCZ,WithTurning,16.8319007479924,0.496004353122059
B,PCZ,WithTurning,16.8869264474476,0.494761702918435
B,PCZ,WithTurning,16.9421320331585,0.493521295885427
B,PCZ,WithTurning,16.9975180931969,0.492283148741039
B,PCZ,WithTurning,17.0530852175571,0.491047278014084
B,PCZ,WithTurning,17.1088339981621,0.489813700045047
B,PCZ,WithTurning,17.1647650288703,0.488582430986946
B,PCZ,WithTurning,17.2208789054812,0.487353486806202
B,PCZ,WithTurning,17.277176225742,0.48612688328351
B,PCZ,WithTurning,17.3336575893543,0.484902636014725
B,PCZ,WithTurning,17.39032359798,0.483680760411737
B,PCZ,WithTurning,17.4471748552479,0.482461271703366
B,PCZ,WithTurning,17.5042119667603,0.481244184936253
B,PCZ,WithTurning,17.5614355400991,0.480029514975761
B,PCZ,WithTurning,17.6188461848326,0.478817276506873
B,PCZ,WithTurning,17.6764445125218,0.477607484035102
B,PCZ,WithTurning,17.7342311367271,0.476400151887399
B,PCZ,WithTurning,17.7922066730144,0.475195294213075
B,PCZ,WithTurning,17.8503717389623,0.473992924984711
B,PCZ,WithTurning,17.9087269541681,0.472793057999088
B,PCZ,WithTurning,17.9672729402549,0.471595706878111
B,PCZ,WithTurning,18.0260103208778,0.470400885069738
B,PCZ,WithTurning,18.0849397217307,0.469208605848919
B,PCZ,WithTurning,18.144061770553,0.468018882318528
B,PCZ,WithTurning,18.2033770971362,0.466831727410305
B,PCZ,WithTurning,18.2628863333309,0.465647153885804
B,PCZ,WithTurning,18.3225901130531,0.464465174337336
B,PCZ,WithTurning,18.3824890722912,0.463285801188917
B,PCZ,WithTurning,18.4425838491126,0.462109046697227
B,PCZ,WithTurning,18.502875083671,0.460934922952564
B,PCZ,WithTurning,18.5633634182124,0.459763441879797
B,PCZ,WithTurning,18.6240494970827,0.458594615239334
B,PCZ,WithTurning,18.6849339667341,0.457428454628083
B,PCZ,WithTurning,18.7460174757322,0.456264971480417
B,PCZ,WithTurning,18.8073006747628,0.455104177069141
B,PCZ,WithTurning,18.8687842166389,0.453946082506467
B,PCZ,WithTurning,18.9304687563078,0.452790698744981
B,PCZ,WithTurning,18.9923549508575,0.451638036578623
B,PCZ,WithTurning,19.0544434595245,0.450488106643657
B,PCZ,WithTurning,19.1167349437002,0.449340919419656
B,PCZ,WithTurning,19.1792300669384,0.448196485230475
B,PCZ,WithTurning,19.2419294949618,0.447054814245239
B,PCZ,WithTurning,19.3048338956698,0.445915916479321
B,PCZ,WithTurning,19.3344033944647,0.445382793921573
B,PCZ,WithTurning,19.3679439391451,0.444779552154123
B,PCZ,WithTurning,19.4312602976609,0.443644405336629
B,PCZ,WithTurning,19.4947836456882,0.442510292044701
B,PCZ,WithTurning,19.5585146599031,0.441377222928464
B,PCZ,WithTurning,19.6224540191935,0.440245208568777
B,PCZ,WithTurning,19.6866024046671,0.439114259477279
B,PCZ,WithTurning,19.7509604996579,0.437984386096451
B,PCZ,WithTurning,19.8155289897339,0.43685559879967
B,PCZ,WithTurning,19.8803085627043,0.435727907891268
B,PCZ,WithTurning,19.945299908627,0.434601323606599
B,PCZ,WithTurning,20.0105037198156,0.433475856112097
B,PCZ,WithTurning,20.075920690847,0.432351515505349
B,PCZ,WithTurning,20.1415515185689,0.431228311815156
B,PCZ,WithTurning,20.2073969021068,0.430106255001611
B,PCZ,WithTurning,20.273457542872,0.428985354956167
B,PCZ,WithTurning,20.3397341445687,0.427865621501712
B,PCZ,WithTurning,20.4062274132016,0.426747064392648
B,PCZ,WithTurning,20.4729380570835,0.425629693314968
B,PCZ,WithTurning,20.5398667868427,0.424513517886338
B,PCZ,WithTurning,20.6070143154306,0.423398547656178
B,PCZ,WithTurning,20.6743813581293,0.42228479210575
B,PCZ,WithTurning,20.7419686325595,0.421172260648241
B,PCZ,WithTurning,20.8097768586876,0.420060962628855
B,PCZ,WithTurning,20.8778067588339,0.418950907324901
B,PCZ,WithTurning,20.9460590576798,0.417842103945886
B,PCZ,WithTurning,21.014534482276,0.416734561633614
B,PCZ,WithTurning,21.08323376205,0.415628289462275
B,PCZ,WithTurning,21.1521576288137,0.414523296438548
B,PCZ,WithTurning,21.2213068167718,0.413419591501702
B,PCZ,WithTurning,21.2906820625287,0.412317183523694
B,PCZ,WithTurning,21.3602841050972,0.411216081309274
B,PCZ,WithTurning,21.4301136859059,0.410116293596095
B,PCZ,WithTurning,21.5001715488073,0.409017829054814
B,PCZ,WithTurning,21.5704584400856,0.407920696289205
B,PCZ,WithTurning,21.6409751084647,0.406824903836269
B,PCZ,WithTurning,21.7117223051163,0.405730460166346
B,PCZ,WithTurning,21.7827007836675,0.40463737368323
B,PCZ,WithTurning,21.8539113002093,0.403545652724287
B,PCZ,WithTurning,21.9253546133046,0.40245530556057
B,PCZ,WithTurning,21.9970314839959,0.401366340396939
B,PCZ,WithTurning,22.0689426758136,0.400278765372182
B,PCZ,WithTurning,22.1410889547845,0.399192588559141
B,PCZ,WithTurning,22.2134710894394,0.398107817964832
B,PCZ,WithTurning,22.2860898508215,0.397024461530574
B,PCZ,WithTurning,22.3589460124948,0.395942527132117
B,PCZ,WithTurning,22.4320403505521,0.394862022579766
B,PCZ,WithTurning,22.5053736436233,0.39378295561852
B,PCZ,WithTurning,22.5789466728838,0.392705333928198
B,PCZ,WithTurning,22.6527602220628,0.391629165123578
B,PCZ,WithTurning,22.7268150774517,0.390554456754526
B,PCZ,WithTurning,22.801112027912,0.389481216306139
B,PCZ,WithTurning,22.8756518648846,0.388409451198883
B,PCZ,WithTurning,22.9504353823973,0.387339168788726
B,PCZ,WithTurning,23.0254633770741,0.38627037636729
B,PCZ,WithTurning,23.1007366481428,0.385203081161985
B,PCZ,WithTurning,23.1762559974443,0.384137290336159
B,PCZ,WithTurning,23.2520222294407,0.38307301098924
B,PCZ,WithTurning,23.3280361512242,0.382010250156885
B,PCZ,WithTurning,23.4042985725251,0.38094901481113
B,PCZ,WithTurning,23.4808103057212,0.379889311860535
B,PCZ,WithTurning,23.5575721658458,0.378831148150341
B,PCZ,WithTurning,23.6345849705968,0.377774530462618
B,PCZ,WithTurning,23.7118495403453,0.376719465516422
B,PCZ,WithTurning,23.789366698144,0.375665959967948
B,PCZ,WithTurning,23.8671372697368,0.37461402041069
B,PCZ,WithTurning,23.9451620835665,0.373563653375594
B,PCZ,WithTurning,24.0234419707845,0.372514865331219
B,PCZ,WithTurning,24.1019777652594,0.3714676626839
B,PCZ,WithTurning,24.1807703035856,0.370422051777906
B,PCZ,WithTurning,24.2598204250925,0.369378038895605
B,PCZ,WithTurning,24.3391289718536,0.368335630257627
B,PCZ,WithTurning,24.418696788695,0.367294832023027
B,PCZ,WithTurning,24.4985247232046,0.366255650289457
B,PCZ,WithTurning,24.5786136257415,0.365218091093327
B,PCZ,WithTurning,24.6589643494445,0.364182160409981
B,PCZ,WithTurning,24.7395777502413,0.363147864153857
B,PCZ,WithTurning,24.8204546868581,0.362115208178669
B,PCZ,WithTurning,24.901596020828,0.36108419827757
B,PCZ,WithTurning,24.983002616501,0.36005484018333
B,PCZ,WithTurning,25.0646753410523,0.359027139568508
B,PCZ,WithTurning,25.1466150644923,0.358001102045629
B,PCZ,WithTurning,25.2288226596756,0.356976733167358
B,PCZ,WithTurning,25.3112990023101,0.355954038426682
B,PCZ,WithTurning,25.3940449709667,0.35493302325708
B,PCZ,WithTurning,25.4770614470882,0.353913693032711
B,PCZ,WithTurning,25.5603493149993,0.352896053068589
B,PCZ,WithTurning,25.6439094619153,0.351880108620766
B,PCZ,WithTurning,25.7277427779523,0.350865864886516
B,PCZ,WithTurning,25.811850156136,0.349853327004515
B,PCZ,WithTurning,25.8962324924117,0.348842500055024
B,PCZ,WithTurning,25.9808906856536,0.347833389060082
B,PCZ,WithTurning,26.0658256376743,0.346825998983682
B,PCZ,WithTurning,26.1510382532349,0.345820334731963
B,PCZ,WithTurning,26.2365294400539,0.344816401153401
B,PCZ,WithTurning,26.3223001088175,0.343814203038987
B,PCZ,WithTurning,26.4083511731889,0.34281374512243
B,PCZ,WithTurning,26.4946835498184,0.341815032080334
B,PCZ,WithTurning,26.5812981583526,0.340818068532401
B,PCZ,WithTurning,26.668195921445,0.339822859041614
B,PCZ,WithTurning,26.7553777647649,0.338829408114433
B,PCZ,WithTurning,26.842844617008,0.33783772020099
B,PCZ,WithTurning,26.9305974099061,0.336847799695281
B,PCZ,WithTurning,27.0186370782368,0.335859650935362
B,PCZ,WithTurning,27.1069645598337,0.334873278203544
B,PCZ,WithTurning,27.1955807955961,0.333888685726589
B,PCZ,WithTurning,27.2844867294995,0.332905877675911
B,PCZ,WithTurning,27.3736833086053,0.331924858167768
B,PCZ,WithTurning,27.4631714830708,0.330945631263465
B,PCZ,WithTurning,27.5529522061598,0.329968200969551
B,PCZ,WithTurning,27.6430264342521,0.328992571238021
B,PCZ,WithTurning,27.7333951268542,0.328018745966512
B,PCZ,WithTurning,27.8240592466095,0.327046728998511
B,PCZ,WithTurning,27.9150197593081,0.326076524123551
B,PCZ,WithTurning,28.0062776338976,0.325108135077417
B,PCZ,WithTurning,28.0978338424932,0.324141565542347
B,PCZ,WithTurning,28.189689360388,0.323176819147236
B,PCZ,WithTurning,28.2818451660636,0.322213899467839
B,PCZ,WithTurning,28.3743022412001,0.321252810026981
B,PCZ,WithTurning,28.4670615706872,0.320293554294754
B,PCZ,WithTurning,28.5601241426342,0.319336135688731
B,PCZ,WithTurning,28.6534909483804,0.318380557574166
B,PCZ,WithTurning,28.7471629825063,0.317426823264205
B,PCZ,WithTurning,28.8411412428436,0.31647493602009
B,PCZ,WithTurning,28.9354267304862,0.315524899051371
B,PCZ,WithTurning,29.0300204498005,0.31457671551611
B,PCZ,WithTurning,29.1249234084364,0.313630388521092
B,PCZ,WithTurning,29.2201366173381,0.312685921122036
B,PCZ,WithTurning,29.3156610907544,0.3117433163238
B,PCZ,WithTurning,29.4114978462501,0.310802577080595
B,PCZ,WithTurning,29.5076479047163,0.309863706296195
B,PCZ,WithTurning,29.6041122903817,0.308926706824146
B,PCZ,WithTurning,29.7008920308234,0.307991581467978
B,PCZ,WithTurning,29.7979881569775,0.307058332981419
B,PCZ,WithTurning,29.8954017031508,0.306126964068604
B,PCZ,WithTurning,29.9931337070309,0.305197477384289
B,PCZ,WithTurning,30.091185209698,0.304269875534064
B,PCZ,WithTurning,30.1895572556358,0.303344161074565
B,PCZ,WithTurning,30.2882508927423,0.302420336513688
B,PCZ,WithTurning,30.3872671723416,0.301498404310802
B,PCZ,WithTurning,30.4866071491943,0.300578366876966
B,PCZ,WithTurning,30.5862718815094,0.299660226575139
B,PCZ,WithTurning,30.6862624309552,0.298743985720398
B,PCZ,WithTurning,30.7865798626708,0.297829646580152
B,PCZ,WithTurning,30.8872252452775,0.296917211374354
B,PCZ,WithTurning,30.9881996508898,0.296006682275723
B,PCZ,WithTurning,31.0895041551272,0.295098061409953
B,PCZ,WithTurning,31.1911398371257,0.294191350855933
B,PCZ,WithTurning,31.293107779549,0.293286552645961
B,PCZ,WithTurning,31.3954090686,0.292383668765963
B,PCZ,WithTurning,31.4980447940329,0.291482701155705
B,PCZ,WithTurning,31.6010160491641,0.290583651709013
B,PCZ,WithTurning,31.7043239308845,0.289686522273989
B,PCZ,WithTurning,31.8079695396706,0.288791314653229
B,PCZ,WithTurning,31.9119539795967,0.287898030604039
B,PCZ,WithTurning,32.0162783583465,0.28700667183865
B,PCZ,WithTurning,32.1209437872246,0.286117240024442
B,PCZ,WithTurning,32.2259513811689,0.285229736784154
B,PCZ,WithTurning,32.331302258762,0.284344163696106
B,PCZ,WithTurning,32.4369975422432,0.283460522294417
B,PCZ,WithTurning,32.543038357521,0.282578814069222
B,PCZ,WithTurning,32.649425834184,0.281699040466887
B,PCZ,WithTurning,32.7561611055142,0.280821202890233
B,PCZ,WithTurning,32.8632453084979,0.279945302698748
B,PCZ,WithTurning,32.9706795838388,0.279071341208812
B,PCZ,WithTurning,33.0784650759694,0.278199319693906
B,PCZ,WithTurning,33.1866029330638,0.27732923938484
B,PCZ,WithTurning,33.2950943070492,0.276461101469964
B,PCZ,WithTurning,33.403940353619,0.275594907095391
B,PCZ,WithTurning,33.5131422322446,0.274730657365211
B,PCZ,WithTurning,33.6227011061877,0.273868353341713
B,PCZ,WithTurning,33.7326181425132,0.273007996045604
B,PCZ,WithTurning,33.8428945121009,0.27214958645622
B,PCZ,WithTurning,33.9535313896586,0.271293125511754
B,PCZ,WithTurning,34.0645299537344,0.270438614109468
B,PCZ,WithTurning,34.1758913867289,0.269586053105912
B,PCZ,WithTurning,34.2876168749087,0.268735443317145
B,PCZ,WithTurning,34.3997076084178,0.267886785518948
B,PCZ,WithTurning,34.5121647812916,0.267040080447049
B,PCZ,WithTurning,34.6249895914683,0.266195328797333
B,PCZ,WithTurning,34.7381832408028,0.265352531226066
B,PCZ,WithTurning,34.8517469350789,0.264511688350109
B,PCZ,WithTurning,34.9656818840222,0.263672800747138
B,PCZ,WithTurning,35.079989301313,0.262835868955862
B,PCZ,WithTurning,35.1946704045995,0.262000893476235
B,PCZ,WithTurning,35.3097264155103,0.26116787476968
B,PCZ,WithTurning,35.4251585596679,0.260336813259305
B,PCZ,WithTurning,35.5409680667012,0.259507709330114
B,PCZ,WithTurning,35.6571561702593,0.258680563329231
B,PCZ,WithTurning,35.7737241080241,0.257855375566114
B,PCZ,WithTurning,35.8906731217235,0.257032146312771
B,PCZ,WithTurning,36.0080044571449,0.256210875803977
B,PCZ,WithTurning,36.1257193641485,0.255391564237488
B,PCZ,WithTurning,36.2438190966801,0.254574211774262
B,PCZ,WithTurning,36.3623049127852,0.253758818538669
B,PCZ,WithTurning,36.4811780746217,0.25294538461871
B,PCZ,WithTurning,36.6004398484738,0.252133910066233
B,PCZ,WithTurning,36.7200915047654,0.251324394897145
B,PCZ,WithTurning,36.8401343180734,0.25051683909163
B,PCZ,WithTurning,36.9605695671418,0.249711242594361
B,PCZ,WithTurning,37.0813985348945,0.248907605314715
B,PCZ,WithTurning,37.20262250845,0.248105927126992
B,PCZ,WithTurning,37.324242779134,0.24730620787062
B,PCZ,WithTurning,37.4462606424942,0.246508447350378
B,PCZ,WithTurning,37.5686773983132,0.2457126453366
B,PCZ,WithTurning,37.6914943506232,0.244918801565398
B,PCZ,WithTurning,37.814712807719,0.244126915738868
B,PCZ,WithTurning,37.9383340821727,0.243336987525304
B,PCZ,WithTurning,38.0623594908472,0.24254901655941
B,PCZ,WithTurning,38.1867903549106,0.241763002442517
B,PCZ,WithTurning,38.3116279998498,0.240978944742785
B,PCZ,WithTurning,38.4368737554852,0.240196842995424
B,PCZ,WithTurning,38.5625289559843,0.239416696702898
B,PCZ,WithTurning,38.6885949398762,0.238638505335141
B,PCZ,WithTurning,38.752421569429,0.238246219809868
B,PCZ,WithTurning,38.815073050066,0.237862219059971
B,PCZ,WithTurning,38.9419646338488,0.237087536766056
B,PCZ,WithTurning,39.0692710429242,0.23631440950061
B,PCZ,WithTurning,39.1969936334106,0.235542839707017
B,PCZ,WithTurning,39.32513376586,0.234772829789909
B,PCZ,WithTurning,39.4536928052719,0.234004382115304
B,PCZ,WithTurning,39.5826721211083,0.233237499010733
B,PCZ,WithTurning,39.7120730873083,0.232472182765383
B,PCZ,WithTurning,39.8418970823024,0.23170843563023
B,PCZ,WithTurning,39.9721454890274,0.230946259818175
B,PCZ,WithTurning,40.102819694941,0.230185657504181
B,PCZ,WithTurning,40.233921092037,0.22942663082541
B,PCZ,WithTurning,40.3654510768595,0.228669181881361
B,PCZ,WithTurning,40.4974110505183,0.227913312734009
B,PCZ,WithTurning,40.6298024187034,0.22715902540794
B,PCZ,WithTurning,40.7626265917003,0.226406321890493
B,PCZ,WithTurning,40.895884984405,0.225655204131899
B,PCZ,WithTurning,41.0295790163388,0.224905674045419
B,PCZ,WithTurning,41.1637101116638,0.224157733507485
B,PCZ,WithTurning,41.2982796991976,0.22341138435784
B,PCZ,WithTurning,41.4332892124291,0.222666628399679
B,PCZ,WithTurning,41.5687400895333,0.22192346739979
B,PCZ,WithTurning,41.7046337733868,0.221181903088694
B,PCZ,WithTurning,41.8409717115832,0.220441937160789
B,PCZ,WithTurning,41.9777553564483,0.219703571274491
B,PCZ,WithTurning,42.1149861650559,0.218966807052377
B,PCZ,WithTurning,42.2526655992433,0.218231646081326
B,PCZ,WithTurning,42.3907951256264,0.217498089912663
B,PCZ,WithTurning,42.5293762156159,0.216766140062304
B,PCZ,WithTurning,42.6684103454328,0.216035798010898
B,PCZ,WithTurning,42.8078989961238,0.21530706520397
B,PCZ,WithTurning,42.9478436535774,0.214579943052065
B,PCZ,WithTurning,43.08824580854,0.213854432930898
B,PCZ,WithTurning,43.2291069566309,0.21313053618149
B,PCZ,WithTurning,43.3704285983593,0.21240825411032
B,PCZ,WithTurning,43.5122122391394,0.211687587989468
B,PCZ,WithTurning,43.654459389307,0.210968539056758
B,PCZ,WithTurning,43.7971715641352,0.210251108515909
B,PCZ,WithTurning,43.9403502838508,0.209535297536676
B,PCZ,WithTurning,44.0839970736507,0.208821107254999
B,PCZ,WithTurning,44.2281134637174,0.208108538773148
B,PCZ,WithTurning,44.372700989236,0.207397593159872
B,PCZ,WithTurning,44.5177611904105,0.206688271450542
B,PCZ,WithTurning,44.6632956124797,0.205980574647303
B,PCZ,WithTurning,44.8093058057341,0.205274503719216
B,PCZ,WithTurning,44.9557933255325,0.204570059602409
B,PCZ,WithTurning,45.1027597323181,0.203867243200224
B,PCZ,WithTurning,45.2502065916355,0.203166055383365
B,PCZ,WithTurning,45.3981354741473,0.202466496990042
B,PCZ,WithTurning,45.5465479556508,0.201768568826128
B,PCZ,WithTurning,45.6954456170947,0.201072271665298
B,PCZ,WithTurning,45.8448300445962,0.200377606249181
B,PCZ,WithTurning,45.9947028294576,0.199684573287511
B,PCZ,WithTurning,46.1450655681833,0.198993173458273
B,PCZ,WithTurning,46.2959198624972,0.198303407407853
B,PCZ,WithTurning,46.447267319359,0.197615275751183
B,PCZ,WithTurning,46.5991095509821,0.196928779071898
B,PCZ,WithTurning,46.7514481748503,0.196243917922478
B,PCZ,WithTurning,46.9042848137352,0.1955606928244
B,PCZ,WithTurning,47.0576210957135,0.19487910426829
B,PCZ,WithTurning,47.2114586541842,0.194199152714066
B,PCZ,WithTurning,47.3657991278862,0.193520838591095
B,PCZ,WithTurning,47.5206441609156,0.192844162298337
B,PCZ,WithTurning,47.6759954027432,0.192169124204497
B,PCZ,WithTurning,47.8318545082322,0.191495724648177
B,PCZ,WithTurning,47.9882231376558,0.19082396393802
B,PCZ,WithTurning,48.1451029567149,0.190153842352866
B,PCZ,WithTurning,48.3024956365556,0.189485360141899
B,PCZ,WithTurning,48.4604028537873,0.188818517524797
B,PCZ,WithTurning,48.6188262905006,0.188153314691884
B,PCZ,WithTurning,48.7777676342849,0.187489751804276
B,PCZ,WithTurning,48.9372285782465,0.186827828994036
B,PCZ,WithTurning,49.0972108210268,0.186167546364321
B,PCZ,WithTurning,49.2577160668204,0.185508903989535
B,PCZ,WithTurning,49.418746025393,0.184851901915474
B,PCZ,WithTurning,49.5803024120996,0.184196540159482
B,PCZ,WithTurning,49.7423869479031,0.183542818710598
B,PCZ,WithTurning,49.9050013593925,0.182890737529707
B,PCZ,WithTurning,50.0681473788012,0.182240296549688
B,PCZ,WithTurning,50.2318267440254,0.18159149567557
B,PCZ,WithTurning,50.3960411986428,0.180944334784676
B,PCZ,WithTurning,50.5607924919311,0.180298813726774
B,PCZ,WithTurning,50.7260823788865,0.179654932324232
B,PCZ,WithTurning,50.8919126202428,0.179012690372161
B,PCZ,WithTurning,51.0582849824895,0.17837208763857
B,PCZ,WithTurning,51.2252012378912,0.177733123864516
B,PCZ,WithTurning,51.3926631645062,0.177095798764249
B,PCZ,WithTurning,51.5606725462056,0.176460112025368
B,PCZ,WithTurning,51.7292311726921,0.175826063308966
B,PCZ,WithTurning,51.8983408395193,0.175193652249782
B,PCZ,WithTurning,52.0680033481105,0.174562878456352
B,PCZ,WithTurning,52.2382205057783,0.173933741511154
B,PCZ,WithTurning,52.4089941257434,0.173306240970763
B,PCZ,WithTurning,52.5803260271545,0.172680376365994
B,PCZ,WithTurning,52.752218035107,0.172056147202058
B,PCZ,WithTurning,52.9246719806631,0.171433552958707
B,PCZ,WithTurning,53.0976897008706,0.170812593090385
B,PCZ,WithTurning,53.2712730387831,0.170193267026374
B,PCZ,WithTurning,53.4454238434794,0.169575574170946
B,PCZ,WithTurning,53.6201439700832,0.168959513903511
B,PCZ,WithTurning,53.7954352797826,0.168345085578766
B,PCZ,WithTurning,53.9712996398504,0.167732288526842
B,PCZ,WithTurning,54.1477389236638,0.167121122053451
B,PCZ,WithTurning,54.324755010724,0.166511585440041
B,PCZ,WithTurning,54.5023497866769,0.165903677943935
B,PCZ,WithTurning,54.6805251433326,0.165297398798486
B,PCZ,WithTurning,54.859282978686,0.164692747213221
B,PCZ,WithTurning,55.0386251969365,0.16408972237399
B,PCZ,WithTurning,55.2185537085087,0.163488323443114
B,PCZ,WithTurning,55.3990704300727,0.16288854955953
B,PCZ,WithTurning,55.5801772845645,0.162290399838942
B,PCZ,WithTurning,55.7618762012062,0.161693873373964
B,PCZ,WithTurning,55.944169115527,0.161098969234268
B,PCZ,WithTurning,56.1270579693834,0.160505686466732
B,PCZ,WithTurning,56.3105447109804,0.159914024095587
B,PCZ,WithTurning,56.4946312948915,0.15932398112256
B,PCZ,WithTurning,56.6793196820803,0.158735556527021
B,PCZ,WithTurning,56.864611839921,0.158148749266131
B,PCZ,WithTurning,57.0505097422192,0.157563558274987
B,PCZ,WithTurning,57.2370153692334,0.156979982466766
B,PCZ,WithTurning,57.4241307076957,0.15639802073287
B,PCZ,WithTurning,57.611857750833,0.155817671943074
B,PCZ,WithTurning,57.8001984983885,0.155238934945668
B,PCZ,WithTurning,57.9891549566428,0.154661808567601
B,PCZ,WithTurning,58.178729138435,0.15408629161463
B,PCZ,WithTurning,58.3689230631849,0.153512382871459
B,PCZ,WithTurning,58.5597387569137,0.152940081101886
B,PCZ,WithTurning,58.7511782522661,0.152369385048943
B,PCZ,WithTurning,58.9432435885317,0.151800293435044
B,PCZ,WithTurning,59.1359368116668,0.151232804962128
B,PCZ,WithTurning,59.3292599743163,0.150666918311796
B,PCZ,WithTurning,59.5232151358354,0.150102632145462
B,PCZ,WithTurning,59.7178043623116,0.149539945104489
B,PCZ,WithTurning,59.9130297265867,0.148978855810333
B,PCZ,WithTurning,60.1088933082789,0.148419362864688
B,PCZ,WithTurning,60.305397193805,0.147861464849622
B,PCZ,WithTurning,60.5025434764025,0.147305160327723
B,PCZ,WithTurning,60.7003342561521,0.14675044784224
B,PCZ,WithTurning,60.8987716399996,0.146197325917221
B,PCZ,WithTurning,61.0978577417792,0.145645793057654
B,PCZ,WithTurning,61.297594682235,0.14509584774961
B,PCZ,WithTurning,61.4979845890444,0.144547488460382
B,PCZ,WithTurning,61.6990295968404,0.144000713638623
B,PCZ,WithTurning,61.9007318472343,0.143455521714485
B,PCZ,WithTurning,62.1030934888388,0.142911911099763
B,PCZ,WithTurning,62.3061166772905,0.142369880188028
B,PCZ,WithTurning,62.509803575273,0.14182942735477
B,PCZ,WithTurning,62.7141563525404,0.141290550957532
B,PCZ,WithTurning,62.9191771859396,0.140753249336053
B,PCZ,WithTurning,63.124868259434,0.1402175208124
B,PCZ,WithTurning,63.3312317641268,0.139683363691112
B,PCZ,WithTurning,63.5382698982841,0.139150776259328
B,PCZ,WithTurning,63.7459848673584,0.138619756786934
B,PCZ,WithTurning,63.9543788840122,0.138090303526692
B,PCZ,WithTurning,64.1634541681413,0.137562414714378
B,PCZ,WithTurning,64.3732129468989,0.13703608856892
B,PCZ,WithTurning,64.5836574547189,0.136511323292528
B,PCZ,WithTurning,64.7947899333398,0.135988117070836
B,PCZ,WithTurning,65.0066126318289,0.135466468073031
B,PCZ,WithTurning,65.2191278066056,0.134946374451992
B,PCZ,WithTurning,65.4323377214662,0.13442783434442
B,PCZ,WithTurning,65.6462446476074,0.133910845870972
B,PCZ,WithTurning,65.8608508636509,0.133395407136399
B,PCZ,WithTurning,66.0761586556674,0.132881516229675
B,PCZ,WithTurning,66.2921703172012,0.132369171224128
B,PCZ,WithTurning,66.5088881492944,0.131858370177577
B,PCZ,WithTurning,66.7263144605114,0.131349111132462
B,PCZ,WithTurning,66.9444515669638,0.130841392115974
B,PCZ,WithTurning,67.1633017923349,0.130335211140189
B,PCZ,WithTurning,67.3828674679042,0.129830566202198
B,PCZ,WithTurning,67.6031509325726,0.129327455284233
B,PCZ,WithTurning,67.8241545328873,0.128825876353807
B,PCZ,WithTurning,68.0458806230664,0.128325827363834
B,PCZ,WithTurning,68.2683315650244,0.127827306252763
B,PCZ,WithTurning,68.4915097283971,0.127330310944709
B,PCZ,WithTurning,68.7154174905672,0.126834839349576
B,PCZ,WithTurning,68.9400572366892,0.12634088936319
B,PCZ,WithTurning,69.1654313597149,0.125848458867426
B,PCZ,WithTurning,69.3915422604192,0.125357545730333
B,PCZ,WithTurning,69.6183923474253,0.124868147806265
B,PCZ,WithTurning,69.8459840372305,0.124380262936005
B,PCZ,WithTurning,70.0743197542319,0.123893888946893
B,PCZ,WithTurning,70.3034019307525,0.123409023652949
B,PCZ,WithTurning,70.5332330070667,0.122925664855005
B,PCZ,WithTurning,70.7638154314265,0.122443810340822
B,PCZ,WithTurning,70.9951516600875,0.121963457885221
B,PCZ,WithTurning,71.2272441573354,0.121484605250206
B,PCZ,WithTurning,71.4600953955116,0.121007250185085
B,PCZ,WithTurning,71.6937078550401,0.120531390426598
B,PCZ,WithTurning,71.9280840244538,0.120057023699038
B,PCZ,WithTurning,72.1632264004207,0.119584147714373
B,PCZ,WithTurning,72.3991374877711,0.119112760172371
B,PCZ,WithTurning,72.6358197995235,0.11864285876072
B,PCZ,WithTurning,72.8732758569122,0.118174441155149
B,PCZ,WithTurning,73.1115081894134,0.117707505019551
B,PCZ,WithTurning,73.3505193347727,0.117242048006105
B,PCZ,WithTurning,73.590311839032,0.116778067755391
B,PCZ,WithTurning,73.8308882565561,0.116315561896517
B,PCZ,WithTurning,74.0722511500609,0.115854528047231
B,PCZ,WithTurning,74.3144030906398,0.115394963814049
B,PCZ,WithTurning,74.5573466577917,0.114936866792365
B,PCZ,WithTurning,74.8010844394479,0.114480234566574
B,PCZ,WithTurning,75.0456190320004,0.11402506471019
B,PCZ,WithTurning,75.2909530403287,0.113571354785962
B,PCZ,WithTurning,75.5370890778283,0.113119102345991
B,PCZ,WithTurning,75.7840297664382,0.112668304931848
B,PCZ,WithTurning,76.0317777366687,0.112218960074687
B,PCZ,WithTurning,76.2803356276299,0.111771065295367
B,PCZ,WithTurning,76.529706087059,0.111324618104559
B,PCZ,WithTurning,76.7798917713496,0.110879616002868
B,PCZ,WithTurning,77.0308953455789,0.110436056480943
B,PCZ,WithTurning,77.2827194835367,0.109993937019595
B,PCZ,WithTurning,77.5353668677541,0.109553255089906
B,PCZ,WithTurning,77.7888401895314,0.109114008153345
B,PCZ,WithTurning,78.0431421489672,0.10867619366188
B,PCZ,WithTurning,78.0431421489672,0.10867619366188
B,PCZ,WithoutTurning,1.47620987254986,2.42526490483403
B,PCZ,WithoutTurning,1.48071144109177,2.37919909725645
B,PCZ,WithoutTurning,1.48522673675995,2.334122272568
B,PCZ,WithoutTurning,1.48975580141405,2.28999929004672
B,PCZ,WithoutTurning,1.49033614473459,2.28442224856891
B,PCZ,WithoutTurning,1.49429867704134,2.24678820043227
B,PCZ,WithoutTurning,1.49885540575713,2.20455173174439
B,PCZ,WithoutTurning,1.49964159607333,2.19738659467205
B,PCZ,WithoutTurning,1.50342602980516,2.16313970445356
B,PCZ,WithoutTurning,1.508010591558,2.12262055004555
B,PCZ,WithoutTurning,1.51228763465978,2.08655513281212
B,PCZ,WithoutTurning,1.51260913351741,2.08392592401447
B,PCZ,WithoutTurning,1.51722169831478,2.04631439304728
B,PCZ,WithoutTurning,1.52184832871146,2.00897274880789
B,PCZ,WithoutTurning,1.52648906759925,1.97214679938086
B,PCZ,WithoutTurning,1.53114395800071,1.93606458425906
B,PCZ,WithoutTurning,1.5358130430696,1.90093712212645
B,PCZ,WithoutTurning,1.54049636609127,1.86695940212726
B,PCZ,WithoutTurning,1.54519397048307,1.83431158547786
B,PCZ,WithoutTurning,1.54990589979476,1.80316038781784
B,PCZ,WithoutTurning,1.55463219770888,1.77366061677366
B,PCZ,WithoutTurning,1.55937290804118,1.74595684370492
B,PCZ,WithoutTurning,1.56412807474103,1.7201851934291
B,PCZ,WithoutTurning,1.56889774189181,1.69647524081321
B,PCZ,WithoutTurning,1.57037463455092,1.68958479173216
B,PCZ,WithoutTurning,1.57368195371135,1.67456913055349
B,PCZ,WithoutTurning,1.57848075455229,1.65338482438714
B,PCZ,WithoutTurning,1.58329418890253,1.63284343573932
B,PCZ,WithoutTurning,1.58812230138564,1.61294063467263
B,PCZ,WithoutTurning,1.59296513676125,1.59367210991278
B,PCZ,WithoutTurning,1.5978227399255,1.57503359515221
B,PCZ,WithoutTurning,1.60269515591143,1.55702089474724
B,PCZ,WithoutTurning,1.60758242988938,1.53962990886117
B,PCZ,WithoutTurning,1.61248460716748,1.52285665810856
B,PCZ,WithoutTurning,1.61740173319197,1.50669730775848
B,PCZ,WithoutTurning,1.62233385354772,1.49114819155735
B,PCZ,WithoutTurning,1.62728101395858,1.47620583523432
B,PCZ,WithoutTurning,1.63224326028784,1.46186697975526
B,PCZ,WithoutTurning,1.63722063853864,1.44812860439371
B,PCZ,WithoutTurning,1.64221319485442,1.43498794969033
B,PCZ,WithoutTurning,1.6472209755193,1.4224425403752
B,PCZ,WithoutTurning,1.65224402695856,1.41049020833033
B,PCZ,WithoutTurning,1.65728239573905,1.39912911567311
B,PCZ,WithoutTurning,1.66233612856962,1.38835777804498
B,PCZ,WithoutTurning,1.66740527230155,1.37817508819291
B,PCZ,WithoutTurning,1.67248987392898,1.36858033993572
B,PCZ,WithoutTurning,1.67410486286927,1.36566159155536
B,PCZ,WithoutTurning,1.67758998058938,1.35951447722528
B,PCZ,WithoutTurning,1.68270563956393,1.35079292882408
B,PCZ,WithoutTurning,1.68783689827802,1.34239483657421
B,PCZ,WithoutTurning,1.69298380430164,1.33431215181417
B,PCZ,WithoutTurning,1.69814640534985,1.32653711114455
B,PCZ,WithoutTurning,1.70332474928321,1.31906222486036
B,PCZ,WithoutTurning,1.70851888410821,1.31188026587231
B,PCZ,WithoutTurning,1.71372885797776,1.30498425909321
B,PCZ,WithoutTurning,1.71895471919158,1.29836747126681
B,PCZ,WithoutTurning,1.72419651619671,1.29202340121774
B,PCZ,WithoutTurning,1.7294542975879,1.28594577050197
B,PCZ,WithoutTurning,1.73472811210808,1.28012851443867
B,PCZ,WithoutTurning,1.74001800864883,1.27456577350494
B,PCZ,WithoutTurning,1.74532403625082,1.26925188507607
B,PCZ,WithoutTurning,1.75064624410427,1.26418137549477
B,PCZ,WithoutTurning,1.75598468154938,1.25934895245354
B,PCZ,WithoutTurning,1.76133939807683,1.25474949767535
B,PCZ,WithoutTurning,1.76183255582286,1.2543381215716
B,PCZ,WithoutTurning,1.76671044332822,1.25028629652225
B,PCZ,WithoutTurning,1.7720978670965,1.24583216964162
B,PCZ,WithoutTurning,1.77750171932648,1.24139366872121
B,PCZ,WithoutTurning,1.78292205011527,1.236978196825
B,PCZ,WithoutTurning,1.78835890971275,1.23259305118953
B,PCZ,WithoutTurning,1.79381234852203,1.22824542482033
B,PCZ,WithoutTurning,1.79928241709991,1.22394240851253
B,PCZ,WithoutTurning,1.80476916615737,1.21969099328502
B,PCZ,WithoutTurning,1.81027264656002,1.21549807321785
B,PCZ,WithoutTurning,1.81579290932858,1.2113704486832
B,PCZ,WithoutTurning,1.82133000563937,1.20731482996034
B,PCZ,WithoutTurning,1.82688398682476,1.20333784122612
B,PCZ,WithoutTurning,1.83245490437362,1.1994460249126
B,PCZ,WithoutTurning,1.83804280993189,1.19564584642443
B,PCZ,WithoutTurning,1.84364775530295,1.19194369920933
B,PCZ,WithoutTurning,1.84926979244818,1.18834591017563
B,PCZ,WithoutTurning,1.8549089734874,1.18485874545179
B,PCZ,WithoutTurning,1.86056535069935,1.18148841648371
B,PCZ,WithoutTurning,1.86623897652221,1.17824108646661
B,PCZ,WithoutTurning,1.87192990355407,1.17512287710911
B,PCZ,WithoutTurning,1.8776381845534,1.17213987572839
B,PCZ,WithoutTurning,1.88336387243954,1.16929814267635
B,PCZ,WithoutTurning,1.88910702029324,1.16660371909769
B,PCZ,WithoutTurning,1.89486768135707,1.16406263502228
B,PCZ,WithoutTurning,1.900645909036,1.1616809177953
B,PCZ,WithoutTurning,1.90644175689782,1.15946460085001
B,PCZ,WithoutTurning,1.91225527867369,1.15741973282929
B,PCZ,WithoutTurning,1.91808652825862,1.15555238706378
B,PCZ,WithoutTurning,1.92393555971195,1.15386867141558
B,PCZ,WithoutTurning,1.92980242725789,1.15237473849845
B,PCZ,WithoutTurning,1.93568718528598,1.15107679628675
B,PCZ,WithoutTurning,1.94158988835164,1.1499811191273
B,PCZ,WithoutTurning,1.94751059117663,1.14909405917019
B,PCZ,WithoutTurning,1.9534493486496,1.14842205823608
B,PCZ,WithoutTurning,1.95461881569667,1.1483158202907
B,PCZ,WithoutTurning,1.95940621582655,1.14790572065697
B,PCZ,WithoutTurning,1.9653812479314,1.14741333498305
B,PCZ,WithoutTurning,1.97137450035645,1.14694040732183
B,PCZ,WithoutTurning,1.97738602866291,1.1464863459331
B,PCZ,WithoutTurning,1.98341588858145,1.1460505609262
B,PCZ,WithoutTurning,1.98946413601264,1.14563246416621
B,PCZ,WithoutTurning,1.99553082702756,1.14523146918334
B,PCZ,WithoutTurning,2.00161601786823,1.14484699108533
B,PCZ,WithoutTurning,2.00771976494821,1.14447844647291
B,PCZ,WithoutTurning,2.01384212485307,1.14412525335828
B,PCZ,WithoutTurning,2.01998315434093,1.14378683108662
B,PCZ,WithoutTurning,2.02614291034301,1.14346260026059
B,PCZ,WithoutTurning,2.0323214499641,1.14315198266776
B,PCZ,WithoutTurning,2.03851883048317,1.1428544012111
B,PCZ,WithoutTurning,2.04473510935383,1.14256927984228
B,PCZ,WithoutTurning,2.05097034420489,1.14229604349805
B,PCZ,WithoutTurning,2.05722459284089,1.1420341180394
B,PCZ,WithoutTurning,2.06349791324267,1.14178293019375
B,PCZ,WithoutTurning,2.06979036356784,1.14154190749996
B,PCZ,WithoutTurning,2.07610200215137,1.14131047825623
B,PCZ,WithoutTurning,2.08243288750613,1.14108807147094
B,PCZ,WithoutTurning,2.0887830783234,1.14087411681628
B,PCZ,WithoutTurning,2.09515263347344,1.14066804458482
B,PCZ,WithoutTurning,2.10154161200604,1.14046928564883
B,PCZ,WithoutTurning,2.10795007315105,1.14027727142258
B,PCZ,WithoutTurning,2.11437807631893,1.14009143382738
B,PCZ,WithoutTurning,2.12082568110131,1.13991120525949
B,PCZ,WithoutTurning,2.12729294727155,1.13973601856085
B,PCZ,WithoutTurning,2.13377993478527,1.13956530699265
B,PCZ,WithoutTurning,2.14028670378092,1.13939850421174
B,PCZ,WithoutTurning,2.14681331458034,1.1392350442498
B,PCZ,WithoutTurning,2.15335982768932,1.13907436149537
B,PCZ,WithoutTurning,2.15992630379816,1.13891589067866
B,PCZ,WithoutTurning,2.16651280378222,1.13875906685922
B,PCZ,WithoutTurning,2.17311938870249,1.13860332541635
B,PCZ,WithoutTurning,2.17974611980617,1.13844810204231
B,PCZ,WithoutTurning,2.18639305852723,1.13829283273843
B,PCZ,WithoutTurning,2.19306026648697,1.13813695381386
B,PCZ,WithoutTurning,2.1997478054946,1.13797990188724
B,PCZ,WithoutTurning,2.20645573754781,1.13782111389112
B,PCZ,WithoutTurning,2.21318412483335,1.13766002707911
B,PCZ,WithoutTurning,2.2199330297276,1.13749607903593
B,PCZ,WithoutTurning,2.22670251479716,1.13732870769011
B,PCZ,WithoutTurning,2.2334926427994,1.13715735132959
B,PCZ,WithoutTurning,2.2403034766831,1.13698144862
B,PCZ,WithoutTurning,2.24713507958895,1.13680043862578
B,PCZ,WithoutTurning,2.25398751485022,1.13661376083402
B,PCZ,WithoutTurning,2.26086084599328,1.13642085518109
B,PCZ,WithoutTurning,2.26775513673825,1.13622116208201
B,PCZ,WithoutTurning,2.27467045099953,1.13601412246262
B,PCZ,WithoutTurning,2.28160685288644,1.1357991777944
B,PCZ,WithoutTurning,2.28856440670377,1.13557577013218
B,PCZ,WithoutTurning,2.29554317695244,1.13534334215445
B,PCZ,WithoutTurning,2.30254322833003,1.13510133720646
B,PCZ,WithoutTurning,2.30956462573143,1.13484919934608
B,PCZ,WithoutTurning,2.31660743424939,1.13458637339227
B,PCZ,WithoutTurning,2.32367171917518,1.1343123049764
B,PCZ,WithoutTurning,2.33075754599917,1.1340264405961
B,PCZ,WithoutTurning,2.33786498041143,1.13372822767198
B,PCZ,WithoutTurning,2.34499408830235,1.13341711460684
B,PCZ,WithoutTurning,2.35214493576324,1.1330925508477
B,PCZ,WithoutTurning,2.35931758908694,1.13275398695042
B,PCZ,WithoutTurning,2.36651211476848,1.13240087464691
B,PCZ,WithoutTurning,2.37372857950563,1.13203266691506
B,PCZ,WithoutTurning,2.37599249785858,1.13191419550831
B,PCZ,WithoutTurning,2.38096705019955,1.13164886098454
B,PCZ,WithoutTurning,2.38822759395541,1.13124936429852
B,PCZ,WithoutTurning,2.39551027808304,1.13083430938648
B,PCZ,WithoutTurning,2.40281517009748,1.1304038314174
B,PCZ,WithoutTurning,2.41014233771969,1.12995806601485
B,PCZ,WithoutTurning,2.4174918488771,1.12949714923975
B,PCZ,WithoutTurning,2.42486377170432,1.12902121757326
B,PCZ,WithoutTurning,2.43225817454371,1.12853040789982
B,PCZ,WithoutTurning,2.43967512594603,1.12802485749024
B,PCZ,WithoutTurning,2.44711469467107,1.12750470398497
B,PCZ,WithoutTurning,2.45457694968834,1.12697008537751
B,PCZ,WithoutTurning,2.46206196017761,1.12642113999789
B,PCZ,WithoutTurning,2.46956979552965,1.12585800649633
B,PCZ,WithoutTurning,2.47710052534681,1.125280823827
B,PCZ,WithoutTurning,2.48465421944369,1.12468973123195
B,PCZ,WithoutTurning,2.49223094784779,1.12408486822511
B,PCZ,WithoutTurning,2.49983078080015,1.12346637457652
B,PCZ,WithoutTurning,2.50745378875599,1.12283439029661
B,PCZ,WithoutTurning,2.51510004238539,1.12218905562065
B,PCZ,WithoutTurning,2.52276961257394,1.12153051099337
B,PCZ,WithoutTurning,2.53046257042337,1.12085889705372
B,PCZ,WithoutTurning,2.53817898725224,1.12017435461967
B,PCZ,WithoutTurning,2.54591893459659,1.11947702467333
B,PCZ,WithoutTurning,2.55368248421059,1.11876704834608
B,PCZ,WithoutTurning,2.56146970806724,1.11804456690387
B,PCZ,WithoutTurning,2.569280678359,1.11730972173275
B,PCZ,WithoutTurning,2.57711546749846,1.11656265432442
B,PCZ,WithoutTurning,2.58497414811907,1.11580350626206
B,PCZ,WithoutTurning,2.59285679307572,1.11503241920622
B,PCZ,WithoutTurning,2.60076347544549,1.1142495348809
B,PCZ,WithoutTurning,2.60869426852831,1.11345499505978
B,PCZ,WithoutTurning,2.61664924584761,1.11264894155261
B,PCZ,WithoutTurning,2.62462848115103,1.11183151619175
B,PCZ,WithoutTurning,2.6326320484111,1.11100286081885
B,PCZ,WithoutTurning,2.64066002182593,1.1101631172717
B,PCZ,WithoutTurning,2.64871247581988,1.10931242737127
B,PCZ,WithoutTurning,2.65678948504426,1.10845093290887
B,PCZ,WithoutTurning,2.66489112437803,1.10757877563344
B,PCZ,WithoutTurning,2.67301746892847,1.10669609723909
B,PCZ,WithoutTurning,2.68116859403191,1.10580303935272
B,PCZ,WithoutTurning,2.68934457525442,1.10489974352183
B,PCZ,WithoutTurning,2.69754548839246,1.1039863512025
B,PCZ,WithoutTurning,2.70577140947368,1.10306300374752
B,PCZ,WithoutTurning,2.71402241475753,1.10212984239469
B,PCZ,WithoutTurning,2.72229858073601,1.10118700825525
B,PCZ,WithoutTurning,2.7305999841344,1.10023464230254
B,PCZ,WithoutTurning,2.73892670191192,1.09927288536076
B,PCZ,WithoutTurning,2.74727881126248,1.09830187809392
B,PCZ,WithoutTurning,2.75565638961539,1.09732176099494
B,PCZ,WithoutTurning,2.76405951463607,1.09633267437498
B,PCZ,WithoutTurning,2.77248826422676,1.09533475835279
B,PCZ,WithoutTurning,2.7809427165273,1.09432815284439
B,PCZ,WithoutTurning,2.78942294991575,1.09331299755282
B,PCZ,WithoutTurning,2.79792904300922,1.09228943195802
B,PCZ,WithoutTurning,2.80646107466455,1.09125759530703
B,PCZ,WithoutTurning,2.81501912397902,1.09021762660414
B,PCZ,WithoutTurning,2.82360327029114,1.08916966460139
B,PCZ,WithoutTurning,2.83221359318135,1.08811384778915
B,PCZ,WithoutTurning,2.84085017247275,1.08705031438684
B,PCZ,WithoutTurning,2.84951308823186,1.0859792023339
B,PCZ,WithoutTurning,2.85820242076937,1.08490064928082
B,PCZ,WithoutTurning,2.86691825064084,1.08381479258044
B,PCZ,WithoutTurning,2.87566065864751,1.08272176927931
B,PCZ,WithoutTurning,2.88442972583699,1.08162171610931
B,PCZ,WithoutTurning,2.89322553350405,1.08051476947936
B,PCZ,WithoutTurning,2.90204816319136,1.07940106546731
B,PCZ,WithoutTurning,2.91089769669025,1.07828073981206
B,PCZ,WithoutTurning,2.91977421604146,1.07715392790571
B,PCZ,WithoutTurning,2.92867780353589,1.076020764786
B,PCZ,WithoutTurning,2.93760854171542,1.07488138512884
B,PCZ,WithoutTurning,2.9465665133736,1.07373592324102
B,PCZ,WithoutTurning,2.95555180155645,1.07258451305309
B,PCZ,WithoutTurning,2.96456448956326,1.07142728811236
B,PCZ,WithoutTurning,2.9736046609473,1.07026438157614
B,PCZ,WithoutTurning,2.98267239951666,1.06909592620505
B,PCZ,WithoutTurning,2.99176778933497,1.06792205435656
B,PCZ,WithoutTurning,3.00089091472221,1.0667428979786
B,PCZ,WithoutTurning,3.0100418602555,1.06555858860346
B,PCZ,WithoutTurning,3.01922071076985,1.06436925734171
B,PCZ,WithoutTurning,3.02842755135899,1.06317503487637
B,PCZ,WithoutTurning,3.03766246737611,1.06197605145719
B,PCZ,WithoutTurning,3.04692554443469,1.06077243689511
B,PCZ,WithoutTurning,3.05621686840928,1.05956432055683
B,PCZ,WithoutTurning,3.06553652543631,1.05835183135961
B,PCZ,WithoutTurning,3.07488460191485,1.05713509776617
B,PCZ,WithoutTurning,3.08426118450744,1.05591424777971
B,PCZ,WithoutTurning,3.09366636014092,1.05468940893917
B,PCZ,WithoutTurning,3.10310021600716,1.05346070831459
B,PCZ,WithoutTurning,3.11256283956396,1.0522282725026
B,PCZ,WithoutTurning,3.12205431853577,1.0509922276221
B,PCZ,WithoutTurning,3.13157474091458,1.04975269931006
B,PCZ,WithoutTurning,3.14112419496069,1.0485098127175
B,PCZ,WithoutTurning,3.15070276920354,1.04726369250558
B,PCZ,WithoutTurning,3.16031055244255,1.04601446284186
B,PCZ,WithoutTurning,3.1699476337479,1.0447622473967
B,PCZ,WithoutTurning,3.17961410246141,1.04350716933979
B,PCZ,WithoutTurning,3.18931004819731,1.04224935133685
B,PCZ,WithoutTurning,3.19903556084311,1.04098891554646
B,PCZ,WithoutTurning,3.20879073056045,1.039725983617
B,PCZ,WithoutTurning,3.21857564778587,1.03846067668382
B,PCZ,WithoutTurning,3.22839040323172,1.03719311536643
B,PCZ,WithoutTurning,3.23823508788694,1.03592341976594
B,PCZ,WithoutTurning,3.24810979301796,1.03465170946254
B,PCZ,WithoutTurning,3.2580146101695,1.03337810351321
B,PCZ,WithoutTurning,3.26794963116545,1.03210272044949
B,PCZ,WithoutTurning,3.2779149481097,1.03082567827546
B,PCZ,WithoutTurning,3.287910653387,1.02954709446575
B,PCZ,WithoutTurning,3.29793683966383,1.02826708596381
B,PCZ,WithoutTurning,3.30799359988925,1.02698576918018
B,PCZ,WithoutTurning,3.31808102729574,1.02570325999102
B,PCZ,WithoutTurning,3.32819921540009,1.0244196737367
B,PCZ,WithoutTurning,3.33834825800429,1.02313512522047
B,PCZ,WithoutTurning,3.34852824919633,1.02184972870741
B,PCZ,WithoutTurning,3.35873928335113,1.02056359792335
B,PCZ,WithoutTurning,3.36898145513141,1.01927684605399
B,PCZ,WithoutTurning,3.37925485948853,1.01798958574417
B,PCZ,WithoutTurning,3.38955959166343,1.0167019290972
B,PCZ,WithoutTurning,3.39989574718743,1.01541398767436
B,PCZ,WithoutTurning,3.41026342188321,1.0141258724945
B,PCZ,WithoutTurning,3.42066271186564,1.01283769403379
B,PCZ,WithoutTurning,3.43109371354266,1.01154956222555
B,PCZ,WithoutTurning,3.44155652361623,1.01026158646024
B,PCZ,WithoutTurning,3.45205123908317,1.00897387558551
B,PCZ,WithoutTurning,3.4625779572361,1.00768653790647
B,PCZ,WithoutTurning,3.47313677566432,1.00639968118596
B,PCZ,WithoutTurning,3.4837277922547,1.00511341264501
B,PCZ,WithoutTurning,3.49435110519264,1.00382783896339
B,PCZ,WithoutTurning,3.50500681296294,1.00254306628029
B,PCZ,WithoutTurning,3.51569501435069,1.00125920019509
B,PCZ,WithoutTurning,3.52641580844225,0.999976345768224
B,PCZ,WithoutTurning,3.53716929462612,0.99869460752225
B,PCZ,WithoutTurning,3.54795557259389,0.997414089442898
B,PCZ,WithoutTurning,3.55877474234113,0.996134894980323
B,PCZ,WithoutTurning,3.56962690416835,0.994857127050424
B,PCZ,WithoutTurning,3.58051215868192,0.993580888036283
B,PCZ,WithoutTurning,3.59143060679499,0.992306279789703
B,PCZ,WithoutTurning,3.60238234972844,0.991033403632858
B,PCZ,WithoutTurning,3.61336748901182,0.989762360360038
B,PCZ,WithoutTurning,3.62438612648427,0.988493250239505
B,PCZ,WithoutTurning,3.63543836429549,0.987226173015446
B,PCZ,WithoutTurning,3.64652430490669,0.985961227910029
B,PCZ,WithoutTurning,3.6576440510915,0.984698513625559
B,PCZ,WithoutTurning,3.66879770593696,0.983438128346732
B,PCZ,WithoutTurning,3.67998537284447,0.982180169742986
B,PCZ,WithoutTurning,3.69120715553073,0.980924734970955
B,PCZ,WithoutTurning,3.70246315802874,0.979671920677011
B,PCZ,WithoutTurning,3.7137534846887,0.978421822999909
B,PCZ,WithoutTurning,3.72507824017905,0.977174537573523
B,PCZ,WithoutTurning,3.73643752948739,0.975930159529671
B,PCZ,WithoutTurning,3.74783145792149,0.974688783501046
B,PCZ,WithoutTurning,3.75926013111022,0.973450503624221
B,PCZ,WithoutTurning,3.77072365500456,0.972215413542762
B,PCZ,WithoutTurning,3.78222213587861,0.97098360641042
B,PCZ,WithoutTurning,3.7937556803305,0.969755174894414
B,PCZ,WithoutTurning,3.80532439528344,0.968530211178809
B,PCZ,WithoutTurning,3.81692838798671,0.967308806967971
B,PCZ,WithoutTurning,3.8285677660166,0.96609105349012
B,PCZ,WithoutTurning,3.84024263727748,0.964877041500959
B,PCZ,WithoutTurning,3.85195311000274,0.963666861287394
B,PCZ,WithoutTurning,3.86369929275583,0.962460602671339
B,PCZ,WithoutTurning,3.87548129443125,0.961258355013599
B,PCZ,WithoutTurning,3.88729922425556,0.960060207217841
B,PCZ,WithoutTurning,3.89915319178842,0.958866247734645
B,PCZ,WithoutTurning,3.91104330692354,0.957676564565637
B,PCZ,WithoutTurning,3.91939194140421,0.956845981935705
B,PCZ,WithoutTurning,3.92296967988979,0.956490528922159
B,PCZ,WithoutTurning,3.93493242125213,0.955296963916273
B,PCZ,WithoutTurning,3.94693164191269,0.954092243821526
B,PCZ,WithoutTurning,3.95896745311181,0.952876672388949
B,PCZ,WithoutTurning,3.97103996642903,0.951650552425509
B,PCZ,WithoutTurning,3.98314929378412,0.950414185762397
B,PCZ,WithoutTurning,3.99529554743818,0.949167873224253
B,PCZ,WithoutTurning,4.00747883999461,0.94791191459929
B,PCZ,WithoutTurning,4.0196992844002,0.946646608610349
B,PCZ,WithoutTurning,4.03195699394614,0.945372252886847
B,PCZ,WithoutTurning,4.04425208226913,0.944089143937647
B,PCZ,WithoutTurning,4.05658466335236,0.942797577124823
B,PCZ,WithoutTurning,4.06895485152661,0.941497846638326
B,PCZ,WithoutTurning,4.0813627614713,0.940190245471544
B,PCZ,WithoutTurning,4.09380850821557,0.938875065397751
B,PCZ,WithoutTurning,4.10629220713932,0.937552596947448
B,PCZ,WithoutTurning,4.11881397397427,0.936223129386576
B,PCZ,WithoutTurning,4.1313739248051,0.934886950695613
B,PCZ,WithoutTurning,4.14397217607044,0.933544347549532
B,PCZ,WithoutTurning,4.156608844564,0.932195605298634
B,PCZ,WithoutTurning,4.16928404743564,0.930841007950236
B,PCZ,WithoutTurning,4.18199790219248,0.929480838151213
B,PCZ,WithoutTurning,4.19475052669994,0.928115377171384
B,PCZ,WithoutTurning,4.20754203918286,0.926744904887753
B,PCZ,WithoutTurning,4.22037255822662,0.925369699769571
B,PCZ,WithoutTurning,4.23324220277819,0.92399003886424
B,PCZ,WithoutTurning,4.24615109214727,0.922606197784028
B,PCZ,WithoutTurning,4.25909934600739,0.921218450693616
B,PCZ,WithoutTurning,4.272087084397,0.919827070298444
B,PCZ,WithoutTurning,4.28511442772061,0.918432327833866
B,PCZ,WithoutTurning,4.29818149674988,0.917034493055101
B,PCZ,WithoutTurning,4.31128841262475,0.915633834227971
B,PCZ,WithoutTurning,4.32443529685459,0.914230618120433
B,PCZ,WithoutTurning,4.33762227131927,0.912825109994876
B,PCZ,WithoutTurning,4.35084945827035,0.911417573601189
B,PCZ,WithoutTurning,4.36411698033216,0.910008271170603
B,PCZ,WithoutTurning,4.37742496050298,0.90859746341027
B,PCZ,WithoutTurning,4.39077352215615,0.907185409498606
B,PCZ,WithoutTurning,4.40416278904124,0.905772367081367
B,PCZ,WithoutTurning,4.41759288528517,0.904358592268457
B,PCZ,WithoutTurning,4.43106393539338,0.902944339631471
B,PCZ,WithoutTurning,4.44457606425097,0.901529862201947
B,PCZ,WithoutTurning,4.45812939712387,0.900115411470335
B,PCZ,WithoutTurning,4.47172405966002,0.898701237385669
B,PCZ,WithoutTurning,4.48536017789047,0.897287588355937
B,PCZ,WithoutTurning,4.49903787823062,0.895874711249141
B,PCZ,WithoutTurning,4.51275728748136,0.894462851395033
B,PCZ,WithoutTurning,4.52651853283023,0.893052252587539
B,PCZ,WithoutTurning,4.54032174185263,0.891643157087835
B,PCZ,WithoutTurning,4.554167042513,0.890235805628096
B,PCZ,WithoutTurning,4.56805456316598,0.88883043741589
B,PCZ,WithoutTurning,4.58198443255761,0.887427290139223
B,PCZ,WithoutTurning,4.59595677982655,0.88602659997222
B,PCZ,WithoutTurning,4.60997173450524,0.884628601581435
B,PCZ,WithoutTurning,4.62402942652114,0.883233528132794
B,PCZ,WithoutTurning,4.63812998619787,0.881841611299144
B,PCZ,WithoutTurning,4.65227354425651,0.880453081268421
B,PCZ,WithoutTurning,4.66646023181672,0.879068166752417
B,PCZ,WithoutTurning,4.68069018039803,0.877687094996145
B,PCZ,WithoutTurning,4.694963521921,0.876310091787791
B,PCZ,WithoutTurning,4.70928038870849,0.874937381469254
B,PCZ,WithoutTurning,4.72364091348686,0.873569186947258
B,PCZ,WithoutTurning,4.7380452293872,0.872205729705034
B,PCZ,WithoutTurning,4.75249346994659,0.870847229814567
B,PCZ,WithoutTurning,4.76698576910929,0.869493905949396
B,PCZ,WithoutTurning,4.78152226122803,0.868145975397971
B,PCZ,WithoutTurning,4.79610308106525,0.866803654077545
B,PCZ,WithoutTurning,4.8107283637943,0.865467156548613
B,PCZ,WithoutTurning,4.82539824500076,0.864136696029876
B,PCZ,WithoutTurning,4.84011286068366,0.862812484413735
B,PCZ,WithoutTurning,4.85487234725672,0.861494732282305
B,PCZ,WithoutTurning,4.86967684154969,0.86018364892394
B,PCZ,WithoutTurning,4.88452648080952,0.858879442350272
B,PCZ,WithoutTurning,4.89942140270172,0.857582319313751
B,PCZ,WithoutTurning,4.91436174531157,0.856292485325681
B,PCZ,WithoutTurning,4.92934764714545,0.855010144674755
B,PCZ,WithoutTurning,4.9443792471321,0.85373550044607
B,PCZ,WithoutTurning,4.9594566846239,0.852468754540632
B,PCZ,WithoutTurning,4.97458009939817,0.851210107695337
B,PCZ,WithoutTurning,4.98974963165849,0.849959759503424
B,PCZ,WithoutTurning,5.00496542203595,0.848717908435396
B,PCZ,WithoutTurning,5.02022761159051,0.847484751860412
B,PCZ,WithoutTurning,5.03553634181225,0.846260486068133
B,PCZ,WithoutTurning,5.05089175462275,0.845045306291026
B,PCZ,WithoutTurning,5.05984479019527,0.84434275094298
B,PCZ,WithoutTurning,5.06629399237632,0.843839220093265
B,PCZ,WithoutTurning,5.0817431978614,0.842640723341595
B,PCZ,WithoutTurning,5.09723951430184,0.841449333246347
B,PCZ,WithoutTurning,5.11278308535825,0.840264909742376
B,PCZ,WithoutTurning,5.12837405512929,0.839087313579667
B,PCZ,WithoutTurning,5.14401256815306,0.837916406313075
B,PCZ,WithoutTurning,5.15969876940842,0.836752050292303
B,PCZ,WithoutTurning,5.17543280431632,0.835594108652099
B,PCZ,WithoutTurning,5.19121481874115,0.834442445302684
B,PCZ,WithoutTurning,5.20704495899211,0.833296924920394
B,PCZ,WithoutTurning,5.22292337182457,0.832157412938549
B,PCZ,WithoutTurning,5.23885020444138,0.831023775538533
B,PCZ,WithoutTurning,5.25482560449431,0.829895879641092
B,PCZ,WithoutTurning,5.27084972008537,0.82877359289785
B,PCZ,WithoutTurning,5.28692269976817,0.827656783683024
B,PCZ,WithoutTurning,5.30304469254936,0.826545321085363
B,PCZ,WithoutTurning,5.31921584788994,0.825439074900279
B,PCZ,WithoutTurning,5.3354363157067,0.824337915622196
B,PCZ,WithoutTurning,5.35170624637356,0.823241714437095
B,PCZ,WithoutTurning,5.36802579072303,0.822150343215263
B,PCZ,WithoutTurning,5.38439510004753,0.821063674504238
B,PCZ,WithoutTurning,5.40081432610087,0.819981581521957
B,PCZ,WithoutTurning,5.4172836210996,0.818903938150096
B,PCZ,WithoutTurning,5.43380313772443,0.817830618927603
B,PCZ,WithoutTurning,5.45037302912167,0.816761499044429
B,PCZ,WithoutTurning,5.46699344890464,0.815696454335443
B,PCZ,WithoutTurning,5.48366455115509,0.81463536127454
B,PCZ,WithoutTurning,5.50038649042461,0.813578096968933
B,PCZ,WithoutTurning,5.5171594217361,0.812524539153635
B,PCZ,WithoutTurning,5.53398350058518,0.81147456618612
B,PCZ,WithoutTurning,5.55085888294164,0.810428057041169
B,PCZ,WithoutTurning,5.56778572525089,0.809384891305896
B,PCZ,WithoutTurning,5.5847641844354,0.808344949174955
B,PCZ,WithoutTurning,5.60179441789617,0.807308111445917
B,PCZ,WithoutTurning,5.61887658351417,0.806274259514837
B,PCZ,WithoutTurning,5.63601083965183,0.805243275371981
B,PCZ,WithoutTurning,5.65319734515446,0.804215041597734
B,PCZ,WithoutTurning,5.67043625935179,0.803189441358679
B,PCZ,WithoutTurning,5.68772774205939,0.802166358403842
B,PCZ,WithoutTurning,5.70507195358017,0.801145677061111
B,PCZ,WithoutTurning,5.7224690547059,0.800127282233818
B,PCZ,WithoutTurning,5.73991920671864,0.799111059397489
B,PCZ,WithoutTurning,5.75742257139226,0.798096894596757
B,PCZ,WithoutTurning,5.77497931099398,0.797084674442438
B,PCZ,WithoutTurning,5.7925895882858,0.796074286108771
B,PCZ,WithoutTurning,5.81025356652608,0.795065617330813
B,PCZ,WithoutTurning,5.82797140947099,0.794058556402
B,PCZ,WithoutTurning,5.84574328137609,0.793052992171857
B,PCZ,WithoutTurning,5.86356934699781,0.792048814043873
B,PCZ,WithoutTurning,5.88144977159498,0.791045911973521
B,PCZ,WithoutTurning,5.89938472093039,0.790044176466441
B,PCZ,WithoutTurning,5.9173743612723,0.789043498576771
B,PCZ,WithoutTurning,5.93541885939598,0.788043769905624
B,PCZ,WithoutTurning,5.95351838258528,0.787044882599722
B,PCZ,WithoutTurning,5.97167309863417,0.786046729350178
B,PCZ,WithoutTurning,5.98988317584827,0.785049203391415
B,PCZ,WithoutTurning,6.00814878304647,0.784052198500245
B,PCZ,WithoutTurning,6.02647008956241,0.78305560899508
B,PCZ,WithoutTurning,6.04484726524615,0.782059329735291
B,PCZ,WithoutTurning,6.06328048046565,0.781063256120714
B,PCZ,WithoutTurning,6.0817699061084,0.780067284091284
B,PCZ,WithoutTurning,6.10031571358303,0.779071310126818
B,PCZ,WithoutTurning,6.11891807482082,0.778075231246936
B,PCZ,WithoutTurning,6.13757716227736,0.77707894501111
B,PCZ,WithoutTurning,6.15629314893412,0.776082349518857
B,PCZ,WithoutTurning,6.17506620830008,0.775085343410066
B,PCZ,WithoutTurning,6.1938965144133,0.774087825865447
B,PCZ,WithoutTurning,6.21278424184256,0.773089696607126
B,PCZ,WithoutTurning,6.23172956568897,0.77209085589936
B,PCZ,WithoutTurning,6.25073266158761,0.771091204549387
B,PCZ,WithoutTurning,6.26979370570911,0.770090643908394
B,PCZ,WithoutTurning,6.28891287476134,0.769089075872628
B,PCZ,WithoutTurning,6.30809034599103,0.768086402884615
B,PCZ,WithoutTurning,6.3273262971854,0.76708252793451
B,PCZ,WithoutTurning,6.34662090667381,0.766077354561573
B,PCZ,WithoutTurning,6.36597435332943,0.76507078685576
B,PCZ,WithoutTurning,6.38538681657087,0.764062729459436
B,PCZ,WithoutTurning,6.40485847636388,0.763053087569207
B,PCZ,WithoutTurning,6.424389513223,0.762041766937869
B,PCZ,WithoutTurning,6.44398010821321,0.76102867387647
B,PCZ,WithoutTurning,6.46363044295166,0.760013715256492
B,PCZ,WithoutTurning,6.48334069960929,0.758996798512144
B,PCZ,WithoutTurning,6.5031110609126,0.75797783164276
B,PCZ,WithoutTurning,6.52294171014526,0.756956723215318
B,PCZ,WithoutTurning,6.54283283114986,0.755933382367063
B,PCZ,WithoutTurning,6.56278460832961,0.754907718808235
B,PCZ,WithoutTurning,6.58279722665002,0.753879642824909
B,PCZ,WithoutTurning,6.60287087164065,0.752849065281934
B,PCZ,WithoutTurning,6.62300572939682,0.75181589762598
B,PCZ,WithoutTurning,6.64320198658132,0.750780051888685
B,PCZ,WithoutTurning,6.66345983042616,0.749741440689903
B,PCZ,WithoutTurning,6.68377944873429,0.74869997724105
B,PCZ,WithoutTurning,6.70416102988134,0.747655575348549
B,PCZ,WithoutTurning,6.72460476281741,0.746608149417371
B,PCZ,WithoutTurning,6.74511083706873,0.745557614454671
B,PCZ,WithoutTurning,6.76567944273953,0.744503886073514
B,PCZ,WithoutTurning,6.78631077051371,0.7434468804967
B,PCZ,WithoutTurning,6.80700501165666,0.742386514560672
B,PCZ,WithoutTurning,6.827762358017,0.741322705719512
B,PCZ,WithoutTurning,6.84858300202839,0.740255372049037
B,PCZ,WithoutTurning,6.86946713671129,0.73918443225096
B,PCZ,WithoutTurning,6.89041495567477,0.738109805657153
B,PCZ,WithoutTurning,6.91142665311829,0.737031412233985
B,PCZ,WithoutTurning,6.93250242383348,0.735949172586737
B,PCZ,WithoutTurning,6.95364246320601,0.734863007964108
B,PCZ,WithoutTurning,6.97484696721733,0.733772840262783
B,PCZ,WithoutTurning,6.99611613244652,0.732678592032092
B,PCZ,WithoutTurning,7.01745015607214,0.731580186478732
B,PCZ,WithoutTurning,7.03884923587398,0.730477547471568
B,PCZ,WithoutTurning,7.06031357023499,0.729370599546504
B,PCZ,WithoutTurning,7.08184335814304,0.72825926791142
B,PCZ,WithoutTurning,7.1034387991928,0.727143478451181
B,PCZ,WithoutTurning,7.12510009358759,0.72602315773271
B,PCZ,WithoutTurning,7.14682744214123,0.724898233010121
B,PCZ,WithoutTurning,7.16862104627992,0.723768632229923
B,PCZ,WithoutTurning,7.19048110804407,0.722634284036277
B,PCZ,WithoutTurning,7.21240783009019,0.721495117776314
B,PCZ,WithoutTurning,7.23440141569279,0.720351063505513
B,PCZ,WithoutTurning,7.25646206874624,0.719202051993129
B,PCZ,WithoutTurning,7.27858999376667,0.718048014727676
B,PCZ,WithoutTurning,7.30078539589386,0.716888883922463
B,PCZ,WithoutTurning,7.32304848089315,0.715724592521182
B,PCZ,WithoutTurning,7.32593762442866,0.71557337763683
B,PCZ,WithoutTurning,7.34537945515733,0.714555914234267
B,PCZ,WithoutTurning,7.36777852570858,0.713384205244372
B,PCZ,WithoutTurning,7.39024590020038,0.712209526532741
B,PCZ,WithoutTurning,7.41278178691941,0.711031920661381
B,PCZ,WithoutTurning,7.43538639478751,0.709851430075209
B,PCZ,WithoutTurning,7.45805993336362,0.708668097100553
B,PCZ,WithoutTurning,7.48080261284569,0.707481963943681
B,PCZ,WithoutTurning,7.50361464407268,0.706293072689349
B,PCZ,WithoutTurning,7.52649623852646,0.705101465299369
B,PCZ,WithoutTurning,7.54944760833379,0.703907183611191
B,PCZ,WithoutTurning,7.57246896626831,0.702710269336509
B,PCZ,WithoutTurning,7.59556052575248,0.701510764059885
B,PCZ,WithoutTurning,7.6187225008596,0.700308709237394
B,PCZ,WithoutTurning,7.64195510631572,0.699104146195282
B,PCZ,WithoutTurning,7.66525855750171,0.697897116128651
B,PCZ,WithoutTurning,7.68863307045523,0.696687660100159
B,PCZ,WithoutTurning,7.7120788618727,0.695475819038736
B,PCZ,WithoutTurning,7.73559614911136,0.694261633738327
B,PCZ,WithoutTurning,7.75918515019126,0.693045144856645
B,PCZ,WithoutTurning,7.78284608379726,0.69182639291395
B,PCZ,WithoutTurning,7.8065791692811,0.690605418291842
B,PCZ,WithoutTurning,7.83038462666342,0.689382261232076
B,PCZ,WithoutTurning,7.85426267663576,0.688156961835391
B,PCZ,WithoutTurning,7.87821354056268,0.686929560060368
B,PCZ,WithoutTurning,7.90223744048374,0.685700095722292
B,PCZ,WithoutTurning,7.9263345991156,0.684468608492045
B,PCZ,WithoutTurning,7.95050523985408,0.683235137895009
B,PCZ,WithoutTurning,7.97474958677622,0.681999723309995
B,PCZ,WithoutTurning,7.99906786464236,0.680762403968184
B,PCZ,WithoutTurning,8.02346029889823,0.67952321895209
B,PCZ,WithoutTurning,8.04792711567705,0.678282207194538
B,PCZ,WithoutTurning,8.07246854180158,0.677039407477665
B,PCZ,WithoutTurning,8.09708480478628,0.675794858431934
B,PCZ,WithoutTurning,8.12177613283939,0.674548598535169
B,PCZ,WithoutTurning,8.14654275486505,0.673300666111608
B,PCZ,WithoutTurning,8.17138490046543,0.672051099330975
B,PCZ,WithoutTurning,8.19630279994283,0.670799936207563
B,PCZ,WithoutTurning,8.22129668430185,0.669547214599346
B,PCZ,WithoutTurning,8.24636678525152,0.668292972207097
B,PCZ,WithoutTurning,8.27151333520745,0.667037246573534
B,PCZ,WithoutTurning,8.29673656729396,0.665780075082478
B,PCZ,WithoutTurning,8.32203671534629,0.664521494958024
B,PCZ,WithoutTurning,8.3474140139127,0.663261543263743
B,PCZ,WithoutTurning,8.37286869825673,0.662000256901888
B,PCZ,WithoutTurning,8.39840100435931,0.660737672612623
B,PCZ,WithoutTurning,8.42401116892096,0.659473826973268
B,PCZ,WithoutTurning,8.44969942936402,0.658208756397564
B,PCZ,WithoutTurning,8.47546602383482,0.656942497134949
B,PCZ,WithoutTurning,8.5013111912059,0.655675085269859
B,PCZ,WithoutTurning,8.52723517107821,0.654406556721036
B,PCZ,WithoutTurning,8.55323820378335,0.653136947240863
B,PCZ,WithoutTurning,8.57932053038578,0.651866292414708
B,PCZ,WithoutTurning,8.60548239268508,0.650594627660287
B,PCZ,WithoutTurning,8.63172403321816,0.649321988227046
B,PCZ,WithoutTurning,8.65804569526153,0.648048409195556
B,PCZ,WithoutTurning,8.68444762283356,0.646773925476925
B,PCZ,WithoutTurning,8.71093006069672,0.645498571812227
B,PCZ,WithoutTurning,8.73749325435985,0.644222382771949
B,PCZ,WithoutTurning,8.76413745008048,0.642945392755448
B,PCZ,WithoutTurning,8.79086289486705,0.641667635990432
B,PCZ,WithoutTurning,8.81766983648125,0.640389146532449
B,PCZ,WithoutTurning,8.84455852344028,0.6391099582644
B,PCZ,WithoutTurning,8.87152920501917,0.637830104896059
B,PCZ,WithoutTurning,8.89858213125312,0.636549619963614
B,PCZ,WithoutTurning,8.92571755293975,0.635268536829225
B,PCZ,WithoutTurning,8.95293572164151,0.633986888680589
B,PCZ,WithoutTurning,8.98023688968791,0.632704708530532
B,PCZ,WithoutTurning,9.00762131017797,0.631422029216606
B,PCZ,WithoutTurning,9.03508923698249,0.630138883400707
B,PCZ,WithoutTurning,9.06264092474641,0.628855303568706
B,PCZ,WithoutTurning,9.09027662889122,0.627571322030095
B,PCZ,WithoutTurning,9.11799660561726,0.626286970917647
B,PCZ,WithoutTurning,9.14580111190616,0.625002282187093
B,PCZ,WithoutTurning,9.17369040552319,0.62371728761681
B,PCZ,WithoutTurning,9.20166474501961,0.62243201880753
B,PCZ,WithoutTurning,9.22972438973517,0.621146507182052
B,PCZ,WithoutTurning,9.25786959980041,0.619860783984984
B,PCZ,WithoutTurning,9.28610063613913,0.618574880282483
B,PCZ,WithoutTurning,9.31441776047079,0.617288826962019
B,PCZ,WithoutTurning,9.34282123531294,0.616002654732153
B,PCZ,WithoutTurning,9.37131132398366,0.614716394122323
B,PCZ,WithoutTurning,9.39988829060399,0.613430075482651
B,PCZ,WithoutTurning,9.42855240010037,0.612143728983754
B,PCZ,WithoutTurning,9.45730391820714,0.61085738461658
B,PCZ,WithoutTurning,9.48614311146894,0.609571072192249
B,PCZ,WithoutTurning,9.51507024724324,0.608284821341911
B,PCZ,WithoutTurning,9.54408559370277,0.606998661516617
B,PCZ,WithoutTurning,9.57318941983805,0.6057126219872
B,PCZ,WithoutTurning,9.60238199545984,0.604426731844176
B,PCZ,WithoutTurning,9.63166359120169,0.603141019997649
B,PCZ,WithoutTurning,9.6610344785224,0.601855515177236
B,PCZ,WithoutTurning,9.69049492970856,0.600570245932
B,PCZ,WithoutTurning,9.72004521787709,0.599285240630402
B,PCZ,WithoutTurning,9.74968561697774,0.598000527460254
B,PCZ,WithoutTurning,9.77941640179565,0.596716134428699
B,PCZ,WithoutTurning,9.8092378479539,0.595432089362189
B,PCZ,WithoutTurning,9.83915023191605,0.594148419906489
B,PCZ,WithoutTurning,9.86915383098871,0.592865153526678
B,PCZ,WithoutTurning,9.89924892332411,0.591582317507177
B,PCZ,WithoutTurning,9.92943578792267,0.590299938951778
B,PCZ,WithoutTurning,9.95971470463563,0.589018044783689
B,PCZ,WithoutTurning,9.99008595416759,0.58773666174559
B,PCZ,WithoutTurning,10.0205498180791,0.586455816399704
B,PCZ,WithoutTurning,10.0511065787894,0.58517553512787
B,PCZ,WithoutTurning,10.0817565195788,0.583895844131637
B,PCZ,WithoutTurning,10.1124999245916,0.582616769432367
B,PCZ,WithoutTurning,10.1433370788385,0.581338336871345
B,PCZ,WithoutTurning,10.1742682681993,0.580060572109901
B,PCZ,WithoutTurning,10.2052937794255,0.578783500629551
B,PCZ,WithoutTurning,10.2364139001431,0.577507147732134
B,PCZ,WithoutTurning,10.2676289188554,0.576231538539975
B,PCZ,WithoutTurning,10.298939124945,0.574956697996047
B,PCZ,WithoutTurning,10.3303448086773,0.573682650864148
B,PCZ,WithoutTurning,10.3618462612028,0.572409421729092
B,PCZ,WithoutTurning,10.3934437745597,0.571137034996901
B,PCZ,WithoutTurning,10.4251376416769,0.569865514895018
B,PCZ,WithoutTurning,10.4569281563764,0.568594885472519
B,PCZ,WithoutTurning,10.4888156133762,0.567325170600345
B,PCZ,WithoutTurning,10.5208003082933,0.566056393971536
B,PCZ,WithoutTurning,10.5528825376457,0.564788579101479
B,PCZ,WithoutTurning,10.585062598856,0.563521749328166
B,PCZ,WithoutTurning,10.6173407902536,0.562255927812457
B,PCZ,WithoutTurning,10.6497174110775,0.560991137538356
B,PCZ,WithoutTurning,10.6821927614795,0.559727401313297
B,PCZ,WithoutTurning,10.7147671425264,0.558464741768437
B,PCZ,WithoutTurning,10.7474408562032,0.557203181358958
B,PCZ,WithoutTurning,10.7802142054159,0.555942742364378
B,PCZ,WithoutTurning,10.813087493994,0.554683446888873
B,PCZ,WithoutTurning,10.8460610266935,0.553425316861604
B,PCZ,WithoutTurning,10.8791351091998,0.552168374037058
B,PCZ,WithoutTurning,10.9123100481305,0.550912639995391
B,PCZ,WithoutTurning,10.9455861510381,0.549658136142785
B,PCZ,WithoutTurning,10.978963726413,0.548404883711809
B,PCZ,WithoutTurning,11.0124430836864,0.54715290376179
B,PCZ,WithoutTurning,11.0460245332328,0.545902217179195
B,PCZ,WithoutTurning,11.0797083863736,0.544652844678016
B,PCZ,WithoutTurning,11.1134949553792,0.543404806800164
B,PCZ,WithoutTurning,11.1473845534723,0.542158123915875
B,PCZ,WithoutTurning,11.1813774948308,0.540912816224118
B,PCZ,WithoutTurning,11.2154740945906,0.539668903753015
B,PCZ,WithoutTurning,11.2496746688488,0.538426406360263
B,PCZ,WithoutTurning,11.2839795346661,0.537185343733573
B,PCZ,WithoutTurning,11.3183890100702,0.535945735391103
B,PCZ,WithoutTurning,11.3529034140585,0.534707600681911
B,PCZ,WithoutTurning,11.3875230666014,0.533470958786408
B,PCZ,WithoutTurning,11.4222482886447,0.532235828716817
B,PCZ,WithoutTurning,11.4570794021131,0.531002229317647
B,PCZ,WithoutTurning,11.492016729913,0.529770179266159
B,PCZ,WithoutTurning,11.5270605959353,0.528539697072858
B,PCZ,WithoutTurning,11.5622113250587,0.527310801081972
B,PCZ,WithoutTurning,11.5974692431526,0.526083509471955
B,PCZ,WithoutTurning,11.6328346770801,0.524857840255981
B,PCZ,WithoutTurning,11.6683079547009,0.523633811282457
B,PCZ,WithoutTurning,11.7038894048746,0.522411440235532
B,PCZ,WithoutTurning,11.7395793574638,0.521190744635623
B,PCZ,WithoutTurning,11.7753781433366,0.51997174183993
B,PCZ,WithoutTurning,11.8112860943704,0.518754449042982
B,PCZ,WithoutTurning,11.8473035434544,0.51753888327716
B,PCZ,WithoutTurning,11.883430824493,0.516325061413251
B,PCZ,WithoutTurning,11.9196682724089,0.51511300016099
B,PCZ,WithoutTurning,11.956016223146,0.513902716069617
B,PCZ,WithoutTurning,11.9924750136726,0.512694225528438
B,PCZ,WithoutTurning,12.0290449819847,0.511487544767385
B,PCZ,WithoutTurning,12.0657264671089,0.510282689857593
B,PCZ,WithoutTurning,12.1025198091055,0.509079676711968
B,PCZ,WithoutTurning,12.1394253490721,0.507878521085774
B,PCZ,WithoutTurning,12.1764434291462,0.506679238577215
B,PCZ,WithoutTurning,12.2135743925087,0.505481844628024
B,PCZ,WithoutTurning,12.2508185833869,0.504286354524063
B,PCZ,WithoutTurning,12.2881763470579,0.503092783395916
B,PCZ,WithoutTurning,12.3256480298518,0.501901146219499
B,PCZ,WithoutTurning,12.3632339791544,0.500711457816666
B,PCZ,WithoutTurning,12.4009345434114,0.499523732855825
B,PCZ,WithoutTurning,12.4387500721305,0.498337985852551
B,PCZ,WithoutTurning,12.4766809158855,0.497154231170213
B,PCZ,WithoutTurning,12.5147274263193,0.495972483020595
B,PCZ,WithoutTurning,12.5528899561468,0.494792755464532
B,PCZ,WithoutTurning,12.5911688591587,0.493615062412539
B,PCZ,WithoutTurning,12.6295644902246,0.492439417625452
B,PCZ,WithoutTurning,12.668077205296,0.49126583471507
B,PCZ,WithoutTurning,12.7067073614101,0.490094327144799
B,PCZ,WithoutTurning,12.7454553166928,0.488924908230301
B,PCZ,WithoutTurning,12.7843214303618,0.48775759114015
B,PCZ,WithoutTurning,12.8233060627306,0.486592388896488
B,PCZ,WithoutTurning,12.8624095752112,0.48542931437568
B,PCZ,WithoutTurning,12.9016323303177,0.484268380308984
B,PCZ,WithoutTurning,12.9409746916698,0.483109599283214
B,PCZ,WithoutTurning,12.9804370239959,0.481952983741407
B,PCZ,WithoutTurning,13.0200196931367,0.480798545983505
B,PCZ,WithoutTurning,13.0597230660483,0.479646298167018
B,PCZ,WithoutTurning,13.0995475108059,0.478496252307716
B,PCZ,WithoutTurning,13.1394933966074,0.477348420280301
B,PCZ,WithoutTurning,13.1795610937761,0.476202813819094
B,PCZ,WithoutTurning,13.2197509737648,0.475059444518726
B,PCZ,WithoutTurning,13.2600634091589,0.473918323834823
B,PCZ,WithoutTurning,13.3004987736801,0.472779463084702
B,PCZ,WithoutTurning,13.3410574421896,0.471642873448064
B,PCZ,WithoutTurning,13.3817397906919,0.470508565967693
B,PCZ,WithoutTurning,13.4225461963378,0.469376551550151
B,PCZ,WithoutTurning,13.4634770374284,0.46824684096649
B,PCZ,WithoutTurning,13.5045326934183,0.467119444852945
B,PCZ,WithoutTurning,13.5457135449193,0.465994373711647
B,PCZ,WithoutTurning,13.5870199737038,0.464871637911333
B,PCZ,WithoutTurning,13.6284523627084,0.463751247688049
B,PCZ,WithoutTurning,13.6700110960373,0.462633213145871
B,PCZ,WithoutTurning,13.7116965589662,0.461517544257613
B,PCZ,WithoutTurning,13.7535091379455,0.460404250865549
B,PCZ,WithoutTurning,13.7954492206041,0.459293342682123
B,PCZ,WithoutTurning,13.837517195753,0.458184829290677
B,PCZ,WithoutTurning,13.8797134533887,0.457078720146167
B,PCZ,WithoutTurning,13.9220383846971,0.455975024575887
B,PCZ,WithoutTurning,13.9644923820569,0.454873751780193
B,PCZ,WithoutTurning,14.0070758390434,0.453774910833229
B,PCZ,WithoutTurning,14.049789150432,0.452678510683655
B,PCZ,WithoutTurning,14.0926327122019,0.451584560155371
B,PCZ,WithoutTurning,14.13560692154,0.450493067948254
B,PCZ,WithoutTurning,14.1787121768441,0.449404042638881
B,PCZ,WithoutTurning,14.2219488777272,0.448317492681265
B,PCZ,WithoutTurning,14.2653174250205,0.447233426407585
B,PCZ,WithoutTurning,14.3088182207779,0.446151852028924
B,PCZ,WithoutTurning,14.3398392337525,0.445384094075121
B,PCZ,WithoutTurning,14.352451668279,0.445072715598998
B,PCZ,WithoutTurning,14.3962181720333,0.443994975340994
B,PCZ,WithoutTurning,14.4401181377839,0.442918262657834
B,PCZ,WithoutTurning,14.4841519725111,0.441842585328742
B,PCZ,WithoutTurning,14.5283200844361,0.440767951084111
B,PCZ,WithoutTurning,14.5726228830252,0.439694367605548
B,PCZ,WithoutTurning,14.6170607789932,0.43862184252592
B,PCZ,WithoutTurning,14.6616341843073,0.437550383429398
B,PCZ,WithoutTurning,14.706343512191,0.436479997851513
B,PCZ,WithoutTurning,14.751189177128,0.4354106932792
B,PCZ,WithoutTurning,14.7961715948656,0.434342477150849
B,PCZ,WithoutTurning,14.8412911824193,0.433275356856363
B,PCZ,WithoutTurning,14.8865483580759,0.432209339737203
B,PCZ,WithoutTurning,14.931943541398,0.431144433086448
B,PCZ,WithoutTurning,14.9774771532274,0.43008064414885
B,PCZ,WithoutTurning,15.0231496156895,0.429017980120888
B,PCZ,WithoutTurning,15.0689613521965,0.427956448150831
B,PCZ,WithoutTurning,15.1149127874521,0.42689605533879
B,PCZ,WithoutTurning,15.1610043474551,0.425836808736785
B,PCZ,WithoutTurning,15.2072364595032,0.424778715348801
B,PCZ,WithoutTurning,15.2536095521971,0.423721782130854
B,PCZ,WithoutTurning,15.3001240554446,0.422666015991051
B,PCZ,WithoutTurning,15.3467804004644,0.421611423789657
B,PCZ,WithoutTurning,15.39357901979,0.420558012339161
B,PCZ,WithoutTurning,15.4405203472743,0.41950578840434
B,PCZ,WithoutTurning,15.4876048180927,0.418454758702326
B,PCZ,WithoutTurning,15.534832868748,0.417404929902681
B,PCZ,WithoutTurning,15.5822049370738,0.41635630862746
B,PCZ,WithoutTurning,15.6297214622391,0.415308901451283
B,PCZ,WithoutTurning,15.6773828847519,0.41426271490141
B,PCZ,WithoutTurning,15.7251896464636,0.41321775545781
B,PCZ,WithoutTurning,15.7731421905729,0.412174029553237
B,PCZ,WithoutTurning,15.8212409616301,0.411131543573305
B,PCZ,WithoutTurning,15.8694864055409,0.410090303856562
B,PCZ,WithoutTurning,15.9178789695712,0.409050316694568
B,PCZ,WithoutTurning,15.9664191023502,0.408011588331972
B,PCZ,WithoutTurning,16.0151072538756,0.406974124966592
B,PCZ,WithoutTurning,16.0639438755172,0.405937932749493
B,PCZ,WithoutTurning,16.1129294200212,0.404903017785069
B,PCZ,WithoutTurning,16.1620643415143,0.403869386131123
B,PCZ,WithoutTurning,16.2113490955082,0.40283704379895
B,PCZ,WithoutTurning,16.2607841389036,0.401805996753422
B,PCZ,WithoutTurning,16.3103699299944,0.400776250913071
B,PCZ,WithoutTurning,16.360106928472,0.399747812150171
B,PCZ,WithoutTurning,16.4099955954298,0.398720686290832
B,PCZ,WithoutTurning,16.460036393367,0.397694879115077
B,PCZ,WithoutTurning,16.5102297861934,0.39667039635694
B,PCZ,WithoutTurning,16.5605762392331,0.395647243704546
B,PCZ,WithoutTurning,16.6110762192296,0.394625426800205
B,PCZ,WithoutTurning,16.6617301943494,0.393604951240505
B,PCZ,WithoutTurning,16.7125386341866,0.392585822576396
B,PCZ,WithoutTurning,16.7635020097676,0.391568046313287
B,PCZ,WithoutTurning,16.8146207935547,0.390551627911141
B,PCZ,WithoutTurning,16.8658954594514,0.389536572784563
B,PCZ,WithoutTurning,16.917326482806,0.388522886302899
B,PCZ,WithoutTurning,16.9689143404163,0.387510573790329
B,PCZ,WithoutTurning,17.0206595105345,0.386499640525966
B,PCZ,WithoutTurning,17.0725624728705,0.38549009174395
B,PCZ,WithoutTurning,17.1246237085977,0.384481932633547
B,PCZ,WithoutTurning,17.1768437003564,0.38347516833925
B,PCZ,WithoutTurning,17.2292229322587,0.382469803960872
B,PCZ,WithoutTurning,17.281761889893,0.381465844553654
B,PCZ,WithoutTurning,17.3344610603287,0.38046329512836
B,PCZ,WithoutTurning,17.38732093212,0.379462160651381
B,PCZ,WithoutTurning,17.4403419953113,0.378462446044838
B,PCZ,WithoutTurning,17.4935247414411,0.377464156186682
B,PCZ,WithoutTurning,17.546869663547,0.376467295910803
B,PCZ,WithoutTurning,17.6003772561699,0.375471870007129
B,PCZ,WithoutTurning,17.6540480153589,0.374477883221735
B,PCZ,WithoutTurning,17.7078824386757,0.373485340256946
B,PCZ,WithoutTurning,17.7618810251992,0.372494245771448
B,PCZ,WithoutTurning,17.8160442755303,0.37150460438039
B,PCZ,WithoutTurning,17.8703726917963,0.370516420655496
B,PCZ,WithoutTurning,17.9248667776559,0.369529699125171
B,PCZ,WithoutTurning,17.9795270383035,0.368544444274613
B,PCZ,WithoutTurning,18.0343539804742,0.36756066054592
B,PCZ,WithoutTurning,18.089348112448,0.366578352338205
B,PCZ,WithoutTurning,18.1445099440553,0.3655975240077
B,PCZ,WithoutTurning,18.1998399866808,0.364618179867876
B,PCZ,WithoutTurning,18.255338753269,0.363640324189549
B,PCZ,WithoutTurning,18.3110067583282,0.362663961200999
B,PCZ,WithoutTurning,18.3668445179359,0.361689095088078
B,PCZ,WithoutTurning,18.4228525497432,0.360715729994328
B,PCZ,WithoutTurning,18.4790313729798,0.359743870021094
B,PCZ,WithoutTurning,18.5353815084587,0.358773519227643
B,PCZ,WithoutTurning,18.5919034785811,0.357804681631274
B,PCZ,WithoutTurning,18.6485978073413,0.356837361207441
B,PCZ,WithoutTurning,18.7054650203312,0.355871561889865
B,PCZ,WithoutTurning,18.7625056447458,0.354907287570657
B,PCZ,WithoutTurning,18.8197202093876,0.353944542100431
B,PCZ,WithoutTurning,18.8771092446713,0.352983329288427
B,PCZ,WithoutTurning,18.9346732826297,0.352023652902627
B,PCZ,WithoutTurning,18.9924128569174,0.351065516669879
B,PCZ,WithoutTurning,19.0503285028167,0.350108924276014
B,PCZ,WithoutTurning,19.1084207572419,0.349153879365968
B,PCZ,WithoutTurning,19.1666901587449,0.348200385543904
B,PCZ,WithoutTurning,19.2251372475197,0.347248446373333
B,PCZ,WithoutTurning,19.2837625654074,0.346298065377238
B,PCZ,WithoutTurning,19.3425666559017,0.345349246038195
B,PCZ,WithoutTurning,19.4015500641535,0.344401991798499
B,PCZ,WithoutTurning,19.4607133369761,0.343456306060285
B,PCZ,WithoutTurning,19.5200570228501,0.342512192185654
B,PCZ,WithoutTurning,19.579581671929,0.341569653496797
B,PCZ,WithoutTurning,19.6392878360436,0.340628693276123
B,PCZ,WithoutTurning,19.6991760687076,0.339689314766379
B,PCZ,WithoutTurning,19.7592469251226,0.338751521170783
B,PCZ,WithoutTurning,19.8195009621832,0.337815315653144
B,PCZ,WithoutTurning,19.8799387384823,0.336880701337996
B,PCZ,WithoutTurning,19.940560814316,0.335947681310717
B,PCZ,WithoutTurning,20.0013677516891,0.335016258617666
B,PCZ,WithoutTurning,20.0623601143201,0.334086436266303
B,PCZ,WithoutTurning,20.1235384676467,0.333158217225323
B,PCZ,WithoutTurning,20.1849033788306,0.332231604424783
B,PCZ,WithoutTurning,20.2464554167631,0.331306600756231
B,PCZ,WithoutTurning,20.3081951520704,0.330383209072838
B,PCZ,WithoutTurning,20.3701231571186,0.329461432189524
B,PCZ,WithoutTurning,20.4322400060192,0.328541272883091
B,PCZ,WithoutTurning,20.4945462746346,0.327622733892357
B,PCZ,WithoutTurning,20.557042540583,0.326705817918281
B,PCZ,WithoutTurning,20.6197293832441,0.325790527624097
B,PCZ,WithoutTurning,20.6826073837644,0.324876865635449
B,PCZ,WithoutTurning,20.7456771250624,0.323964834540517
B,PCZ,WithoutTurning,20.8089391918344,0.323054436890157
B,PCZ,WithoutTurning,20.8723941705595,0.322145675198026
B,PCZ,WithoutTurning,20.9360426495052,0.32123855194072
B,PCZ,WithoutTurning,20.999885218733,0.320333069557908
B,PCZ,WithoutTurning,21.0639224701037,0.319429230452461
B,PCZ,WithoutTurning,21.1281549972827,0.318527036990592
B,PCZ,WithoutTurning,21.1925833957462,0.317626491501986
B,PCZ,WithoutTurning,21.2572082627857,0.316727596279935
B,PCZ,WithoutTurning,21.3220301975146,0.315830353581474
B,PCZ,WithoutTurning,21.3870498008728,0.314934765627519
B,PCZ,WithoutTurning,21.452267675633,0.314040834602993
B,PCZ,WithoutTurning,21.517684426406,0.313148562656973
B,PCZ,WithoutTurning,21.5833006596461,0.312257951902818
B,PCZ,WithoutTurning,21.6491169836571,0.311369004418309
B,PCZ,WithoutTurning,21.7151340085977,0.310481722245784
B,PCZ,WithoutTurning,21.7813523464872,0.309596107392272
B,PCZ,WithoutTurning,21.8477726112113,0.308712161829636
B,PCZ,WithoutTurning,21.9143954185277,0.307829887494704
B,PCZ,WithoutTurning,21.9812213860715,0.306949286289409
B,PCZ,WithoutTurning,22.0482511333616,0.306070360080926
B,PCZ,WithoutTurning,22.115485281806,0.305193110701809
B,PCZ,WithoutTurning,22.1829244547073,0.304317539950131
B,PCZ,WithoutTurning,22.2505692772692,0.303443649589618
B,PCZ,WithoutTurning,22.3184203766018,0.30257144134979
B,PCZ,WithoutTurning,22.3864783817273,0.301700916926101
B,PCZ,WithoutTurning,22.4547439235863,0.300832077980071
B,PCZ,WithoutTurning,22.5232176350433,0.299964926139432
B,PCZ,WithoutTurning,22.5919001508927,0.299099462998263
B,PCZ,WithoutTurning,22.6607921078646,0.29823569011713
B,PCZ,WithoutTurning,22.7298941446307,0.297373609023223
B,PCZ,WithoutTurning,22.7992069018104,0.296513221210498
B,PCZ,WithoutTurning,22.8687310219765,0.295654528139817
B,PCZ,WithoutTurning,22.9384671496614,0.294797531239083
B,PCZ,WithoutTurning,23.0084159313628,0.293942231903384
B,PCZ,WithoutTurning,23.07857801555,0.293088631495132
B,PCZ,WithoutTurning,23.1489540526694,0.292236731344201
B,PCZ,WithoutTurning,23.2195446951514,0.291386532748067
B,PCZ,WithoutTurning,23.2903505974155,0.290538036971951
B,PCZ,WithoutTurning,23.361372415877,0.289691245248958
B,PCZ,WithoutTurning,23.4326108089528,0.288846158780213
B,PCZ,WithoutTurning,23.5040664370676,0.288002778735009
B,PCZ,WithoutTurning,23.57573996266,0.28716110625094
B,PCZ,WithoutTurning,23.6476320501887,0.286321142434047
B,PCZ,WithoutTurning,23.7197433661385,0.285482888358955
B,PCZ,WithoutTurning,23.7920745790267,0.284646345069017
B,PCZ,WithoutTurning,23.8646263594092,0.28381151357645
B,PCZ,WithoutTurning,23.9373993798865,0.282978394862479
B,PCZ,WithoutTurning,24.0103943151103,0.282146989877479
B,PCZ,WithoutTurning,24.0836118417896,0.281317299541112
B,PCZ,WithoutTurning,24.1570526386969,0.280489324742472
B,PCZ,WithoutTurning,24.2307173866746,0.279663066340222
B,PCZ,WithoutTurning,24.3046067686411,0.278838525162737
B,PCZ,WithoutTurning,24.3787214695977,0.278015702008245
B,PCZ,WithoutTurning,24.4530621766341,0.277194597644968
B,PCZ,WithoutTurning,24.5276295789354,0.276375212811262
B,PCZ,WithoutTurning,24.6024243677884,0.27555754821576
B,PCZ,WithoutTurning,24.6774472365877,0.274741604537509
B,PCZ,WithoutTurning,24.7526988808427,0.273927382426117
B,PCZ,WithoutTurning,24.8281799981833,0.273114882501889
B,PCZ,WithoutTurning,24.9038912883669,0.272304105355968
B,PCZ,WithoutTurning,24.9798334532849,0.271495051550481
B,PCZ,WithoutTurning,25.0560071969689,0.270687721618675
B,PCZ,WithoutTurning,25.1324132255974,0.269882116065058
B,PCZ,WithoutTurning,25.2090522475022,0.269078235365545
B,PCZ,WithoutTurning,25.2859249731755,0.268276079967591
B,PCZ,WithoutTurning,25.3630321152755,0.267475650290341
B,PCZ,WithoutTurning,25.4403743886342,0.266676946724761
B,PCZ,WithoutTurning,25.5179525102629,0.265879969633787
B,PCZ,WithoutTurning,25.5957671993597,0.265084719352461
B,PCZ,WithoutTurning,25.6738191773156,0.264291196188074
B,PCZ,WithoutTurning,25.7521091677216,0.263499400420305
B,PCZ,WithoutTurning,25.8306378963751,0.262709332301362
B,PCZ,WithoutTurning,25.9094060912869,0.261920992056123
B,PCZ,WithoutTurning,25.9884144826876,0.261134379882274
B,PCZ,WithoutTurning,26.0676638030348,0.260349495950456
B,PCZ,WithoutTurning,26.1471547870193,0.259566340404394
B,PCZ,WithoutTurning,26.2268881715728,0.25878491336105
B,PCZ,WithoutTurning,26.3068646958737,0.258005214910752
B,PCZ,WithoutTurning,26.3870851013547,0.257227245117341
B,PCZ,WithoutTurning,26.4675501317096,0.256451004018307
B,PCZ,WithoutTurning,26.5482605328997,0.255676491624932
B,PCZ,WithoutTurning,26.6292170531611,0.254903707922426
B,PCZ,WithoutTurning,26.7104204430118,0.25413265287007
B,PCZ,WithoutTurning,26.7918714552582,0.253363326401353
B,PCZ,WithoutTurning,26.8735708450025,0.252595728424112
B,PCZ,WithoutTurning,26.9555193696493,0.251829858820672
B,PCZ,WithoutTurning,27.0377177889131,0.251065717447983
B,PCZ,WithoutTurning,27.1201668648248,0.250303304137763
B,PCZ,WithoutTurning,27.2028673617393,0.249542618696632
B,PCZ,WithoutTurning,27.2858200463422,0.248783660906253
B,PCZ,WithoutTurning,27.3690256876569,0.248026430523471
B,PCZ,WithoutTurning,27.4524850570523,0.247270927280451
B,PCZ,WithoutTurning,27.536198928249,0.246517150884814
B,PCZ,WithoutTurning,27.6201680773273,0.24576510101978
B,PCZ,WithoutTurning,27.7043932827341,0.2450147773443
B,PCZ,WithoutTurning,27.78887532529,0.2442661794932
B,PCZ,WithoutTurning,27.8736149881966,0.243519307077312
B,PCZ,WithoutTurning,27.9586130570439,0.242774159683617
B,PCZ,WithoutTurning,28.0438703198175,0.24203073687538
B,PCZ,WithoutTurning,28.1293875669057,0.241289038192286
B,PCZ,WithoutTurning,28.2151655911074,0.240549063150579
B,PCZ,WithoutTurning,28.3012051876386,0.239810811243197
B,PCZ,WithoutTurning,28.3875071541406,0.239074281939912
B,PCZ,WithoutTurning,28.4740722906868,0.23833947468746
B,PCZ,WithoutTurning,28.4851802171429,0.238245471324112
B,PCZ,WithoutTurning,28.5609013997906,0.237606260996378
B,PCZ,WithoutTurning,28.6479952864124,0.236874436020705
B,PCZ,WithoutTurning,28.7353547579672,0.236143999101908
B,PCZ,WithoutTurning,28.8229806243324,0.235414952318825
B,PCZ,WithoutTurning,28.9108736978548,0.234687297719246
B,PCZ,WithoutTurning,28.9990347933584,0.23396103732002
B,PCZ,WithoutTurning,29.0874647281521,0.23323617310715
B,PCZ,WithoutTurning,29.176164322037,0.232512707035902
B,PCZ,WithoutTurning,29.2651343973141,0.2317906410309
B,PCZ,WithoutTurning,29.354375778792,0.231069976986239
B,PCZ,WithoutTurning,29.4438892937943,0.230350716765579
B,PCZ,WithoutTurning,29.5336757721677,0.229632862202254
B,PCZ,WithoutTurning,29.6237360462893,0.228916415099374
B,PCZ,WithoutTurning,29.7140709510745,0.228201377229929
B,PCZ,WithoutTurning,29.8046813239846,0.227487750336896
B,PCZ,WithoutTurning,29.8955680050348,0.226775536133341
B,PCZ,WithoutTurning,29.9867318368017,0.226064736302523
B,PCZ,WithoutTurning,30.0781736644315,0.225355352498005
B,PCZ,WithoutTurning,30.1698943356474,0.224647386343754
B,PCZ,WithoutTurning,30.2618947007577,0.22394083943425
B,PCZ,WithoutTurning,30.3541756126636,0.223235713334591
B,PCZ,WithoutTurning,30.4467379268673,0.222532009580599
B,PCZ,WithoutTurning,30.5395825014795,0.221829729678928
B,PCZ,WithoutTurning,30.6327101972279,0.221128875107171
B,PCZ,WithoutTurning,30.7261218774647,0.220429447313967
B,PCZ,WithoutTurning,30.8198184081752,0.219731447719106
B,PCZ,WithoutTurning,30.9138006579848,0.21903487771364
B,PCZ,WithoutTurning,31.0080694981684,0.218339738659991
B,PCZ,WithoutTurning,31.1026258026572,0.217646031892056
B,PCZ,WithoutTurning,31.1974704480476,0.216953758715318
B,PCZ,WithoutTurning,31.2926043136093,0.216262920406953
B,PCZ,WithoutTurning,31.388028281293,0.215573518215943
B,PCZ,WithoutTurning,31.4837432357387,0.214885553363176
B,PCZ,WithoutTurning,31.5797500642845,0.214199027041566
B,PCZ,WithoutTurning,31.6760496569739,0.213513940416155
B,PCZ,WithoutTurning,31.7726429065648,0.212830294624225
B,PCZ,WithoutTurning,31.8695307085372,0.212148090775408
B,PCZ,WithoutTurning,31.9667139611021,0.211467329951794
B,PCZ,WithoutTurning,32.0641935652094,0.210788013208046
B,PCZ,WithoutTurning,32.1619704245563,0.210110141571505
B,PCZ,WithoutTurning,32.2600454455957,0.209433716042303
B,PCZ,WithoutTurning,32.3584195375447,0.208758737593473
B,PCZ,WithoutTurning,32.4570936123932,0.20808520717106
B,PCZ,WithoutTurning,32.5560685849118,0.207413125694233
B,PCZ,WithoutTurning,32.6553453726607,0.206742494055395
B,PCZ,WithoutTurning,32.7549248959982,0.206073313120293
B,PCZ,WithoutTurning,32.8548080780891,0.205405583728134
B,PCZ,WithoutTurning,32.9549958449134,0.204739306691689
B,PCZ,WithoutTurning,33.0554891252745,0.204074482797413
B,PCZ,WithoutTurning,33.1562888508086,0.203411112805551
B,PCZ,WithoutTurning,33.2573959559923,0.202749197450254
B,PCZ,WithoutTurning,33.3588113781522,0.202088737439685
B,PCZ,WithoutTurning,33.4605360574729,0.201429733456139
B,PCZ,WithoutTurning,33.5625709370063,0.20077218615615
B,PCZ,WithoutTurning,33.6649169626799,0.200116096170604
B,PCZ,WithoutTurning,33.7675750833056,0.199461464104854
B,PCZ,WithoutTurning,33.8705462505888,0.198808290538829
B,PCZ,WithoutTurning,33.973831419137,0.198156576027149
B,PCZ,WithoutTurning,34.0774315464686,0.197506321099239
B,PCZ,WithoutTurning,34.1813475930221,0.196857526259439
B,PCZ,WithoutTurning,34.2855805221644,0.196210191987117
B,PCZ,WithoutTurning,34.3901313002005,0.195564318736786
B,PCZ,WithoutTurning,34.4950008963817,0.194919906938211
B,PCZ,WithoutTurning,34.6001902829151,0.194276956996528
B,PCZ,WithoutTurning,34.7057004349726,0.193635469292354
B,PCZ,WithoutTurning,34.8115323306997,0.1929954441819
B,PCZ,WithoutTurning,34.9176869512244,0.192356881997086
B,PCZ,WithoutTurning,35.024165280667,0.191719783045653
B,PCZ,WithoutTurning,35.1309683061485,0.191084147611279
B,PCZ,WithoutTurning,35.2380970178001,0.190449975953689
B,PCZ,WithoutTurning,35.3455524087724,0.189817268308769
B,PCZ,WithoutTurning,35.4533354752443,0.189186024888684
B,PCZ,WithoutTurning,35.5614472164328,0.188556245881984
B,PCZ,WithoutTurning,35.6698886346017,0.187927931453727
B,PCZ,WithoutTurning,35.778660735071,0.187301081745583
B,PCZ,WithoutTurning,35.8877645262266,0.186675696875955
B,PCZ,WithoutTurning,35.9972010195293,0.186051776940088
B,PCZ,WithoutTurning,36.106971229524,0.185429322010186
B,PCZ,WithoutTurning,36.2170761738499,0.184808332135524
B,PCZ,WithoutTurning,36.3275168732488,0.184188807342561
B,PCZ,WithoutTurning,36.4382943515756,0.183570747635057
B,PCZ,WithoutTurning,36.5494096358071,0.182954152994182
B,PCZ,WithoutTurning,36.6608637560519,0.182339023378634
B,PCZ,WithoutTurning,36.7726577455599,0.181725358724748
B,PCZ,WithoutTurning,36.8847926407315,0.181113158946617
B,PCZ,WithoutTurning,36.9972694811278,0.180502423936197
B,PCZ,WithoutTurning,37.1100893094799,0.179893153563427
B,PCZ,WithoutTurning,37.2232531716984,0.17928534767634
B,PCZ,WithoutTurning,37.3367621168836,0.178679006101177
B,PCZ,WithoutTurning,37.4506171973348,0.178074128642501
B,PCZ,WithoutTurning,37.5648194685601,0.177470715083309
B,PCZ,WithoutTurning,37.6793699892866,0.176868765185147
B,PCZ,WithoutTurning,37.7942698214694,0.176268278688225
B,PCZ,WithoutTurning,37.9095200303023,0.175669255311525
B,PCZ,WithoutTurning,38.0251216842273,0.175071694752921
B,PCZ,WithoutTurning,38.1410758549444,0.174475596689287
B,PCZ,WithoutTurning,38.2573836174216,0.173880960776613
B,PCZ,WithoutTurning,38.3740460499051,0.173287786650119
B,PCZ,WithoutTurning,38.491064233929,0.172696073924363
B,PCZ,WithoutTurning,38.6084392543254,0.172105822193362
B,PCZ,WithoutTurning,38.7261721992347,0.171517031030698
B,PCZ,WithoutTurning,38.8442641601151,0.170929699989634
B,PCZ,WithoutTurning,38.9627162317536,0.170343828603227
B,PCZ,WithoutTurning,39.0815295122752,0.169759416384441
B,PCZ,WithoutTurning,39.2007051031539,0.169176462826256
B,PCZ,WithoutTurning,39.3202441092222,0.168594967401786
B,PCZ,WithoutTurning,39.440147638682,0.168014929564389
B,PCZ,WithoutTurning,39.5604168031144,0.167436348747778
B,PCZ,WithoutTurning,39.6810527174902,0.166859224366136
B,PCZ,WithoutTurning,39.8020565001801,0.166283555814226
B,PCZ,WithoutTurning,39.9234292729654,0.165709342467505
B,PCZ,WithoutTurning,40.0451721610479,0.165136583682234
B,PCZ,WithoutTurning,40.1672862930609,0.164565278795592
B,PCZ,WithoutTurning,40.2897728010791,0.163995427125786
B,PCZ,WithoutTurning,40.4126328206294,0.163427027972164
B,PCZ,WithoutTurning,40.5358674907016,0.162860080615325
B,PCZ,WithoutTurning,40.6594779537585,0.162294584317234
B,PCZ,WithoutTurning,40.7834653557468,0.161730538321328
B,PCZ,WithoutTurning,40.9078308461077,0.161167941852631
B,PCZ,WithoutTurning,41.0325755777876,0.160606794117866
B,PCZ,WithoutTurning,41.1577007072486,0.16004709430556
B,PCZ,WithoutTurning,41.2832073944793,0.159488841586163
B,PCZ,WithoutTurning,41.4090968030056,0.158932035112153
B,PCZ,WithoutTurning,41.5353700999015,0.158376674018146
B,PCZ,WithoutTurning,41.6620284557999,0.157822757421012
B,PCZ,WithoutTurning,41.7890730449033,0.15727028441998
B,PCZ,WithoutTurning,41.9165050449952,0.15671925409675
B,PCZ,WithoutTurning,42.0443256374501,0.156169665515603
B,PCZ,WithoutTurning,42.1725360072455,0.155621517723509
B,PCZ,WithoutTurning,42.3011373429721,0.155074809750242
B,PCZ,WithoutTurning,42.430130836845,0.154529540608482
B,PCZ,WithoutTurning,42.5595176847153,0.153985709293931
B,PCZ,WithoutTurning,42.6892990860801,0.153443314785416
B,PCZ,WithoutTurning,42.8194762440949,0.152902356045004
B,PCZ,WithoutTurning,42.9500503655837,0.152362832018108
B,PCZ,WithoutTurning,43.0810226610508,0.151824741633595
B,PCZ,WithoutTurning,43.2123943446917,0.151288083803894
B,PCZ,WithoutTurning,43.3441666344044,0.150752857425109
B,PCZ,WithoutTurning,43.4763407518011,0.15021906137712
B,PCZ,WithoutTurning,43.608917922219,0.149686694523696
B,PCZ,WithoutTurning,43.7418993747316,0.149155755712604
B,PCZ,WithoutTurning,43.8752863421609,0.148626243775711
B,PCZ,WithoutTurning,44.0090800610877,0.148098157529095
B,PCZ,WithoutTurning,44.1432817718641,0.147571495773153
B,PCZ,WithoutTurning,44.2778927186244,0.147046257292705
B,PCZ,WithoutTurning,44.4129141492965,0.146522440857104
B,PCZ,WithoutTurning,44.5483473156142,0.146000045220341
B,PCZ,WithoutTurning,44.684193473128,0.145479069121151
B,PCZ,WithoutTurning,44.8204538812173,0.14495951128312
B,PCZ,WithoutTurning,44.9571298031017,0.144441370414791
B,PCZ,WithoutTurning,45.0942225058531,0.14392464520977
B,PCZ,WithoutTurning,45.2317332604068,0.143409334346831
B,PCZ,WithoutTurning,45.3696633415742,0.142895436490022
B,PCZ,WithoutTurning,45.5080140280539,0.142382950288771
B,PCZ,WithoutTurning,45.6467866024436,0.141871874377987
B,PCZ,WithoutTurning,45.7859823512525,0.141362207378171
B,PCZ,WithoutTurning,45.9256025649127,0.140853947895516
B,PCZ,WithoutTurning,46.0656485377913,0.140347094522011
B,PCZ,WithoutTurning,46.2061215682027,0.139841645835549
B,PCZ,WithoutTurning,46.34702295842,0.139337600400028
B,PCZ,WithoutTurning,46.488354014688,0.138834956765454
B,PCZ,WithoutTurning,46.6301160472342,0.138333713468049
B,PCZ,WithoutTurning,46.772310370282,0.137833869030346
B,PCZ,WithoutTurning,46.9149383020621,0.137335421961301
B,PCZ,WithoutTurning,47.0580011648251,0.13683837075639
B,PCZ,WithoutTurning,47.2015002848538,0.136342713897712
B,PCZ,WithoutTurning,47.3454369924752,0.135848449854096
B,PCZ,WithoutTurning,47.4898126220732,0.135355577081195
B,PCZ,WithoutTurning,47.6346285121006,0.134864094021594
B,PCZ,WithoutTurning,47.7798860050918,0.134373999104911
B,PCZ,WithoutTurning,47.9255864476751,0.133885290747896
B,PCZ,WithoutTurning,48.0717311905853,0.133397967354532
B,PCZ,WithoutTurning,48.218321588676,0.132912027316139
B,PCZ,WithoutTurning,48.3653590009324,0.13242746901147
B,PCZ,WithoutTurning,48.5128447904838,0.131944290806817
B,PCZ,WithoutTurning,48.6607803246162,0.131462491056104
B,PCZ,WithoutTurning,48.8091669747851,0.130982068100994
B,PCZ,WithoutTurning,48.958006116628,0.130503020270982
B,PCZ,WithoutTurning,49.1072991299774,0.1300253458835
B,PCZ,WithoutTurning,49.2570473988733,0.129549043244013
B,PCZ,WithoutTurning,49.4072523115765,0.129074110646117
B,PCZ,WithoutTurning,49.557915260581,0.12860054637164
B,PCZ,WithoutTurning,49.7090376426269,0.128128348690737
B,PCZ,WithoutTurning,49.8606208587139,0.127657515861993
B,PCZ,WithoutTurning,50.0126663141137,0.127188046132514
B,PCZ,WithoutTurning,50.1651754183832,0.126719937738032
B,PCZ,WithoutTurning,50.3181495853779,0.126253188902995
B,PCZ,WithoutTurning,50.4715902332644,0.125787797840668
B,PCZ,WithoutTurning,50.625498784534,0.12532376275323
B,PCZ,WithoutTurning,50.7798766660158,0.124861081831868
B,PCZ,WithoutTurning,50.9347253088898,0.124399753256874
B,PCZ,WithoutTurning,51.0900461487004,0.123939775197742
B,PCZ,WithoutTurning,51.2458406253694,0.123481145813261
B,PCZ,WithoutTurning,51.4021101832096,0.123023863251613
B,PCZ,WithoutTurning,51.5588562709381,0.122567925650466
B,PCZ,WithoutTurning,51.7160803416896,0.12211333113707
B,PCZ,WithoutTurning,51.8737838530303,0.12166007782835
B,PCZ,WithoutTurning,52.0319682669707,0.121208163831002
B,PCZ,WithoutTurning,52.19063504998,0.120757587241584
B,PCZ,WithoutTurning,52.349785672999,0.120308346146613
B,PCZ,WithoutTurning,52.5094216114541,0.119860438622656
B,PCZ,WithoutTurning,52.6695443452707,0.119413862736423
B,PCZ,WithoutTurning,52.8301553588874,0.118968616544861
B,PCZ,WithoutTurning,52.9912561412692,0.118524698095244
B,PCZ,WithoutTurning,53.1528481859218,0.118082105425267
B,PCZ,WithoutTurning,53.3149329909049,0.11764083656314
B,PCZ,WithoutTurning,53.4775120588468,0.117200889527674
B,PCZ,WithoutTurning,53.6405868969575,0.116762262328375
B,PCZ,WithoutTurning,53.8041590170434,0.116324952965538
B,PCZ,WithoutTurning,53.9682299355209,0.115888959430331
B,PCZ,WithoutTurning,54.1328011734307,0.115454279704892
B,PCZ,WithoutTurning,54.2978742564515,0.115020911762415
B,PCZ,WithoutTurning,54.4634507149147,0.114588853567239
B,PCZ,WithoutTurning,54.6295320838181,0.114158103074941
B,PCZ,WithoutTurning,54.7961199028407,0.113728658232424
B,PCZ,WithoutTurning,54.963215716356,0.113300516978002
B,PCZ,WithoutTurning,55.1308210734475,0.112873677241494
B,PCZ,WithoutTurning,55.2989375279223,0.11244813694431
B,PCZ,WithoutTurning,55.4675666383255,0.112023893999537
B,PCZ,WithoutTurning,55.6367099679551,0.11160094631203
B,PCZ,WithoutTurning,55.8063690848761,0.111179291778495
B,PCZ,WithoutTurning,55.9765455619353,0.11075892828758
B,PCZ,WithoutTurning,56.1472409767755,0.110339853719962
B,PCZ,WithoutTurning,56.3184569118507,0.109922065948428
B,PCZ,WithoutTurning,56.4901949544403,0.109505562837967
B,PCZ,WithoutTurning,56.6624566966638,0.109090342245852
B,PCZ,WithoutTurning,56.8352437354961,0.108676402021728
